country,period,treatment,theta,theta_star,z,benefit,n_join,join_fraction,n_valid,n_api_error,n_unparseable,join_fraction_valid,api_error_rate,unparseable_rate,coup_success,theoretical_attack,n_agents,direction_transform,degrade_messages,no_peer_messages,beliefs_include_messages,belief_order,second_order_order,message_stage_context,decision_context,message_bundle_mode,message_source_country,message_source_period
0,0,communication,-1.5690379156212926,0.5430661838642469,0.0248126021213344,1.1885007515024986,21,0.84,25,0,0,0.84,0.0,0.0,True,0.9999999999995614,,,,,,,,,,,,
0,1,communication,0.274139952961772,0.5052839828099566,-0.0441737824866911,1.0213616807475503,1,0.04,25,0,0,0.04,0.0,0.0,False,0.7833993922170609,,,,,,,,,,,,
0,2,communication,-0.6921698666414775,0.4802610662052737,-0.1492895942429325,0.9240428895691608,22,0.88,25,0,0,0.88,0.0,0.0,True,0.9999429819015426,,,,,,,,,,,,
0,3,communication,-0.0593178855348408,0.5274901519415617,-0.1269912987353798,1.116358006312545,5,0.2,25,0,0,0.2,0.0,0.0,True,0.978565753446258,,,,,,,,,,,,
0,4,communication,0.7879336174018815,0.5189048065643461,-0.0672271240003965,1.078590710621492,1,0.04,25,0,0,0.04,0.0,0.0,False,0.1978411607396672,,,,,,,,,,,,
0,5,communication,1.690847318114246,0.518472663039974,-0.16111230334916,1.0767252931332845,0,0.0,25,0,0,0.0,0.0,0.0,False,5.63246293204109e-05,,,,,,,,,,,,
0,6,communication,-1.0228733453805765,0.4717785779603876,-0.0205478065031928,0.8931454845937846,22,0.88,25,0,0,0.88,0.0,0.0,True,0.999999547796543,,,,,,,,,,,,
0,7,communication,0.2647496569968481,0.532296304090835,-0.0659411564522917,1.138105832275088,1,0.04,25,0,0,0.04,0.0,0.0,False,0.8346899517273453,,,,,,,,,,,,
0,8,communication,1.4514390127670076,0.5694789192634964,-0.1431316388582483,1.3227666303570405,0,0.0,25,0,0,0.0,0.0,0.0,False,0.0028477169049809,,,,,,,,,,,,
0,9,communication,-0.1589105764146697,0.5351152497134072,-0.0964656418391349,1.151070774817885,13,0.52,25,0,0,0.52,0.0,0.0,True,0.991837206302061,,,,,,,,,,,,
0,10,communication,-2.8514440492388764,0.5461253164100672,-0.1834982183581092,1.203251329398846,25,1.0,25,0,0,1.0,0.0,0.0,True,1.0,,,,,,,,,,,,
0,11,communication,-0.1776120751483872,0.4911457107060626,-0.0434762174650667,0.9651991169958568,14,0.56,25,0,0,0.56,0.0,0.0,True,0.9863428440566436,,,,,,,,,,,,
0,12,communication,0.3963509843418281,0.5292350391399975,-0.1173589653584152,1.124202273196333,0,0.0,25,0,0,0.0,0.0,0.0,False,0.6971754350520499,,,,,,,,,,,,
0,13,communication,-0.8930585297314593,0.5115649787618756,-0.1968350875196209,1.0473552397310075,22,0.88,25,0,0,0.88,0.0,0.0,True,0.9999987679113704,,,,,,,,,,,,
0,14,communication,2.0074252072990673,0.4426170884124928,-0.0600593764925079,0.7940987770002768,0,0.0,25,0,0,0.0,0.0,0.0,False,4.152714786786798e-08,,,,,,,,,,,,
0,15,communication,-0.3746785692418634,0.5139703108388153,-0.0817151740135481,1.057487479264594,19,0.76,25,0,0,0.76,0.0,0.0,True,0.9986375890130772,,,,,,,,,,,,
0,16,communication,0.2964098962195181,0.5576468667945231,-0.1159766251370439,1.260637316511312,1,0.04,25,0,0,0.04,0.0,0.0,False,0.8451366662568922,,,,,,,,,,,,
0,17,communication,-0.2527282626446281,0.5189441927237252,-0.021698778445357,1.0787608940051538,19,0.76,25,0,0,0.76,0.0,0.0,True,0.99560022857458,,,,,,,,,,,,
0,18,communication,1.7694653864749827,0.4440501446076638,-0.0813612527727625,0.7987233746005666,0,0.0,25,0,0,0.0,0.0,0.0,False,2.572836081841882e-06,,,,,,,,,,,,
0,19,communication,-1.4277805074623344,0.5118559781768987,-0.1149010439191178,1.0485757384987295,24,0.96,25,0,0,0.96,0.0,0.0,True,0.9999999999585324,,,,,,,,,,,,
1,0,communication,0.7097084955846482,0.2737954012764491,0.6094133780351484,0.3770224007913184,9,0.36,25,0,0,0.36,0.0,0.0,False,0.0199676352834225,,,,,,,,,,,,
1,1,communication,-0.830613638819826,0.169969516905282,0.5982634291415865,0.2047750297935577,22,0.88,25,0,0,0.88,0.0,0.0,True,0.9913669439943048,,,,,,,,,,,,
1,2,communication,0.7050103806377809,0.3089523978946154,0.6734793711630473,0.4470783155217436,5,0.2,25,0,0,0.2,0.0,0.0,False,0.0344545506849382,,,,,,,,,,,,
1,3,communication,0.0985067537265732,0.1850137452882117,0.6633991738155245,0.2270145591027667,18,0.72,25,0,0,0.72,0.0,0.0,True,0.2715721050595087,,,,,,,,,,,,
1,4,communication,1.358107885350414,0.3388699326337024,0.6012319221333524,0.5125616718411211,0,0.0,25,0,0,0.0,0.0,0.0,False,6.864252840514062e-05,,,,,,,,,,,,
1,5,communication,1.352838775020095,0.2698080805248818,0.7915601727063262,0.3695029667252786,0,0.0,25,0,0,0.0,0.0,0.0,False,1.2027090195027694e-05,,,,,,,,,,,,
1,6,communication,-0.6843674900942175,0.4026942782828795,0.5786114081019585,0.67418453170886,25,1.0,25,0,0,1.0,0.0,0.0,True,0.999633807607018,,,,,,,,,,,,
1,7,communication,0.3214726599226475,0.3785083933497861,0.6473309019251252,0.6090321885277158,14,0.56,25,0,0,0.56,0.0,0.0,True,0.4525261601454273,,,,,,,,,,,,
1,8,communication,1.867534843223956,0.4108969880083319,0.5683209997811228,0.6974959890616608,0,0.0,25,0,0,0.0,0.0,0.0,False,1.8802555601192466e-07,,,,,,,,,,,,
1,9,communication,0.6746305465806953,0.3422971761540511,0.6606553351746252,0.5204435251660496,9,0.36,25,0,0,0.36,0.0,0.0,False,0.0650154974921961,,,,,,,,,,,,
1,10,communication,1.528883906909681,0.2724114008840114,0.6526230488472717,0.3744030640598106,0,0.0,25,0,0,0.0,0.0,0.0,False,8.183475356537764e-07,,,,,,,,,,,,
1,11,communication,2.1559987086244385,0.3656549238501209,0.6636520247671654,0.5764290409085264,0,0.0,25,0,0,0.0,0.0,0.0,False,1.3844337781382316e-10,,,,,,,,,,,,
1,12,communication,-0.0344565425081466,0.3347413030989718,0.6179740186718631,0.5031746366613407,23,0.92,25,0,0,0.92,0.0,0.0,True,0.7892441237632427,,,,,,,,,,,,
1,13,communication,1.0120274197949082,0.287614890640733,0.6040321711425805,0.4037351242496061,2,0.08,25,0,0,0.08,0.0,0.0,False,0.001464587078232,,,,,,,,,,,,
1,14,communication,-0.4744853169013419,0.3329741483894283,0.6372839119570155,0.4991922690634004,22,0.88,25,0,0,0.88,0.0,0.0,True,0.988083669208933,,,,,,,,,,,,
1,15,communication,0.4666387097257315,0.1804138296377098,0.7247760972059849,0.2201279574519415,20,0.8,25,0,0,0.8,0.0,0.0,True,0.030889952849407,,,,,,,,,,,,
1,16,communication,1.6541362919508251,0.1847074853233803,0.6620913218525923,0.2265536381094378,0,0.0,25,0,0,0.0,0.0,0.0,False,3.4025334746173302e-09,,,,,,,,,,,,
1,17,communication,2.0046874367516545,0.1001005149594123,0.6495166488367933,0.1112352175142066,1,0.04,25,0,0,0.04,0.0,0.0,False,1.1773967958612061e-14,,,,,,,,,,,,
1,18,communication,0.5443413106885528,0.2235765927862199,0.630825824453069,0.287957048575508,16,0.64,25,0,0,0.64,0.0,0.0,True,0.0336709485795557,,,,,,,,,,,,
1,19,communication,1.85320260802099,0.3704714946750819,0.6785314155823111,0.58849042027711,0,0.0,25,0,0,0.0,0.0,0.0,False,6.709046219398024e-08,,,,,,,,,,,,
2,0,communication,-1.7569881192258414,0.323148297435986,-0.3429504917923603,0.4774285064392284,22,0.88,25,0,0,0.88,0.0,0.0,True,0.9999999999525548,,,,,,,,,,,,
2,1,communication,-0.7641311816275873,0.4353940510422949,-0.2091147584444414,0.7711467650067403,22,0.88,25,0,0,0.88,0.0,0.0,True,0.9999374116813814,,,,,,,,,,,,
2,2,communication,-0.1775605797417692,0.3511500080896763,-0.4149208844403616,0.5411882753605831,4,0.16,25,0,0,0.16,0.0,0.0,True,0.9162299353267715,,,,,,,,,,,,
2,3,communication,-0.9109036544272888,0.4196904630415693,-0.2748634266192891,0.7232182763035185,21,0.84,25,0,0,0.84,0.0,0.0,True,0.9999884511972148,,,,,,,,,,,,
2,4,communication,-0.1195027929254781,0.3835592047342814,-0.2897014795064702,0.6222158034965015,7,0.28,25,0,0,0.28,0.0,0.0,True,0.9163185564214764,,,,,,,,,,,,
2,5,communication,-0.8031768675703878,0.3727979442860278,-0.3620905210891256,0.5943825293455953,19,0.76,25,0,0,0.76,0.0,0.0,True,0.999838093097082,,,,,,,,,,,,
2,6,communication,0.9797735031078544,0.3213327814991275,-0.340369399304391,0.4734762085738113,0,0.0,25,0,0,0.0,0.0,0.0,False,0.0039212363915421,,,,,,,,,,,,
2,7,communication,-0.8523355093681437,0.4227315895907434,-0.3451025534662288,0.7322964187336117,21,0.84,25,0,0,0.84,0.0,0.0,True,0.9999749664331776,,,,,,,,,,,,
2,8,communication,0.5250375428876748,0.390041696044012,-0.3294563190079161,0.6394563259723336,0,0.0,25,0,0,0.0,0.0,0.0,False,0.2329407304135951,,,,,,,,,,,,
2,9,communication,-1.7994803480647013,0.4520750549337042,-0.3361313121563118,0.8250674823337452,22,0.88,25,0,0,0.88,0.0,0.0,True,0.9999999999999236,,,,,,,,,,,,
2,10,communication,-1.2314030428890026,0.307044843374425,-0.2623732337467839,0.4430948243023622,24,0.96,25,0,0,0.96,0.0,0.0,True,0.9999981171814426,,,,,,,,,,,,
2,11,communication,0.0128780551014074,0.4461208763882704,-0.3255405700614793,0.8054480795001078,3,0.12,25,0,0,0.12,0.0,0.0,True,0.9046777000471036,,,,,,,,,,,,
2,12,communication,-0.3262343530295832,0.3226651688970861,-0.2697837083037426,0.4763746880869625,9,0.36,25,0,0,0.36,0.0,0.0,True,0.9556915780720844,,,,,,,,,,,,
2,13,communication,0.2280940406709801,0.3707922867856226,-0.3431596911319419,0.5893002882806205,0,0.0,25,0,0,0.0,0.0,0.0,False,0.5580018608532517,,,,,,,,,,,,
2,14,communication,-0.8250978588394176,0.450934228091333,-0.3390329613910405,0.8212754303073598,22,0.88,25,0,0,0.88,0.0,0.0,True,0.9999818727952764,,,,,,,,,,,,
2,15,communication,0.4989038848058872,0.3497528633334769,-0.29172158101677,0.537876821921088,0,0.0,25,0,0,0.0,0.0,0.0,False,0.1885754981370099,,,,,,,,,,,,
2,16,communication,-1.0962614667727777,0.408507791545194,-0.3422762127962213,0.6906393452119441,22,0.88,25,0,0,0.88,0.0,0.0,True,0.9999991429852262,,,,,,,,,,,,
2,17,communication,1.6390477340577996,0.3419731549141648,-0.3464156236793608,0.51969483839152,0,0.0,25,0,0,0.0,0.0,0.0,False,1.1189227418076514e-06,,,,,,,,,,,,
2,18,communication,-0.1837768353400256,0.436435914854538,-0.2393818526412863,0.7744210931076084,6,0.24,25,0,0,0.24,0.0,0.0,True,0.971763272467636,,,,,,,,,,,,
2,19,communication,-1.2293319141105017,0.3847958737797212,-0.3243021799512374,0.625476744026164,21,0.84,25,0,0,0.84,0.0,0.0,True,0.9999998186090712,,,,,,,,,,,,
3,0,communication,0.6227198878386024,0.1365810835085792,0.0741674419498003,0.1581863460480904,1,0.04,25,0,0,0.04,0.0,0.0,False,0.0033010811780194,,,,,,,,,,,,
3,1,communication,-1.4611806082069945,0.1777397889426446,0.0509165546809732,0.2161600264155876,20,0.8,25,0,0,0.8,0.0,0.0,True,0.9999971746558032,,,,,,,,,,,,
3,2,communication,1.85656842610766,0.0380715989423558,0.0477142636465533,0.0395784123854706,0,0.0,25,0,0,0.0,0.0,0.0,False,2.3409999221550043e-15,,,,,,,,,,,,
3,3,communication,0.9990980978734606,0.1044094907303024,0.0798994747898368,0.1165817297633517,0,0.0,25,0,0,0.0,0.0,0.0,False,1.1220138520085862e-05,,,,,,,,,,,,
3,4,communication,0.1370978312967554,0.077219724653799,0.1328871092232629,0.0836815943262641,10,0.4,25,0,0,0.4,0.0,0.0,True,0.05222868610929,,,,,,,,,,,,
3,5,communication,0.3341764973830153,0.0071772209131862,-0.0129602108453322,0.0072291058025358,1,0.04,25,0,0,0.04,0.0,0.0,False,0.000201381552597,,,,,,,,,,,,
3,6,communication,1.607012631583919,1.0,0.13485679903755,-0.1459122816024149,0,0.0,25,0,0,0.0,0.0,0.0,False,0.0,,,,,,,,,,,,
3,7,communication,0.930620186324557,0.0659711477120256,0.0880152435008684,0.0706307386013016,0,0.0,25,0,0,0.0,0.0,0.0,False,5.702820185245747e-06,,,,,,,,,,,,
3,8,communication,1.5649643479829936,0.21962841886214,0.0895302308937439,0.2814408214890396,0,0.0,25,0,0,0.0,0.0,0.0,False,7.285411708650976e-08,,,,,,,,,,,,
3,9,communication,-1.438378815496846,0.2372413865658625,0.0075846157866633,0.3110307538812838,22,0.88,25,0,0,0.88,0.0,0.0,True,0.9999994425628532,,,,,,,,,,,,
3,10,communication,0.2809796306451474,0.0759311430466821,0.0654634773455576,0.0821704383556755,4,0.16,25,0,0,0.16,0.0,0.0,False,0.0171520280609758,,,,,,,,,,,,
3,11,communication,0.0599302444018031,1.0,0.117622756190566,-0.052860108861637,11,0.44,25,0,0,0.44,0.0,0.0,True,0.0,,,,,,,,,,,,
3,12,communication,2.625407188721095,0.1618560735693996,0.129798645504471,0.1931125054603633,0,0.0,25,0,0,0.0,0.0,0.0,False,1.811611123915708e-20,,,,,,,,,,,,
3,13,communication,-0.6293393435732257,0.0029120804133444,0.0749810278658984,0.0029205853928625,24,0.96,25,0,0,0.96,0.0,0.0,True,0.2578411081379281,,,,,,,,,,,,
3,14,communication,-1.1711441742541762,0.1491219687225395,0.0892341385613608,0.1752565740810774,24,0.96,25,0,0,0.96,0.0,0.0,True,0.9996112465516078,,,,,,,,,,,,
3,15,communication,-1.7305836537683288,0.0118711571459634,0.0469691950278219,0.0120137745515814,22,0.88,25,0,0,0.88,0.0,0.0,True,0.9998051104078004,,,,,,,,,,,,
3,16,communication,1.289248466257716,0.2668767924430872,0.068483534834412,0.3640272053758022,0,0.0,25,0,0,0.0,0.0,0.0,False,2.7865662251269728e-05,,,,,,,,,,,,
3,17,communication,0.2533439080872754,0.2883525766501834,0.0502508691452015,0.4051902208721145,6,0.24,25,0,0,0.24,0.0,0.0,False,0.3294225107202602,,,,,,,,,,,,
3,18,communication,1.3836501267511652,0.2076961698527156,0.0169758808895568,0.262142074731743,0,0.0,25,0,0,0.0,0.0,0.0,False,1.0991294200492507e-06,,,,,,,,,,,,
3,19,communication,0.3398146421658116,0.1269490622533563,0.1017893529330494,0.1454085400572543,2,0.08,25,0,0,0.08,0.0,0.0,False,0.0321218990214186,,,,,,,,,,,,
4,0,communication,-0.1912032330443757,0.3398398022197316,0.2056277370072197,0.5147838408956094,21,0.84,25,0,0,0.84,0.0,0.0,True,0.912648005661464,,,,,,,,,,,,
4,1,communication,0.2839733571106892,0.1339864127228706,0.2503084412666769,0.1547162939373077,9,0.36,25,0,0,0.36,0.0,0.0,True,0.0539505067153369,,,,,,,,,,,,
4,2,communication,0.6082873743407289,0.0247495116244886,0.2319145420445026,0.0253775946995056,3,0.12,25,0,0,0.12,0.0,0.0,False,4.626393691882217e-05,,,,,,,,,,,,
4,3,communication,-0.1705659009515738,0.000288871247134,0.2368712324842895,0.0002889547178437,20,0.8,25,0,0,0.8,0.0,0.0,True,0.0020372355604635,,,,,,,,,,,,
4,4,communication,2.3710073062198886,0.2874117574078682,0.213513427445856,0.4033349699433305,1,0.04,25,0,0,0.04,0.0,0.0,False,3.041552610293317e-14,,,,,,,,,,,,
4,5,communication,-0.1361703863659019,0.2323058079441152,0.3803420402974743,0.3026020130776297,22,0.88,25,0,0,0.88,0.0,0.0,True,0.6903983047442288,,,,,,,,,,,,
4,6,communication,0.2410181592415746,0.2836684743342654,0.1909305800272628,0.3960016614801833,10,0.4,25,0,0,0.4,0.0,0.0,True,0.3336668633593492,,,,,,,,,,,,
4,7,communication,-0.1340820959144991,0.3765108557586958,0.248150130958586,0.6038771632774055,21,0.84,25,0,0,0.84,0.0,0.0,True,0.917327743912964,,,,,,,,,,,,
4,8,communication,2.6162111965883925,0.1793544041794173,0.2495422402472988,0.2185528138977907,0,0.0,25,0,0,0.0,0.0,0.0,False,7.7847116710316e-20,,,,,,,,,,,,
4,9,communication,-0.8090012924673505,0.3303109607422282,0.2464962763202313,0.4932303522666545,23,0.92,25,0,0,0.92,0.0,0.0,True,0.9996083830206454,,,,,,,,,,,,
4,10,communication,-0.8545238530135958,0.2625468543419144,0.2888053706745818,0.356018353013633,24,0.96,25,0,0,0.96,0.0,0.0,True,0.9989926466267284,,,,,,,,,,,,
4,11,communication,-0.5763494210580793,0.241809767574136,0.2414182520838937,0.3189302067377665,23,0.92,25,0,0,0.92,0.0,0.0,True,0.978653673446906,,,,,,,,,,,,
4,12,communication,0.057008177389825,0.263436731384847,0.2487600844774094,0.3576566231440602,16,0.64,25,0,0,0.64,0.0,0.0,True,0.5220539636660746,,,,,,,,,,,,
4,13,communication,1.0813021248100645,0.1854182414299001,0.3477759821774923,0.2276238566345746,0,0.0,25,0,0,0.0,0.0,0.0,False,5.197389088003406e-05,,,,,,,,,,,,
4,14,communication,1.692790999527223,0.1087693395131291,0.217165916163826,0.1220439829277299,0,0.0,25,0,0,0.0,0.0,0.0,False,3.679018308184341e-11,,,,,,,,,,,,
4,15,communication,1.185169193803829,0.2974869081323718,0.3216473710749151,0.4234610167071819,0,0.0,25,0,0,0.0,0.0,0.0,False,0.0002409837824543,,,,,,,,,,,,
4,16,communication,0.474696157021359,0.3241677801679897,0.1743444628778607,0.4796571851051541,6,0.24,25,0,0,0.24,0.0,0.0,False,0.169072496207895,,,,,,,,,,,,
4,17,communication,-1.881876882888354,0.1999022324007947,0.25640404595858,0.2498472567929126,25,1.0,25,0,0,1.0,0.0,0.0,True,0.9999999994606024,,,,,,,,,,,,
4,18,communication,1.8275803587195043,0.359314348995189,0.2655332404624994,0.5608278387874974,0,0.0,25,0,0,0.0,0.0,0.0,False,7.420867672419979e-08,,,,,,,,,,,,
4,19,communication,0.619705149917975,0.2566507103906737,0.3190635845585471,0.345262602625959,2,0.08,25,0,0,0.08,0.0,0.0,False,0.0311687747266168,,,,,,,,,,,,
5,0,communication,-1.1799114697025477,0.6221833373737496,-0.7044440349060317,1.646786388532672,19,0.76,25,0,0,0.76,0.0,0.0,True,0.9999999998676886,,,,,,,,,,,,
5,1,communication,-0.8933802678927532,0.6375091967138221,-0.7077410314875747,1.758690678313634,15,0.6,25,0,0,0.6,0.0,0.0,True,0.9999999754823806,,,,,,,,,,,,
5,2,communication,0.2098541527067136,0.650800959225203,-0.6058232918594615,1.8636962970494328,0,0.0,25,0,0,0.0,0.0,0.0,False,0.9683662185319676,,,,,,,,,,,,
5,3,communication,-0.8524351655263853,0.5944381658992827,-0.7383195726206979,1.465715252070933,5,0.2,25,0,0,0.2,0.0,0.0,True,0.9999997924373212,,,,,,,,,,,,
5,4,communication,-0.933910601918291,0.5660776994738124,-0.633005081738263,1.3045600532338828,14,0.56,25,0,0,0.56,0.0,0.0,True,0.9999998806502522,,,,,,,,,,,,
5,5,communication,-0.9042918770859738,0.5508117075172191,-0.7017456563978118,1.226237897859579,7,0.28,25,0,0,0.28,0.0,0.0,True,0.9999996788723928,,,,,,,,,,,,
5,6,communication,0.8820513329827133,0.5593327382910115,-0.6470109451722454,1.269285891858216,0,0.0,25,0,0,0.0,0.0,0.0,False,0.1771058344099084,,,,,,,,,,,,
5,7,communication,-0.8494517577151022,0.5638495781998606,-0.7095445434152521,1.2927869606835731,12,0.48,25,0,0,0.48,0.0,0.0,True,0.9999994469046084,,,,,,,,,,,,
5,8,communication,-2.5819051423795405,0.5831081993127711,-0.5367693007675299,1.3987039283371403,25,1.0,25,0,0,1.0,0.0,0.0,True,1.0,,,,,,,,,,,,
5,9,communication,-0.1014345049435218,0.5719012040659793,-0.7145988749959304,1.3359093963770965,0,0.0,25,0,0,0.0,0.0,0.0,True,0.9923598987572256,,,,,,,,,,,,
5,10,communication,0.5781973932089678,0.591573935473759,-0.66870613528276,1.4484235626831576,0,0.0,25,0,0,0.0,0.0,0.0,False,0.6087966538248557,,,,,,,,,,,,
5,11,communication,-0.7256102994747048,0.5570441879149649,-0.7450677397336444,1.2575615280741097,12,0.48,25,0,0,0.48,0.0,0.0,True,0.9999950419369056,,,,,,,,,,,,
5,12,communication,1.4514223610538233,0.5598682112013076,-0.6818481310771776,1.272046749291677,0,0.0,25,0,0,0.0,0.0,0.0,False,0.0023921281648673,,,,,,,,,,,,
5,13,communication,-0.4317295555686791,0.5092738145698408,-0.6687892288182662,1.037796289846288,6,0.24,25,0,0,0.24,0.0,0.0,True,0.9992109539297296,,,,,,,,,,,,
5,14,communication,0.9422246194983448,0.5827207521287243,-0.6380550184948718,1.3964767121812034,0,0.0,25,0,0,0.0,0.0,0.0,False,0.1612123509825129,,,,,,,,,,,,
5,15,communication,0.1242872294965518,0.5658759114984749,-0.6736549116930148,1.303488856035887,0,0.0,25,0,0,0.0,0.0,0.0,False,0.949273125267909,,,,,,,,,,,,
5,16,communication,-0.4403009748670978,0.6016853427164931,-0.6746818488284995,1.510577960700637,5,0.2,25,0,0,0.2,0.0,0.0,True,0.9999046392202364,,,,,,,,,,,,
5,17,communication,-2.1565592578007124,0.5558906583060839,-0.7080018243666671,1.2516977377368663,24,0.96,25,0,0,0.96,0.0,0.0,True,1.0,,,,,,,,,,,,
5,18,communication,-0.2848034181758485,0.5637392951292238,-0.622731621730586,1.292207363246726,3,0.12,25,0,0,0.12,0.0,0.0,True,0.9986002292595736,,,,,,,,,,,,
5,19,communication,-0.0882524137455494,0.6388706995142099,-0.6983776210414677,1.7690912885074763,0,0.0,25,0,0,0.0,0.0,0.0,True,0.9972752307559548,,,,,,,,,,,,
6,0,communication,-0.8177830145050032,1.0,-0.0907489627503551,-0.290619322797908,23,0.92,25,0,0,0.92,0.0,0.0,True,0.0,,,,,,,,,,,,
6,1,communication,1.098176341453277,0.0982773517739541,-0.0604067733245643,0.1089884477974403,0,0.0,25,0,0,0.0,0.0,0.0,False,1.8781824083079928e-06,,,,,,,,,,,,
6,2,communication,0.416959868932355,0.2139743607663883,-0.0345558991959512,0.2722231312645437,1,0.04,25,0,0,0.04,0.0,0.0,False,0.0708723203340059,,,,,,,,,,,,
6,3,communication,0.4136756479396345,1.0,-0.1858813584259714,-0.1669721324127874,2,0.08,25,0,0,0.08,0.0,0.0,False,0.0,,,,,,,,,,,,
6,4,communication,0.3905216345944635,0.1692912534018884,-0.0649701598452836,0.2037913457576603,1,0.04,25,0,0,0.04,0.0,0.0,False,0.0450942332194866,,,,,,,,,,,,
6,5,communication,-1.4426577640404354,0.0659505829728924,-0.0048161620598567,0.0706071667843869,24,0.96,25,0,0,0.96,0.0,0.0,True,0.9997858862962202,,,,,,,,,,,,
6,6,communication,-0.4060538047792103,0.0329618024275057,-0.0427878117328137,0.0340853158750585,22,0.88,25,0,0,0.88,0.0,0.0,True,0.3536229801085259,,,,,,,,,,,,
6,7,communication,-0.838509712974813,1.0,-0.0490664097450586,-0.0319853419047368,23,0.92,25,0,0,0.92,0.0,0.0,True,0.0,,,,,,,,,,,,
6,8,communication,0.6110398586731064,0.2216573124803225,0.0119670862958318,0.2847811330850573,0,0.0,25,0,0,0.0,0.0,0.0,False,0.0194828082514651,,,,,,,,,,,,
6,9,communication,-0.0911030447729206,0.0245865104273633,-0.0954763577017864,0.0252062440085132,14,0.56,25,0,0,0.56,0.0,0.0,True,0.0568868436756442,,,,,,,,,,,,
6,10,communication,1.165356890791987,0.0390125298742038,-0.1601261068607503,0.0405962940069312,0,0.0,25,0,0,0.0,0.0,0.0,False,1.726698454131123e-08,,,,,,,,,,,,
6,11,communication,-0.419502658386654,0.0954483347005439,-0.123058861035198,0.1055200475132012,19,0.76,25,0,0,0.76,0.0,0.0,True,0.6585731746912138,,,,,,,,,,,,
6,12,communication,0.0416887640847654,0.1945755705652222,-0.0262291094409904,0.2415814115568476,10,0.4,25,0,0,0.4,0.0,0.0,True,0.3625934695894279,,,,,,,,,,,,
6,13,communication,-0.5587413586593688,0.2587089965217833,0.0132974341410787,0.3489978905826362,22,0.88,25,0,0,0.88,0.0,0.0,True,0.9811224623863232,,,,,,,,,,,,
6,14,communication,-1.5772883073853372,0.1366149627900433,-0.099129647108052,0.1582317933508749,22,0.88,25,0,0,0.88,0.0,0.0,True,0.999998056701138,,,,,,,,,,,,
6,15,communication,-2.0603767364986836,0.1059932805615906,0.0064520336145826,0.1185598253983736,22,0.88,25,0,0,0.88,0.0,0.0,True,0.9999999988361492,,,,,,,,,,,,
6,16,communication,-0.3646080224951752,0.1663120271470186,-0.1511768817028338,0.1994895363284164,20,0.8,25,0,0,0.8,0.0,0.0,True,0.7884027845021858,,,,,,,,,,,,
6,17,communication,-0.2507723252215733,0.0488372278893638,-0.0050296001788454,0.0513447638210163,16,0.64,25,0,0,0.64,0.0,0.0,True,0.25541835401688,,,,,,,,,,,,
6,18,communication,2.093025278769603,0.1156002581414412,-0.0314990463663011,0.1307104159692632,0,0.0,25,0,0,0.0,0.0,0.0,False,3.3854061845263247e-15,,,,,,,,,,,,
6,19,communication,-0.8353207972019157,1.0,-0.1330343168316099,-0.2719850135837562,22,0.88,25,0,0,0.88,0.0,0.0,True,0.0,,,,,,,,,,,,
7,0,communication,-1.0016741193324774,0.4532120482790902,-0.1500800034730274,0.8288625359294995,20,0.8,25,0,0,0.8,0.0,0.0,True,0.9999988887934756,,,,,,,,,,,,
7,1,communication,-1.292386402390633,0.4657290701141249,-0.1722606795541222,0.871709546715575,19,0.76,25,0,0,0.76,0.0,0.0,True,0.9999999961380264,,,,,,,,,,,,
7,2,communication,0.5575515736559986,0.4754454582967498,-0.1501984175297041,0.9063794524644831,0,0.0,25,0,0,0.0,0.0,0.0,False,0.3687087980096617,,,,,,,,,,,,
7,3,communication,-1.7581968311744227,0.3592855572297193,-0.166568483032777,0.5607576999142754,21,0.84,25,0,0,0.84,0.0,0.0,True,0.9999999999894286,,,,,,,,,,,,
7,4,communication,-0.1895380911176158,0.4381126397443311,-0.0915795686130049,0.7797161330430746,14,0.56,25,0,0,0.56,0.0,0.0,True,0.9735914312209084,,,,,,,,,,,,
7,5,communication,1.1626074877423878,0.4020585166855808,-0.1164493967916135,0.6724044541230868,0,0.0,25,0,0,0.0,0.0,0.0,False,0.0026913994416708,,,,,,,,,,,,
7,6,communication,1.2504572539397774,0.411320519185156,-0.2187678399559562,0.6987172690575363,0,0.0,25,0,0,0.0,0.0,0.0,False,0.0012585761932858,,,,,,,,,,,,
7,7,communication,-0.7643512068734848,0.4694930737525682,-0.2204904476057239,0.8849895270426569,22,0.88,25,0,0,0.88,0.0,0.0,True,0.9999728461504248,,,,,,,,,,,,
7,8,communication,-0.2018048800781446,0.4987772513292353,-0.2357763045875732,0.9951209370524088,3,0.12,25,0,0,0.12,0.0,0.0,True,0.9901551450107468,,,,,,,,,,,,
7,9,communication,0.4733427410096004,0.4599747583190097,-0.2943928221685316,0.8517652932059258,0,0.0,25,0,0,0.0,0.0,0.0,False,0.4423328336320012,,,,,,,,,,,,
7,10,communication,-1.9971192540796097,0.4348719987614137,-0.1601828568076812,0.769510620263566,25,1.0,25,0,0,1.0,0.0,0.0,True,0.999999999999999,,,,,,,,,,,,
7,11,communication,1.6828097119791448,0.3582659956220984,-0.2190442902679144,0.5582780298036447,0,0.0,25,0,0,0.0,0.0,0.0,False,8.84166647532753e-07,,,,,,,,,,,,
7,12,communication,1.281787732041593,0.466443656222126,-0.1901069696322303,0.8742163066030608,0,0.0,25,0,0,0.0,0.0,0.0,False,0.0025391367016622,,,,,,,,,,,,
7,13,communication,1.5812385114949614,0.413982912192792,-0.1731300079727044,0.7064348818596005,1,0.04,25,0,0,0.04,0.0,0.0,False,1.99409126092966e-05,,,,,,,,,,,,
7,14,communication,-1.4637104819562965,0.4184733079803412,-0.132665108553623,0.7196115220901925,22,0.88,25,0,0,0.88,0.0,0.0,True,0.9999999993530208,,,,,,,,,,,,
7,15,communication,1.700304163810625,0.3688906726514924,-0.1405051967313661,0.5845115206921759,0,0.0,25,0,0,0.0,0.0,0.0,False,9.082402549831634e-07,,,,,,,,,,,,
7,16,communication,1.1918746060355987,0.5222714863211421,-0.2026905323755167,1.0932390915904744,1,0.04,25,0,0,0.04,0.0,0.0,False,0.0147718350359454,,,,,,,,,,,,
7,17,communication,-0.0177918065287187,0.4664895961936356,-0.1509739850709016,0.8743776932285398,5,0.2,25,0,0,0.2,0.0,0.0,True,0.9370131914814492,,,,,,,,,,,,
7,18,communication,-0.5837760173867064,0.4050461367730272,-0.1649301550457882,0.6808025996773863,22,0.88,25,0,0,0.88,0.0,0.0,True,0.998877571298916,,,,,,,,,,,,
7,19,communication,-0.5047861707669822,0.4291541060189015,-0.2472925277157581,0.7517862711177027,15,0.6,25,0,0,0.6,0.0,0.0,True,0.9983301432448594,,,,,,,,,,,,
8,0,communication,0.5345691859096775,0.4996817672933271,-0.1616250049658054,0.9987278788344316,0,0.0,25,0,0,0.0,0.0,0.0,False,0.4533947289500856,,,,,,,,,,,,
8,1,communication,-0.4559288424368486,0.4755634020427979,-0.2216855511014993,0.906808189770172,12,0.48,25,0,0,0.48,0.0,0.0,True,0.9988314911129031,,,,,,,,,,,,
8,2,communication,1.287971250948437,0.4523953316309587,-0.1190034765566779,0.8261349067354569,0,0.0,25,0,0,0.0,0.0,0.0,False,0.0018370584030904,,,,,,,,,,,,
8,3,communication,-0.942141683897248,0.5164724427277376,-0.1420047200958548,1.0681344526490444,22,0.88,25,0,0,0.88,0.0,0.0,True,0.999999528918419,,,,,,,,,,,,
8,4,communication,-0.7923211386869012,0.4293238787040934,-0.0785574587785025,0.7523074169095656,19,0.76,25,0,0,0.76,0.0,0.0,True,0.999950708712274,,,,,,,,,,,,
8,5,communication,0.4817303394559976,0.5254187621094347,-0.024469934251413,1.1071208049539292,0,0.0,25,0,0,0.0,0.0,0.0,False,0.5829267873924063,,,,,,,,,,,,
8,6,communication,-1.6313711894416296,0.4860794467360556,-0.1251380497858517,0.945826049666494,24,0.96,25,0,0,0.96,0.0,0.0,True,0.9999999999989164,,,,,,,,,,,,
8,7,communication,0.1014478429368479,0.5378437091725293,-0.1390006277873398,1.163770178719289,4,0.16,25,0,0,0.16,0.0,0.0,True,0.9393879135781146,,,,,,,,,,,,
8,8,communication,-2.1547566771794355,0.4401010366249994,-0.0413880530940674,0.7860365269693045,23,0.92,25,0,0,0.92,0.0,0.0,True,1.0,,,,,,,,,,,,
8,9,communication,2.5868793314503096,0.4863028200272811,-0.1108611145201908,0.9466721620957846,0,0.0,25,0,0,0.0,0.0,0.0,False,9.873260662820117e-13,,,,,,,,,,,,
8,10,communication,-0.9667464921932776,0.406870828582195,-0.0844748724736914,0.685973390264415,22,0.88,25,0,0,0.88,0.0,0.0,True,0.9999929764147768,,,,,,,,,,,,
8,11,communication,0.0705426099876666,0.5060338360077394,-0.1454603086231835,1.0244301591792186,3,0.12,25,0,0,0.12,0.0,0.0,True,0.9287796738859678,,,,,,,,,,,,
8,12,communication,0.8913926911403922,0.50009919942033,-0.0887615870429434,1.000396876421142,0,0.0,25,0,0,0.0,0.0,0.0,False,0.096106054385991,,,,,,,,,,,,
8,13,communication,0.2808565910294194,0.369664869685471,-0.1810116545513267,0.5864576665765291,2,0.08,25,0,0,0.08,0.0,0.0,False,0.485356729449731,,,,,,,,,,,,
8,14,communication,-0.2558011178281045,0.471565006783473,-0.0401302667027253,0.8923803548911619,18,0.72,25,0,0,0.72,0.0,0.0,True,0.9906941237891804,,,,,,,,,,,,
8,15,communication,1.1561929907100996,0.4783519701688725,-0.1201953617897315,0.9170013933029304,0,0.0,25,0,0,0.0,0.0,0.0,False,0.0103404373657703,,,,,,,,,,,,
8,16,communication,0.0169849342937251,0.4793501422811294,-0.0788619527043993,0.9206766028541944,10,0.4,25,0,0,0.4,0.0,0.0,True,0.9318132694298664,,,,,,,,,,,,
8,17,communication,0.2625959276026398,0.5019262573199236,-0.0584751218702018,1.0077348278170963,6,0.24,25,0,0,0.24,0.0,0.0,False,0.788895915997823,,,,,,,,,,,,
8,18,communication,-0.7023549658938484,0.3937225225075051,-0.1310598733941081,0.6494097787302003,22,0.88,25,0,0,0.88,0.0,0.0,True,0.9996427602756596,,,,,,,,,,,,
8,19,communication,-1.9415203241910683,0.5070222685249638,-0.0639977161666213,1.028489191606901,22,0.88,25,0,0,0.88,0.0,0.0,True,1.0,,,,,,,,,,,,
9,0,communication,0.2079064059758831,0.4305409059734238,-0.1618204751391296,0.7560523846043469,1,0.04,25,0,0,0.04,0.0,0.0,False,0.7146829154783909,,,,,,,,,,,,
9,1,communication,-1.1510929291252838,0.4345367417600892,-0.0464920307227856,0.7684614967074077,21,0.84,25,0,0,0.84,0.0,0.0,True,0.9999998477148582,,,,,,,,,,,,
9,2,communication,-0.599941859045242,0.456955189849832,-0.0971518066669558,0.8414686620860446,23,0.92,25,0,0,0.92,0.0,0.0,True,0.9996809524763756,,,,,,,,,,,,
9,3,communication,1.73424271247886,0.4404066692627401,-0.1154903891493934,0.7870120050975369,1,0.04,25,0,0,0.04,0.0,0.0,False,4.046193089364759e-06,,,,,,,,,,,,
9,4,communication,-1.2244391009288398,0.4463379155515673,-0.0803110446769566,0.8061558269719996,25,1.0,25,0,0,1.0,0.0,0.0,True,0.9999999724998208,,,,,,,,,,,,
9,5,communication,-0.9778525254681956,0.3687772758373877,-0.1339032610633186,0.5842268690922244,23,0.92,25,0,0,0.92,0.0,0.0,True,0.9999836409320856,,,,,,,,,,,,
9,6,communication,0.8493486281818663,0.4166293164376752,-0.1461398643673197,0.7141759573750749,0,0.0,25,0,0,0.0,0.0,0.0,False,0.0491733878458527,,,,,,,,,,,,
9,7,communication,1.272385138340556,0.3941497644966831,-0.1215574954175368,0.6505729327137072,0,0.0,25,0,0,0.0,0.0,0.0,False,0.0006968063984217,,,,,,,,,,,,
9,8,communication,0.9062489782811722,0.45318798200596,-0.1081798419349555,0.8287820440897837,0,0.0,25,0,0,0.0,0.0,0.0,False,0.0517821415770131,,,,,,,,,,,,
9,9,communication,0.0209721094967428,0.4180692588215651,-0.1179240977165736,0.7184175525337548,5,0.2,25,0,0,0.2,0.0,0.0,True,0.8679647592932442,,,,,,,,,,,,
9,10,communication,-0.0854570610147388,0.4541078237122246,-0.0549290847941781,0.8318635866890218,10,0.4,25,0,0,0.4,0.0,0.0,True,0.9538376244861004,,,,,,,,,,,,
9,11,communication,-0.5110222771610002,0.3992838550786822,-0.0874687369864607,0.6646797467562333,23,0.92,25,0,0,0.92,0.0,0.0,True,0.9972749540896588,,,,,,,,,,,,
9,12,communication,-0.4411567803990677,0.4565445260648454,-0.070621007987014,0.8400771506799112,21,0.84,25,0,0,0.84,0.0,0.0,True,0.9980316795942056,,,,,,,,,,,,
9,13,communication,-0.9478531684026188,0.3612342601523769,-0.1756125524857381,0.5655191529817316,24,0.96,25,0,0,0.96,0.0,0.0,True,0.9999694424133746,,,,,,,,,,,,
9,14,communication,0.7030311463785825,0.367809487207776,-0.0752061004374,0.581801655933202,0,0.0,25,0,0,0.0,0.0,0.0,False,0.0728254782431749,,,,,,,,,,,,
9,15,communication,-0.4645663330226403,0.3029893078940158,-0.0196628191357944,0.4346982210252015,25,1.0,25,0,0,1.0,0.0,0.0,True,0.9794587607556148,,,,,,,,,,,,
9,16,communication,-0.1614993013494382,0.4654988051625468,-0.1322064471249258,0.8709032078106194,6,0.24,25,0,0,0.24,0.0,0.0,True,0.9774330252345408,,,,,,,,,,,,
9,17,communication,-0.3495976626303367,0.4640061232573743,-0.0767846323006499,0.8656929554443051,21,0.84,25,0,0,0.84,0.0,0.0,True,0.9956249507413444,,,,,,,,,,,,
9,18,communication,-0.2657067398577195,0.4925752385855869,-0.196395129859427,0.9707355179368188,12,0.48,25,0,0,0.48,0.0,0.0,True,0.99394622986689,,,,,,,,,,,,
9,19,communication,-0.6952649976320102,0.4401814289715566,-0.0696990791956235,0.786293009470727,20,0.8,25,0,0,0.8,0.0,0.0,True,0.9998606383915633,,,,,,,,,,,,
0,0,communication,0.1532016520945791,0.5398064297808499,-0.4083948214202931,1.1729986351695163,0,0.0,25,0,0,0.0,0.0,0.0,False,0.9175271515984311,25.0,logistic,False,False,False,post,post,none,none,live,,
0,1,communication,-1.043244575611992,0.5420373367143141,-0.4379733350089603,1.1835841219575158,22,0.88,25,0,0,0.88,0.0,0.0,True,0.9999999647399315,25.0,logistic,False,False,False,post,post,none,none,live,,
0,2,communication,-0.061934803800213045,0.42684821863578404,-0.41765258211859024,0.744738536134006,3,0.12,25,0,0,0.12,0.0,0.0,True,0.9257531659424157,25.0,logistic,False,False,False,post,post,none,none,live,,
0,3,communication,-0.24236584482492424,0.4576407274536591,-0.431778605909983,0.8437962631394983,3,0.12,25,0,0,0.12,0.0,0.0,True,0.9870255607464923,25.0,logistic,False,False,False,post,post,none,none,live,,
0,4,communication,-1.5668892139052621,0.4689162332610144,-0.4772387061756427,0.8829421319734575,21,0.84,25,0,0,0.84,0.0,0.0,True,0.9999999999901361,25.0,logistic,False,False,False,post,post,none,none,live,,
0,5,communication,-0.04431159777662491,0.5231989412081035,-0.43896839371152185,1.0973107789101153,2,0.08,25,0,0,0.08,0.0,0.0,True,0.9744051298892825,25.0,logistic,False,False,False,post,post,none,none,live,,
0,6,communication,0.07719931980551914,0.5198542355162366,-0.4231647248560492,1.0827008670485019,1,0.04,25,0,0,0.04,0.0,0.0,False,0.9364083715921231,25.0,logistic,False,False,False,post,post,none,none,live,,
0,7,communication,0.8490138560747524,0.4941399664178478,-0.3843353548565636,0.9768314031821985,0,0.0,25,0,0,0.0,0.0,0.0,False,0.1155359168406308,25.0,logistic,False,False,False,post,post,none,none,live,,
0,8,communication,-1.580935540906251,0.480166244697784,-0.4386332988950041,0.9236919299683214,23,0.92,25,0,0,0.92,0.0,0.0,True,0.9999999999954671,25.0,logistic,False,False,False,post,post,none,none,live,,
0,9,communication,-1.1094052821170841,0.47533080725806515,-0.4251461424621158,0.9059628692395183,20,0.8,25,0,0,0.8,0.0,0.0,True,0.999999910817062,25.0,logistic,False,False,False,post,post,none,none,live,,
1,0,communication,0.8726088170997335,0.296261720484525,-0.11476403756005671,0.42098281294077344,0,0.0,25,0,0,0.0,0.0,0.0,False,0.007018018111319577,25.0,logistic,False,False,False,post,post,none,none,live,,
1,1,communication,1.2844918858900716,0.2888403776108456,-0.09831241870746837,0.40615407359669936,0,0.0,25,0,0,0.0,0.0,0.0,False,5.3178093553165856e-05,25.0,logistic,False,False,False,post,post,none,none,live,,
1,2,communication,-1.6485522262493,0.4403026217372799,-0.12533518124258275,0.7866798002591382,24,0.96,25,0,0,0.96,0.0,0.0,True,0.999999999995209,25.0,logistic,False,False,False,post,post,none,none,live,,
1,3,communication,-1.7303746080458469,0.23021488090803244,-0.18266967771466008,0.29906382339475734,24,0.96,25,0,0,0.96,0.0,0.0,True,0.9999999966276116,25.0,logistic,False,False,False,post,post,none,none,live,,
1,4,communication,-2.5027354676484963,0.1645193001582365,-0.16508859565028092,0.19691573987214278,21,0.84,25,0,0,0.84,0.0,0.0,True,0.9999999999999988,25.0,logistic,False,False,False,post,post,none,none,live,,
1,5,communication,0.020278921416303858,0.23342708334649315,-0.17906267344799864,0.3045073446705173,3,0.12,25,0,0,0.12,0.0,0.0,True,0.4931731653314316,25.0,logistic,False,False,False,post,post,none,none,live,,
1,6,communication,-0.2255242242653636,0.2928692305327601,-0.1583009648979941,0.41416558743923837,11,0.44,25,0,0,0.44,0.0,0.0,True,0.8815867646414854,25.0,logistic,False,False,False,post,post,none,none,live,,
1,7,communication,0.37089276256661136,0.2560586504557592,-0.13667012183556432,0.34419198585026606,1,0.04,25,0,0,0.04,0.0,0.0,False,0.14955943623197054,25.0,logistic,False,False,False,post,post,none,none,live,,
1,8,communication,-0.5983043083127559,0.45477111955153593,-0.0886442390895617,0.8340921324223978,18,0.72,25,0,0,0.72,0.0,0.0,True,0.9996589011019051,25.0,logistic,False,False,False,post,post,none,none,live,,
1,9,communication,-0.4276664812220016,0.3193187133743774,-0.15079079602252693,0.4691163392449834,15,0.6,25,0,0,0.6,0.0,0.0,True,0.978326239242131,25.0,logistic,False,False,False,post,post,none,none,live,,
2,0,communication,-0.7344073354551934,0.5955733231676141,-0.1640250762092692,1.4726360976787114,19,0.76,25,0,0,0.76,0.0,0.0,True,0.9999985314804575,25.0,logistic,False,False,False,post,post,none,none,live,,
2,1,communication,2.237110059410578,0.5334457448935719,-0.16919920270698893,1.1433734427561586,0,0.0,25,0,0,0.0,0.0,0.0,False,1.1034487422032658e-08,25.0,logistic,False,False,False,post,post,none,none,live,,
2,2,communication,-0.09164486608058953,0.5162903118605179,-0.1587475616911303,1.0673557394443602,5,0.2,25,0,0,0.2,0.0,0.0,True,0.9806468505791236,25.0,logistic,False,False,False,post,post,none,none,live,,
2,3,communication,-1.8359984514283134,0.5253761169819163,-0.1760742808482276,1.1069314793876457,23,0.92,25,0,0,0.92,0.0,0.0,True,0.999999999999999,25.0,logistic,False,False,False,post,post,none,none,live,,
2,4,communication,0.5820092223346768,0.5210304316323542,-0.12918528108573887,1.0878153144636182,0,0.0,25,0,0,0.0,0.0,0.0,False,0.44017611270493395,25.0,logistic,False,False,False,post,post,none,none,live,,
2,5,communication,2.392421379773727,0.5542931923991274,-0.17103961522028277,1.2436273867629442,0,0.0,25,0,0,0.0,0.0,0.0,False,1.0454811320386994e-09,25.0,logistic,False,False,False,post,post,none,none,live,,
2,6,communication,-0.436383718780471,0.4571308305578932,-0.22735869189701682,0.8420644536282569,12,0.48,25,0,0,0.48,0.0,0.0,True,0.9979522907949812,25.0,logistic,False,False,False,post,post,none,none,live,,
2,7,communication,1.1803744791091821,0.5391117154469609,-0.1695684896431523,1.169723192182638,0,0.0,25,0,0,0.0,0.0,0.0,False,0.020707732276447698,25.0,logistic,False,False,False,post,post,none,none,live,,
2,8,communication,2.0650229542943457,0.6058345263044845,-0.16974624491624798,1.5370055642480724,0,0.0,25,0,0,0.0,0.0,0.0,False,2.158741736320509e-06,25.0,logistic,False,False,False,post,post,none,none,live,,
2,9,communication,0.09802757814400923,0.4942394693234687,-0.034208383860101055,0.9772203233462059,5,0.2,25,0,0,0.2,0.0,0.0,True,0.9042689922287961,25.0,logistic,False,False,False,post,post,none,none,live,,
3,0,communication,-0.6550229946454886,1.0,0.1270801071510217,-0.11467514654513589,21,0.84,25,0,0,0.84,0.0,0.0,True,0.0,25.0,logistic,False,False,False,post,post,none,none,live,,
3,1,communication,1.1180882000389407,0.18376017809421727,0.0882454090735687,0.2251301310749188,1,0.04,25,0,0,0.04,0.0,0.0,False,2.965308663650366e-05,25.0,logistic,False,False,False,post,post,none,none,live,,
3,2,communication,2.058479932056081,0.09151917171506628,0.16680098843309416,0.10073869350423148,0,0.0,25,0,0,0.0,0.0,0.0,False,1.5354137796414072e-15,25.0,logistic,False,False,False,post,post,none,none,live,,
3,3,communication,1.3193118884311656,0.17994950466810927,0.09587720498895594,0.21943710258388435,0,0.0,25,0,0,0.0,0.0,0.0,False,1.217894252409423e-06,25.0,logistic,False,False,False,post,post,none,none,live,,
3,4,communication,-1.4178268857261147,0.23247856543763645,0.21034708967161028,0.30289520913535717,19,0.76,25,0,0,0.76,0.0,0.0,True,0.9999990802847294,25.0,logistic,False,False,False,post,post,none,none,live,,
3,5,communication,1.2962014534352297,0.3031552060003161,0.15754291119099698,0.4350397801787317,0,0.0,25,0,0,0.0,0.0,0.0,False,6.525310384911527e-05,25.0,logistic,False,False,False,post,post,none,none,live,,
3,6,communication,-0.11515886444868574,0.21941331687717686,0.09419673967929292,0.281087701880065,17,0.68,25,0,0,0.68,0.0,0.0,True,0.6334724723524203,25.0,logistic,False,False,False,post,post,none,none,live,,
3,7,communication,0.1305127818893995,0.1335302521003622,0.18882570389830278,0.1541083833844697,15,0.6,25,0,0,0.6,0.0,0.0,True,0.13570983013856275,25.0,logistic,False,False,False,post,post,none,none,live,,
3,8,communication,-1.5307924017304604,0.16880108979620428,0.17921011357864602,0.20308146187874232,22,0.88,25,0,0,0.88,0.0,0.0,True,0.9999987393388541,25.0,logistic,False,False,False,post,post,none,none,live,,
3,9,communication,0.32094613230132474,0.25407605222317536,0.16483776104774897,0.34061924540756694,2,0.08,25,0,0,0.08,0.0,0.0,False,0.1881813335533163,25.0,logistic,False,False,False,post,post,none,none,live,,
4,0,communication,-0.7525586414213075,0.5003357982394628,-0.07033635503599758,1.0013440956477557,19,0.76,25,0,0,0.76,0.0,0.0,True,0.9999852412041792,25.0,logistic,False,False,False,post,post,none,none,live,,
4,1,communication,0.3160269228436489,0.4230945210934492,-0.05699518648762701,0.7333862072091424,1,0.04,25,0,0,0.04,0.0,0.0,False,0.5647048795657356,25.0,logistic,False,False,False,post,post,none,none,live,,
4,2,communication,1.4766202578886645,0.47178776429639574,0.00011736219008393056,0.8931784089930284,0,0.0,25,0,0,0.0,0.0,0.0,False,0.0003128545365359311,25.0,logistic,False,False,False,post,post,none,none,live,,
4,3,communication,-0.023680916264651,0.41605959711987356,-0.0349750905033407,0.7125035278733469,8,0.32,25,0,0,0.32,0.0,0.0,True,0.8950457897921974,25.0,logistic,False,False,False,post,post,none,none,live,,
4,4,communication,-0.5076051692748966,0.5231574525404612,-0.031949958471314766,1.0971282980675132,20,0.8,25,0,0,0.8,0.0,0.0,True,0.9997620395338718,25.0,logistic,False,False,False,post,post,none,none,live,,
4,5,communication,-0.05704298785573664,0.491672438335301,-0.02646259172340223,0.9672354509465219,11,0.44,25,0,0,0.44,0.0,0.0,True,0.9647104283350035,25.0,logistic,False,False,False,post,post,none,none,live,,
4,6,communication,0.05827382762986472,0.5390619372084192,0.007251871889899973,1.1694888765394993,6,0.24,25,0,0,0.24,0.0,0.0,True,0.9555001226634755,25.0,logistic,False,False,False,post,post,none,none,live,,
4,7,communication,-0.13571266794647638,0.4264309401298428,-0.1328238451031228,0.7434692175104021,15,0.6,25,0,0,0.6,0.0,0.0,True,0.9543273839624723,25.0,logistic,False,False,False,post,post,none,none,live,,
4,8,communication,1.2310677316595833,0.4457112707300193,-0.06610480060474201,0.8041138980347625,0,0.0,25,0,0,0.0,0.0,0.0,False,0.0029403586742009955,25.0,logistic,False,False,False,post,post,none,none,live,,
4,9,communication,-0.24955333233554497,0.478945626188878,-0.0071072221503404,0.9191855020537489,19,0.76,25,0,0,0.76,0.0,0.0,True,0.9912381125306082,25.0,logistic,False,False,False,post,post,none,none,live,,
5,0,communication,-2.124514564857733,1.0,-0.24656267774439006,-0.041124729621380446,24,0.96,25,0,0,0.96,0.0,0.0,True,0.0,25.0,logistic,False,False,False,post,post,none,none,live,,
5,1,communication,-0.1650441675931646,1.0,-0.261923112657649,-0.06949587431621297,6,0.24,25,0,0,0.24,0.0,0.0,True,0.0,25.0,logistic,False,False,False,post,post,none,none,live,,
5,2,communication,-1.0766197274172584,1.0,-0.32167925705134615,-0.037420915107413036,22,0.88,25,0,0,0.88,0.0,0.0,True,0.0,25.0,logistic,False,False,False,post,post,none,none,live,,
5,3,communication,-1.163757216420276,1.0,-0.2932922640746863,-0.24106950919238868,24,0.96,25,0,0,0.96,0.0,0.0,True,0.0,25.0,logistic,False,False,False,post,post,none,none,live,,
5,4,communication,-0.637575450368701,1.0,-0.3678280557135086,-0.06254550326228453,18,0.72,25,0,0,0.72,0.0,0.0,True,0.0,25.0,logistic,False,False,False,post,post,none,none,live,,
5,5,communication,2.306854580843803,1.0,-0.2733780412850294,-0.008144713059708805,0,0.0,25,0,0,0.0,0.0,0.0,False,0.0,25.0,logistic,False,False,False,post,post,none,none,live,,
5,6,communication,-0.9682777736838167,1.0,-0.3132040158318862,-0.34727738123645246,17,0.68,25,0,0,0.68,0.0,0.0,True,0.0,25.0,logistic,False,False,False,post,post,none,none,live,,
5,7,communication,-2.7542747355639285,1.0,-0.311760425098216,-0.17958850353576927,24,0.96,25,0,0,0.96,0.0,0.0,True,0.0,25.0,logistic,False,False,False,post,post,none,none,live,,
5,8,communication,-0.6991774823282867,1.0,-0.3055923914734235,-0.21915278323581297,22,0.88,25,0,0,0.88,0.0,0.0,True,0.0,25.0,logistic,False,False,False,post,post,none,none,live,,
5,9,communication,-1.7603604320595807,0.061550440075204785,-0.23747915224934296,0.0655873716645328,22,0.88,25,0,0,0.88,0.0,0.0,True,0.9999970668061745,25.0,logistic,False,False,False,post,post,none,none,live,,
6,0,communication,0.21843422122570733,0.5089619072041474,-0.48140683416877816,1.0365018817710063,0,0.0,25,0,0,0.0,0.0,0.0,False,0.8391307622030577,25.0,logistic,False,False,False,post,post,none,none,live,,
6,1,communication,-0.5630604836070686,0.5931057708432699,-0.46192045803765014,1.4576411468711532,11,0.44,25,0,0,0.44,0.0,0.0,True,0.9999783781826904,25.0,logistic,False,False,False,post,post,none,none,live,,
6,2,communication,-1.2929051445531092,0.5774682978579544,-0.38236212929883046,1.3666863218320657,24,0.96,25,0,0,0.96,0.0,0.0,True,0.9999999999361977,25.0,logistic,False,False,False,post,post,none,none,live,,
6,3,communication,-0.9346689826935056,0.5621137711481845,-0.40456570435224637,1.2836982168224538,23,0.92,25,0,0,0.92,0.0,0.0,True,0.9999998666710109,25.0,logistic,False,False,False,post,post,none,none,live,,
6,4,communication,-0.8315113027061896,0.5751045211223792,-0.3358086512952497,1.3535199824708464,19,0.76,25,0,0,0.76,0.0,0.0,True,0.9999994644493029,25.0,logistic,False,False,False,post,post,none,none,live,,
6,5,communication,0.6343255290248588,0.5321514608440345,-0.3913487235343436,1.1374438868700465,0,0.0,25,0,0,0.0,0.0,0.0,False,0.39747005970006527,25.0,logistic,False,False,False,post,post,none,none,live,,
6,6,communication,0.44251452639843336,0.578400251459218,-0.4309605438879104,1.3719179232462675,0,0.0,25,0,0,0.0,0.0,0.0,False,0.7423976850220962,25.0,logistic,False,False,False,post,post,none,none,live,,
6,7,communication,-2.492791242650016,0.5787942837601188,-0.3133400802498976,1.3741368206657698,21,0.84,25,0,0,0.84,0.0,0.0,True,1.0,25.0,logistic,False,False,False,post,post,none,none,live,,
6,8,communication,-0.3811143439229574,0.6398314451972008,-0.4653464593074728,1.77647780925107,5,0.2,25,0,0,0.2,0.0,0.0,True,0.9999154367122052,25.0,logistic,False,False,False,post,post,none,none,live,,
6,9,communication,-1.3784817223466173,0.6120244062382089,-0.38827703211651937,1.5774817181257514,23,0.92,25,0,0,0.92,0.0,0.0,True,0.9999999999977357,25.0,logistic,False,False,False,post,post,none,none,live,,
7,0,communication,1.2521369960402713,0.10155096557523308,0.32997672865652355,0.11302918884013405,0,0.0,25,0,0,0.0,0.0,0.0,False,1.6274992203340159e-07,25.0,logistic,False,False,False,post,post,none,none,live,,
7,1,communication,-1.9272197544804734,0.1539670617217292,0.3433180852371816,0.18198707728219385,24,0.96,25,0,0,0.96,0.0,0.0,True,0.9999999983678538,25.0,logistic,False,False,False,post,post,none,none,live,,
7,2,communication,-0.3293840569106204,0.10287680475954293,0.3453874522340135,0.11467411087500501,24,0.96,25,0,0,0.96,0.0,0.0,True,0.569672753319246,25.0,logistic,False,False,False,post,post,none,none,live,,
7,3,communication,0.3153397754646566,1.0,0.2711050741021749,-0.34332535725345675,8,0.32,25,0,0,0.32,0.0,0.0,True,0.0,25.0,logistic,False,False,False,post,post,none,none,live,,
7,4,communication,0.8914511448601248,1.0,0.36766797084157526,-0.030549217980012856,1,0.04,25,0,0,0.04,0.0,0.0,False,0.0,25.0,logistic,False,False,False,post,post,none,none,live,,
7,5,communication,0.08800756434667989,1.0,0.33822813381208033,-0.05830010751025107,17,0.68,25,0,0,0.68,0.0,0.0,True,0.0,25.0,logistic,False,False,False,post,post,none,none,live,,
7,6,communication,0.2592606980034773,0.1426239618306588,0.36462505947494006,0.16634936770006747,7,0.28,25,0,0,0.28,0.0,0.0,True,0.07250387964419562,25.0,logistic,False,False,False,post,post,none,none,live,,
7,7,communication,-0.20001696842271416,0.07028355635242561,0.3226107619950221,0.075596765909271,22,0.88,25,0,0,0.88,0.0,0.0,True,0.28343045656672217,25.0,logistic,False,False,False,post,post,none,none,live,,
7,8,communication,-0.09246438536083457,0.03962076609563186,0.3486826524078831,0.041255334035655726,19,0.76,25,0,0,0.76,0.0,0.0,True,0.09428518661219543,25.0,logistic,False,False,False,post,post,none,none,live,,
7,9,communication,0.11497593939729625,1.0,0.27318162076309765,-0.1617152494581505,10,0.4,25,0,0,0.4,0.0,0.0,True,0.0,25.0,logistic,False,False,False,post,post,none,none,live,,
8,0,communication,-0.600617013132862,0.5109330464481021,0.029547839924321206,1.044709814755218,17,0.68,25,0,0,0.68,0.0,0.0,True,0.9999052340245811,25.0,logistic,False,False,False,post,post,none,none,live,,
8,1,communication,-0.13904011551896417,0.48303671989853275,0.03825653592041951,0.934373365558429,12,0.48,25,0,0,0.48,0.0,0.0,True,0.9788753425389197,25.0,logistic,False,False,False,post,post,none,none,live,,
8,2,communication,-1.0182464482189075,0.44717810573547223,0.015090833210394805,0.8089008600688588,24,0.96,25,0,0,0.96,0.0,0.0,True,0.9999989927009432,25.0,logistic,False,False,False,post,post,none,none,live,,
8,3,communication,0.9965389579064068,0.41289198298820723,-0.0031627454130569582,0.7032640860360008,0,0.0,25,0,0,0.0,0.0,0.0,False,0.015170811711826234,25.0,logistic,False,False,False,post,post,none,none,live,,
8,4,communication,1.060516865044483,0.507494683930417,0.03253790002367686,1.0304349361758287,0,0.0,25,0,0,0.0,0.0,0.0,False,0.03402921331034687,25.0,logistic,False,False,False,post,post,none,none,live,,
8,5,communication,-0.7495908603856107,0.5285691901999776,0.09472333983658747,1.1212020496161317,23,0.92,25,0,0,0.92,0.0,0.0,True,0.9999926189029659,25.0,logistic,False,False,False,post,post,none,none,live,,
8,6,communication,0.8435778008924711,0.40776988845231615,-0.04213930822048692,0.6885328531956691,0,0.0,25,0,0,0.0,0.0,0.0,False,0.045899973665559334,25.0,logistic,False,False,False,post,post,none,none,live,,
8,7,communication,0.1428018787051928,0.4765452495600938,0.038272234058008975,0.9103848024296464,7,0.28,25,0,0,0.28,0.0,0.0,True,0.8539787839627586,25.0,logistic,False,False,False,post,post,none,none,live,,
8,8,communication,0.3238995532459387,0.4934055987181868,-0.015940288158923534,0.9739657553848694,2,0.08,25,0,0,0.08,0.0,0.0,False,0.708322145338034,25.0,logistic,False,False,False,post,post,none,none,live,,
8,9,communication,-1.5045138919328924,0.4684575847886488,0.08526814737291136,0.881317410205884,24,0.96,25,0,0,0.96,0.0,0.0,True,0.9999999999591465,25.0,logistic,False,False,False,post,post,none,none,live,,
9,0,communication,-0.7585246737210837,0.2202851471437914,0.09694950829689523,0.28252013712045493,22,0.88,25,0,0,0.88,0.0,0.0,True,0.9936391941149434,25.0,logistic,False,False,False,post,post,none,none,live,,
9,1,communication,0.8997053490430529,0.3507679298879984,0.05688817271945662,0.5402812738863716,0,0.0,25,0,0,0.0,0.0,0.0,False,0.013447463349960494,25.0,logistic,False,False,False,post,post,none,none,live,,
9,2,communication,-0.25832553369093747,0.41789157220204404,0.003202868248317531,0.7178930114152032,17,0.68,25,0,0,0.68,0.0,0.0,True,0.9796595023134235,25.0,logistic,False,False,False,post,post,none,none,live,,
9,3,communication,0.8207331828162459,0.2899074579415175,0.04719312999703371,0.40826714937901853,0,0.0,25,0,0,0.0,0.0,0.0,False,0.010087584072125585,25.0,logistic,False,False,False,post,post,none,none,live,,
9,4,communication,0.46046546906257796,0.3020581067442596,0.07684365929292229,0.43278403211365796,1,0.04,25,0,0,0.04,0.0,0.0,False,0.14766169407622476,25.0,logistic,False,False,False,post,post,none,none,live,,
9,5,communication,-0.5317903211734257,0.28416080063374954,0.047792841898394674,0.39696177700987023,21,0.84,25,0,0,0.84,0.0,0.0,True,0.9841951608619414,25.0,logistic,False,False,False,post,post,none,none,live,,
9,6,communication,1.194442582727408,0.43280525836506245,0.07875947304346904,0.7630628893305715,0,0.0,25,0,0,0.0,0.0,0.0,False,0.003384218507972648,25.0,logistic,False,False,False,post,post,none,none,live,,
9,7,communication,-0.27684344691572926,0.36098994878142104,0.04906712603839334,0.5649206113315756,21,0.84,25,0,0,0.84,0.0,0.0,True,0.9616611915135269,25.0,logistic,False,False,False,post,post,none,none,live,,
9,8,communication,-0.1527074550288622,0.33934521715694016,0.12739657821384628,0.5136498303949348,21,0.84,25,0,0,0.84,0.0,0.0,True,0.8898865056146117,25.0,logistic,False,False,False,post,post,none,none,live,,
9,9,communication,0.22502242112813542,0.2602836571296979,0.16285355251097824,0.3518695505897923,8,0.32,25,0,0,0.32,0.0,0.0,True,0.29981464111802547,25.0,logistic,False,False,False,post,post,none,none,live,,
10,0,communication,2.029276842456121,0.37720235853694667,0.15897756288882553,0.6056579752788349,0,0.0,25,0,0,0.0,0.0,0.0,False,2.9467562250742704e-09,25.0,logistic,False,False,False,post,post,none,none,live,,
10,1,communication,0.07317163154738071,0.24166144055607408,0.13399715527870085,0.31867223095351954,7,0.28,25,0,0,0.28,0.0,0.0,True,0.4445925307736992,25.0,logistic,False,False,False,post,post,none,none,live,,
10,2,communication,0.02235775485923923,0.25347038348539963,0.13032779913726578,0.33953158438482706,13,0.52,25,0,0,0.52,0.0,0.0,True,0.542512965647893,25.0,logistic,False,False,False,post,post,none,none,live,,
10,3,communication,3.1804734264593497,0.41086598415460135,0.13674361863315834,0.6974066563870271,0,0.0,25,0,0,0.0,0.0,0.0,False,1.5793404947982346e-21,25.0,logistic,False,False,False,post,post,none,none,live,,
10,4,communication,-0.40382717439245835,0.3462162854741323,0.18049255878921783,0.5295578304901841,23,0.92,25,0,0,0.92,0.0,0.0,True,0.9823364423563808,25.0,logistic,False,False,False,post,post,none,none,live,,
10,5,communication,0.8364233804283857,0.32295981343674857,0.1786366960587367,0.47701719904712997,0,0.0,25,0,0,0.0,0.0,0.0,False,0.014966218264181956,25.0,logistic,False,False,False,post,post,none,none,live,,
10,6,communication,0.4123437930935251,0.363171740105916,0.19807094592846589,0.5702820728563743,6,0.24,25,0,0,0.24,0.0,0.0,False,0.3036607892232648,25.0,logistic,False,False,False,post,post,none,none,live,,
10,7,communication,-0.2132423364702608,0.2283126158151997,0.11231180344298496,0.2958615373197865,21,0.84,25,0,0,0.84,0.0,0.0,True,0.7665200820985159,25.0,logistic,False,False,False,post,post,none,none,live,,
10,8,communication,0.4283061355228559,0.33208154155812986,0.10071935244096909,0.4971887471605658,4,0.16,25,0,0,0.16,0.0,0.0,False,0.22514810783954387,25.0,logistic,False,False,False,post,post,none,none,live,,
10,9,communication,1.3770822968911256,0.40197839713460426,0.19424490197854388,0.672180394836142,0,0.0,25,0,0,0.0,0.0,0.0,False,0.00023387497262061902,25.0,logistic,False,False,False,post,post,none,none,live,,
11,0,communication,-0.43176100453111876,0.5553513916385787,-0.07997740106320751,1.2489668947466388,18,0.72,25,0,0,0.72,0.0,0.0,True,0.9996977287469528,25.0,logistic,False,False,False,post,post,none,none,live,,
11,1,communication,-0.42097158447845284,0.5387755890976211,0.03917294673611585,1.1681419637861632,21,0.84,25,0,0,0.84,0.0,0.0,True,0.9995105237368278,25.0,logistic,False,False,False,post,post,none,none,live,,
11,2,communication,-1.1415123006713794,0.5288694037278997,0.07811320310439951,1.1225537205875982,23,0.92,25,0,0,0.92,0.0,0.0,True,0.9999999915156027,25.0,logistic,False,False,False,post,post,none,none,live,,
11,3,communication,-0.08844606286596435,0.49660666385999697,0.008900799656842076,0.986518152321908,10,0.4,25,0,0,0.4,0.0,0.0,True,0.9739114577885489,25.0,logistic,False,False,False,post,post,none,none,live,,
11,4,communication,-0.40298230154896786,0.558591854379705,0.06468709051386534,1.265476996566831,22,0.88,25,0,0,0.88,0.0,0.0,True,0.9995997866805314,25.0,logistic,False,False,False,post,post,none,none,live,,
11,5,communication,-0.3107839600487069,0.5466450025078691,-0.08194233228055586,1.2057769419810078,17,0.68,25,0,0,0.68,0.0,0.0,True,0.998536422032212,25.0,logistic,False,False,False,post,post,none,none,live,,
11,6,communication,-0.4685405057797665,0.5079992049963513,-0.003255384211505753,1.0325170409380822,16,0.64,25,0,0,0.64,0.0,0.0,True,0.9994720355259328,25.0,logistic,False,False,False,post,post,none,none,live,,
11,7,communication,1.1416297596316056,0.5354919203308501,0.050901120728391036,1.1528150828124655,0,0.0,25,0,0,0.0,0.0,0.0,False,0.026718240317192745,25.0,logistic,False,False,False,post,post,none,none,live,,
11,8,communication,-1.1500123445886083,0.5579517779866776,-0.0685335199058958,1.262196634216667,22,0.88,25,0,0,0.88,0.0,0.0,True,0.9999999973741204,25.0,logistic,False,False,False,post,post,none,none,live,,
11,9,communication,1.2769171961818189,0.5260164584399205,-0.06211153662095539,1.1097778980016455,0,0.0,25,0,0,0.0,0.0,0.0,False,0.0073896472424260905,25.0,logistic,False,False,False,post,post,none,none,live,,
12,0,communication,-1.4797993277427013,0.4593902387956277,-0.2418289680872202,0.8497631226121342,20,0.8,25,0,0,0.8,0.0,0.0,True,0.9999999999004252,25.0,logistic,False,False,False,post,post,none,none,live,,
12,1,communication,-0.9386770672446807,0.4155706408529968,-0.32517145888360083,0.7110707810085685,21,0.84,25,0,0,0.84,0.0,0.0,True,0.999991495513911,25.0,logistic,False,False,False,post,post,none,none,live,,
12,2,communication,0.8833578409623593,0.43026800379041413,-0.14219818303938064,0.7552112337958504,0,0.0,25,0,0,0.0,0.0,0.0,False,0.04589873305481442,25.0,logistic,False,False,False,post,post,none,none,live,,
12,3,communication,-1.5940272188525575,0.442473387182186,-0.20597016798467915,0.7936363520763005,23,0.92,25,0,0,0.92,0.0,0.0,True,0.9999999999846979,25.0,logistic,False,False,False,post,post,none,none,live,,
12,4,communication,-0.5507411352261913,0.402591725141671,-0.20039035975036054,0.673897135484343,21,0.84,25,0,0,0.84,0.0,0.0,True,0.9983113527820724,25.0,logistic,False,False,False,post,post,none,none,live,,
12,5,communication,-1.8202228950145043,0.4482258732622974,-0.19751986808364788,0.8123357938371962,24,0.96,25,0,0,0.96,0.0,0.0,True,0.9999999999999463,25.0,logistic,False,False,False,post,post,none,none,live,,
12,6,communication,-1.7815416624511176,0.417905149848394,-0.2027129771750522,0.7179330821077545,21,0.84,25,0,0,0.84,0.0,0.0,True,0.9999999999994766,25.0,logistic,False,False,False,post,post,none,none,live,,
12,7,communication,-1.5968302729355712,0.42260144394170734,-0.14366796220602135,0.7319059590773253,23,0.92,25,0,0,0.92,0.0,0.0,True,0.9999999999684485,25.0,logistic,False,False,False,post,post,none,none,live,,
12,8,communication,0.8087301253251242,0.3962629640345313,-0.23074478779206903,0.656350265808765,0,0.0,25,0,0,0.0,0.0,0.0,False,0.050718928707943284,25.0,logistic,False,False,False,post,post,none,none,live,,
12,9,communication,0.17390689651187557,0.438614784227649,-0.18608409253869573,0.7813080428635887,0,0.0,25,0,0,0.0,0.0,0.0,False,0.7666556975341294,25.0,logistic,False,False,False,post,post,none,none,live,,
13,0,communication,-0.9498083767226118,0.42784066492556216,0.07855638533099718,0.7477648946685458,20,0.8,25,0,0,0.8,0.0,0.0,True,0.9999948383651575,25.0,logistic,False,False,False,post,post,none,none,live,,
13,1,communication,-0.7341119214513163,0.37451734196798575,0.08767343030218358,0.5987653489008751,24,0.96,25,0,0,0.96,0.0,0.0,True,0.9996316161835628,25.0,logistic,False,False,False,post,post,none,none,live,,
13,2,communication,-1.6724068970156443,0.42083914754530083,0.10637862634057146,0.726636038609357,24,0.96,25,0,0,0.96,0.0,0.0,True,0.9999999999938964,25.0,logistic,False,False,False,post,post,none,none,live,,
13,3,communication,1.0904543049617672,0.40220675127998934,0.03202327809645014,0.6728191597031092,0,0.0,25,0,0,0.0,0.0,0.0,False,0.0055141974784382,25.0,logistic,False,False,False,post,post,none,none,live,,
13,4,communication,0.977886764196432,0.4436195978263167,0.13593332915876183,0.797331459003895,0,0.0,25,0,0,0.0,0.0,0.0,False,0.027259558258830714,25.0,logistic,False,False,False,post,post,none,none,live,,
13,5,communication,-0.5302378991146304,0.3781700199609924,0.04776219096073096,0.6081566217461397,21,0.84,25,0,0,0.84,0.0,0.0,True,0.9967134857402775,25.0,logistic,False,False,False,post,post,none,none,live,,
13,6,communication,0.09659651830237649,0.39783119905745584,0.06436080828606226,0.6606639175506119,10,0.4,25,0,0,0.4,0.0,0.0,True,0.7719097191767914,25.0,logistic,False,False,False,post,post,none,none,live,,
13,7,communication,-0.641704972897593,0.44572742845524976,-0.07142045421142557,0.8041664901674881,20,0.8,25,0,0,0.8,0.0,0.0,True,0.9997569589648627,25.0,logistic,False,False,False,post,post,none,none,live,,
13,8,communication,0.6352133539468625,0.4222005881842157,0.009401863624302918,0.7307044270907339,0,0.0,25,0,0,0.0,0.0,0.0,False,0.18238601105771934,25.0,logistic,False,False,False,post,post,none,none,live,,
13,9,communication,-0.3583890759300838,0.4150958478129313,-0.039848349245269254,0.7096818278017148,18,0.72,25,0,0,0.72,0.0,0.0,True,0.9909563805236224,25.0,logistic,False,False,False,post,post,none,none,live,,
14,0,communication,-1.865086855226875,0.3553186024742233,-0.07910588926466998,0.5511538006803064,24,0.96,25,0,0,0.96,0.0,0.0,True,0.9999999999989699,25.0,logistic,False,False,False,post,post,none,none,live,,
14,1,communication,-1.2622210356115489,0.19282681567447807,-0.08728712093527918,0.23889150360663325,22,0.88,25,0,0,0.88,0.0,0.0,True,0.9999659220288537,25.0,logistic,False,False,False,post,post,none,none,live,,
14,2,communication,-0.23810512796763791,0.1914117027328293,-0.045570642814626146,0.2367233156598404,18,0.72,25,0,0,0.72,0.0,0.0,True,0.7119248989899869,25.0,logistic,False,False,False,post,post,none,none,live,,
14,3,communication,-0.4787520319534504,0.24166886506177543,-0.1874292965857131,0.31868514152654737,13,0.52,25,0,0,0.52,0.0,0.0,True,0.9554776527997411,25.0,logistic,False,False,False,post,post,none,none,live,,
14,4,communication,-0.9732177758676431,0.35856883298293346,-0.07527402442653505,0.5590137358782147,21,0.84,25,0,0,0.84,0.0,0.0,True,0.999977189932299,25.0,logistic,False,False,False,post,post,none,none,live,,
14,5,communication,-2.3145241036472517,0.3188431726179623,-0.0709569213801654,0.4680906948307428,25,1.0,25,0,0,1.0,0.0,0.0,True,1.0,25.0,logistic,False,False,False,post,post,none,none,live,,
14,6,communication,1.221594740006341,0.3506123720778383,-0.17878079867118732,0.5399123066136765,0,0.0,25,0,0,0.0,0.0,0.0,False,0.0005064079636647609,25.0,logistic,False,False,False,post,post,none,none,live,,
14,7,communication,-1.3724665973378114,0.3495448197069411,-0.12483440236711535,0.5373849425712248,24,0.96,25,0,0,0.96,0.0,0.0,True,0.9999999568627175,25.0,logistic,False,False,False,post,post,none,none,live,,
14,8,communication,-0.9757545133579634,0.31647389989525054,-0.13366192813229505,0.46300192464742945,21,0.84,25,0,0,0.84,0.0,0.0,True,0.9999358882925936,25.0,logistic,False,False,False,post,post,none,none,live,,
14,9,communication,-0.6723992408426853,0.4371845552272825,-0.07596979217398872,0.7767813752940474,17,0.68,25,0,0,0.68,0.0,0.0,True,0.9998003162199999,25.0,logistic,False,False,False,post,post,none,none,live,,
15,0,communication,-1.2955406485154686,0.5024604885589209,0.043766740754314276,1.0098906257788223,22,0.88,25,0,0,0.88,0.0,0.0,True,0.9999999990103985,25.0,logistic,False,False,False,post,post,none,none,live,,
15,1,communication,0.2836093876166897,0.5155778368346996,0.01957626394497554,1.0643151284941683,1,0.04,25,0,0,0.04,0.0,0.0,False,0.7916862114058671,25.0,logistic,False,False,False,post,post,none,none,live,,
15,2,communication,0.9822306229725244,0.5239625796423634,0.16996471498096538,1.100675193241577,0,0.0,25,0,0,0.0,0.0,0.0,False,0.07112565794282448,25.0,logistic,False,False,False,post,post,none,none,live,,
15,3,communication,0.7314913260852227,0.4748847013894352,0.13084366696356628,0.9043436796565673,0,0.0,25,0,0,0.0,0.0,0.0,False,0.17921736451733594,25.0,logistic,False,False,False,post,post,none,none,live,,
15,4,communication,1.1910036583791968,0.533974860045537,0.14042448211121356,1.1458069839273344,1,0.04,25,0,0,0.04,0.0,0.0,False,0.017653034966727595,25.0,logistic,False,False,False,post,post,none,none,live,,
15,5,communication,-0.2984339010435391,0.5028107563224328,0.16919587097507405,1.0113065854025418,16,0.64,25,0,0,0.64,0.0,0.0,True,0.996295303162441,25.0,logistic,False,False,False,post,post,none,none,live,,
15,6,communication,-0.08644010777770875,0.5400518968064123,0.07422798344259193,1.1741583301608045,13,0.52,25,0,0,0.52,0.0,0.0,True,0.9856968966403779,25.0,logistic,False,False,False,post,post,none,none,live,,
15,7,communication,-2.0505900516641447,0.43105823501488977,0.08539965618445218,0.7576491330816097,21,0.84,25,0,0,0.84,0.0,0.0,True,0.9999999999999997,25.0,logistic,False,False,False,post,post,none,none,live,,
15,8,communication,-0.5119741176441008,0.4670226914309083,0.1101054404251858,0.8762524856541177,18,0.72,25,0,0,0.72,0.0,0.0,True,0.9992650629512304,25.0,logistic,False,False,False,post,post,none,none,live,,
15,9,communication,-1.319405969761026,0.5529531967356912,0.09220607320702733,1.2369022498272226,22,0.88,25,0,0,0.88,0.0,0.0,True,0.9999999999081137,25.0,logistic,False,False,False,post,post,none,none,live,,
16,0,communication,-0.7848928360874579,1.0,-0.06449866955579235,-0.16729329119449726,19,0.76,25,0,0,0.76,0.0,0.0,True,0.0,25.0,logistic,False,False,False,post,post,none,none,live,,
16,1,communication,0.9787711188714812,1.0,-0.042002978683939374,-0.2666620630086899,0,0.0,25,0,0,0.0,0.0,0.0,False,0.0,25.0,logistic,False,False,False,post,post,none,none,live,,
16,2,communication,-0.08703656127581305,1.0,-0.07979661132722285,-0.43310665873295184,6,0.24,25,0,0,0.24,0.0,0.0,True,0.0,25.0,logistic,False,False,False,post,post,none,none,live,,
16,3,communication,-2.96932191087849,1.0,-0.07868619159308257,-0.08728358285715182,23,0.92,25,0,0,0.92,0.0,0.0,True,0.0,25.0,logistic,False,False,False,post,post,none,none,live,,
16,4,communication,0.34367818397422795,1.0,0.010921004260923017,-0.033897315957721386,1,0.04,25,0,0,0.04,0.0,0.0,False,0.0,25.0,logistic,False,False,False,post,post,none,none,live,,
16,5,communication,0.21640400533865606,1.0,-0.030360644840610657,-0.3165122809707837,2,0.08,25,0,0,0.08,0.0,0.0,False,0.0,25.0,logistic,False,False,False,post,post,none,none,live,,
16,6,communication,0.197397888693766,1.0,0.00359647533907409,-0.4782498002297525,2,0.08,25,0,0,0.08,0.0,0.0,False,0.0,25.0,logistic,False,False,False,post,post,none,none,live,,
16,7,communication,-0.702173356226206,1.0,-0.17128544488879666,-0.33992368125369893,23,0.92,25,0,0,0.92,0.0,0.0,True,0.0,25.0,logistic,False,False,False,post,post,none,none,live,,
16,8,communication,-1.2325433074653342,1.0,-0.062190191883734314,-0.3096748409330423,20,0.8,25,0,0,0.8,0.0,0.0,True,0.0,25.0,logistic,False,False,False,post,post,none,none,live,,
16,9,communication,-1.1545404500258285,1.0,-0.004079760459605647,-0.05022262569815117,23,0.92,25,0,0,0.92,0.0,0.0,True,0.0,25.0,logistic,False,False,False,post,post,none,none,live,,
17,0,communication,-0.6419780464434758,0.4435449959509595,-0.25670702451224003,0.7970904973870443,14,0.56,25,0,0,0.56,0.0,0.0,True,0.9997459247342797,25.0,logistic,False,False,False,post,post,none,none,live,,
17,1,communication,-0.20225518191881592,0.31985755210059935,-0.16457937315759566,0.4702802377479449,9,0.36,25,0,0,0.36,0.0,0.0,True,0.8983629274460436,25.0,logistic,False,False,False,post,post,none,none,live,,
17,2,communication,1.3385643672513778,0.1368355367515643,-0.1840726061089395,0.1585277691305745,0,0.0,25,0,0,0.0,0.0,0.0,False,1.6945896657525204e-07,25.0,logistic,False,False,False,post,post,none,none,live,,
17,3,communication,0.8440873116657628,0.19598396828690995,-0.2645252036891004,0.24375629409942667,0,0.0,25,0,0,0.0,0.0,0.0,False,0.0012789844925954318,25.0,logistic,False,False,False,post,post,none,none,live,,
17,4,communication,-1.6740633452833205,0.12982854376780822,-0.12921177636235912,0.14919880770389862,22,0.88,25,0,0,0.88,0.0,0.0,True,0.9999994848754737,25.0,logistic,False,False,False,post,post,none,none,live,,
17,5,communication,-0.5597065254303982,0.2994602011573931,-0.11047095374485741,0.4274706471383135,22,0.88,25,0,0,0.88,0.0,0.0,True,0.9903047008931739,25.0,logistic,False,False,False,post,post,none,none,live,,
17,6,communication,0.28516999525023135,0.17110263926878985,-0.162373865397656,0.20642198585100088,0,0.0,25,0,0,0.0,0.0,0.0,False,0.09175230630121811,25.0,logistic,False,False,False,post,post,none,none,live,,
17,7,communication,-0.282907187826259,0.17111529268855546,-0.11810704562337639,0.2064404026026514,15,0.6,25,0,0,0.6,0.0,0.0,True,0.7135008042698816,25.0,logistic,False,False,False,post,post,none,none,live,,
17,8,communication,-0.4865592532034672,0.22947471448041049,-0.12758124937603937,0.29781594295853436,21,0.84,25,0,0,0.84,0.0,0.0,True,0.950138913261006,25.0,logistic,False,False,False,post,post,none,none,live,,
17,9,communication,-0.9383284036563715,0.28749959709838363,-0.10284890378363558,0.40350797827981333,23,0.92,25,0,0,0.92,0.0,0.0,True,0.9997885694235854,25.0,logistic,False,False,False,post,post,none,none,live,,
18,0,communication,1.5821187698688002,1.0,0.3266729932771938,-0.04100081309293473,0,0.0,25,0,0,0.0,0.0,0.0,False,0.0,25.0,logistic,False,False,False,post,post,none,none,live,,
18,1,communication,1.1236909775435042,1.0,0.3931604667456147,-0.11687127298072932,0,0.0,25,0,0,0.0,0.0,0.0,False,0.0,25.0,logistic,False,False,False,post,post,none,none,live,,
18,2,communication,0.658768693796842,1.0,0.20821881552742894,-0.22202197160692752,0,0.0,25,0,0,0.0,0.0,0.0,False,0.0,25.0,logistic,False,False,False,post,post,none,none,live,,
18,3,communication,1.7834779085177508,1.0,0.3738807096854671,-0.15123986282995694,0,0.0,25,0,0,0.0,0.0,0.0,False,0.0,25.0,logistic,False,False,False,post,post,none,none,live,,
18,4,communication,-0.21505524395225317,1.0,0.333419009983316,-0.030355564395938207,20,0.8,25,0,0,0.8,0.0,0.0,True,0.0,25.0,logistic,False,False,False,post,post,none,none,live,,
18,5,communication,0.7429078973030254,1.0,0.2720609787391719,-0.0871600468614874,1,0.04,25,0,0,0.04,0.0,0.0,False,0.0,25.0,logistic,False,False,False,post,post,none,none,live,,
18,6,communication,1.1671302876240883,1.0,0.3102493483386375,-0.28460397954219924,0,0.0,25,0,0,0.0,0.0,0.0,False,0.0,25.0,logistic,False,False,False,post,post,none,none,live,,
18,7,communication,0.2943415288077313,1.0,0.3262133422437132,-0.07125659094842683,15,0.6,25,0,0,0.6,0.0,0.0,True,0.0,25.0,logistic,False,False,False,post,post,none,none,live,,
18,8,communication,-0.3711433905452661,0.16554970302841676,0.3468454612741838,0.1983937253413842,21,0.84,25,0,0,0.84,0.0,0.0,True,0.7930572676734888,25.0,logistic,False,False,False,post,post,none,none,live,,
18,9,communication,1.8532114728005915,1.0,0.3871910100309911,-0.07314223485537788,0,0.0,25,0,0,0.0,0.0,0.0,False,0.0,25.0,logistic,False,False,False,post,post,none,none,live,,
19,0,communication,0.5400389439957556,0.32843430473509594,0.5043062095923319,0.489057596376394,12,0.48,25,0,0,0.48,0.0,0.0,False,0.12515650435063685,25.0,logistic,False,False,False,post,post,none,none,live,,
19,1,communication,1.4864349719882979,0.16720828385086298,0.5200691201746913,0.2007804359822897,0,0.0,25,0,0,0.0,0.0,0.0,False,4.0998466789985745e-08,25.0,logistic,False,False,False,post,post,none,none,live,,
19,2,communication,-0.02394405087553414,0.13186337057956235,0.4934463821296016,0.1518924165975965,20,0.8,25,0,0,0.8,0.0,0.0,True,0.2748305719476579,25.0,logistic,False,False,False,post,post,none,none,live,,
19,3,communication,0.33690886390774455,0.1312016102779555,0.39482419293469606,0.1510150246939695,7,0.28,25,0,0,0.28,0.0,0.0,False,0.035426389520099355,25.0,logistic,False,False,False,post,post,none,none,live,,
19,4,communication,0.031822235329364124,1.0,0.5805218148267025,-0.1949492080438126,20,0.8,25,0,0,0.8,0.0,0.0,True,0.0,25.0,logistic,False,False,False,post,post,none,none,live,,
19,5,communication,2.8073401861771394,0.04984240007954313,0.43079869023179646,0.052456981961430116,0,0.0,25,0,0,0.0,0.0,0.0,False,1.1364053216205618e-27,25.0,logistic,False,False,False,post,post,none,none,live,,
19,6,communication,0.8529666466803009,0.10287936095710155,0.4021028771607636,0.11467728695536351,2,0.08,25,0,0,0.08,0.0,0.0,False,8.307309363912367e-05,25.0,logistic,False,False,False,post,post,none,none,live,,
19,7,communication,0.7774081633932507,0.18967463371708052,0.49101446030160206,0.23407219076350244,1,0.04,25,0,0,0.04,0.0,0.0,False,0.0022683826077077177,25.0,logistic,False,False,False,post,post,none,none,live,,
19,8,communication,-1.0778842052900541,1.0,0.4581350757161741,-0.17541409919832157,22,0.88,25,0,0,0.88,0.0,0.0,True,0.0,25.0,logistic,False,False,False,post,post,none,none,live,,
19,9,communication,1.0123377980920774,1.0,0.4798579357780125,-0.0798038558513679,0,0.0,25,0,0,0.0,0.0,0.0,False,0.0,25.0,logistic,False,False,False,post,post,none,none,live,,
20,0,communication,0.40618911694876353,1.0,0.12344137625839978,-0.3188347987726407,0,0.0,25,0,0,0.0,0.0,0.0,False,0.0,25.0,logistic,False,False,False,post,post,none,none,live,,
20,1,communication,-0.7964293457607159,1.0,0.10043420081899329,-0.4866343572101802,22,0.88,25,0,0,0.88,0.0,0.0,True,0.0,25.0,logistic,False,False,False,post,post,none,none,live,,
20,2,communication,0.2521760368076814,1.0,0.08241827068678745,-0.08386207950889613,6,0.24,25,0,0,0.24,0.0,0.0,False,0.0,25.0,logistic,False,False,False,post,post,none,none,live,,
20,3,communication,0.5443729962972998,0.06342435646387426,0.20283602796071085,0.06771941690092417,2,0.08,25,0,0,0.08,0.0,0.0,False,0.000874598385739213,25.0,logistic,False,False,False,post,post,none,none,live,,
20,4,communication,0.874657854780828,1.0,0.16733708021939755,-0.4602785994091759,0,0.0,25,0,0,0.0,0.0,0.0,False,0.0,25.0,logistic,False,False,False,post,post,none,none,live,,
20,5,communication,1.4397802427858302,1.0,0.11860831787779207,-0.11721450330388707,0,0.0,25,0,0,0.0,0.0,0.0,False,0.0,25.0,logistic,False,False,False,post,post,none,none,live,,
20,6,communication,-0.3055459818485531,1.0,0.16640703605637966,-0.14895018768150492,18,0.72,25,0,0,0.72,0.0,0.0,True,0.0,25.0,logistic,False,False,False,post,post,none,none,live,,
20,7,communication,1.5234212976930346,1.0,0.09550250683010181,-0.14381499832049985,0,0.0,25,0,0,0.0,0.0,0.0,False,0.0,25.0,logistic,False,False,False,post,post,none,none,live,,
20,8,communication,1.002026710127077,0.11581210738808748,0.08675064126762921,0.13098133140680732,0,0.0,25,0,0,0.0,0.0,0.0,False,1.6606771592433894e-05,25.0,logistic,False,False,False,post,post,none,none,live,,
20,9,communication,-0.3965852843194686,1.0,0.12507611481943115,-0.03518558820631412,21,0.84,25,0,0,0.84,0.0,0.0,True,0.0,25.0,logistic,False,False,False,post,post,none,none,live,,
21,0,communication,0.6473332250455341,0.40495044922921064,-0.3973548908549475,0.6805323165182858,0,0.0,25,0,0,0.0,0.0,0.0,False,0.14720496466464938,25.0,logistic,False,False,False,post,post,none,none,live,,
21,1,communication,-0.7520479862447262,0.4355648732539321,-0.42534559103244557,0.7716827897741511,19,0.76,25,0,0,0.76,0.0,0.0,True,0.9999266191453479,25.0,logistic,False,False,False,post,post,none,none,live,,
21,2,communication,2.094391558746558,0.4268860510239348,-0.4673276543855765,0.7448537097842696,0,0.0,25,0,0,0.0,0.0,0.0,False,4.660054940781684e-09,25.0,logistic,False,False,False,post,post,none,none,live,,
21,3,communication,-1.2573285576850037,0.4827058551538711,-0.3805498746890905,0.933136127603868,23,0.92,25,0,0,0.92,0.0,0.0,True,0.9999999957125909,25.0,logistic,False,False,False,post,post,none,none,live,,
21,4,communication,0.04135462270523338,0.32508862698599705,-0.38926342672114805,0.48167602441521185,2,0.08,25,0,0,0.08,0.0,0.0,True,0.6887336563413176,25.0,logistic,False,False,False,post,post,none,none,live,,
21,5,communication,-1.381359155535317,0.4060662093522039,-0.5081497280304803,0.6836893535040541,23,0.92,25,0,0,0.92,0.0,0.0,True,0.9999999946865901,25.0,logistic,False,False,False,post,post,none,none,live,,
21,6,communication,0.11421902149923491,0.434046323634672,-0.4515260936119958,0.7669290646227578,0,0.0,25,0,0,0.0,0.0,0.0,False,0.8159423483706503,25.0,logistic,False,False,False,post,post,none,none,live,,
21,7,communication,-1.5354772665795768,0.40213956063972045,-0.3893121394745995,0.6726311596566189,23,0.92,25,0,0,0.92,0.0,0.0,True,0.9999999997366065,25.0,logistic,False,False,False,post,post,none,none,live,,
21,8,communication,-0.1133734963651879,0.44641205229397174,-0.411922440425241,0.8063977081578914,4,0.16,25,0,0,0.16,0.0,0.0,True,0.9582937555237798,25.0,logistic,False,False,False,post,post,none,none,live,,
21,9,communication,-0.0357791181750024,0.3121664953566221,-0.43476469689731967,0.4538402000618908,1,0.04,25,0,0,0.04,0.0,0.0,True,0.7486029918056357,25.0,logistic,False,False,False,post,post,none,none,live,,
22,0,communication,0.028089728361630567,0.621935676287674,-0.034126263123263376,1.6450525407441319,6,0.24,25,0,0,0.24,0.0,0.0,True,0.9889909366625591,25.0,logistic,False,False,False,post,post,none,none,live,,
22,1,communication,0.22219618482760878,0.6295845524242059,-0.05866346778300162,1.6996714271625535,1,0.04,25,0,0,0.04,0.0,0.0,False,0.9543629174591521,25.0,logistic,False,False,False,post,post,none,none,live,,
22,2,communication,0.4524762795302724,0.6151012768257841,-0.08159134398244523,1.5980860413178661,1,0.04,25,0,0,0.04,0.0,0.0,False,0.7980632063492643,25.0,logistic,False,False,False,post,post,none,none,live,,
22,3,communication,-0.5741019634001369,0.6514682802532753,-0.10089800438513805,1.8691793123641434,19,0.76,25,0,0,0.76,0.0,0.0,True,0.9999961708725991,25.0,logistic,False,False,False,post,post,none,none,live,,
22,4,communication,0.18510253482146521,0.6270602968226772,-0.031402923566794985,1.681398605405461,5,0.2,25,0,0,0.2,0.0,0.0,True,0.9638536151940822,25.0,logistic,False,False,False,post,post,none,none,live,,
22,5,communication,-0.1920178420430468,0.6401350366513392,-0.10622891048495259,1.778820118231777,10,0.4,25,0,0,0.4,0.0,0.0,True,0.9991338580352339,25.0,logistic,False,False,False,post,post,none,none,live,,
22,6,communication,-1.319239868830446,0.6218367696298699,-0.0037976879899337956,1.6443607407871006,21,0.84,25,0,0,0.84,0.0,0.0,True,0.9999999999940146,25.0,logistic,False,False,False,post,post,none,none,live,,
22,7,communication,-0.6103462497741929,0.6214237254388382,-0.11867909091189444,1.6414756211523827,20,0.8,25,0,0,0.8,0.0,0.0,True,0.9999949523494959,25.0,logistic,False,False,False,post,post,none,none,live,,
22,8,communication,0.12658574254051072,0.6337107988022915,-0.11151266676807867,1.7300832149300507,3,0.12,25,0,0,0.12,0.0,0.0,False,0.9789289698946841,25.0,logistic,False,False,False,post,post,none,none,live,,
22,9,communication,1.4416044812974251,0.6326088050980424,0.017955861610787834,1.721894301976565,0,0.0,25,0,0,0.0,0.0,0.0,False,0.00918978097510395,25.0,logistic,False,False,False,post,post,none,none,live,,
23,0,communication,0.20355535406459663,0.4529913539751925,-0.26537875860111,0.8281246690836561,0,0.0,25,0,0,0.0,0.0,0.0,False,0.7621841973272201,25.0,logistic,False,False,False,post,post,none,none,live,,
23,1,communication,0.22930032099493491,0.42479082856378036,-0.21258261228905728,0.7384980102162402,1,0.04,25,0,0,0.04,0.0,0.0,False,0.6779531712162646,25.0,logistic,False,False,False,post,post,none,none,live,,
23,2,communication,-0.4115840370769772,0.2416283801044619,-0.22045308555938364,0.3186147447576493,14,0.56,25,0,0,0.56,0.0,0.0,True,0.930068393931089,25.0,logistic,False,False,False,post,post,none,none,live,,
23,3,communication,-0.5584565678801434,0.42904521529690653,-0.2693896701587104,0.7514521758846763,18,0.72,25,0,0,0.72,0.0,0.0,True,0.9990736028983377,25.0,logistic,False,False,False,post,post,none,none,live,,
23,4,communication,1.3896951068546932,0.2441039278765225,-0.28047072144257734,0.322933187350453,0,0.0,25,0,0,0.0,0.0,0.0,False,3.2139995418476085e-06,25.0,logistic,False,False,False,post,post,none,none,live,,
23,5,communication,0.8943437075722819,0.31350575943699555,-0.1957390836490475,0.4566764597761005,0,0.0,25,0,0,0.0,0.0,0.0,False,0.007716317477471793,25.0,logistic,False,False,False,post,post,none,none,live,,
23,6,communication,0.10363553828611177,0.3183587941742572,-0.20679565885554996,0.4670474605310812,2,0.08,25,0,0,0.08,0.0,0.0,False,0.5961720101323691,25.0,logistic,False,False,False,post,post,none,none,live,,
23,7,communication,1.013136732042576,0.32546412968158556,-0.2793620336041827,0.4825008483654848,0,0.0,25,0,0,0.0,0.0,0.0,False,0.0030281732454781134,25.0,logistic,False,False,False,post,post,none,none,live,,
23,8,communication,0.3866593643695224,0.3152507520008426,-0.2744336895425705,0.4603886063723441,0,0.0,25,0,0,0.0,0.0,0.0,False,0.23605511629297687,25.0,logistic,False,False,False,post,post,none,none,live,,
23,9,communication,-0.12231577216746939,0.25882484195262556,-0.21511870216228873,0.34920873850453854,4,0.16,25,0,0,0.16,0.0,0.0,True,0.7335207258678237,25.0,logistic,False,False,False,post,post,none,none,live,,
24,0,communication,1.1973736302371703,0.3949528330032719,0.4036213793205416,0.6527637092554268,0,0.0,25,0,0,0.0,0.0,0.0,False,0.0016348798887967331,25.0,logistic,False,False,False,post,post,none,none,live,,
24,1,communication,1.9714103280869124,0.482067757432842,0.4195126298641345,0.9307544844928908,0,0.0,25,0,0,0.0,0.0,0.0,False,2.7294342227201386e-07,25.0,logistic,False,False,False,post,post,none,none,live,,
24,2,communication,-0.9526691837612207,0.34666441843059415,0.43931499263634005,0.5306069778074178,23,0.92,25,0,0,0.92,0.0,0.0,True,0.9999587072205292,25.0,logistic,False,False,False,post,post,none,none,live,,
24,3,communication,0.028756008154037727,0.41058698078508954,0.3622827231844398,0.696603175362474,19,0.76,25,0,0,0.76,0.0,0.0,True,0.8523890003888199,25.0,logistic,False,False,False,post,post,none,none,live,,
24,4,communication,-1.2799653083937028,0.3663614652996179,0.29121503879810373,0.5781868450801417,20,0.8,25,0,0,0.8,0.0,0.0,True,0.999999867127558,25.0,logistic,False,False,False,post,post,none,none,live,,
24,5,communication,-0.6668958634652172,0.3242175260378074,0.33509096753578904,0.4797661060028409,23,0.92,25,0,0,0.92,0.0,0.0,True,0.9977986910002858,25.0,logistic,False,False,False,post,post,none,none,live,,
24,6,communication,0.8726659114335692,0.26409626939389524,0.3946875682301734,0.35887339391034256,1,0.04,25,0,0,0.04,0.0,0.0,False,0.003914776725140271,25.0,logistic,False,False,False,post,post,none,none,live,,
24,7,communication,-0.967731982519882,0.26455719313275144,0.36918210277262276,0.35972504002001265,21,0.84,25,0,0,0.84,0.0,0.0,True,0.9997476713121678,25.0,logistic,False,False,False,post,post,none,none,live,,
24,8,communication,-0.11266318713139789,0.3394541700493765,0.467586690709208,0.5138994974425182,18,0.72,25,0,0,0.72,0.0,0.0,True,0.8628260619208017,25.0,logistic,False,False,False,post,post,none,none,live,,
24,9,communication,1.0289058070361912,0.44559680666202567,0.38802641999880527,0.8037414142208623,0,0.0,25,0,0,0.0,0.0,0.0,False,0.018709752915661175,25.0,logistic,False,False,False,post,post,none,none,live,,
25,0,communication,-0.843049255710054,0.48732669812229024,0.2665860112435035,0.9505599303443628,24,0.96,25,0,0,0.96,0.0,0.0,True,0.9999946572091902,25.0,logistic,False,False,False,post,post,none,none,live,,
25,1,communication,0.0929040679240842,0.5714920718695629,0.26869016553804126,1.33367910918932,10,0.4,25,0,0,0.4,0.0,0.0,True,0.9620896356059727,25.0,logistic,False,False,False,post,post,none,none,live,,
25,2,communication,0.13010427944411151,0.5550111481661553,0.20923557462778355,1.2472473094076344,10,0.4,25,0,0,0.4,0.0,0.0,True,0.9399898804724636,25.0,logistic,False,False,False,post,post,none,none,live,,
25,3,communication,-0.6232041025642846,0.4827501987690559,0.2874940762810614,0.9333018545782201,23,0.92,25,0,0,0.92,0.0,0.0,True,0.9998653977235474,25.0,logistic,False,False,False,post,post,none,none,live,,
25,4,communication,2.10361204255992,0.52270272572817,0.2758237861952684,1.0951303388975164,0,0.0,25,0,0,0.0,0.0,0.0,False,9.302592911197313e-08,25.0,logistic,False,False,False,post,post,none,none,live,,
25,5,communication,0.7861027929078395,0.480563775450035,0.31745661446041773,0.9251641543991107,2,0.08,25,0,0,0.08,0.0,0.0,False,0.14294029883806625,25.0,logistic,False,False,False,post,post,none,none,live,,
25,6,communication,-0.4389608017090952,0.5223976540123437,0.2867477016082231,1.093792060279882,21,0.84,25,0,0,0.84,0.0,0.0,True,0.9994443128064331,25.0,logistic,False,False,False,post,post,none,none,live,,
25,7,communication,0.6639157980430048,0.44971073158762936,0.2987324300391078,0.8172260616404193,2,0.08,25,0,0,0.08,0.0,0.0,False,0.2003395230363822,25.0,logistic,False,False,False,post,post,none,none,live,,
25,8,communication,0.9059845433290304,0.517415529786862,0.22627822100844205,1.0721760887961036,0,0.0,25,0,0,0.0,0.0,0.0,False,0.10536477043536785,25.0,logistic,False,False,False,post,post,none,none,live,,
25,9,communication,1.1791106228664874,0.4913872429041122,0.3767692319703645,0.9661323591446447,0,0.0,25,0,0,0.0,0.0,0.0,False,0.01033380829225184,25.0,logistic,False,False,False,post,post,none,none,live,,
26,0,communication,-0.07768214834647066,0.4014301443872203,-0.2568617723161684,0.6706487816301079,3,0.12,25,0,0,0.12,0.0,0.0,True,0.9110732977129418,25.0,logistic,False,False,False,post,post,none,none,live,,
26,1,communication,1.7482879151922077,0.41990906647340814,-0.31401803775639425,0.7238676597143526,0,0.0,25,0,0,0.0,0.0,0.0,False,1.8278377065862818e-06,25.0,logistic,False,False,False,post,post,none,none,live,,
26,2,communication,-0.4542255892143151,0.5487234997060503,-0.24239925998543083,1.2159363480008953,16,0.64,25,0,0,0.64,0.0,0.0,True,0.9997354756701576,25.0,logistic,False,False,False,post,post,none,none,live,,
26,3,communication,-0.3978360197725781,0.4769574846101322,-0.37272422301647906,0.9118904688935574,10,0.4,25,0,0,0.4,0.0,0.0,True,0.9978696550761547,25.0,logistic,False,False,False,post,post,none,none,live,,
26,4,communication,-1.7500748329766824,0.48115530867212625,-0.2854456917834386,0.9273590280758401,21,0.84,25,0,0,0.84,0.0,0.0,True,0.9999999999999267,25.0,logistic,False,False,False,post,post,none,none,live,,
26,5,communication,-0.7984364786207961,0.4098558398596574,-0.2714550929949795,0.69450122112907,22,0.88,25,0,0,0.88,0.0,0.0,True,0.9999275716977865,25.0,logistic,False,False,False,post,post,none,none,live,,
26,6,communication,-0.30718124183277506,0.45832102955412257,-0.28651008405596745,0.8461119123322441,12,0.48,25,0,0,0.48,0.0,0.0,True,0.9927976533251703,25.0,logistic,False,False,False,post,post,none,none,live,,
26,7,communication,-1.5028470008076327,0.5327585590133757,-0.18093016973853163,1.1402211197029224,20,0.8,25,0,0,0.8,0.0,0.0,True,0.9999999999967345,25.0,logistic,False,False,False,post,post,none,none,live,,
26,8,communication,-0.8494965036190965,0.48894800387539306,-0.18788199318397464,0.9567480561335594,21,0.84,25,0,0,0.84,0.0,0.0,True,0.999995370134698,25.0,logistic,False,False,False,post,post,none,none,live,,
26,9,communication,-2.858669985646009,0.5239995403913336,-0.21341825548104432,1.1008383076397208,25,1.0,25,0,0,1.0,0.0,0.0,True,1.0,25.0,logistic,False,False,False,post,post,none,none,live,,
27,0,communication,-0.7871429583465623,0.17530440994685648,-0.1551667475687093,0.21256862782006614,22,0.88,25,0,0,0.88,0.0,0.0,True,0.9885395003201867,25.0,logistic,False,False,False,post,post,none,none,live,,
27,1,communication,-0.012576806380053429,0.23772448911969907,-0.1786307159504125,0.3118616375923805,8,0.32,25,0,0,0.32,0.0,0.0,True,0.5480342036499578,25.0,logistic,False,False,False,post,post,none,none,live,,
27,2,communication,-0.7159228062040748,1.0,-0.1785163452332761,-0.1871805814443694,24,0.96,25,0,0,0.96,0.0,0.0,True,0.0,25.0,logistic,False,False,False,post,post,none,none,live,,
27,3,communication,-0.736414364468883,1.0,-0.35729777878693675,-0.06914833500762185,16,0.64,25,0,0,0.64,0.0,0.0,True,0.0,25.0,logistic,False,False,False,post,post,none,none,live,,
27,4,communication,-1.0818324482800712,1.0,-0.19371248070633956,-0.13557314227182504,22,0.88,25,0,0,0.88,0.0,0.0,True,0.0,25.0,logistic,False,False,False,post,post,none,none,live,,
27,5,communication,2.2925216976273193,0.19500096355130786,-0.19022598543136388,0.24223751175102998,0,0.0,25,0,0,0.0,0.0,0.0,False,2.0579185913337125e-15,25.0,logistic,False,False,False,post,post,none,none,live,,
27,6,communication,-0.23017646346821097,0.035648646550874886,-0.15456314443043506,0.03696645047821313,11,0.44,25,0,0,0.44,0.0,0.0,True,0.1794415147273309,25.0,logistic,False,False,False,post,post,none,none,live,,
27,7,communication,1.1171004356171643,1.0,-0.2167774599220763,-0.21850338100429695,0,0.0,25,0,0,0.0,0.0,0.0,False,0.0,25.0,logistic,False,False,False,post,post,none,none,live,,
27,8,communication,-0.045242243652332044,1.0,-0.10553905787552448,-0.0038353873696244864,6,0.24,25,0,0,0.24,0.0,0.0,True,0.0,25.0,logistic,False,False,False,post,post,none,none,live,,
27,9,communication,-0.6751834017335612,0.07995915901614976,-0.18487090769558753,0.0869082713009186,19,0.76,25,0,0,0.76,0.0,0.0,True,0.8668869650057135,25.0,logistic,False,False,False,post,post,none,none,live,,
28,0,communication,-1.1490636167886619,0.38686756100400543,-0.7897932866341301,0.6309689985372521,18,0.72,25,0,0,0.72,0.0,0.0,True,0.9999993251018228,25.0,logistic,False,False,False,post,post,none,none,live,,
28,1,communication,0.8393502795130813,0.44140177754550125,-0.7982094006856301,0.7901954567738643,0,0.0,25,0,0,0.0,0.0,0.0,False,0.0702527560879135,25.0,logistic,False,False,False,post,post,none,none,live,,
28,2,communication,-0.029315844347210462,0.43721182358675054,-0.8400322032005799,0.7768674643685309,0,0.0,25,0,0,0.0,0.0,0.0,True,0.9188007553510251,25.0,logistic,False,False,False,post,post,none,none,live,,
28,3,communication,-0.1531800419233239,0.3413125350016263,-0.8055210022118704,0.518170685094894,0,0.0,25,0,0,0.0,0.0,0.0,True,0.8924059204159034,25.0,logistic,False,False,False,post,post,none,none,live,,
28,4,communication,0.3557002736190442,0.4480949402137166,-0.8722034000259162,0.811905838274493,0,0.0,25,0,0,0.0,0.0,0.0,False,0.570444630351324,25.0,logistic,False,False,False,post,post,none,none,live,,
28,5,communication,-1.8303858124427794,0.3422270249399247,-0.7894763250850015,0.5202813704966651,24,0.96,25,0,0,0.96,0.0,0.0,True,0.9999999999959183,25.0,logistic,False,False,False,post,post,none,none,live,,
28,6,communication,-1.3228152799200408,0.34993260620733346,-0.7787205363613967,0.5383020430631559,22,0.88,25,0,0,0.88,0.0,0.0,True,0.9999998950356895,25.0,logistic,False,False,False,post,post,none,none,live,,
28,7,communication,-1.556627528366775,0.2247602371233666,-0.784035755666293,0.2899235151320966,23,0.92,25,0,0,0.92,0.0,0.0,True,0.9999998900899072,25.0,logistic,False,False,False,post,post,none,none,live,,
28,8,communication,0.28052978392970596,0.45077911216621425,-0.7477534305699808,0.8207610492458844,0,0.0,25,0,0,0.0,0.0,0.0,False,0.6714080676133276,25.0,logistic,False,False,False,post,post,none,none,live,,
28,9,communication,0.8009879725010254,0.41260659662724736,-0.7011238877069235,0.7024365514799836,0,0.0,25,0,0,0.0,0.0,0.0,False,0.06482930536846347,25.0,logistic,False,False,False,post,post,none,none,live,,
29,0,communication,0.5681821360581372,0.4566979786863893,0.10350350912788288,0.8405968701941735,0,0.0,25,0,0,0.0,0.0,0.0,False,0.3154821819721408,25.0,logistic,False,False,False,post,post,none,none,live,,
29,1,communication,1.5315616378188148,0.3590070906950283,0.12172607634510751,0.5600796599829778,0,0.0,25,0,0,0.0,0.0,0.0,False,9.789909364947597e-06,25.0,logistic,False,False,False,post,post,none,none,live,,
29,2,communication,0.5912518929416496,0.33987001301287084,0.08956156621214229,0.5148531648502394,0,0.0,25,0,0,0.0,0.0,0.0,False,0.10551148008203443,25.0,logistic,False,False,False,post,post,none,none,live,,
29,3,communication,0.5375469507461593,0.46930670338555874,0.11656088767138581,0.8843275511100321,1,0.04,25,0,0,0.04,0.0,0.0,False,0.3803810241730232,25.0,logistic,False,False,False,post,post,none,none,live,,
29,4,communication,-0.9287503047290242,0.35379358597994975,0.17267973317207883,0.5474931512657075,22,0.88,25,0,0,0.88,0.0,0.0,True,0.9999519131404566,25.0,logistic,False,False,False,post,post,none,none,live,,
29,5,communication,0.11420771026824997,0.3693903312529111,0.14163526263442217,0.5857669959086182,8,0.32,25,0,0,0.32,0.0,0.0,True,0.6974708658910295,25.0,logistic,False,False,False,post,post,none,none,live,,
29,6,communication,-1.2247082442594635,0.4224469839970345,0.08930619061947043,0.7314427806483229,21,0.84,25,0,0,0.84,0.0,0.0,True,0.9999999404527066,25.0,logistic,False,False,False,post,post,none,none,live,,
29,7,communication,0.5293783444836808,0.418428412654777,0.11616251807438373,0.7194787739972522,1,0.04,25,0,0,0.04,0.0,0.0,False,0.28239251817600586,25.0,logistic,False,False,False,post,post,none,none,live,,
29,8,communication,-0.49626933437495546,0.29347577993435564,0.11223564017652313,0.4153796453107982,23,0.92,25,0,0,0.92,0.0,0.0,True,0.9816562547668473,25.0,logistic,False,False,False,post,post,none,none,live,,
29,9,communication,-0.12436128802425898,0.43093981468867254,0.12409587373449256,0.7572833696894635,15,0.6,25,0,0,0.6,0.0,0.0,True,0.9532308809548177,25.0,logistic,False,False,False,post,post,none,none,live,,
30,0,communication,0.7329407417759842,0.49747577529134124,-0.0022976360141823624,0.9899538188029753,0,0.0,25,0,0,0.0,0.0,0.0,False,0.21441056604430497,25.0,logistic,False,False,False,post,post,none,none,live,,
30,1,communication,0.323158933711054,0.48772947877086414,0.1041738230053956,0.9520935883654047,2,0.08,25,0,0,0.08,0.0,0.0,False,0.6977031830749643,25.0,logistic,False,False,False,post,post,none,none,live,,
30,2,communication,-3.079072948112961,0.4643156381728513,0.014074866843290311,0.8667709406134837,24,0.96,25,0,0,0.96,0.0,0.0,True,1.0,25.0,logistic,False,False,False,post,post,none,none,live,,
30,3,communication,-0.08176239847550923,0.4575790338506942,0.01874508209855603,0.8435865543677047,9,0.36,25,0,0,0.36,0.0,0.0,True,0.9546073766569184,25.0,logistic,False,False,False,post,post,none,none,live,,
30,4,communication,-0.13323981213189093,0.5196959985641427,-0.018508514446605978,1.0820147177839954,10,0.4,25,0,0,0.4,0.0,0.0,True,0.9869876610869162,25.0,logistic,False,False,False,post,post,none,none,live,,
30,5,communication,-0.2821650627847353,0.44449521819937726,0.007864560521930335,0.8001645220021021,16,0.64,25,0,0,0.64,0.0,0.0,True,0.9887735941986283,25.0,logistic,False,False,False,post,post,none,none,live,,
30,6,communication,-1.1286898750482424,0.5276694241787859,0.11721057866369658,1.1171612662622097,20,0.8,25,0,0,0.8,0.0,0.0,True,0.9999999886863569,25.0,logistic,False,False,False,post,post,none,none,live,,
30,7,communication,-0.012659035979521116,0.5143801884830531,0.03343826495501928,1.0592240602298872,10,0.4,25,0,0,0.4,0.0,0.0,True,0.9635016248261212,25.0,logistic,False,False,False,post,post,none,none,live,,
30,8,communication,0.27284281565858326,0.44969547175297003,0.0435279990623938,0.8171756703246738,5,0.2,25,0,0,0.2,0.0,0.0,False,0.6783457992167875,25.0,logistic,False,False,False,post,post,none,none,live,,
30,9,communication,0.2687217699955855,0.4492228427900728,0.013476248044730632,0.8156163285087961,2,0.08,25,0,0,0.08,0.0,0.0,False,0.6822661504293095,25.0,logistic,False,False,False,post,post,none,none,live,,
31,0,communication,0.47707757879402024,0.5286966275419526,0.7175275523516297,1.1217756087434192,14,0.56,25,0,0,0.56,0.0,0.0,True,0.5964068244193323,25.0,logistic,False,False,False,post,post,none,none,live,,
31,1,communication,1.3115444490847312,0.5032481770804561,0.6668841994549931,1.0130776654683045,0,0.0,25,0,0,0.0,0.0,0.0,False,0.00361371957413321,25.0,logistic,False,False,False,post,post,none,none,live,,
31,2,communication,0.3449948225785069,0.4575805076336674,0.6837817613275281,0.8435915634916606,15,0.6,25,0,0,0.6,0.0,0.0,True,0.605940718240594,25.0,logistic,False,False,False,post,post,none,none,live,,
31,3,communication,0.3718399715062616,0.47278609658348014,0.7121096836089964,0.8967633317704073,14,0.56,25,0,0,0.56,0.0,0.0,True,0.6057346065956466,25.0,logistic,False,False,False,post,post,none,none,live,,
31,4,communication,1.1653885629291931,0.5079574175061777,0.6918206865745873,1.0323444262317585,1,0.04,25,0,0,0.04,0.0,0.0,False,0.0149470934608033,25.0,logistic,False,False,False,post,post,none,none,live,,
31,5,communication,1.9760264305142037,0.4729568195431065,0.742979950822378,0.8973777426227211,0,0.0,25,0,0,0.0,0.0,0.0,False,1.906428729971514e-07,25.0,logistic,False,False,False,post,post,none,none,live,,
31,6,communication,0.673898887136028,0.5104684560454456,0.6565065725011935,1.0427692808552391,5,0.2,25,0,0,0.2,0.0,0.0,False,0.3020461631922696,25.0,logistic,False,False,False,post,post,none,none,live,,
31,7,communication,-0.5974855676188148,0.5571525738422699,0.7154976242359733,1.2581140612609714,21,0.84,25,0,0,0.84,0.0,0.0,True,0.999967316403588,25.0,logistic,False,False,False,post,post,none,none,live,,
31,8,communication,0.314579371207623,0.5718777182635919,0.8004977807560799,1.3357812537673364,17,0.68,25,0,0,0.68,0.0,0.0,True,0.8505552776196887,25.0,logistic,False,False,False,post,post,none,none,live,,
31,9,communication,1.487901633032648,0.44478248436244444,0.6168102487273455,0.8010959161684611,0,0.0,25,0,0,0.0,0.0,0.0,False,0.00014964225032168635,25.0,logistic,False,False,False,post,post,none,none,live,,
32,0,communication,-0.14439262121357044,0.49729033124375127,0.170265428200139,0.9892197468055361,13,0.52,25,0,0,0.52,0.0,0.0,True,0.9835027820237248,25.0,logistic,False,False,False,post,post,none,none,live,,
32,1,communication,1.9187929404289048,0.47789346278094075,0.10117204582127763,0.915317906813398,0,0.0,25,0,0,0.0,0.0,0.0,False,5.915726905105902e-07,25.0,logistic,False,False,False,post,post,none,none,live,,
32,2,communication,0.7131984572344081,0.4692504479348622,0.13763630696385454,0.8841278265973402,0,0.0,25,0,0,0.0,0.0,0.0,False,0.18664859758511831,25.0,logistic,False,False,False,post,post,none,none,live,,
32,3,communication,-0.46246637395098933,0.48436864657852374,0.06570042703009957,0.9393700428891522,22,0.88,25,0,0,0.88,0.0,0.0,True,0.9990862588184155,25.0,logistic,False,False,False,post,post,none,none,live,,
32,4,communication,0.6431605559715519,0.5149889348063311,0.026362726570450745,1.061808630284944,0,0.0,25,0,0,0.0,0.0,0.0,False,0.34839465277686515,25.0,logistic,False,False,False,post,post,none,none,live,,
32,5,communication,-0.3978375791576652,0.4942060975878605,0.14277022215549046,0.9770898684839486,24,0.96,25,0,0,0.96,0.0,0.0,True,0.9984565803952998,25.0,logistic,False,False,False,post,post,none,none,live,,
32,6,communication,0.9046972401467197,0.49397268306265274,0.1610849026812382,0.9761778989568125,0,0.0,25,0,0,0.0,0.0,0.0,False,0.0831500389817953,25.0,logistic,False,False,False,post,post,none,none,live,,
32,7,communication,-0.7139194888790197,0.5043756441585733,0.15618381258831374,1.0176570989984732,21,0.84,25,0,0,0.84,0.0,0.0,True,0.9999766896169681,25.0,logistic,False,False,False,post,post,none,none,live,,
32,8,communication,2.0999509351922203,0.5015475064065398,0.04126436608398007,1.0062092433137746,0,0.0,25,0,0,0.0,0.0,0.0,False,5.071800430854e-08,25.0,logistic,False,False,False,post,post,none,none,live,,
32,9,communication,-0.8705499540573872,0.5204645655238108,0.13175349857069352,1.0853516301508142,22,0.88,25,0,0,0.88,0.0,0.0,True,0.9999986207933352,25.0,logistic,False,False,False,post,post,none,none,live,,
33,0,communication,1.1534825119583667,0.4566033041128522,-0.24226425754708905,0.8402761878546263,0,0.0,25,0,0,0.0,0.0,0.0,False,0.007509398040966985,25.0,logistic,False,False,False,post,post,none,none,live,,
33,1,communication,-0.8196357519187606,0.5401733765558925,-0.17961044601495021,1.174732712320976,20,0.8,25,0,0,0.8,0.0,0.0,True,0.999998202913513,25.0,logistic,False,False,False,post,post,none,none,live,,
33,2,communication,0.2656447736304528,0.4643075046139097,-0.09198387063852695,0.8667425969431751,0,0.0,25,0,0,0.0,0.0,0.0,False,0.71654953167423,25.0,logistic,False,False,False,post,post,none,none,live,,
33,3,communication,0.26210289427206307,0.44188312513216793,-0.22846151268204812,0.7917394098445967,0,0.0,25,0,0,0.0,0.0,0.0,False,0.6747511603217599,25.0,logistic,False,False,False,post,post,none,none,live,,
33,4,communication,0.4696342382339092,0.5279448123902247,-0.1779704327666734,1.1183963787442806,2,0.08,25,0,0,0.08,0.0,0.0,False,0.6042923505592532,25.0,logistic,False,False,False,post,post,none,none,live,,
33,5,communication,-0.5118559093203249,0.46832896439997235,-0.19359348139622226,0.8808622870934291,17,0.68,25,0,0,0.68,0.0,0.0,True,0.9992832310263023,25.0,logistic,False,False,False,post,post,none,none,live,,
33,6,communication,-0.7283471767756177,0.4378582725989277,-0.1695505803417708,0.778910817781239,18,0.72,25,0,0,0.72,0.0,0.0,True,0.9999046204526421,25.0,logistic,False,False,False,post,post,none,none,live,,
33,7,communication,0.3979110868513194,0.524563352129559,-0.11131005434377547,1.103329653864851,1,0.04,25,0,0,0.04,0.0,0.0,False,0.6857305439001834,25.0,logistic,False,False,False,post,post,none,none,live,,
33,8,communication,0.2516788769873297,0.505688344086314,-0.18245330673556528,1.0230152132496235,1,0.04,25,0,0,0.04,0.0,0.0,False,0.8053692114786994,25.0,logistic,False,False,False,post,post,none,none,live,,
33,9,communication,-1.1979814431504208,0.3796899121606683,-0.22609902315463087,0.6120969489359858,22,0.88,25,0,0,0.88,0.0,0.0,True,0.9999996338753523,25.0,logistic,False,False,False,post,post,none,none,live,,
34,0,communication,0.36802994120498767,0.21153563493555647,0.2789786730154794,0.2682881361648691,3,0.12,25,0,0,0.12,0.0,0.0,False,0.0929589351340836,25.0,logistic,False,False,False,post,post,none,none,live,,
34,1,communication,-0.37977696261992727,0.05912458714445293,0.26780341495761945,0.06283997470505731,17,0.68,25,0,0,0.68,0.0,0.0,True,0.4605057682846993,25.0,logistic,False,False,False,post,post,none,none,live,,
34,2,communication,1.0686687472060399,1.0,0.2958819846960656,-0.012998529575665788,1,0.04,25,0,0,0.04,0.0,0.0,False,0.0,25.0,logistic,False,False,False,post,post,none,none,live,,
34,3,communication,-0.13605211615852972,0.13129308533166567,0.2198048506741853,0.1511362268617286,17,0.68,25,0,0,0.68,0.0,0.0,True,0.40937663592483636,25.0,logistic,False,False,False,post,post,none,none,live,,
34,4,communication,0.6095135300376733,0.1869159246266161,0.22330143112451423,0.22988511309950413,1,0.04,25,0,0,0.04,0.0,0.0,False,0.010781539479540029,25.0,logistic,False,False,False,post,post,none,none,live,,
34,5,communication,0.4114362681121957,0.09274421773743008,0.28415368640693284,0.10222499492495808,5,0.2,25,0,0,0.2,0.0,0.0,False,0.00850825470925124,25.0,logistic,False,False,False,post,post,none,none,live,,
34,6,communication,0.5631372304774436,0.07578185962040355,0.22394632900417044,0.08199564183979154,5,0.2,25,0,0,0.2,0.0,0.0,False,0.0011120628123607963,25.0,logistic,False,False,False,post,post,none,none,live,,
34,7,communication,-0.03371835329800238,1.0,0.24590690512478686,-0.07045449356539304,20,0.8,25,0,0,0.8,0.0,0.0,True,0.0,25.0,logistic,False,False,False,post,post,none,none,live,,
34,8,communication,-1.1455859807332347,1.0,0.28619071668281626,-0.043774567340805426,22,0.88,25,0,0,0.88,0.0,0.0,True,0.0,25.0,logistic,False,False,False,post,post,none,none,live,,
34,9,communication,0.9540411445162782,0.1415565853141427,0.2781129373896157,0.16489914523480217,1,0.04,25,0,0,0.04,0.0,0.0,False,7.790117234648533e-05,25.0,logistic,False,False,False,post,post,none,none,live,,
35,0,communication,-0.9731214360409354,0.3433471989636551,0.2336520033135362,0.5228747953587901,24,0.96,25,0,0,0.96,0.0,0.0,True,0.9999662434116922,25.0,logistic,False,False,False,post,post,none,none,live,,
35,1,communication,0.29833913543813084,0.34251648550083647,0.1865544464706545,0.5209506823326934,5,0.2,25,0,0,0.2,0.0,0.0,False,0.3980695550977681,25.0,logistic,False,False,False,post,post,none,none,live,,
35,2,communication,1.2965541811966477,0.19328216877465304,0.13402338755823276,0.23959079778994247,0,0.0,25,0,0,0.0,0.0,0.0,False,2.7672028284920415e-06,25.0,logistic,False,False,False,post,post,none,none,live,,
35,3,communication,0.38058605639332405,0.22502859240030615,0.15615236566162644,0.2903701868140961,0,0.0,25,0,0,0.0,0.0,0.0,False,0.10135925229762505,25.0,logistic,False,False,False,post,post,none,none,live,,
35,4,communication,-0.6100946705812729,0.2793952031624768,0.09171892105684473,0.387723207489934,22,0.88,25,0,0,0.88,0.0,0.0,True,0.9913513627956322,25.0,logistic,False,False,False,post,post,none,none,live,,
35,5,communication,-0.5806686487696845,0.3358285300644658,0.1123779968547978,0.5056352843597182,23,0.92,25,0,0,0.92,0.0,0.0,True,0.9957447472563293,25.0,logistic,False,False,False,post,post,none,none,live,,
35,6,communication,-0.34643565884534355,0.26893676451239623,0.08844294086399737,0.36787072780786334,18,0.72,25,0,0,0.72,0.0,0.0,True,0.9243863115304238,25.0,logistic,False,False,False,post,post,none,none,live,,
35,7,communication,0.735789124548353,0.3213129529834482,0.16153487629064206,0.4734331595039444,0,0.0,25,0,0,0.0,0.0,0.0,False,0.03247386574289414,25.0,logistic,False,False,False,post,post,none,none,live,,
35,8,communication,0.6758114547967164,0.3372588999350687,0.06681976719448252,0.5088848419119113,0,0.0,25,0,0,0.0,0.0,0.0,False,0.06075528265077276,25.0,logistic,False,False,False,post,post,none,none,live,,
35,9,communication,0.4094447280935901,0.17356932341190742,0.05239096232699543,0.21002284683875233,2,0.08,25,0,0,0.08,0.0,0.0,False,0.042137269979851046,25.0,logistic,False,False,False,post,post,none,none,live,,
36,0,communication,-0.5995638890359889,0.0016052758708112271,-0.4922690392199091,0.0016078569247362229,12,0.48,25,0,0,0.48,0.0,0.0,True,0.1728590031275551,25.0,logistic,False,False,False,post,post,none,none,live,,
36,1,communication,0.5338178448025537,0.0015460981572684345,-0.49072423648581726,0.0015484922783264993,0,0.0,25,0,0,0.0,0.0,0.0,False,1.107982437449925e-06,25.0,logistic,False,False,False,post,post,none,none,live,,
36,2,communication,-0.15953402237400838,1.0,-0.44105978842735244,-0.3235670784572528,1,0.04,25,0,0,0.04,0.0,0.0,True,0.0,25.0,logistic,False,False,False,post,post,none,none,live,,
36,3,communication,0.5784659422153967,1.0,-0.4123193911280343,-0.25983186929322527,0,0.0,25,0,0,0.0,0.0,0.0,False,0.0,25.0,logistic,False,False,False,post,post,none,none,live,,
36,4,communication,-0.9583772155880257,1.0,-0.38651205889767426,-0.09818574505033914,24,0.96,25,0,0,0.96,0.0,0.0,True,0.0,25.0,logistic,False,False,False,post,post,none,none,live,,
36,5,communication,-0.8689456759792826,1.0,-0.44498138011035054,-0.2002024788584879,17,0.68,25,0,0,0.68,0.0,0.0,True,0.0,25.0,logistic,False,False,False,post,post,none,none,live,,
36,6,communication,1.3980672964502714,1.0,-0.4391407780821878,-0.21873473166486218,0,0.0,25,0,0,0.0,0.0,0.0,False,0.0,25.0,logistic,False,False,False,post,post,none,none,live,,
36,7,communication,-0.1152270666829387,1.0,-0.4816045453445608,-0.16825208000138542,0,0.0,25,0,0,0.0,0.0,0.0,True,0.0,25.0,logistic,False,False,False,post,post,none,none,live,,
36,8,communication,-0.388733576342083,1.0,-0.3597682112642482,-0.014969758256485666,11,0.44,25,0,0,0.44,0.0,0.0,True,0.0,25.0,logistic,False,False,False,post,post,none,none,live,,
36,9,communication,0.3714966753869731,1.0,-0.417080949782661,-0.18744778564790335,0,0.0,25,0,0,0.0,0.0,0.0,False,0.0,25.0,logistic,False,False,False,post,post,none,none,live,,
37,0,communication,-0.5361231418541368,0.24282297636614503,-0.37693938383304404,0.32069511988198673,9,0.36,25,0,0,0.36,0.0,0.0,True,0.9712333009739306,25.0,logistic,False,False,False,post,post,none,none,live,,
37,1,communication,-0.30051620070363205,1.0,-0.39602857763503196,-0.12183600503228417,8,0.32,25,0,0,0.32,0.0,0.0,True,0.0,25.0,logistic,False,False,False,post,post,none,none,live,,
37,2,communication,-0.4445995977257721,1.0,-0.3400860634466404,-0.015887150549737883,9,0.36,25,0,0,0.36,0.0,0.0,True,0.0,25.0,logistic,False,False,False,post,post,none,none,live,,
37,3,communication,-0.405673336990682,0.3194661310690311,-0.2952018795511209,0.4694345801934462,11,0.44,25,0,0,0.44,0.0,0.0,True,0.9742888904375924,25.0,logistic,False,False,False,post,post,none,none,live,,
37,4,communication,0.3280299836748876,0.20191151732782162,-0.32236809606198097,0.25299389943803824,1,0.04,25,0,0,0.04,0.0,0.0,False,0.10470166093574473,25.0,logistic,False,False,False,post,post,none,none,live,,
37,5,communication,-0.949812724191806,0.23757440631263949,-0.47528067685971775,0.3116033987836707,20,0.8,25,0,0,0.8,0.0,0.0,True,0.9994103301969599,25.0,logistic,False,False,False,post,post,none,none,live,,
37,6,communication,-1.0583513332342322,0.06818164093054016,-0.39734035303760956,0.07317052756787093,21,0.84,25,0,0,0.84,0.0,0.0,True,0.9882632378353374,25.0,logistic,False,False,False,post,post,none,none,live,,
37,7,communication,0.30676515541884053,0.3140289950321367,-0.40721969527896884,0.457787563552848,0,0.0,25,0,0,0.0,0.0,0.0,False,0.32266866103010616,25.0,logistic,False,False,False,post,post,none,none,live,,
37,8,communication,0.31182888320742985,0.1532204743506546,-0.47505394638141984,0.180944944592465,0,0.0,25,0,0,0.0,0.0,0.0,False,0.06040134409849371,25.0,logistic,False,False,False,post,post,none,none,live,,
37,9,communication,-1.8757713388646442,0.12385392183024402,-0.3653548199676561,0.14136218253578364,23,0.92,25,0,0,0.92,0.0,0.0,True,0.9999999820055198,25.0,logistic,False,False,False,post,post,none,none,live,,
38,0,communication,0.013525642289812956,1.0,0.37153641832709544,-0.19149208967537742,19,0.76,25,0,0,0.76,0.0,0.0,True,0.0,25.0,logistic,False,False,False,post,post,none,none,live,,
38,1,communication,1.8973166458459518,0.0673598149584622,0.2339280302442574,0.07222486875306808,0,0.0,25,0,0,0.0,0.0,0.0,False,1.5318124277418e-14,25.0,logistic,False,False,False,post,post,none,none,live,,
38,2,communication,0.7006247873526062,0.11979165456355177,0.4486373990804011,0.1360946589345884,0,0.0,25,0,0,0.0,0.0,0.0,False,0.0009286838915323212,25.0,logistic,False,False,False,post,post,none,none,live,,
38,3,communication,-1.344219342071081,0.09726748707366768,0.3547770347073576,0.10774784964636056,23,0.92,25,0,0,0.92,0.0,0.0,True,0.9997739807417896,25.0,logistic,False,False,False,post,post,none,none,live,,
38,4,communication,0.11505626219439052,1.0,0.36740879879529015,-0.2989177220761146,9,0.36,25,0,0,0.36,0.0,0.0,True,0.0,25.0,logistic,False,False,False,post,post,none,none,live,,
38,5,communication,0.18311448061915467,0.1107150003323544,0.3132196813916174,0.12449889560009689,13,0.52,25,0,0,0.52,0.0,0.0,True,0.07158794739858736,25.0,logistic,False,False,False,post,post,none,none,live,,
38,6,communication,1.8646050411985693,1.0,0.2223303561758399,-0.16905707691248315,0,0.0,25,0,0,0.0,0.0,0.0,False,0.0,25.0,logistic,False,False,False,post,post,none,none,live,,
38,7,communication,0.3103469000118934,1.0,0.31531361665295865,-0.11369944930153185,11,0.44,25,0,0,0.44,0.0,0.0,True,0.0,25.0,logistic,False,False,False,post,post,none,none,live,,
38,8,communication,1.817163274005439,1.0,0.33752568245066106,-0.025210767578309812,0,0.0,25,0,0,0.0,0.0,0.0,False,0.0,25.0,logistic,False,False,False,post,post,none,none,live,,
38,9,communication,-1.2793670473264236,1.0,0.3522150724296129,-0.06547834430861876,25,1.0,25,0,0,1.0,0.0,0.0,True,0.0,25.0,logistic,False,False,False,post,post,none,none,live,,
39,0,communication,-1.0596266984608274,0.23890231113906646,0.06168131073097999,0.313891783716503,22,0.88,25,0,0,0.88,0.0,0.0,True,0.9998518949377134,25.0,logistic,False,False,False,post,post,none,none,live,,
39,1,communication,2.5102225829557487,0.32787919431239976,0.11989214573870643,0.48782777074869643,0,0.0,25,0,0,0.0,0.0,0.0,False,5.80486519096801e-15,25.0,logistic,False,False,False,post,post,none,none,live,,
39,2,communication,-0.5479161879900791,0.33383680507413255,-0.04379076708643897,0.5011336675711765,22,0.88,25,0,0,0.88,0.0,0.0,True,0.9939605970894375,25.0,logistic,False,False,False,post,post,none,none,live,,
39,3,communication,0.5660735753685822,0.21834656148840217,-0.029369419921877492,0.2793393475044023,0,0.0,25,0,0,0.0,0.0,0.0,False,0.02638003503754192,25.0,logistic,False,False,False,post,post,none,none,live,,
39,4,communication,-1.194274020446661,0.4856001516964751,0.01880186916133922,0.944013014968744,19,0.76,25,0,0,0.76,0.0,0.0,True,0.9999999867774638,25.0,logistic,False,False,False,post,post,none,none,live,,
39,5,communication,0.01850024199568894,0.3031964035662221,-0.02002708350462295,0.4351246249559749,11,0.44,25,0,0,0.44,0.0,0.0,True,0.667767879126791,25.0,logistic,False,False,False,post,post,none,none,live,,
39,6,communication,-0.7369722695345033,0.35648723291741863,0.007821170431084414,0.5539707231195787,21,0.84,25,0,0,0.84,0.0,0.0,True,0.9994754195804338,25.0,logistic,False,False,False,post,post,none,none,live,,
39,7,communication,-0.246961565846497,0.3139306189209217,0.05202661542978767,0.457578530071053,16,0.64,25,0,0,0.64,0.0,0.0,True,0.9169586674869472,25.0,logistic,False,False,False,post,post,none,none,live,,
39,8,communication,0.5341762330896084,0.3777936476895885,0.06918589148863692,0.6071838487131221,0,0.0,25,0,0,0.0,0.0,0.0,False,0.2025476169981918,25.0,logistic,False,False,False,post,post,none,none,live,,
39,9,communication,1.3072238873897857,0.3484206717908035,0.08454833395186713,0.5347325439995225,0,0.0,25,0,0,0.0,0.0,0.0,False,0.0001681529780614163,25.0,logistic,False,False,False,post,post,none,none,live,,
40,0,communication,-0.8660609840179077,0.13943595392110594,0.08762394517145955,0.1620285608682318,23,0.92,25,0,0,0.92,0.0,0.0,True,0.988359738572467,25.0,logistic,False,False,False,post,post,none,none,live,,
40,1,communication,-0.26234500252585624,0.35364179053579686,0.28554678110182363,0.5471297267639676,19,0.76,25,0,0,0.76,0.0,0.0,True,0.9533052163566899,25.0,logistic,False,False,False,post,post,none,none,live,,
40,2,communication,0.3256934747918296,0.35660425278357927,0.28189937612625765,0.5542533570145396,9,0.36,25,0,0,0.36,0.0,0.0,True,0.39569175732292444,25.0,logistic,False,False,False,post,post,none,none,live,,
40,3,communication,0.23286449053716252,0.2871361623912722,0.2812863214016307,0.40279243698832945,16,0.64,25,0,0,0.64,0.0,0.0,True,0.35165170178778704,25.0,logistic,False,False,False,post,post,none,none,live,,
40,4,communication,0.2855044609535833,0.23326374874891245,0.3000201005936425,0.3042294509595637,10,0.4,25,0,0,0.4,0.0,0.0,True,0.1834550430600307,25.0,logistic,False,False,False,post,post,none,none,live,,
40,5,communication,-0.17057085322572127,0.32798202692010603,0.24780119819089505,0.48805543907843274,20,0.8,25,0,0,0.8,0.0,0.0,True,0.8880743176804299,25.0,logistic,False,False,False,post,post,none,none,live,,
40,6,communication,-0.43025325553342625,0.22953068745601193,0.24091826740868866,0.29791022655805965,19,0.76,25,0,0,0.76,0.0,0.0,True,0.9277018248292794,25.0,logistic,False,False,False,post,post,none,none,live,,
40,7,communication,0.7033046890185286,0.3124332026814769,0.3102229787341052,0.45440414502263793,0,0.0,25,0,0,0.0,0.0,0.0,False,0.03657689191841491,25.0,logistic,False,False,False,post,post,none,none,live,,
40,8,communication,-0.5071521981788178,0.37376409579343517,0.29872796358533654,0.5968423293566837,22,0.88,25,0,0,0.88,0.0,0.0,True,0.9955319258840822,25.0,logistic,False,False,False,post,post,none,none,live,,
40,9,communication,1.1159455666531264,0.2844497930244756,0.296557893776133,0.39752597407075496,1,0.04,25,0,0,0.04,0.0,0.0,False,0.00041689710922305167,25.0,logistic,False,False,False,post,post,none,none,live,,
41,0,communication,-0.40805970886862486,0.3721540264715533,0.4646254794658494,0.5927473332035179,20,0.8,25,0,0,0.8,0.0,0.0,True,0.9885337928668224,25.0,logistic,False,False,False,post,post,none,none,live,,
41,1,communication,2.5134698282750585,0.3721204904329416,0.4822250153718174,0.5926622620469487,0,0.0,25,0,0,0.0,0.0,0.0,False,4.194388271223619e-14,25.0,logistic,False,False,False,post,post,none,none,live,,
41,2,communication,0.16158780587241856,0.40237417069123393,0.42368162925825487,0.6732877846940339,16,0.64,25,0,0,0.64,0.0,0.0,True,0.71069445284478,25.0,logistic,False,False,False,post,post,none,none,live,,
41,3,communication,1.009889699471608,0.374828700328191,0.502423747524306,0.5995615929985297,0,0.0,25,0,0,0.0,0.0,0.0,False,0.007426140024092388,25.0,logistic,False,False,False,post,post,none,none,live,,
41,4,communication,-0.8322404880975006,0.4282809350446648,0.367768482446723,0.7491108156033309,23,0.92,25,0,0,0.92,0.0,0.0,True,0.9999710224265387,25.0,logistic,False,False,False,post,post,none,none,live,,
41,5,communication,-1.0507384331558587,0.3139974695347956,0.3434463313653091,0.4577205703918644,23,0.92,25,0,0,0.92,0.0,0.0,True,0.9999759393243298,25.0,logistic,False,False,False,post,post,none,none,live,,
41,6,communication,0.520281835528769,0.32787830273863067,0.37028172583292995,0.4878257971355565,8,0.32,25,0,0,0.32,0.0,0.0,False,0.13849089432954326,25.0,logistic,False,False,False,post,post,none,none,live,,
41,7,communication,0.581143151243223,0.38970881167267507,0.4218113295420017,0.638562081718371,7,0.28,25,0,0,0.28,0.0,0.0,False,0.17925904282162658,25.0,logistic,False,False,False,post,post,none,none,live,,
41,8,communication,1.4855931971939413,0.3643014174215642,0.4341948388609386,0.5730725652146861,0,0.0,25,0,0,0.0,0.0,0.0,False,2.207412894105207e-05,25.0,logistic,False,False,False,post,post,none,none,live,,
41,9,communication,0.42634891033254296,0.4422271665105235,0.4579724602592511,0.7928445775028355,9,0.36,25,0,0,0.36,0.0,0.0,False,0.46319114913843534,25.0,logistic,False,False,False,post,post,none,none,live,,
42,0,communication,-0.3097633204909868,0.4946286339200388,0.42648631495651906,0.9787428950649678,21,0.84,25,0,0,0.84,0.0,0.0,True,0.9961829935635792,25.0,logistic,False,False,False,post,post,none,none,live,,
42,1,communication,-0.4306734563318661,0.50590737877372,0.4192193392438171,1.0239120299309816,18,0.72,25,0,0,0.72,0.0,0.0,True,0.9991458246566176,25.0,logistic,False,False,False,post,post,none,none,live,,
42,2,communication,-0.08621814118828941,0.47860894603152976,0.37134828634784794,0.9179462178890249,21,0.84,25,0,0,0.84,0.0,0.0,True,0.9663085705287284,25.0,logistic,False,False,False,post,post,none,none,live,,
42,3,communication,-0.3808106391611805,0.45517613814044916,0.4054697114210333,0.8354555848322741,24,0.96,25,0,0,0.96,0.0,0.0,True,0.996252694579644,25.0,logistic,False,False,False,post,post,none,none,live,,
42,4,communication,1.731389580791666,0.37981062674869187,0.5589008735669105,0.612410729899411,1,0.04,25,0,0,0.04,0.0,0.0,False,7.499787110242922e-07,25.0,logistic,False,False,False,post,post,none,none,live,,
42,5,communication,0.2892044188710592,0.42628262778338394,0.3772514476428061,0.7430185112512755,11,0.44,25,0,0,0.44,0.0,0.0,True,0.6068356377751936,25.0,logistic,False,False,False,post,post,none,none,live,,
42,6,communication,0.3307902139396329,0.42880611036904087,0.5249089436609744,0.750719008296967,17,0.68,25,0,0,0.68,0.0,0.0,True,0.55855440494434,25.0,logistic,False,False,False,post,post,none,none,live,,
42,7,communication,-0.2886479021520115,0.41756444613241334,0.41347721470154775,0.7169281534405507,22,0.88,25,0,0,0.88,0.0,0.0,True,0.984060039422357,25.0,logistic,False,False,False,post,post,none,none,live,,
42,8,communication,-1.994307638210994,0.35849680969153414,0.4339854991052776,0.5588387012060712,23,0.92,25,0,0,0.92,0.0,0.0,True,0.9999999999999629,25.0,logistic,False,False,False,post,post,none,none,live,,
42,9,communication,0.9041610720975446,0.4563178251851079,0.5177924974906006,0.8393098878779145,3,0.12,25,0,0,0.12,0.0,0.0,False,0.05451972527917281,25.0,logistic,False,False,False,post,post,none,none,live,,
43,0,communication,2.057708428006163,0.31570556597005944,0.292607398893056,0.46135924869476014,0,0.0,25,0,0,0.0,0.0,0.0,False,1.6243742855196733e-10,25.0,logistic,False,False,False,post,post,none,none,live,,
43,1,communication,1.2347033772053722,0.3302972448792664,0.22076325124903276,0.493199770127451,0,0.0,25,0,0,0.0,0.0,0.0,False,0.00027639443162615524,25.0,logistic,False,False,False,post,post,none,none,live,,
43,2,communication,1.3169656523196418,0.2304161569133453,0.27609614434614693,0.29940357893844266,0,0.0,25,0,0,0.0,0.0,0.0,False,6.523698538127133e-06,25.0,logistic,False,False,False,post,post,none,none,live,,
43,3,communication,-0.39079250086218714,0.3921447668554741,0.32097633368122097,0.6451285527753882,23,0.92,25,0,0,0.92,0.0,0.0,True,0.9902558781978903,25.0,logistic,False,False,False,post,post,none,none,live,,
43,4,communication,1.0230043682963303,0.24658258912872483,0.2632350707793555,0.3272854935003016,0,0.0,25,0,0,0.0,0.0,0.0,False,0.0005313928647873327,25.0,logistic,False,False,False,post,post,none,none,live,,
43,5,communication,1.6325282607194487,0.4403095432537593,0.34211265351370224,0.7867018955683074,1,0.04,25,0,0,0.04,0.0,0.0,False,1.8597491133750847e-05,25.0,logistic,False,False,False,post,post,none,none,live,,
43,6,communication,-0.3935709586155777,0.29753057548111816,0.27722790405620884,0.4235495027913785,20,0.8,25,0,0,0.8,0.0,0.0,True,0.9618156364871241,25.0,logistic,False,False,False,post,post,none,none,live,,
43,7,communication,0.7094051125254692,0.3397196873816514,0.25084368183628897,0.5145082791193477,0,0.0,25,0,0,0.0,0.0,0.0,False,0.04993202948350422,25.0,logistic,False,False,False,post,post,none,none,live,,
43,8,communication,0.120047854498671,0.3107486141112185,0.26297199177695124,0.45084945851869684,13,0.52,25,0,0,0.52,0.0,0.0,True,0.5564361815364433,25.0,logistic,False,False,False,post,post,none,none,live,,
43,9,communication,-1.1107518931353466,0.2753818199377899,0.2798058312012831,0.38003713888899077,23,0.92,25,0,0,0.92,0.0,0.0,True,0.9999713703099294,25.0,logistic,False,False,False,post,post,none,none,live,,
44,0,communication,-0.43978861143297965,0.4343932527768315,-0.48712131298246214,0.7680128550613546,5,0.2,25,0,0,0.2,0.0,0.0,True,0.9970087541828695,25.0,logistic,False,False,False,post,post,none,none,live,,
44,1,communication,0.8059112741905188,0.41418392234066,-0.5499403954000166,0.7070204081723982,0,0.0,25,0,0,0.0,0.0,0.0,False,0.06393526571011703,25.0,logistic,False,False,False,post,post,none,none,live,,
44,2,communication,1.5313870304591979,0.38852620567770463,-0.5866428872204815,0.6353930606434466,0,0.0,25,0,0,0.0,0.0,0.0,False,2.131910740720628e-05,25.0,logistic,False,False,False,post,post,none,none,live,,
44,3,communication,0.15859830255752483,0.39561970984896994,-0.5677706838194804,0.654587378668665,0,0.0,25,0,0,0.0,0.0,0.0,False,0.7003369473937492,25.0,logistic,False,False,False,post,post,none,none,live,,
44,4,communication,-0.5526247526583512,0.4525956764823134,-0.5271816455526117,0.8268032549941856,6,0.24,25,0,0,0.24,0.0,0.0,True,0.9993845656676025,25.0,logistic,False,False,False,post,post,none,none,live,,
44,5,communication,-0.546492444502209,0.31723113100420486,-0.4996115615122187,0.4646244804201208,6,0.24,25,0,0,0.24,0.0,0.0,True,0.9918832468893268,25.0,logistic,False,False,False,post,post,none,none,live,,
44,6,communication,-1.287121453983537,0.45643732524238123,-0.5129542984218749,0.8397142527233169,18,0.72,25,0,0,0.72,0.0,0.0,True,0.9999999940950962,25.0,logistic,False,False,False,post,post,none,none,live,,
44,7,communication,1.1306537686888554,0.25016708731356685,-0.5013556685975773,0.3336304436374911,0,0.0,25,0,0,0.0,0.0,0.0,False,0.00015373741064648663,25.0,logistic,False,False,False,post,post,none,none,live,,
44,8,communication,-0.9653833780743339,0.4292726237109725,-0.5115055867785806,0.752150048420983,21,0.84,25,0,0,0.84,0.0,0.0,True,0.9999961004697702,25.0,logistic,False,False,False,post,post,none,none,live,,
44,9,communication,-0.07856965422619377,0.43447633102381206,-0.49519560295217774,0.7682725849660348,1,0.04,25,0,0,0.04,0.0,0.0,True,0.9388467378815492,25.0,logistic,False,False,False,post,post,none,none,live,,
45,0,communication,0.009325617498709596,0.003330144740013143,0.05042308804230059,0.0033412716582508217,12,0.48,25,0,0,0.48,0.0,0.0,True,0.0031346463489297406,25.0,logistic,False,False,False,post,post,none,none,live,,
45,1,communication,-1.5794049432180095,0.24507244847646098,0.1434415104164462,0.3246304204713073,23,0.92,25,0,0,0.92,0.0,0.0,True,0.9999999650665332,25.0,logistic,False,False,False,post,post,none,none,live,,
45,2,communication,1.0659413114651914,0.07317088154792004,0.09447932482225402,0.07894754285463595,0,0.0,25,0,0,0.0,0.0,0.0,False,9.593220420021972e-07,25.0,logistic,False,False,False,post,post,none,none,live,,
45,3,communication,1.9705814719563983,0.2506239049379234,-0.037754423913752284,0.33444342111975467,0,0.0,25,0,0,0.0,0.0,0.0,False,7.483090267289498e-11,25.0,logistic,False,False,False,post,post,none,none,live,,
45,4,communication,0.6378404938531856,0.23292525398165398,0.0751286982198543,0.30365392054776774,1,0.04,25,0,0,0.04,0.0,0.0,False,0.018810302439639597,25.0,logistic,False,False,False,post,post,none,none,live,,
45,5,communication,0.4507306443658148,0.2578985451560869,0.10972495831933288,0.3475246456838317,1,0.04,25,0,0,0.04,0.0,0.0,False,0.09807276067027798,25.0,logistic,False,False,False,post,post,none,none,live,,
45,6,communication,-0.6909274390960312,0.3048620084195175,0.05752262254856081,0.4385632955068042,20,0.8,25,0,0,0.8,0.0,0.0,True,0.9975139107824813,25.0,logistic,False,False,False,post,post,none,none,live,,
45,7,communication,-0.02479809515483157,0.04869526101541186,0.08960920423308943,0.05118786758845398,15,0.6,25,0,0,0.6,0.0,0.0,True,0.07887781363769081,25.0,logistic,False,False,False,post,post,none,none,live,,
45,8,communication,-0.990620574865332,1.0,0.010845103169938003,-0.05174408772595451,21,0.84,25,0,0,0.84,0.0,0.0,True,0.0,25.0,logistic,False,False,False,post,post,none,none,live,,
45,9,communication,-0.056467381182597046,0.1927920078110331,0.026761433969176563,0.23883808098607204,12,0.48,25,0,0,0.48,0.0,0.0,True,0.4853266499758103,25.0,logistic,False,False,False,post,post,none,none,live,,
46,0,communication,0.49130125792206764,0.2143939001002269,0.5516050849987129,0.2729025399975625,10,0.4,25,0,0,0.4,0.0,0.0,False,0.043237536251141684,25.0,logistic,False,False,False,post,post,none,none,live,,
46,1,communication,0.7732101626126499,0.2472587427546675,0.6227820540361378,0.3284777343804888,2,0.08,25,0,0,0.08,0.0,0.0,False,0.007418923315038729,25.0,logistic,False,False,False,post,post,none,none,live,,
46,2,communication,-0.1396346155110707,0.208625139245136,0.6713571199722377,0.2636236625537182,24,0.96,25,0,0,0.96,0.0,0.0,True,0.6367048993643062,25.0,logistic,False,False,False,post,post,none,none,live,,
46,3,communication,-0.893373213685774,0.12324576894547312,0.5951417069037356,0.1405704866656164,24,0.96,25,0,0,0.96,0.0,0.0,True,0.9871201918323462,25.0,logistic,False,False,False,post,post,none,none,live,,
46,4,communication,1.3210906858751936,0.20913758515163547,0.7249990716150996,0.2644424380588807,0,0.0,25,0,0,0.0,0.0,0.0,False,3.152009949274366e-06,25.0,logistic,False,False,False,post,post,none,none,live,,
46,5,communication,1.168601694899338,0.11478108933771308,0.6014461237463843,0.12966407286965692,0,0.0,25,0,0,0.0,0.0,0.0,False,1.2131754115972827e-06,25.0,logistic,False,False,False,post,post,none,none,live,,
46,6,communication,1.8512425393327887,0.3053616112233864,0.623263924162526,0.4395979493174636,0,0.0,25,0,0,0.0,0.0,0.0,False,7.481909223510142e-09,25.0,logistic,False,False,False,post,post,none,none,live,,
46,7,communication,-0.5956023378720755,0.23503064952986288,0.5930767777921363,0.3072419167976038,23,0.92,25,0,0,0.92,0.0,0.0,True,0.9796413515818819,25.0,logistic,False,False,False,post,post,none,none,live,,
46,8,communication,0.33417748772786615,0.04108187976899101,0.5443266458263533,0.04284190579180436,17,0.68,25,0,0,0.68,0.0,0.0,True,0.003311263164188438,25.0,logistic,False,False,False,post,post,none,none,live,,
46,9,communication,-0.041811718796845865,0.059627009091878826,0.6608542204699271,0.06340782824302177,24,0.96,25,0,0,0.96,0.0,0.0,True,0.11127351781558792,25.0,logistic,False,False,False,post,post,none,none,live,,
47,0,communication,0.362705859423309,0.388584543822442,-0.00775038095556399,0.6355491015091304,2,0.08,25,0,0,0.08,0.0,0.0,False,0.42201244014447226,25.0,logistic,False,False,False,post,post,none,none,live,,
47,1,communication,-0.17706876755066453,0.4079078464581668,-0.07096144385768678,0.688926282873544,13,0.52,25,0,0,0.52,0.0,0.0,True,0.9570096792318922,25.0,logistic,False,False,False,post,post,none,none,live,,
47,2,communication,1.4091434770074867,0.3263252302221362,0.0179410420743263,0.48439580174531116,0,0.0,25,0,0,0.0,0.0,0.0,False,2.4591339985389548e-05,25.0,logistic,False,False,False,post,post,none,none,live,,
47,3,communication,1.9085304495916753,0.24561214557654437,0.014882830955427029,0.3255780751722926,0,0.0,25,0,0,0.0,0.0,0.0,False,2.311072620174102e-10,25.0,logistic,False,False,False,post,post,none,none,live,,
47,4,communication,1.9108201009668384,0.34612720278057457,-0.058221427611034285,0.5293494457216605,1,0.04,25,0,0,0.04,0.0,0.0,False,1.0032463112495533e-08,25.0,logistic,False,False,False,post,post,none,none,live,,
47,5,communication,-0.4473706676323977,0.3405243772114557,0.09081680744822258,0.5163562767818063,23,0.92,25,0,0,0.92,0.0,0.0,True,0.9866297245289497,25.0,logistic,False,False,False,post,post,none,none,live,,
47,6,communication,0.39043285801211447,0.413977372568452,0.04702576092212629,0.7064187510691434,6,0.24,25,0,0,0.24,0.0,0.0,False,0.44478682695593574,25.0,logistic,False,False,False,post,post,none,none,live,,
47,7,communication,0.13449562746819685,0.290103185078524,-0.022794163170516475,0.4086554256629723,5,0.2,25,0,0,0.2,0.0,0.0,True,0.486282503371056,25.0,logistic,False,False,False,post,post,none,none,live,,
47,8,communication,0.6283539113988577,0.4039724023216442,0.029984609275284773,0.6777746599237953,0,0.0,25,0,0,0.0,0.0,0.0,False,0.1608387417646469,25.0,logistic,False,False,False,post,post,none,none,live,,
47,9,communication,0.8482491384777738,0.39890549788217605,0.033523687112418515,0.6636319189024695,0,0.0,25,0,0,0.0,0.0,0.0,False,0.03971583246923881,25.0,logistic,False,False,False,post,post,none,none,live,,
48,0,communication,1.146881151306935,0.25258590223996175,-0.13558170038003603,0.3379463981171198,0,0.0,25,0,0,0.0,0.0,0.0,False,0.0001324750209446764,25.0,logistic,False,False,False,post,post,none,none,live,,
48,1,communication,-0.1361516605387334,0.03221372105475427,-0.006543455197577194,0.03328598654019234,10,0.4,25,0,0,0.4,0.0,0.0,True,0.09887429915098195,25.0,logistic,False,False,False,post,post,none,none,live,,
48,2,communication,0.38241763863147865,0.21919088873053483,-0.01503872325157922,0.2807227599767209,3,0.12,25,0,0,0.12,0.0,0.0,False,0.09358156563279513,25.0,logistic,False,False,False,post,post,none,none,live,,
48,3,communication,-0.9452452668836515,1.0,-0.09337337851976207,-0.03272488863956824,22,0.88,25,0,0,0.88,0.0,0.0,True,0.0,25.0,logistic,False,False,False,post,post,none,none,live,,
48,4,communication,0.7902440663889795,1.0,-0.15580927558163685,-0.06894603474856079,0,0.0,25,0,0,0.0,0.0,0.0,False,0.0,25.0,logistic,False,False,False,post,post,none,none,live,,
48,5,communication,-0.6495224409603457,0.16315640282335264,-0.0360807595792865,0.19496642308528336,23,0.92,25,0,0,0.92,0.0,0.0,True,0.9579486337233868,25.0,logistic,False,False,False,post,post,none,none,live,,
48,6,communication,-1.3850041208961774,0.09761167489179266,-0.21671437787170378,0.1081703654356209,20,0.8,25,0,0,0.8,0.0,0.0,True,0.9998672222005185,25.0,logistic,False,False,False,post,post,none,none,live,,
48,7,communication,-0.05177076151687615,0.20110617477357534,-0.015471923745669275,0.25173079128077785,12,0.48,25,0,0,0.48,0.0,0.0,True,0.5020930427189697,25.0,logistic,False,False,False,post,post,none,none,live,,
48,8,communication,-0.33432975113929003,1.0,-0.05373931818588329,-0.12767162231797466,17,0.68,25,0,0,0.68,0.0,0.0,True,0.0,25.0,logistic,False,False,False,post,post,none,none,live,,
48,9,communication,-0.4582845680830375,1.0,-0.08893379920672459,-0.062383075446638736,16,0.64,25,0,0,0.64,0.0,0.0,True,0.0,25.0,logistic,False,False,False,post,post,none,none,live,,
49,0,communication,-0.6453023565918465,0.3806298137097087,0.02274660025314839,0.6145433250339113,19,0.76,25,0,0,0.76,0.0,0.0,True,0.9990832232965917,25.0,logistic,False,False,False,post,post,none,none,live,,
49,1,communication,0.19853690745501396,0.4199924375744535,-0.014059853442906925,0.7241154508711537,5,0.2,25,0,0,0.2,0.0,0.0,True,0.7041148053956703,25.0,logistic,False,False,False,post,post,none,none,live,,
49,2,communication,-0.5849550645090076,0.45847690849849215,-0.016269236996369903,0.8466433208365143,16,0.64,25,0,0,0.64,0.0,0.0,True,0.9996293560390633,25.0,logistic,False,False,False,post,post,none,none,live,,
49,3,communication,0.3402230196570167,0.4348356227021989,-0.022927862504982986,0.7693967280479742,1,0.04,25,0,0,0.04,0.0,0.0,False,0.5601301715723059,25.0,logistic,False,False,False,post,post,none,none,live,,
49,4,communication,-0.7221726633290313,0.3896917730865534,0.03132040594921216,0.6385163363393742,22,0.88,25,0,0,0.88,0.0,0.0,True,0.9996938338892507,25.0,logistic,False,False,False,post,post,none,none,live,,
49,5,communication,0.094297351573592,0.3606981496737914,-0.006480425062735053,0.564206328340427,4,0.16,25,0,0,0.16,0.0,0.0,True,0.7024324342261321,25.0,logistic,False,False,False,post,post,none,none,live,,
49,6,communication,1.4465422837608273,0.38671468796016856,-0.06444730078226582,0.6305624484531146,0,0.0,25,0,0,0.0,0.0,0.0,False,6.655002415256223e-05,25.0,logistic,False,False,False,post,post,none,none,live,,
49,7,communication,0.19861642517731246,0.34579440343351425,-0.040634195639572844,0.5285714540633278,8,0.32,25,0,0,0.32,0.0,0.0,True,0.5374030838324869,25.0,logistic,False,False,False,post,post,none,none,live,,
49,8,communication,0.05732451664507009,0.39682880506774915,-0.052574764612541666,0.6579041048409509,4,0.16,25,0,0,0.16,0.0,0.0,True,0.8078817582899397,25.0,logistic,False,False,False,post,post,none,none,live,,
49,9,communication,0.22989790196995175,0.35267610725931003,-0.03267189151543955,0.5448217055083857,5,0.2,25,0,0,0.2,0.0,0.0,False,0.5124271054671407,25.0,logistic,False,False,False,post,post,none,none,live,,
50,0,communication,1.7174965885609348,1.0,0.11972238705383798,-0.12710075935667653,0,0.0,25,0,0,0.0,0.0,0.0,False,0.0,25.0,logistic,False,False,False,post,post,none,none,live,,
50,1,communication,1.0639207591072983,0.18697605718675822,0.28111227954847606,0.22997607738313328,0,0.0,25,0,0,0.0,0.0,0.0,False,6.885545931412877e-05,25.0,logistic,False,False,False,post,post,none,none,live,,
50,2,communication,0.20007751480415972,0.02132516567814393,0.211800468153056,0.021789837574520424,11,0.44,25,0,0,0.44,0.0,0.0,True,0.004358484107935777,25.0,logistic,False,False,False,post,post,none,none,live,,
50,3,communication,-0.8740082063986987,0.21179432909628076,0.2073449818083159,0.2687043964723667,21,0.84,25,0,0,0.84,0.0,0.0,True,0.9975923066253529,25.0,logistic,False,False,False,post,post,none,none,live,,
50,4,communication,1.0282125948545584,1.0,0.18938581510767033,-0.00648664086818318,0,0.0,25,0,0,0.0,0.0,0.0,False,0.0,25.0,logistic,False,False,False,post,post,none,none,live,,
50,5,communication,-1.972137455965063,0.11901425040465288,0.16314123596647123,0.1350921402069424,22,0.88,25,0,0,0.88,0.0,0.0,True,0.9999999964927443,25.0,logistic,False,False,False,post,post,none,none,live,,
50,6,communication,-1.1621618218207659,1.0,0.22054449643980334,-0.006592500686509267,20,0.8,25,0,0,0.8,0.0,0.0,True,0.0,25.0,logistic,False,False,False,post,post,none,none,live,,
50,7,communication,1.4624626287119908,0.16314885448358368,0.23521614357444023,0.19495564457034398,0,0.0,25,0,0,0.0,0.0,0.0,False,5.4022883586240535e-08,25.0,logistic,False,False,False,post,post,none,none,live,,
50,8,communication,0.2932032645589565,0.2466119645547604,0.2230760128227,0.3273372458178433,7,0.28,25,0,0,0.28,0.0,0.0,False,0.20031559245985736,25.0,logistic,False,False,False,post,post,none,none,live,,
50,9,communication,0.40484171178631945,0.1224213636396156,0.17922109181072193,0.1394990244376714,8,0.32,25,0,0,0.32,0.0,0.0,False,0.01767315462470244,25.0,logistic,False,False,False,post,post,none,none,live,,
51,0,communication,-0.6787808062521741,0.3143574991488926,0.5515708701954403,0.45848601677794437,23,0.92,25,0,0,0.92,0.0,0.0,True,0.9976501313125927,25.0,logistic,False,False,False,post,post,none,none,live,,
51,1,communication,-0.2556227452237275,0.23308824415878038,0.7236637178329343,0.3039309834325171,21,0.84,25,0,0,0.84,0.0,0.0,True,0.8160256492412508,25.0,logistic,False,False,False,post,post,none,none,live,,
51,2,communication,-0.17905024307805517,0.1821551761975866,0.5439715784891724,0.22272584101063433,24,0.96,25,0,0,0.96,0.0,0.0,True,0.6167040143487339,25.0,logistic,False,False,False,post,post,none,none,live,,
51,3,communication,2.409939918518845,0.2481633189498187,0.5812434721317695,0.33007609924429193,2,0.08,25,0,0,0.08,0.0,0.0,False,1.5576002586698421e-15,25.0,logistic,False,False,False,post,post,none,none,live,,
51,4,communication,1.8704156347265273,0.42143327841029343,0.6652127177563828,0.7284091232422367,1,0.04,25,0,0,0.04,0.0,0.0,False,2.475922376857986e-07,25.0,logistic,False,False,False,post,post,none,none,live,,
51,5,communication,0.749750128342678,0.20116664105939477,0.6423365202272002,0.25182553884101366,7,0.28,25,0,0,0.28,0.0,0.0,False,0.0038371514074065057,25.0,logistic,False,False,False,post,post,none,none,live,,
51,6,communication,1.0955041437356743,0.27639812796613134,0.5696250369426946,0.38197541859481854,2,0.08,25,0,0,0.08,0.0,0.0,False,0.000443794569978391,25.0,logistic,False,False,False,post,post,none,none,live,,
51,7,communication,-0.008219911566479055,0.03926104086779272,0.6023343339022589,0.04086546141863079,21,0.84,25,0,0,0.84,0.0,0.0,True,0.05468219423285267,25.0,logistic,False,False,False,post,post,none,none,live,,
51,8,communication,2.000587215231957,1.0,0.6997515242447938,-0.006523396522114588,0,0.0,25,0,0,0.0,0.0,0.0,False,0.0,25.0,logistic,False,False,False,post,post,none,none,live,,
51,9,communication,0.34252407852978445,0.1342435301422341,0.6486521863085871,0.1550592283350638,18,0.72,25,0,0,0.72,0.0,0.0,True,0.03586547764510342,25.0,logistic,False,False,False,post,post,none,none,live,,
52,0,communication,-0.7892074704806014,0.10769664296959275,-0.4539335338396145,0.1206951000700121,18,0.72,25,0,0,0.72,0.0,0.0,True,0.960010627247638,25.0,logistic,False,False,False,post,post,none,none,live,,
52,1,communication,-0.9676679644345909,0.046535873532462545,-0.5122902873080357,0.048807157228738116,19,0.76,25,0,0,0.76,0.0,0.0,True,0.9555535982757473,25.0,logistic,False,False,False,post,post,none,none,live,,
52,2,communication,1.7394474899821177,0.1882116921170912,-0.5201814241319987,0.2318482420717971,0,0.0,25,0,0,0.0,0.0,0.0,False,7.008180147694635e-10,25.0,logistic,False,False,False,post,post,none,none,live,,
52,3,communication,-1.8727074244162383,0.11011957154973695,-0.49913689851592513,0.12374648102050231,24,0.96,25,0,0,0.96,0.0,0.0,True,0.9999999634806389,25.0,logistic,False,False,False,post,post,none,none,live,,
52,4,communication,-1.5502330998357836,0.142887270906285,-0.4965339144332664,0.16670767573055378,20,0.8,25,0,0,0.8,0.0,0.0,True,0.9999976336137016,25.0,logistic,False,False,False,post,post,none,none,live,,
52,5,communication,-0.44264526567582146,0.010147225751561656,-0.44704544132291407,0.010251247473914593,7,0.28,25,0,0,0.28,0.0,0.0,True,0.2085247277295031,25.0,logistic,False,False,False,post,post,none,none,live,,
52,6,communication,0.7993962331636068,1.0,-0.5259929226955763,-0.18833408592526338,0,0.0,25,0,0,0.0,0.0,0.0,False,0.0,25.0,logistic,False,False,False,post,post,none,none,live,,
52,7,communication,-0.739533607364367,0.02092163383027896,-0.5418241969383479,0.02136870198871521,17,0.68,25,0,0,0.68,0.0,0.0,True,0.6913833173378485,25.0,logistic,False,False,False,post,post,none,none,live,,
52,8,communication,-1.2303615076345549,0.125360002162325,-0.4751506176794044,0.14332754330038158,22,0.88,25,0,0,0.88,0.0,0.0,True,0.9996247987881337,25.0,logistic,False,False,False,post,post,none,none,live,,
52,9,communication,1.4346861040442553,0.1838638631302844,-0.46073381240195826,0.22528577626214782,0,0.0,25,0,0,0.0,0.0,0.0,False,1.9875604608484405e-07,25.0,logistic,False,False,False,post,post,none,none,live,,
53,0,communication,1.3066612424448953,0.5231626626171384,0.29313760290984014,1.0971512119594806,1,0.04,25,0,0,0.04,0.0,0.0,False,0.0053312561330275095,25.0,logistic,False,False,False,post,post,none,none,live,,
53,1,communication,1.226069027080509,0.5549051646535323,0.370905010822594,1.2467122073469736,0,0.0,25,0,0,0.0,0.0,0.0,False,0.01790189885953258,25.0,logistic,False,False,False,post,post,none,none,live,,
53,2,communication,0.33188206826172945,0.5006548480448468,0.30921341655694423,1.0026228272860278,10,0.4,25,0,0,0.4,0.0,0.0,True,0.7136969042096944,25.0,logistic,False,False,False,post,post,none,none,live,,
53,3,communication,0.3946289869240437,0.5858566046045381,0.3106233549594755,1.4146225947780937,6,0.24,25,0,0,0.24,0.0,0.0,False,0.8035374567938607,25.0,logistic,False,False,False,post,post,none,none,live,,
53,4,communication,0.01484971549257147,0.5348174486312599,0.2759375583408067,1.149693699941298,15,0.6,25,0,0,0.6,0.0,0.0,True,0.9656670155338067,25.0,logistic,False,False,False,post,post,none,none,live,,
53,5,communication,0.8343557079225716,0.5175205924034529,0.27373217852097326,1.0726273168454217,0,0.0,25,0,0,0.0,0.0,0.0,False,0.15572472880586252,25.0,logistic,False,False,False,post,post,none,none,live,,
53,6,communication,1.4836655672059407,0.440991835554055,0.42518399943597324,0.7888826382189595,0,0.0,25,0,0,0.0,0.0,0.0,False,0.00014502164818390489,25.0,logistic,False,False,False,post,post,none,none,live,,
53,7,communication,-0.9100503987115749,0.5174607533524487,0.2818889585194571,1.0723702930849979,21,0.84,25,0,0,0.84,0.0,0.0,True,0.9999992151531029,25.0,logistic,False,False,False,post,post,none,none,live,,
53,8,communication,-0.9025568927278986,0.5035211600851819,0.28707724794909034,1.0141845323590668,23,0.92,25,0,0,0.92,0.0,0.0,True,0.9999986718694565,25.0,logistic,False,False,False,post,post,none,none,live,,
53,9,communication,-0.3451975849891303,0.5323449098727681,0.31795140517822656,1.1383280565340073,22,0.88,25,0,0,0.88,0.0,0.0,True,0.9986777921786095,25.0,logistic,False,False,False,post,post,none,none,live,,
54,0,communication,1.1065640783065287,0.3333673514014091,0.19661695986670505,0.5000765445590175,1,0.04,25,0,0,0.04,0.0,0.0,False,0.0013150553590014623,25.0,logistic,False,False,False,post,post,none,none,live,,
54,1,communication,-0.6338166383789874,0.318284106411031,0.1646495373232782,0.4668867330280199,25,1.0,25,0,0,1.0,0.0,0.0,True,0.9965451654449283,25.0,logistic,False,False,False,post,post,none,none,live,,
54,2,communication,-0.8118147036463289,0.018020826794265567,0.22333039735513008,0.018351536657784107,23,0.92,25,0,0,0.92,0.0,0.0,True,0.7484631183017469,25.0,logistic,False,False,False,post,post,none,none,live,,
54,3,communication,-0.7513167308073314,0.08530562060112874,0.14904707939207323,0.09326133681633729,23,0.92,25,0,0,0.92,0.0,0.0,True,0.921977398826346,25.0,logistic,False,False,False,post,post,none,none,live,,
54,4,communication,-0.6323874901959092,0.23012638920762477,0.21095780914670342,0.29891450490265836,20,0.8,25,0,0,0.8,0.0,0.0,True,0.9836853646182132,25.0,logistic,False,False,False,post,post,none,none,live,,
54,5,communication,-0.23524600407632978,0.24060284232194848,0.20894721287977103,0.3168340043010178,20,0.8,25,0,0,0.8,0.0,0.0,True,0.8110570066527885,25.0,logistic,False,False,False,post,post,none,none,live,,
54,6,communication,0.6293888409563285,0.16034654587626287,0.20975538580560468,0.19096752962637498,2,0.08,25,0,0,0.08,0.0,0.0,False,0.005286418017597982,25.0,logistic,False,False,False,post,post,none,none,live,,
54,7,communication,-0.09287368967617732,0.054607524594298615,0.2505452279544581,0.05776175082297391,19,0.76,25,0,0,0.76,0.0,0.0,True,0.1334721059907778,25.0,logistic,False,False,False,post,post,none,none,live,,
54,8,communication,0.9219304003012285,0.13862356135986573,0.21861404153182942,0.1609326133632265,1,0.04,25,0,0,0.04,0.0,0.0,False,0.0001088464458808517,25.0,logistic,False,False,False,post,post,none,none,live,,
54,9,communication,-0.28538823608243963,0.16278523797916297,0.2691271158217559,0.19443665516150022,22,0.88,25,0,0,0.88,0.0,0.0,True,0.6952672171835846,25.0,logistic,False,False,False,post,post,none,none,live,,
55,0,communication,-1.0554036274544651,0.42319888426286667,0.18492659545542803,0.733699836419408,22,0.88,25,0,0,0.88,0.0,0.0,True,0.9999989044998703,25.0,logistic,False,False,False,post,post,none,none,live,,
55,1,communication,1.0098664136382325,0.36095066807123133,0.160242739499653,0.564824419707655,0,0.0,25,0,0,0.0,0.0,0.0,False,0.00588491184543853,25.0,logistic,False,False,False,post,post,none,none,live,,
55,2,communication,-0.36578061085408753,0.452510918346433,0.23719230518484158,0.8265204430739076,23,0.92,25,0,0,0.92,0.0,0.0,True,0.9954505865465348,25.0,logistic,False,False,False,post,post,none,none,live,,
55,3,communication,-0.19932218175286967,0.4314809313096941,0.2052086586347814,0.7589559525306587,16,0.64,25,0,0,0.64,0.0,0.0,True,0.9732010394481055,25.0,logistic,False,False,False,post,post,none,none,live,,
55,4,communication,-1.640318202456736,0.4436977653307304,0.20337420301514336,0.7975840068205292,20,0.8,25,0,0,0.8,0.0,0.0,True,0.9999999999949517,25.0,logistic,False,False,False,post,post,none,none,live,,
55,5,communication,-0.4568329488791969,0.46461890311871745,0.1621023131273147,0.8678283671672924,19,0.76,25,0,0,0.76,0.0,0.0,True,0.9985714213760035,25.0,logistic,False,False,False,post,post,none,none,live,,
55,6,communication,1.1716754025243106,0.39496490705595116,0.13266474735642644,0.6527966917325172,0,0.0,25,0,0,0.0,0.0,0.0,False,0.0021488841890939508,25.0,logistic,False,False,False,post,post,none,none,live,,
55,7,communication,-0.04404671890661879,0.473230807167775,0.18712968141217387,0.8983646226982338,16,0.64,25,0,0,0.64,0.0,0.0,True,0.9512511357531122,25.0,logistic,False,False,False,post,post,none,none,live,,
55,8,communication,-0.2685849386152231,0.37930686286142984,0.09022574535402945,0.611102073095339,17,0.68,25,0,0,0.68,0.0,0.0,True,0.9680113213963482,25.0,logistic,False,False,False,post,post,none,none,live,,
55,9,communication,-2.4824119538971594,0.40430637052093504,0.21109601400429187,0.6787152833487604,24,0.96,25,0,0,0.96,0.0,0.0,True,1.0,25.0,logistic,False,False,False,post,post,none,none,live,,
56,0,communication,-1.7353957768432697,0.3462785059363397,-0.7761769235358031,0.5297034120506042,22,0.88,25,0,0,0.88,0.0,0.0,True,0.9999999999699577,25.0,logistic,False,False,False,post,post,none,none,live,,
56,1,communication,-0.33678257430158154,0.29267390793669545,-0.8568811551928882,0.4137750766169977,0,0.0,25,0,0,0.0,0.0,0.0,True,0.9397404336721313,25.0,logistic,False,False,False,post,post,none,none,live,,
56,2,communication,-3.1379383785475694,0.3896681368623648,-0.8591388342786694,0.6384528817799754,25,1.0,25,0,0,1.0,0.0,0.0,True,1.0,25.0,logistic,False,False,False,post,post,none,none,live,,
56,3,communication,-1.777461511837933,0.43456107606401534,-0.7984332709947006,0.768537604449059,24,0.96,25,0,0,0.96,0.0,0.0,True,0.9999999999997174,25.0,logistic,False,False,False,post,post,none,none,live,,
56,4,communication,-1.3448600712321754,0.32038118598282794,-0.8618515322325363,0.47141306181487325,21,0.84,25,0,0,0.84,0.0,0.0,True,0.99999981538246,25.0,logistic,False,False,False,post,post,none,none,live,,
56,5,communication,-1.0947357284497805,0.45164988084982255,-0.891931419855292,0.8236523802525673,15,0.6,25,0,0,0.6,0.0,0.0,True,0.9999997587254852,25.0,logistic,False,False,False,post,post,none,none,live,,
56,6,communication,-0.7314951569919991,0.3839106902923279,-0.8392859693165012,0.6231412950088185,2,0.08,25,0,0,0.08,0.0,0.0,True,0.9996900944765064,25.0,logistic,False,False,False,post,post,none,none,live,,
56,7,communication,-1.7095224757312482,0.37894031687587854,-0.8537086186520423,0.6101512095740815,22,0.88,25,0,0,0.88,0.0,0.0,True,0.9999999999856681,25.0,logistic,False,False,False,post,post,none,none,live,,
56,8,communication,-0.32439608979720047,0.4188108231215101,-0.9189911774692089,0.720610155493435,0,0.0,25,0,0,0.0,0.0,0.0,True,0.9884694153129548,25.0,logistic,False,False,False,post,post,none,none,live,,
56,9,communication,0.8354632387410175,0.37576340878026654,-0.8808023275392367,0.6019567165167934,0,0.0,25,0,0,0.0,0.0,0.0,False,0.03223182757195007,25.0,logistic,False,False,False,post,post,none,none,live,,
57,0,communication,-0.2776171982763418,0.5100610156850447,-0.1183049855336831,1.0410704843139285,15,0.6,25,0,0,0.6,0.0,0.0,True,0.9959851207124503,25.0,logistic,False,False,False,post,post,none,none,live,,
57,1,communication,-0.21089472753252875,0.45636261964038793,-0.13489879327468104,0.8394614427332194,13,0.52,25,0,0,0.52,0.0,0.0,True,0.9827675222596262,25.0,logistic,False,False,False,post,post,none,none,live,,
57,2,communication,1.3834693208922857,0.4793726756108176,-0.10439164908456862,0.9207597318739154,0,0.0,25,0,0,0.0,0.0,0.0,False,0.0010869549701416792,25.0,logistic,False,False,False,post,post,none,none,live,,
57,3,communication,-0.5536591102082059,0.4696237926739856,-0.25851074200625884,0.8854541100960713,15,0.6,25,0,0,0.6,0.0,0.0,True,0.9995730847590026,25.0,logistic,False,False,False,post,post,none,none,live,,
57,4,communication,-1.5133210512364668,0.49385803443803866,-0.2527358736690115,0.9757302654991589,22,0.88,25,0,0,0.88,0.0,0.0,True,0.9999999999876553,25.0,logistic,False,False,False,post,post,none,none,live,,
57,5,communication,-0.658369782970589,0.5610525672999468,-0.19733602512709153,1.278177124419661,24,0.96,25,0,0,0.96,0.0,0.0,True,0.9999876967823733,25.0,logistic,False,False,False,post,post,none,none,live,,
57,6,communication,-0.53551752682569,0.4835664335139001,-0.20573010682507203,0.9363574811842047,18,0.72,25,0,0,0.72,0.0,0.0,True,0.9996042381904219,25.0,logistic,False,False,False,post,post,none,none,live,,
57,7,communication,-1.4940992774214394,0.50187416610464,-0.15856536999050352,1.007524870131645,21,0.84,25,0,0,0.84,0.0,0.0,True,0.9999999999861157,25.0,logistic,False,False,False,post,post,none,none,live,,
57,8,communication,0.1131048808925133,0.45325515267614497,-0.22447505689527147,0.8290067202181918,0,0.0,25,0,0,0.0,0.0,0.0,False,0.8452788309427124,25.0,logistic,False,False,False,post,post,none,none,live,,
57,9,communication,-0.10344949712818244,0.49892070196123367,-0.18581026641920284,0.9956921068461988,4,0.16,25,0,0,0.16,0.0,0.0,True,0.9775289117593801,25.0,logistic,False,False,False,post,post,none,none,live,,
58,0,communication,-0.7153117869810903,1.0,-0.23439410411030348,-0.44946942698996845,23,0.92,25,0,0,0.92,0.0,0.0,True,0.0,25.0,logistic,False,False,False,post,post,none,none,live,,
58,1,communication,-1.0062737167988467,1.0,-0.3447926312102232,-0.4523975476922622,23,0.92,25,0,0,0.92,0.0,0.0,True,0.0,25.0,logistic,False,False,False,post,post,none,none,live,,
58,2,communication,-1.8965466195549388,1.0,-0.26441685692715294,-0.5988487842487928,24,0.96,25,0,0,0.96,0.0,0.0,True,0.0,25.0,logistic,False,False,False,post,post,none,none,live,,
58,3,communication,-0.010969873539607766,1.0,-0.29880854115425487,-0.5456761108126289,3,0.12,25,0,0,0.12,0.0,0.0,True,0.0,25.0,logistic,False,False,False,post,post,none,none,live,,
58,4,communication,-2.4089849905642544,1.0,-0.3541807700909639,-0.5785038186205531,21,0.84,25,0,0,0.84,0.0,0.0,True,0.0,25.0,logistic,False,False,False,post,post,none,none,live,,
58,5,communication,-0.09473680614508978,1.0,-0.3065430839627665,-0.3127657423093882,4,0.16,25,0,0,0.16,0.0,0.0,True,0.0,25.0,logistic,False,False,False,post,post,none,none,live,,
58,6,communication,-1.4922637993085788,1.0,-0.31135326952246667,-0.32487295365545316,21,0.84,25,0,0,0.84,0.0,0.0,True,0.0,25.0,logistic,False,False,False,post,post,none,none,live,,
58,7,communication,-0.7533207369828878,1.0,-0.34789443355949695,-0.4232784678543279,19,0.76,25,0,0,0.76,0.0,0.0,True,0.0,25.0,logistic,False,False,False,post,post,none,none,live,,
58,8,communication,0.6086118192521403,1.0,-0.34099211598722545,-0.1890568058474447,0,0.0,25,0,0,0.0,0.0,0.0,False,0.0,25.0,logistic,False,False,False,post,post,none,none,live,,
58,9,communication,0.44497807777180554,1.0,-0.3380995259898597,-0.410613594805484,1,0.04,25,0,0,0.04,0.0,0.0,False,0.0,25.0,logistic,False,False,False,post,post,none,none,live,,
59,0,communication,-1.544862210364908,0.364371836343321,0.014857203239103101,0.5732468401764033,24,0.96,25,0,0,0.96,0.0,0.0,True,0.999999999113338,25.0,logistic,False,False,False,post,post,none,none,live,,
59,1,communication,1.102145795310001,0.33388264120342864,0.10399803108194042,0.5012369619170886,0,0.0,25,0,0,0.0,0.0,0.0,False,0.0013944570240103733,25.0,logistic,False,False,False,post,post,none,none,live,,
59,2,communication,-1.3519074563752234,0.3159258640284832,0.004435898135330506,0.4618298623142765,25,1.0,25,0,0,1.0,0.0,0.0,True,0.9999998116024197,25.0,logistic,False,False,False,post,post,none,none,live,,
59,3,communication,0.24853915126332732,0.16550396538275292,-0.08497638789728477,0.19832804293511536,4,0.16,25,0,0,0.16,0.0,0.0,False,0.10585638198313152,25.0,logistic,False,False,False,post,post,none,none,live,,
59,4,communication,-0.1267857005823187,0.264076399356186,0.02590903242069206,0.35883670414315005,13,0.52,25,0,0,0.52,0.0,0.0,True,0.7492225929516574,25.0,logistic,False,False,False,post,post,none,none,live,,
59,5,communication,0.9938039775830936,0.26578893524277847,0.01667713209897518,0.3620061696164518,0,0.0,25,0,0,0.0,0.0,0.0,False,0.0011354145299230995,25.0,logistic,False,False,False,post,post,none,none,live,,
59,6,communication,-0.8733666311763325,0.2842390256395369,-0.018048519196286278,0.39711444996495693,22,0.88,25,0,0,0.88,0.0,0.0,True,0.9994961912865576,25.0,logistic,False,False,False,post,post,none,none,live,,
59,7,communication,1.7258444675003468,0.25968380093085286,-0.055548017753527565,0.350774170898019,0,0.0,25,0,0,0.0,0.0,0.0,False,1.58731332672266e-08,25.0,logistic,False,False,False,post,post,none,none,live,,
59,8,communication,1.445996660275186,0.3098143613487884,-0.04992863164276422,0.44888555194257596,0,0.0,25,0,0,0.0,0.0,0.0,False,9.192563538638366e-06,25.0,logistic,False,False,False,post,post,none,none,live,,
59,9,communication,0.1783867571039959,0.3269258977009375,0.0451043747478297,0.4857205121757555,8,0.32,25,0,0,0.32,0.0,0.0,True,0.5186289372534495,25.0,logistic,False,False,False,post,post,none,none,live,,
60,0,communication,3.2112400027978323,0.38258960327283165,0.47294426363155967,0.6196682227913578,0,0.0,25,0,0,0.0,0.0,0.0,False,1.1506618765123074e-22,25.0,logistic,False,False,False,post,post,none,none,live,,
60,1,communication,1.2532575855350125,0.5243238615621255,0.4933203913029023,1.1022706820737542,0,0.0,25,0,0,0.0,0.0,0.0,False,0.008923665087712229,25.0,logistic,False,False,False,post,post,none,none,live,,
60,2,communication,1.4985900402696894,0.4627093368951452,0.4821936349100059,0.861189982757704,0,0.0,25,0,0,0.0,0.0,0.0,False,0.00019515826327286232,25.0,logistic,False,False,False,post,post,none,none,live,,
60,3,communication,-0.21909411023818104,0.43123989159462506,0.4969887511156199,0.7582105095304353,22,0.88,25,0,0,0.88,0.0,0.0,True,0.9769546442501283,25.0,logistic,False,False,False,post,post,none,none,live,,
60,4,communication,1.192960184067718,0.4325046693172509,0.49695075054238597,0.7621290360167511,0,0.0,25,0,0,0.0,0.0,0.0,False,0.0034167338620120346,25.0,logistic,False,False,False,post,post,none,none,live,,
60,5,communication,-0.0008290974795814865,0.4195522806474597,0.4556573160378826,0.7228080439620794,20,0.8,25,0,0,0.8,0.0,0.0,True,0.8845866981904186,25.0,logistic,False,False,False,post,post,none,none,live,,
60,6,communication,-0.03296634698688078,0.4126034211915589,0.47093843390616424,0.7024273481955623,21,0.84,25,0,0,0.84,0.0,0.0,True,0.8969530752867221,25.0,logistic,False,False,False,post,post,none,none,live,,
60,7,communication,-0.32429758697193195,0.48246364462991076,0.46021078076658223,0.9322314067866825,23,0.92,25,0,0,0.92,0.0,0.0,True,0.9959182635965883,25.0,logistic,False,False,False,post,post,none,none,live,,
60,8,communication,-0.689028999749973,0.47515107600400336,0.3091155905856132,0.9053101840933327,24,0.96,25,0,0,0.96,0.0,0.0,True,0.9999328053931301,25.0,logistic,False,False,False,post,post,none,none,live,,
60,9,communication,0.9812137600609245,0.5041062055735972,0.43271387541797285,1.0165608266114594,5,0.2,25,0,0,0.2,0.0,0.0,False,0.057045921857615145,25.0,logistic,False,False,False,post,post,none,none,live,,
61,0,communication,0.14330995286878473,0.5385011554109331,-0.06452045154671861,1.1668526621999054,0,0.0,25,0,0,0.0,0.0,0.0,False,0.9213135276750632,25.0,logistic,False,False,False,post,post,none,none,live,,
61,1,communication,-1.7902567754240242,0.5256568520259456,0.013164819527530541,1.1081784448053165,22,0.88,25,0,0,0.88,0.0,0.0,True,0.9999999999999964,25.0,logistic,False,False,False,post,post,none,none,live,,
61,2,communication,0.9839644000355123,0.4812225454852794,0.07709471648678305,0.9276088258990144,1,0.04,25,0,0,0.04,0.0,0.0,False,0.04245405824009965,25.0,logistic,False,False,False,post,post,none,none,live,,
61,3,communication,0.05300857420502678,0.4629690687613173,-0.014047510401431741,0.8620901363976581,5,0.2,25,0,0,0.2,0.0,0.0,True,0.8985935828854155,25.0,logistic,False,False,False,post,post,none,none,live,,
61,4,communication,-2.0159619446646255,0.5135618858280826,-0.005252534657136418,1.055759963839057,21,0.84,25,0,0,0.84,0.0,0.0,True,1.0,25.0,logistic,False,False,False,post,post,none,none,live,,
61,5,communication,-1.0936671466852597,0.4854227344316595,0.029701276356508818,0.9433427531927971,23,0.92,25,0,0,0.92,0.0,0.0,True,0.9999999138983339,25.0,logistic,False,False,False,post,post,none,none,live,,
61,6,communication,1.8221221014347173,0.48292601119441075,0.052468010705898335,0.9339592043876385,0,0.0,25,0,0,0.0,0.0,0.0,False,3.2906587645143807e-06,25.0,logistic,False,False,False,post,post,none,none,live,,
61,7,communication,0.17497889234991532,0.5192867992746107,0.060621634392576604,1.0802424366358452,8,0.32,25,0,0,0.32,0.0,0.0,True,0.8841627846937101,25.0,logistic,False,False,False,post,post,none,none,live,,
61,8,communication,-1.1793882682686487,0.5499827100841599,0.06361431335260709,1.2221368432022128,21,0.84,25,0,0,0.84,0.0,0.0,True,0.9999999980712126,25.0,logistic,False,False,False,post,post,none,none,live,,
61,9,communication,-0.7283552544201207,0.4991296829771278,0.05452930641138783,0.9965247809930311,23,0.92,25,0,0,0.92,0.0,0.0,True,0.9999783787290846,25.0,logistic,False,False,False,post,post,none,none,live,,
62,0,communication,-0.06698271790206667,0.46094393691823815,-0.6767805371249919,0.8550946153597461,0,0.0,25,0,0,0.0,0.0,0.0,True,0.9517134869302465,25.0,logistic,False,False,False,post,post,none,none,live,,
62,1,communication,-1.4302979712395234,0.49766599690715957,-0.6881643148503462,0.9907073657030179,21,0.84,25,0,0,0.84,0.0,0.0,True,0.9999999999321737,25.0,logistic,False,False,False,post,post,none,none,live,,
62,2,communication,-0.3836473171783341,0.5046478277730347,-0.729954562329765,1.0187657510499628,1,0.04,25,0,0,0.04,0.0,0.0,True,0.9985237207122177,25.0,logistic,False,False,False,post,post,none,none,live,,
62,3,communication,-0.959161774376216,0.5589742307293393,-0.6289949992501805,1.2674412011201386,20,0.8,25,0,0,0.8,0.0,0.0,True,0.9999999049785371,25.0,logistic,False,False,False,post,post,none,none,live,,
62,4,communication,-0.09397399455223787,0.4634084474163182,-0.6383516528344528,0.8636148765015255,0,0.0,25,0,0,0.0,0.0,0.0,True,0.9613097140371284,25.0,logistic,False,False,False,post,post,none,none,live,,
62,5,communication,-0.24730758165928945,0.4529717486305458,-0.6059672412041128,0.8280591495897273,1,0.04,25,0,0,0.04,0.0,0.0,True,0.9866579376282265,25.0,logistic,False,False,False,post,post,none,none,live,,
62,6,communication,-1.4633463348491638,0.5290185324929223,-0.6086662939447421,1.123225793348169,19,0.76,25,0,0,0.76,0.0,0.0,True,0.9999999999905332,25.0,logistic,False,False,False,post,post,none,none,live,,
62,7,communication,-1.1884538977917551,0.5025923320353672,-0.6067352674255526,1.0104233698124316,21,0.84,25,0,0,0.84,0.0,0.0,True,0.9999999916598478,25.0,logistic,False,False,False,post,post,none,none,live,,
62,8,communication,-0.4960474719178632,0.5645609319296786,-0.6579222691920755,1.2965325652371291,6,0.24,25,0,0,0.24,0.0,0.0,True,0.9998913066870248,25.0,logistic,False,False,False,post,post,none,none,live,,
62,9,communication,-0.1196016655996372,0.5258857107785307,-0.6175000092051216,1.1091960793716513,0,0.0,25,0,0,0.0,0.0,0.0,True,0.9866732777979508,25.0,logistic,False,False,False,post,post,none,none,live,,
63,0,communication,1.5701311358384555,0.23964523876468707,-0.1321442656936363,0.31517556143838255,0,0.0,25,0,0,0.0,0.0,0.0,False,1.3562744334893442e-07,25.0,logistic,False,False,False,post,post,none,none,live,,
63,1,communication,0.9822460335420394,0.35732313143604455,-0.019241420548522625,0.5559918971947343,0,0.0,25,0,0,0.0,0.0,0.0,False,0.007168649599428167,25.0,logistic,False,False,False,post,post,none,none,live,,
63,2,communication,1.3467351284796263,0.290676796299351,-0.18210208997408017,0.4097945686576234,0,0.0,25,0,0,0.0,0.0,0.0,False,2.3345347866826894e-05,25.0,logistic,False,False,False,post,post,none,none,live,,
63,3,communication,0.685201631194015,0.31185635396623,-0.13835319441978935,0.4531849647434309,0,0.0,25,0,0,0.0,0.0,0.0,False,0.04136335689745297,25.0,logistic,False,False,False,post,post,none,none,live,,
63,4,communication,-0.476730012256831,0.3902967810841316,-0.11003294475314077,0.6401422347386161,18,0.72,25,0,0,0.72,0.0,0.0,True,0.9954932767111271,25.0,logistic,False,False,False,post,post,none,none,live,,
63,5,communication,0.42306563608881415,0.3864434142552973,-0.09503989304137478,0.629841522744398,0,0.0,25,0,0,0.0,0.0,0.0,False,0.3406554508576503,25.0,logistic,False,False,False,post,post,none,none,live,,
63,6,communication,-0.6384307331220782,0.3277736040224457,-0.12575613765093493,0.48759406947386524,18,0.72,25,0,0,0.72,0.0,0.0,True,0.9972366187211321,25.0,logistic,False,False,False,post,post,none,none,live,,
63,7,communication,-2.3520486116954604,0.3899170794311073,-0.08468197058460145,0.6391214477329012,22,0.88,25,0,0,0.88,0.0,0.0,True,1.0,25.0,logistic,False,False,False,post,post,none,none,live,,
63,8,communication,3.1157520111826638,0.3356414386179527,-0.11506705305453474,0.5052112791618533,0,0.0,25,0,0,0.0,0.0,0.0,False,1.6396334006580779e-22,25.0,logistic,False,False,False,post,post,none,none,live,,
63,9,communication,-0.8907830527426024,0.356031005894201,-0.09250789939152226,0.5528697952120781,21,0.84,25,0,0,0.84,0.0,0.0,True,0.9999237487817948,25.0,logistic,False,False,False,post,post,none,none,live,,
64,0,communication,-1.9459611792512395,0.2745686791029564,0.0380862680880137,0.37849024600072984,24,0.96,25,0,0,0.96,0.0,0.0,True,0.9999999999948667,25.0,logistic,False,False,False,post,post,none,none,live,,
64,1,communication,-0.905131711246711,0.3577586631618321,0.013328020057453347,0.5570470828351246,21,0.84,25,0,0,0.84,0.0,0.0,True,0.999939767597551,25.0,logistic,False,False,False,post,post,none,none,live,,
64,2,communication,0.21867746007979585,0.3473823260885285,0.013393146906195804,0.5322907116604559,1,0.04,25,0,0,0.04,0.0,0.0,False,0.5146055557843277,25.0,logistic,False,False,False,post,post,none,none,live,,
64,3,communication,-0.6944266030441257,0.34512826910402195,0.02117466419236705,0.5270165939699774,25,1.0,25,0,0,1.0,0.0,0.0,True,0.9989177331632354,25.0,logistic,False,False,False,post,post,none,none,live,,
64,4,communication,0.1774001964220353,0.3652500040452787,0.029429291843067744,0.5754234050776317,7,0.28,25,0,0,0.28,0.0,0.0,True,0.6109153470352122,25.0,logistic,False,False,False,post,post,none,none,live,,
64,5,communication,0.44562155556701,0.29005711185354227,-0.06995571299593452,0.4085640080300444,0,0.0,25,0,0,0.0,0.0,0.0,False,0.14191256780417139,25.0,logistic,False,False,False,post,post,none,none,live,,
64,6,communication,-1.5555847652677872,0.3411812137001599,-0.01569893788475967,0.5178680705453993,21,0.84,25,0,0,0.84,0.0,0.0,True,0.9999999983235165,25.0,logistic,False,False,False,post,post,none,none,live,,
64,7,communication,-1.792256785356025,0.26611010859651163,-0.02983342361954657,0.3626022264560745,22,0.88,25,0,0,0.88,0.0,0.0,True,0.999999999776412,25.0,logistic,False,False,False,post,post,none,none,live,,
64,8,communication,0.06457947800221402,0.23635723840604936,0.0420768232820886,0.30951283806147944,9,0.36,25,0,0,0.36,0.0,0.0,True,0.44216717742002476,25.0,logistic,False,False,False,post,post,none,none,live,,
64,9,communication,-0.28124808695533415,0.3774019863096318,0.04126823162947534,0.606172808153741,15,0.6,25,0,0,0.6,0.0,0.0,True,0.970162618344892,25.0,logistic,False,False,False,post,post,none,none,live,,
65,0,communication,0.480169404060695,0.18780139598008067,-0.11988262409124056,0.23122595268025697,0,0.0,25,0,0,0.0,0.0,0.0,False,0.03140123473118279,25.0,logistic,False,False,False,post,post,none,none,live,,
65,1,communication,-1.2620109681558063,0.3492210807351433,-0.22085294963240837,0.5366201491739099,21,0.84,25,0,0,0.84,0.0,0.0,True,0.999999687534986,25.0,logistic,False,False,False,post,post,none,none,live,,
65,2,communication,1.4375229649903083,0.1938133958251051,-0.1053166298441642,0.24040761136618816,0,0.0,25,0,0,0.0,0.0,0.0,False,2.7267707991080026e-07,25.0,logistic,False,False,False,post,post,none,none,live,,
65,3,communication,-0.7764486095624408,1.0,-0.20350108999808286,-0.01413541044018879,22,0.88,25,0,0,0.88,0.0,0.0,True,0.0,25.0,logistic,False,False,False,post,post,none,none,live,,
65,4,communication,-0.05358112490619192,0.0764981093954046,-0.08321421651237279,0.08283481622904211,7,0.28,25,0,0,0.28,0.0,0.0,True,0.15976348050600314,25.0,logistic,False,False,False,post,post,none,none,live,,
65,5,communication,0.1127411922574775,0.009458924593491326,-0.10015665267925186,0.009549250231354084,6,0.24,25,0,0,0.24,0.0,0.0,True,0.003557427474090278,25.0,logistic,False,False,False,post,post,none,none,live,,
65,6,communication,-0.507190419300673,0.022569291368037352,-0.13502792161743576,0.023090425918401845,21,0.84,25,0,0,0.84,0.0,0.0,True,0.4061363859273175,25.0,logistic,False,False,False,post,post,none,none,live,,
65,7,communication,1.7144091037452716,1.0,-0.09706896099767588,-0.11341558711204804,0,0.0,25,0,0,0.0,0.0,0.0,False,0.0,25.0,logistic,False,False,False,post,post,none,none,live,,
65,8,communication,0.7510504616230732,0.025733405988233076,-0.09209386805576562,0.02641310514637462,2,0.08,25,0,0,0.08,0.0,0.0,False,6.347699740082601e-06,25.0,logistic,False,False,False,post,post,none,none,live,,
65,9,communication,1.488747006758185,1.0,-0.1420924433576804,-0.0002986089022374433,1,0.04,25,0,0,0.04,0.0,0.0,False,0.0,25.0,logistic,False,False,False,post,post,none,none,live,,
66,0,communication,1.3667468994507321,0.4652748407114638,-0.09539600818987681,0.8701195981324732,0,0.0,25,0,0,0.0,0.0,0.0,False,0.0009938628893501977,25.0,logistic,False,False,False,post,post,none,none,live,,
66,1,communication,0.6190560512000568,0.5041891272094694,-0.08222058172810957,1.0168980852956782,0,0.0,25,0,0,0.0,0.0,0.0,False,0.35480163290928274,25.0,logistic,False,False,False,post,post,none,none,live,,
66,2,communication,0.1489514505758137,0.5008796760916964,0.021207419807356624,1.0035249059177078,5,0.2,25,0,0,0.2,0.0,0.0,True,0.8800624643283714,25.0,logistic,False,False,False,post,post,none,none,live,,
66,3,communication,-0.5285577386339171,0.4931986019335338,-0.018494398114885978,0.9731595134014441,23,0.92,25,0,0,0.92,0.0,0.0,True,0.9996490105249815,25.0,logistic,False,False,False,post,post,none,none,live,,
66,4,communication,1.416379788186138,0.38994574364883744,-0.044867009925289435,0.6391984640532937,1,0.04,25,0,0,0.04,0.0,0.0,False,0.00010741499222127838,25.0,logistic,False,False,False,post,post,none,none,live,,
66,5,communication,-1.0786016121909063,0.49871351675349906,-0.017701677926682778,0.9948672733476904,23,0.92,25,0,0,0.92,0.0,0.0,True,0.9999999257833447,25.0,logistic,False,False,False,post,post,none,none,live,,
66,6,communication,-0.23011583471550734,0.454418962110498,-0.0013658396020480995,0.8329082767765339,20,0.8,25,0,0,0.8,0.0,0.0,True,0.9848931766213908,25.0,logistic,False,False,False,post,post,none,none,live,,
66,7,communication,-0.39042512018980324,0.4260566979229251,-0.05328349315928496,0.742332380883347,25,1.0,25,0,0,1.0,0.0,0.0,True,0.9943805780502086,25.0,logistic,False,False,False,post,post,none,none,live,,
66,8,communication,0.7104968892375809,0.5051112314613574,-0.09269337899254843,1.0206560818765409,0,0.0,25,0,0,0.0,0.0,0.0,False,0.25085342871493477,25.0,logistic,False,False,False,post,post,none,none,live,,
66,9,communication,0.5150545267076496,0.363733350510631,-0.09609424789690554,0.5716681061352853,5,0.2,25,0,0,0.2,0.0,0.0,False,0.1968570275340859,25.0,logistic,False,False,False,post,post,none,none,live,,
67,0,communication,1.1428258069637025,0.43494434074336014,0.07399564951999667,0.7697371641504344,1,0.04,25,0,0,0.04,0.0,0.0,False,0.005811226707024826,25.0,logistic,False,False,False,post,post,none,none,live,,
67,1,communication,-0.7879648875224972,0.39291320733420154,0.10035979123996736,0.6472109294436593,24,0.96,25,0,0,0.96,0.0,0.0,True,0.9998761015298782,25.0,logistic,False,False,False,post,post,none,none,live,,
67,2,communication,1.5688326523125025,0.40969057019613164,0.03857862922202858,0.6940268095196316,2,0.08,25,0,0,0.08,0.0,0.0,False,2.1369789944956095e-05,25.0,logistic,False,False,False,post,post,none,none,live,,
67,3,communication,-1.2025134192196745,0.4308326797111171,0.09553759104271714,0.7569525943486117,23,0.92,25,0,0,0.92,0.0,0.0,True,0.9999999318744229,25.0,logistic,False,False,False,post,post,none,none,live,,
67,4,communication,-0.3450683535962675,0.42957524732480284,0.11972081750140373,0.7530796048210854,19,0.76,25,0,0,0.76,0.0,0.0,True,0.9919068980894907,25.0,logistic,False,False,False,post,post,none,none,live,,
67,5,communication,1.6595130143190344,0.3788308080033854,-0.01685757142343214,0.6098673483559534,0,0.0,25,0,0,0.0,0.0,0.0,False,2.3529004892297458e-06,25.0,logistic,False,False,False,post,post,none,none,live,,
67,6,communication,-0.2512864998022211,0.4258701649880842,-0.010396294260915526,0.7417663027026725,17,0.68,25,0,0,0.68,0.0,0.0,True,0.980787427010777,25.0,logistic,False,False,False,post,post,none,none,live,,
67,7,communication,-0.34658453157690416,0.40287423908008113,0.10750902349362934,0.6746890947384716,17,0.68,25,0,0,0.68,0.0,0.0,True,0.9878477550733297,25.0,logistic,False,False,False,post,post,none,none,live,,
67,8,communication,-0.47925194234406604,0.422231193743765,0.0698933329836288,0.7307961059367221,20,0.8,25,0,0,0.8,0.0,0.0,True,0.9975133259049057,25.0,logistic,False,False,False,post,post,none,none,live,,
67,9,communication,0.4709315179015987,0.39535265339266246,0.028681429429426253,0.6538565919638566,0,0.0,25,0,0,0.0,0.0,0.0,False,0.3024648642036806,25.0,logistic,False,False,False,post,post,none,none,live,,
68,0,communication,-1.3543401034043863,0.4209785078834223,0.04193458759290216,0.7270516096812937,24,0.96,25,0,0,0.96,0.0,0.0,True,0.9999999946214451,25.0,logistic,False,False,False,post,post,none,none,live,,
68,1,communication,-1.389622106730398,0.3401038839143296,-0.041161349666844406,0.5153900373466903,22,0.88,25,0,0,0.88,0.0,0.0,True,0.9999999568830498,25.0,logistic,False,False,False,post,post,none,none,live,,
68,2,communication,0.32285151409207896,0.442461098041503,-0.017955534346005546,0.7935968171678174,1,0.04,25,0,0,0.04,0.0,0.0,False,0.6002391888913943,25.0,logistic,False,False,False,post,post,none,none,live,,
68,3,communication,-0.9176421181433763,0.3999867717491082,0.08564172046301023,0.666629922335406,24,0.96,25,0,0,0.96,0.0,0.0,True,0.9999825371725487,25.0,logistic,False,False,False,post,post,none,none,live,,
68,4,communication,0.10818921119370065,0.4115371830597346,-0.010874401976147537,0.699342713273776,6,0.24,25,0,0,0.24,0.0,0.0,True,0.7845250942253879,25.0,logistic,False,False,False,post,post,none,none,live,,
68,5,communication,0.180439130741908,0.2521730879511598,-0.01621337358069725,0.3372078269559393,2,0.08,25,0,0,0.08,0.0,0.0,False,0.3341239812932053,25.0,logistic,False,False,False,post,post,none,none,live,,
68,6,communication,0.1776860210793031,0.33748136391642247,-0.003495454440941584,0.5093915031755405,4,0.16,25,0,0,0.16,0.0,0.0,False,0.5451053788485963,25.0,logistic,False,False,False,post,post,none,none,live,,
68,7,communication,-0.0188331837379977,0.4193961766027442,0.05617837375654013,0.7223448411840522,15,0.6,25,0,0,0.6,0.0,0.0,True,0.8956822097158721,25.0,logistic,False,False,False,post,post,none,none,live,,
68,8,communication,0.530067913002656,0.43372285197420857,-0.06626754908480861,0.7659197505784826,0,0.0,25,0,0,0.0,0.0,0.0,False,0.31275577737832144,25.0,logistic,False,False,False,post,post,none,none,live,,
68,9,communication,-1.156205224565447,0.4040626196605545,-0.011819183229633275,0.6780286536655927,23,0.92,25,0,0,0.92,0.0,0.0,True,0.9999996439742381,25.0,logistic,False,False,False,post,post,none,none,live,,
69,0,communication,-0.41886666170177184,0.24968091158156774,0.1930003010019477,0.33276630627625403,19,0.76,25,0,0,0.76,0.0,0.0,True,0.9397881570225775,25.0,logistic,False,False,False,post,post,none,none,live,,
69,1,communication,1.331469694788018,0.13945043468162016,0.259997043506585,0.16204811471844427,0,0.0,25,0,0,0.0,0.0,0.0,False,2.1385841687317522e-07,25.0,logistic,False,False,False,post,post,none,none,live,,
69,2,communication,-0.22009427675637797,1.0,0.21337505572393692,-0.1073749784452376,21,0.84,25,0,0,0.84,0.0,0.0,True,0.0,25.0,logistic,False,False,False,post,post,none,none,live,,
69,3,communication,-0.32989502254177083,0.17198585735425015,0.3405856975869497,0.2077088403402199,24,0.96,25,0,0,0.96,0.0,0.0,True,0.7662612490718885,25.0,logistic,False,False,False,post,post,none,none,live,,
69,4,communication,1.1250754208552298,0.09718765276003175,0.15678793867194935,0.1076498932000087,0,0.0,25,0,0,0.0,0.0,0.0,False,1.156043899085961e-06,25.0,logistic,False,False,False,post,post,none,none,live,,
69,5,communication,3.2520375787539324,0.2725876175503734,0.21190648686062635,0.37473601512309995,0,0.0,25,0,0,0.0,0.0,0.0,False,2.9318696880957614e-26,25.0,logistic,False,False,False,post,post,none,none,live,,
69,6,communication,1.4034623201473262,0.060574586192268465,0.22487140291613025,0.06448046359182916,0,0.0,25,0,0,0.0,0.0,0.0,False,8.389830295144836e-10,25.0,logistic,False,False,False,post,post,none,none,live,,
69,7,communication,1.553830935508727,0.13702241885837171,0.29853298742127987,0.15877865410721972,0,0.0,25,0,0,0.0,0.0,0.0,False,3.0048033568070252e-09,25.0,logistic,False,False,False,post,post,none,none,live,,
69,8,communication,1.3806808519474996,0.292026646428451,0.3357663425742977,0.4124825390041156,0,0.0,25,0,0,0.0,0.0,0.0,False,1.4813076282680615e-05,25.0,logistic,False,False,False,post,post,none,none,live,,
69,9,communication,-0.2258462153377516,0.16275108044768302,0.2144684053521532,0.1943879253193987,20,0.8,25,0,0,0.8,0.0,0.0,True,0.6225216848866887,25.0,logistic,False,False,False,post,post,none,none,live,,
70,0,communication,0.4424622057078443,0.1449530798055888,-0.1261266746931085,0.16952646267953453,0,0.0,25,0,0,0.0,0.0,0.0,False,0.020181015802778063,25.0,logistic,False,False,False,post,post,none,none,live,,
70,1,communication,-1.1466816295821474,0.1199263127089942,-0.1928222609667279,0.13626849028760848,22,0.88,25,0,0,0.88,0.0,0.0,True,0.9988430468154852,25.0,logistic,False,False,False,post,post,none,none,live,,
70,2,communication,0.6873942810619988,0.13713406243986115,-0.06794096320332899,0.15892858492899237,0,0.0,25,0,0,0.0,0.0,0.0,False,0.0017085666817288141,25.0,logistic,False,False,False,post,post,none,none,live,,
70,3,communication,-0.6205315338237608,0.11224087468924084,-0.05639241824758079,0.12643167666674338,19,0.76,25,0,0,0.76,0.0,0.0,True,0.8902535936376961,25.0,logistic,False,False,False,post,post,none,none,live,,
70,4,communication,-0.19586334235362793,0.10774876027906508,-0.1517610312820907,0.12076056101952308,10,0.4,25,0,0,0.4,0.0,0.0,True,0.41038712534142974,25.0,logistic,False,False,False,post,post,none,none,live,,
70,5,communication,-0.25274520187592403,0.04219102470382674,-0.1404754279785108,0.0440495190502683,9,0.36,25,0,0,0.36,0.0,0.0,True,0.22883567719499548,25.0,logistic,False,False,False,post,post,none,none,live,,
70,6,communication,-1.0846284716764467,0.1354478805999334,-0.17705300875240873,0.15666826505951303,21,0.84,25,0,0,0.84,0.0,0.0,True,0.9984911007734828,25.0,logistic,False,False,False,post,post,none,none,live,,
70,7,communication,0.018125920209565077,0.23751181542660482,-0.12137429525003648,0.3114957323036952,5,0.2,25,0,0,0.2,0.0,0.0,True,0.5067645808220577,25.0,logistic,False,False,False,post,post,none,none,live,,
70,8,communication,0.43368676266535156,1.0,-0.25932120813738235,-0.049065105704574896,0,0.0,25,0,0,0.0,0.0,0.0,False,0.0,25.0,logistic,False,False,False,post,post,none,none,live,,
70,9,communication,-0.15646042844277305,0.17603726244092077,-0.1884923721122272,0.21364711584217563,13,0.52,25,0,0,0.52,0.0,0.0,True,0.5705414063524299,25.0,logistic,False,False,False,post,post,none,none,live,,
71,0,communication,2.1648437122919235,0.523614817610407,0.2669585790893738,1.0991416966075764,0,0.0,25,0,0,0.0,0.0,0.0,False,3.124342335317451e-08,25.0,logistic,False,False,False,post,post,none,none,live,,
71,1,communication,1.8104323207629096,0.5251107489424571,0.21075218345037816,1.1057541264054194,0,0.0,25,0,0,0.0,0.0,0.0,False,1.2138389293366363e-05,25.0,logistic,False,False,False,post,post,none,none,live,,
71,2,communication,0.5077377084379777,0.4769665595505261,0.20857545488906415,0.9119236413271017,5,0.2,25,0,0,0.2,0.0,0.0,False,0.4363070650615564,25.0,logistic,False,False,False,post,post,none,none,live,,
71,3,communication,-0.17454048913302117,0.5131908996878508,0.297546441504897,1.0541933159400374,23,0.92,25,0,0,0.92,0.0,0.0,True,0.989977611622304,25.0,logistic,False,False,False,post,post,none,none,live,,
71,4,communication,0.034059969710779514,0.42717872596871825,0.16253176528926583,0.745745218159251,6,0.24,25,0,0,0.24,0.0,0.0,True,0.8700937342788919,25.0,logistic,False,False,False,post,post,none,none,live,,
71,5,communication,2.2950814709157994,0.49174221637245696,0.27331855872516975,0.9675055300929953,1,0.04,25,0,0,0.04,0.0,0.0,False,8.105587233173965e-10,25.0,logistic,False,False,False,post,post,none,none,live,,
71,6,communication,2.1017718171556434,0.4298892062015041,0.3011547699671152,0.7540450222618436,0,0.0,25,0,0,0.0,0.0,0.0,False,4.472787060935616e-09,25.0,logistic,False,False,False,post,post,none,none,live,,
71,7,communication,0.18278550037302882,0.4612148655875891,0.2761716647930347,0.8560274516307537,9,0.36,25,0,0,0.36,0.0,0.0,True,0.7969353055339975,25.0,logistic,False,False,False,post,post,none,none,live,,
71,8,communication,-0.19451125773555328,0.4709246473187843,0.2969808833296935,0.890089936966939,19,0.76,25,0,0,0.76,0.0,0.0,True,0.9840305288986974,25.0,logistic,False,False,False,post,post,none,none,live,,
71,9,communication,0.7998690199829521,0.4367379703329018,0.22311966434848662,0.7753726459975027,2,0.08,25,0,0,0.08,0.0,0.0,False,0.08539313889446892,25.0,logistic,False,False,False,post,post,none,none,live,,
72,0,communication,0.42747371461223926,0.5322499623312689,0.22816189946838816,1.1378940020700066,5,0.2,25,0,0,0.2,0.0,0.0,False,0.6664680358255648,25.0,logistic,False,False,False,post,post,none,none,live,,
72,1,communication,-0.3659827449945475,0.5055390490961688,0.2664183172548996,1.0224043944665147,21,0.84,25,0,0,0.84,0.0,0.0,True,0.9982439790959894,25.0,logistic,False,False,False,post,post,none,none,live,,
72,2,communication,-0.24111979444894432,0.5047626427518952,0.23753138981596827,1.0192337782366012,24,0.96,25,0,0,0.96,0.0,0.0,True,0.9937589459340324,25.0,logistic,False,False,False,post,post,none,none,live,,
72,3,communication,0.3313665325475676,0.47722075737276404,0.24552895097001082,0.9128533010883964,4,0.16,25,0,0,0.16,0.0,0.0,False,0.6660567969266945,25.0,logistic,False,False,False,post,post,none,none,live,,
72,4,communication,-0.7574123009861293,0.5187898113725042,0.22716353419153795,1.0780939881015257,22,0.88,25,0,0,0.88,0.0,0.0,True,0.9999915032859633,25.0,logistic,False,False,False,post,post,none,none,live,,
72,5,communication,-0.38298006874786755,0.4914527199386371,0.28907093497148856,0.9663855047643493,23,0.92,25,0,0,0.92,0.0,0.0,True,0.9980942152756179,25.0,logistic,False,False,False,post,post,none,none,live,,
72,6,communication,-0.014156055331478373,0.5196189786977485,0.23304582275671307,1.081680906729262,19,0.76,25,0,0,0.76,0.0,0.0,True,0.9662587863835445,25.0,logistic,False,False,False,post,post,none,none,live,,
72,7,communication,-0.48164655371299436,0.4997639411436286,0.17941520003305966,0.9990562101544176,21,0.84,25,0,0,0.84,0.0,0.0,True,0.9994637370102811,25.0,logistic,False,False,False,post,post,none,none,live,,
72,8,communication,-0.45910962441957215,0.5361175614694048,0.1869606413309041,1.1557185979439604,23,0.92,25,0,0,0.92,0.0,0.0,True,0.9996728929801477,25.0,logistic,False,False,False,post,post,none,none,live,,
72,9,communication,1.9074001833057814,0.5060471718957222,0.1898739362122639,1.0244848153574926,0,0.0,25,0,0,0.0,0.0,0.0,False,1.6119179290970449e-06,25.0,logistic,False,False,False,post,post,none,none,live,,
73,0,communication,-0.35528714238518155,0.2939120434754565,0.1114961393682351,0.41625415185117964,19,0.76,25,0,0,0.76,0.0,0.0,True,0.9475989027311218,25.0,logistic,False,False,False,post,post,none,none,live,,
73,1,communication,0.6177750291087515,1.0,0.21267572483654987,-0.017790957395300205,0,0.0,25,0,0,0.0,0.0,0.0,False,0.0,25.0,logistic,False,False,False,post,post,none,none,live,,
73,2,communication,0.5410845424127538,0.20826007227386437,0.07305860028907815,0.2630410125607584,0,0.0,25,0,0,0.0,0.0,0.0,False,0.02730991819135036,25.0,logistic,False,False,False,post,post,none,none,live,,
73,3,communication,1.9417800512379197,0.19652216035663334,0.13815365618285236,0.24458939706894972,0,0.0,25,0,0,0.0,0.0,0.0,False,1.264838573476026e-11,25.0,logistic,False,False,False,post,post,none,none,live,,
73,4,communication,0.553677065012158,0.2570992179599352,0.15344770186935358,0.3460747709188301,1,0.04,25,0,0,0.04,0.0,0.0,False,0.05040834788785116,25.0,logistic,False,False,False,post,post,none,none,live,,
73,5,communication,0.23724198449248968,0.2950590160187531,0.16723482372263446,0.41855846478434067,4,0.16,25,0,0,0.16,0.0,0.0,False,0.3646933187038521,25.0,logistic,False,False,False,post,post,none,none,live,,
73,6,communication,2.1363713340000774,0.11026425426651601,0.10743908314043595,0.12392921695600294,0,0.0,25,0,0,0.0,0.0,0.0,False,7.387285733280368e-16,25.0,logistic,False,False,False,post,post,none,none,live,,
73,7,communication,0.3357288677259,0.081132246472949,0.16994822960246303,0.08829589041679273,6,0.24,25,0,0,0.24,0.0,0.0,False,0.012347158441006754,25.0,logistic,False,False,False,post,post,none,none,live,,
73,8,communication,0.40371443389054973,0.1806095801784536,0.13814781943591145,0.2204194432951611,1,0.04,25,0,0,0.04,0.0,0.0,False,0.048787310198162084,25.0,logistic,False,False,False,post,post,none,none,live,,
73,9,communication,-0.23649798619031506,0.17095349229738296,0.10066841211563046,0.20620494834616057,13,0.52,25,0,0,0.52,0.0,0.0,True,0.6582778268214425,25.0,logistic,False,False,False,post,post,none,none,live,,
74,0,communication,-0.08482741360737807,0.39581266168904844,-0.20300431122216409,0.6551157837825116,1,0.04,25,0,0,0.04,0.0,0.0,True,0.9095408527969324,25.0,logistic,False,False,False,post,post,none,none,live,,
74,1,communication,0.2987045295977304,0.47191579866112815,-0.17625785699881158,0.8936374113534586,0,0.0,25,0,0,0.0,0.0,0.0,False,0.6938931201853876,25.0,logistic,False,False,False,post,post,none,none,live,,
74,2,communication,-0.33705580938869567,0.3407401071087709,-0.14793421581482066,0.5168524746961809,7,0.28,25,0,0,0.28,0.0,0.0,True,0.9677621139343451,25.0,logistic,False,False,False,post,post,none,none,live,,
74,3,communication,-0.6619669203422526,0.4669761985164079,-0.08329313190415358,0.8760888298358338,19,0.76,25,0,0,0.76,0.0,0.0,True,0.9998835066977487,25.0,logistic,False,False,False,post,post,none,none,live,,
74,4,communication,-0.7840206850527487,0.43716092205076124,-0.23279873109311566,0.7767067696216143,19,0.76,25,0,0,0.76,0.0,0.0,True,0.9999543147598213,25.0,logistic,False,False,False,post,post,none,none,live,,
74,5,communication,-1.2572266210322216,0.4225101110639923,-0.22273343771003673,0.7316320495973412,23,0.92,25,0,0,0.92,0.0,0.0,True,0.9999999673501776,25.0,logistic,False,False,False,post,post,none,none,live,,
74,6,communication,-0.8261746896296462,0.3201734775651507,-0.14639309844914628,0.47096349877381305,19,0.76,25,0,0,0.76,0.0,0.0,True,0.9996016616148582,25.0,logistic,False,False,False,post,post,none,none,live,,
74,7,communication,1.652292138476603,0.4588228620384526,-0.09497522369931426,0.8478238082390199,0,0.0,25,0,0,0.0,0.0,0.0,False,2.2360412926617405e-05,25.0,logistic,False,False,False,post,post,none,none,live,,
74,8,communication,-1.048972933377898,0.4177098436204754,-0.20027291166964165,0.717356869327224,20,0.8,25,0,0,0.8,0.0,0.0,True,0.9999985739058259,25.0,logistic,False,False,False,post,post,none,none,live,,
74,9,communication,1.298938489457298,0.38950169921667155,-0.1900965887122616,0.6380061970965408,0,0.0,25,0,0,0.0,0.0,0.0,False,0.0004630352645158824,25.0,logistic,False,False,False,post,post,none,none,live,,
75,0,communication,1.007221271963534,0.17729509809439986,-0.11094056537582642,0.21550266405820356,0,0.0,25,0,0,0.0,0.0,0.0,False,0.00011118613461107767,25.0,logistic,False,False,False,post,post,none,none,live,,
75,1,communication,0.2898971667082736,0.02102168766995827,-0.07992456582527309,0.02147308822391078,0,0.0,25,0,0,0.0,0.0,0.0,False,0.001698401461304745,25.0,logistic,False,False,False,post,post,none,none,live,,
75,2,communication,0.7146956275048875,0.051661735888988494,-0.07959473555923763,0.054476063915249784,0,0.0,25,0,0,0.0,0.0,0.0,False,6.17522199107353e-05,25.0,logistic,False,False,False,post,post,none,none,live,,
75,3,communication,1.0591805208062957,0.21574864920832912,-0.09969079929056673,0.27510140593387483,0,0.0,25,0,0,0.0,0.0,0.0,False,0.00016029267986143516,25.0,logistic,False,False,False,post,post,none,none,live,,
75,4,communication,-0.5775376423041314,0.2548341204296199,-0.14324422100669404,0.3419830770788145,16,0.64,25,0,0,0.64,0.0,0.0,True,0.9827943219068112,25.0,logistic,False,False,False,post,post,none,none,live,,
75,5,communication,-0.8261617955246648,0.027794178613438608,-0.0405373569455458,0.0285887802788493,23,0.92,25,0,0,0.92,0.0,0.0,True,0.8244017519332052,25.0,logistic,False,False,False,post,post,none,none,live,,
75,6,communication,-0.8607999573733384,0.03619543177717962,-0.03926325229433428,0.037554741874611726,20,0.8,25,0,0,0.8,0.0,0.0,True,0.8836304112866773,25.0,logistic,False,False,False,post,post,none,none,live,,
75,7,communication,-0.7559981469944869,1.0,-0.029627480697758238,-0.28367976235820636,21,0.84,25,0,0,0.84,0.0,0.0,True,0.0,25.0,logistic,False,False,False,post,post,none,none,live,,
75,8,communication,0.5424200358948079,0.1094487029153037,-0.08648975537760416,0.12289994217468928,0,0.0,25,0,0,0.0,0.0,0.0,False,0.0037621410113713363,25.0,logistic,False,False,False,post,post,none,none,live,,
75,9,communication,-0.8189949587943918,0.15420391776379477,-0.15955370546432446,0.18231807997513316,21,0.84,25,0,0,0.84,0.0,0.0,True,0.9869737298977709,25.0,logistic,False,False,False,post,post,none,none,live,,
76,0,communication,-0.5986642009927163,0.6093897726715162,0.38261859571546136,1.560096817841509,21,0.84,25,0,0,0.84,0.0,0.0,True,0.9999916346886943,25.0,logistic,False,False,False,post,post,none,none,live,,
76,1,communication,0.21435318668081765,0.5691896536974573,0.47466544979310565,1.3212070197073118,18,0.72,25,0,0,0.72,0.0,0.0,True,0.9126252306146669,25.0,logistic,False,False,False,post,post,none,none,live,,
76,2,communication,1.4426794972497943,0.5903259421556278,0.3595680343273867,1.4409649106458238,0,0.0,25,0,0,0.0,0.0,0.0,False,0.004490257346063103,25.0,logistic,False,False,False,post,post,none,none,live,,
76,3,communication,1.8387417192893145,0.5743178394147088,0.45609887453948217,1.349170561023866,0,0.0,25,0,0,0.0,0.0,0.0,False,2.820231772201734e-05,25.0,logistic,False,False,False,post,post,none,none,live,,
76,4,communication,-0.41913681000615993,0.6046190405325519,0.49272938226218893,1.5292062656404433,22,0.88,25,0,0,0.88,0.0,0.0,True,0.9998823916801803,25.0,logistic,False,False,False,post,post,none,none,live,,
76,5,communication,1.1852176315553105,0.588728526465399,0.5063119930481689,1.4314839816281792,0,0.0,25,0,0,0.0,0.0,0.0,False,0.038864177420472594,25.0,logistic,False,False,False,post,post,none,none,live,,
76,6,communication,2.740912085749118,0.5800856669983702,0.48247808827531724,1.3814381206085637,0,0.0,25,0,0,0.0,0.0,0.0,False,1.2739604063733686e-12,25.0,logistic,False,False,False,post,post,none,none,live,,
76,7,communication,-1.2825122440415835,0.5654804252391922,0.3542786903944114,1.3013922918213174,21,0.84,25,0,0,0.84,0.0,0.0,True,0.9999999998732645,25.0,logistic,False,False,False,post,post,none,none,live,,
76,8,communication,0.7711175885445218,0.5891612269161501,0.39559022392494286,1.4340448504744843,2,0.08,25,0,0,0.08,0.0,0.0,False,0.35155215690061,25.0,logistic,False,False,False,post,post,none,none,live,,
76,9,communication,0.1349936320735347,0.6017319147952114,0.4949526624990004,1.5108715389178176,16,0.64,25,0,0,0.64,0.0,0.0,True,0.9651323984056541,25.0,logistic,False,False,False,post,post,none,none,live,,
77,0,communication,-0.6816914612307547,0.3078186296069595,0.23780397925101762,0.4447080530817685,22,0.88,25,0,0,0.88,0.0,0.0,True,0.9974156218621989,25.0,logistic,False,False,False,post,post,none,none,live,,
77,1,communication,-0.2684709018633238,0.42902638088093276,0.1296473325796405,0.751394401623775,18,0.72,25,0,0,0.72,0.0,0.0,True,0.9840689939356652,25.0,logistic,False,False,False,post,post,none,none,live,,
77,2,communication,0.5167442967681575,0.2681186930067851,0.22046328055856224,0.36634176941654106,1,0.04,25,0,0,0.04,0.0,0.0,False,0.07391139003975604,25.0,logistic,False,False,False,post,post,none,none,live,,
77,3,communication,0.07123716756213089,0.2323079722156281,0.22906311994559045,0.3026056853632957,15,0.6,25,0,0,0.6,0.0,0.0,True,0.42294522485609776,25.0,logistic,False,False,False,post,post,none,none,live,,
77,4,communication,1.4674717018364662,0.29108258808566884,0.211170493900599,0.4106015499035939,0,0.0,25,0,0,0.0,0.0,0.0,False,3.88324570455093e-06,25.0,logistic,False,False,False,post,post,none,none,live,,
77,5,communication,0.35926996594673,0.40306324505700813,0.16059577992449817,0.6752193456331921,9,0.36,25,0,0,0.36,0.0,0.0,True,0.46039107055763095,25.0,logistic,False,False,False,post,post,none,none,live,,
77,6,communication,0.3211666741142651,0.3001442220558431,0.23532586603306035,0.42886581995153916,6,0.24,25,0,0,0.24,0.0,0.0,False,0.276235790839637,25.0,logistic,False,False,False,post,post,none,none,live,,
77,7,communication,2.631733664360776,0.21729104504309327,0.26629784410866825,0.2776141037699723,0,0.0,25,0,0,0.0,0.0,0.0,False,5.256441888139912e-19,25.0,logistic,False,False,False,post,post,none,none,live,,
77,8,communication,-0.11793404217195502,0.27328644296668425,0.24695741869522142,0.37605799468270495,20,0.8,25,0,0,0.8,0.0,0.0,True,0.7583999070565557,25.0,logistic,False,False,False,post,post,none,none,live,,
77,9,communication,-0.08985671873425971,0.341535833631743,0.20725619308415627,0.518685527741738,14,0.56,25,0,0,0.56,0.0,0.0,True,0.8484245735359506,25.0,logistic,False,False,False,post,post,none,none,live,,
78,0,communication,-1.8954210273657437,0.19788716649661173,-0.4848495036711936,0.24670739356244925,23,0.92,25,0,0,0.92,0.0,0.0,True,0.9999999995564477,25.0,logistic,False,False,False,post,post,none,none,live,,
78,1,communication,-2.876676340717596,0.19296009880998044,-0.34291484657470794,0.2390961072995913,23,0.92,25,0,0,0.92,0.0,0.0,True,1.0,25.0,logistic,False,False,False,post,post,none,none,live,,
78,2,communication,-0.3417920788166912,0.16693227345516412,-0.44185439987653036,0.20038259571946074,3,0.12,25,0,0,0.12,0.0,0.0,True,0.7671180634182466,25.0,logistic,False,False,False,post,post,none,none,live,,
78,3,communication,-1.475304509970732,0.17911180369529503,-0.47339278330528267,0.21819268994435712,21,0.84,25,0,0,0.84,0.0,0.0,True,0.9999978462532565,25.0,logistic,False,False,False,post,post,none,none,live,,
78,4,communication,-0.28420996460810544,0.2434518533937115,-0.4974997593106536,0.32179294138222914,5,0.2,25,0,0,0.2,0.0,0.0,True,0.8562520099724646,25.0,logistic,False,False,False,post,post,none,none,live,,
78,5,communication,-1.4197688101139834,0.2005305953401902,-0.449029414769719,0.25082960545002964,23,0.92,25,0,0,0.92,0.0,0.0,True,0.9999974577487531,25.0,logistic,False,False,False,post,post,none,none,live,,
78,6,communication,0.18260441572000796,0.16450423669717582,-0.4266283767115311,0.19689416023711362,2,0.08,25,0,0,0.08,0.0,0.0,False,0.14999684458803525,25.0,logistic,False,False,False,post,post,none,none,live,,
78,7,communication,-0.6866765803259766,0.06833075444829079,-0.433460158916818,0.07334228834378576,17,0.68,25,0,0,0.68,0.0,0.0,True,0.8481078826653892,25.0,logistic,False,False,False,post,post,none,none,live,,
78,8,communication,-0.2446834291565752,1.0,-0.490925650776478,-0.13114230531705254,6,0.24,25,0,0,0.24,0.0,0.0,True,0.0,25.0,logistic,False,False,False,post,post,none,none,live,,
78,9,communication,0.22306509731958446,0.04600825994361708,-0.5147660870399465,0.048227105132899684,0,0.0,25,0,0,0.0,0.0,0.0,False,0.011451626755324277,25.0,logistic,False,False,False,post,post,none,none,live,,
79,0,communication,1.7568710237032368,1.0,0.05561408347206084,-0.44963619581415026,0,0.0,25,0,0,0.0,0.0,0.0,False,0.0,25.0,logistic,False,False,False,post,post,none,none,live,,
79,1,communication,0.12856166402432337,1.0,0.11795970536724484,-0.8038916517861172,12,0.48,25,0,0,0.48,0.0,0.0,True,0.0,25.0,logistic,False,False,False,post,post,none,none,live,,
79,2,communication,0.45044826838856056,1.0,0.00027458761231426154,-0.8523022746334654,0,0.0,25,0,0,0.0,0.0,0.0,False,0.0,25.0,logistic,False,False,False,post,post,none,none,live,,
79,3,communication,-0.7371245692991114,1.0,0.06807548077543682,-0.7548345150854574,23,0.92,25,0,0,0.92,0.0,0.0,True,0.0,25.0,logistic,False,False,False,post,post,none,none,live,,
79,4,communication,0.8209951225804472,1.0,0.13536373920536704,-0.6234513205508989,0,0.0,25,0,0,0.0,0.0,0.0,False,0.0,25.0,logistic,False,False,False,post,post,none,none,live,,
79,5,communication,0.5810609451307922,1.0,0.1587164131340882,-0.4564620060869964,2,0.08,25,0,0,0.08,0.0,0.0,False,0.0,25.0,logistic,False,False,False,post,post,none,none,live,,
79,6,communication,0.7179327897861101,1.0,0.06423342595045828,-0.185296730512232,0,0.0,25,0,0,0.0,0.0,0.0,False,0.0,25.0,logistic,False,False,False,post,post,none,none,live,,
79,7,communication,-0.33840634689891924,1.0,0.1942393326937429,-0.43780772243198146,19,0.76,25,0,0,0.76,0.0,0.0,True,0.0,25.0,logistic,False,False,False,post,post,none,none,live,,
79,8,communication,0.6926204932102118,1.0,0.09435765563889287,-0.33697118615818766,0,0.0,25,0,0,0.0,0.0,0.0,False,0.0,25.0,logistic,False,False,False,post,post,none,none,live,,
79,9,communication,0.27199893584868223,1.0,0.008609055330246362,-0.4909692561478115,3,0.12,25,0,0,0.12,0.0,0.0,False,0.0,25.0,logistic,False,False,False,post,post,none,none,live,,
