country,period,treatment,theta,theta_star,z,benefit,n_agents,n_join,join_fraction,n_valid,n_api_error,n_unparseable,join_fraction_valid,api_error_rate,unparseable_rate,coup_success,theoretical_attack,direction_transform,degrade_messages,no_peer_messages,beliefs_include_messages,belief_order,second_order_order,message_stage_context,decision_context,message_bundle_mode,message_source_country,message_source_period
0,0,communication,-0.5904019199697088,0.3038859343875068,0.19370567027084246,0.4365461774143656,25,20,0.8,25,0,0,0.8,0.0,0.0,True,0.9932008445513634,logistic,False,False,False,post,post,none,none,live,,
0,1,communication,0.94220149078861,0.3867087906489276,0.27252903114699095,0.63054676922258,25,0,0.0,25,0,0,0.0,0.0,0.0,False,0.016195584131029464,logistic,False,False,False,post,post,none,none,live,,
0,2,communication,0.04847637980650099,0.4369521547750533,0.1747234738671704,0.7760480010370766,25,6,0.24,25,0,0,0.24,0.0,0.0,True,0.8720673453937385,logistic,False,False,False,post,post,none,none,live,,
0,3,communication,0.4653995115967724,0.30146921057326526,0.25471005402171887,0.4315761239682403,25,2,0.08,25,0,0,0.08,0.0,0.0,False,0.14307310832603332,logistic,False,False,False,post,post,none,none,live,,
0,4,communication,0.6122347388809223,0.4471211833670915,0.08638860769351506,0.8087146222930146,25,0,0.0,25,0,0,0.0,0.0,0.0,False,0.24720341041281518,logistic,False,False,False,post,post,none,none,live,,
0,5,communication,-1.0810888916640875,0.3652475905300537,0.213030408049045,0.5754174148548027,25,25,1.0,25,0,0,1.0,0.0,0.0,True,0.9999962089134272,logistic,False,False,False,post,post,none,none,live,,
0,6,communication,0.19441398855437625,0.38689868738410604,0.22098832923089795,0.6310518007755381,25,3,0.12,25,0,0,0.12,0.0,0.0,False,0.6384071156810699,logistic,False,False,False,post,post,none,none,live,,
0,7,communication,0.6829009735655489,0.2808233899023911,0.1402632241149661,0.39047903666427203,25,0,0.0,25,0,0,0.0,0.0,0.0,False,0.02738755570223564,logistic,False,False,False,post,post,none,none,live,,
0,8,communication,0.9529713676894882,0.24095840888517275,0.1466592237782048,0.3174508639655304,25,0,0.0,25,0,0,0.0,0.0,0.0,False,0.0010468821173364225,logistic,False,False,False,post,post,none,none,live,,
0,9,communication,-1.2409966046540475,0.09592311259289209,0.21582943882289807,0.10610061370775614,25,23,0.92,25,0,0,0.92,0.0,0.0,True,0.9991871673919488,logistic,False,False,False,post,post,none,none,live,,
1,0,communication,0.7365603371693481,0.43230262432697353,0.11204939629319272,0.7615018896546115,25,0,0.0,25,0,0,0.0,0.0,0.0,False,0.11806661015524084,logistic,False,False,False,post,post,none,none,live,,
1,1,communication,-0.2747779577040707,0.5226406832764112,0.32111504626945636,1.0948580345380428,25,16,0.64,25,0,0,0.64,0.0,0.0,True,0.9966846543031446,logistic,False,False,False,post,post,none,none,live,,
1,2,communication,0.39727258622624817,0.36698540167682336,0.2599053331596295,0.5797423987518596,25,3,0.12,25,0,0,0.12,0.0,0.0,False,0.3296768910583951,logistic,False,False,False,post,post,none,none,live,,
1,3,communication,0.10384687856070866,0.37494945775910554,0.20565763192064282,0.5998706223257704,25,1,0.04,25,0,0,0.04,0.0,0.0,False,0.7206933979047971,logistic,False,False,False,post,post,none,none,live,,
1,4,communication,-0.9004078864998614,0.3419452284533923,0.22467118922244056,0.5196303457381337,25,22,0.88,25,0,0,0.88,0.0,0.0,True,0.999905775125129,logistic,False,False,False,post,post,none,none,live,,
1,5,communication,1.6333552793658166,0.4163880096959545,0.2994975421027613,0.7134671950091841,25,0,0.0,25,0,0,0.0,0.0,0.0,False,9.874927829799221e-06,logistic,False,False,False,post,post,none,none,live,,
1,6,communication,-0.18307488072541456,0.4043699075256801,0.258159047363304,0.6788943551288322,25,14,0.56,25,0,0,0.56,0.0,0.0,True,0.956927875215196,logistic,False,False,False,post,post,none,none,live,,
1,7,communication,-2.069102114183221,0.325435258050122,0.24310690900309562,0.4824373967566523,25,25,1.0,25,0,0,1.0,0.0,0.0,True,0.9999999999999745,logistic,False,False,False,post,post,none,none,live,,
1,8,communication,1.1897959845057162,0.40045877332584817,0.2953699781066763,0.6679420121737447,25,0,0.0,25,0,0,0.0,0.0,0.0,False,0.0019677632333993415,logistic,False,False,False,post,post,none,none,live,,
1,9,communication,-0.9747870531655863,0.4209765103356693,0.2849157077211192,0.7270456516016581,25,23,0.92,25,0,0,0.92,0.0,0.0,True,0.999995769005524,logistic,False,False,False,post,post,none,none,live,,
2,0,communication,1.1565673815774802,0.45338923901147676,-0.43290870819405647,0.8294553846534979,25,0,0.0,25,0,0,0.0,0.0,0.0,False,0.006926937435120505,logistic,False,False,False,post,post,none,none,live,,
2,1,communication,1.448652908697468,0.5341539985389652,-0.4481234789742191,1.1466321420892223,25,0,0.0,25,0,0,0.0,0.0,0.0,False,0.0015251967549851026,logistic,False,False,False,post,post,none,none,live,,
2,2,communication,0.07279435968951736,0.47007711495239074,-0.47005923262609023,0.8870670209122183,25,0,0.0,25,0,0,0.0,0.0,0.0,False,0.894204003688639,logistic,False,False,False,post,post,none,none,live,,
2,3,communication,-0.17629926838730392,0.43321929042553364,-0.3871721841223674,0.7643508028895173,25,1,0.04,25,0,0,0.04,0.0,0.0,True,0.9688071579048922,logistic,False,False,False,post,post,none,none,live,,
2,4,communication,-0.39388388999579693,0.4835676514445975,-0.3161967654764217,0.936362047802125,25,5,0.2,25,0,0,0.2,0.0,0.0,True,0.9980344421211569,logistic,False,False,False,post,post,none,none,live,,
2,5,communication,-0.24299602713074908,0.4745683878824051,-0.46853178161196507,0.9031972514363938,25,0,0.0,25,0,0,0.0,0.0,0.0,True,0.9900463519522096,logistic,False,False,False,post,post,none,none,live,,
2,6,communication,0.45265964250558305,0.45962464062430575,-0.4023208189697592,0.8505655053467254,25,0,0.0,25,0,0,0.0,0.0,0.0,False,0.46884929669783926,logistic,False,False,False,post,post,none,none,live,,
2,7,communication,-0.01603784344588033,0.4655866444617272,-0.46010839501973305,0.8712107203847445,25,0,0.0,25,0,0,0.0,0.0,0.0,True,0.9356245677136598,logistic,False,False,False,post,post,none,none,live,,
2,8,communication,0.24333027399828594,0.44228165612126014,-0.4718441384897584,0.7930197401171043,25,0,0.0,25,0,0,0.0,0.0,0.0,False,0.6977654156209526,logistic,False,False,False,post,post,none,none,live,,
2,9,communication,-0.4840322128127821,0.45817798005808663,-0.48627685113340186,0.845624509884641,25,4,0.16,25,0,0,0.16,0.0,0.0,True,0.9988000129819378,logistic,False,False,False,post,post,none,none,live,,
3,0,communication,-0.5073912169828825,0.10319531569973348,0.2949646770085213,0.11507000075523893,25,23,0.92,25,0,0,0.92,0.0,0.0,True,0.7798645310710723,logistic,False,False,False,post,post,none,none,live,,
3,1,communication,1.219815459165737,0.08469449871655467,0.26433004718195435,0.09253139918616865,25,0,0.0,25,0,0,0.0,0.0,0.0,False,1.2486329105686889e-07,logistic,False,False,False,post,post,none,none,live,,
3,2,communication,1.6987635835401438,0.3334317378060558,0.3360939583477107,0.5002214427500611,25,0,0.0,25,0,0,0.0,0.0,0.0,False,3.1536399541220406e-07,logistic,False,False,False,post,post,none,none,live,,
3,3,communication,0.33766323809589605,0.13927710608204028,0.27226121708346024,0.16181410656809547,25,3,0.12,25,0,0,0.12,0.0,0.0,False,0.0405046202574886,logistic,False,False,False,post,post,none,none,live,,
3,4,communication,0.2999316172700422,0.1103592448558288,0.2730111797833259,0.1240492234845339,25,0,0.0,25,0,0,0.0,0.0,0.0,False,0.03168918596073697,logistic,False,False,False,post,post,none,none,live,,
3,5,communication,-0.33095334710189217,0.2073315575230557,0.2664298310761576,0.26156151350643203,25,18,0.72,25,0,0,0.72,0.0,0.0,True,0.8361032468019585,logistic,False,False,False,post,post,none,none,live,,
3,6,communication,-1.6688674206744427,0.01946874715069311,0.19733365738454395,0.019855305064595596,25,24,0.96,25,0,0,0.96,0.0,0.0,True,0.9998166380089673,logistic,False,False,False,post,post,none,none,live,,
3,7,communication,1.1073423375650058,0.10606527176698524,0.3234594065154695,0.11864990632664857,25,0,0.0,25,0,0,0.0,0.0,0.0,False,2.266473397321563e-06,logistic,False,False,False,post,post,none,none,live,,
3,8,communication,1.0811295443391613,0.17069371730775304,0.24011655697746478,0.2058271122143385,25,0,0.0,25,0,0,0.0,0.0,0.0,False,3.356804836469196e-05,logistic,False,False,False,post,post,none,none,live,,
3,9,communication,-0.17663326430129317,0.15398499551490824,0.23397559709326432,0.18201213299831223,25,10,0.4,25,0,0,0.4,0.0,0.0,True,0.5329032749650275,logistic,False,False,False,post,post,none,none,live,,
4,0,communication,-0.100212953538492,1.0,0.10018366391958577,-0.5654840130345876,25,3,0.12,25,0,0,0.12,0.0,0.0,True,0.0,logistic,False,False,False,post,post,none,none,live,,
4,1,communication,-0.43662874003158264,1.0,0.1672932135757909,-0.2438623847881747,25,21,0.84,25,0,0,0.84,0.0,0.0,True,0.0,logistic,False,False,False,post,post,none,none,live,,
4,2,communication,0.8654782310753508,1.0,0.1902813537685967,-0.23149460752584375,25,0,0.0,25,0,0,0.0,0.0,0.0,False,0.0,logistic,False,False,False,post,post,none,none,live,,
4,3,communication,-0.4223617146705224,1.0,0.1088206719485111,-0.3454800351050123,25,20,0.8,25,0,0,0.8,0.0,0.0,True,0.0,logistic,False,False,False,post,post,none,none,live,,
4,4,communication,0.3600236163600246,1.0,0.11522795998428043,-0.16196510890662036,25,0,0.0,25,0,0,0.0,0.0,0.0,False,0.0,logistic,False,False,False,post,post,none,none,live,,
4,5,communication,1.6574142830932446,1.0,0.2182853050772676,-0.2765229847713958,25,0,0.0,25,0,0,0.0,0.0,0.0,False,0.0,logistic,False,False,False,post,post,none,none,live,,
4,6,communication,-0.537144997110959,1.0,0.1402518349541786,-0.341052638769791,25,20,0.8,25,0,0,0.8,0.0,0.0,True,0.0,logistic,False,False,False,post,post,none,none,live,,
4,7,communication,1.0532094373214238,1.0,0.18092164215884277,-0.38123359181485783,25,0,0.0,25,0,0,0.0,0.0,0.0,False,0.0,logistic,False,False,False,post,post,none,none,live,,
4,8,communication,0.9752895496284807,1.0,0.1649513297079366,-0.48209304624601024,25,0,0.0,25,0,0,0.0,0.0,0.0,False,0.0,logistic,False,False,False,post,post,none,none,live,,
4,9,communication,-0.07386021360655645,1.0,0.1118871514846089,-0.43889173448369045,25,11,0.44,25,0,0,0.44,0.0,0.0,True,0.0,logistic,False,False,False,post,post,none,none,live,,
5,0,communication,0.8917929858757825,0.3604551797197616,0.3083134066712327,0.5636120695369181,25,0,0.0,25,0,0,0.0,0.0,0.0,False,0.016653275362052813,logistic,False,False,False,post,post,none,none,live,,
5,1,communication,-0.0379492896751597,0.20257401898765537,0.276172793425498,0.25403488701294197,25,11,0.44,25,0,0,0.44,0.0,0.0,True,0.48774723471842446,logistic,False,False,False,post,post,none,none,live,,
5,2,communication,-0.00923880652849679,0.33098417515047407,0.31257045399688643,0.4947329537756727,25,11,0.44,25,0,0,0.44,0.0,0.0,True,0.7570608708038271,logistic,False,False,False,post,post,none,none,live,,
5,3,communication,1.6735043395778741,0.3276636298864978,0.23191834313071008,0.4873507435440126,25,0,0.0,25,0,0,0.0,0.0,0.0,False,4.0589916578181807e-07,logistic,False,False,False,post,post,none,none,live,,
5,4,communication,0.5844465255538529,0.3985905912828498,0.23935242122104666,0.6627608173491538,25,0,0.0,25,0,0,0.0,0.0,0.0,False,0.190374611834482,logistic,False,False,False,post,post,none,none,live,,
5,5,communication,-0.8250100403009086,0.30067076688855676,0.24740129195358798,0.4299416535911386,25,25,1.0,25,0,0,1.0,0.0,0.0,True,0.9993806094363734,logistic,False,False,False,post,post,none,none,live,,
5,6,communication,-0.04980585087112327,0.36718264178540566,0.33517521206603773,0.580234781835568,25,16,0.64,25,0,0,0.64,0.0,0.0,True,0.853287360886207,logistic,False,False,False,post,post,none,none,live,,
5,7,communication,1.773205525142407,0.39645130097579806,0.15757075518149022,0.6568671287284152,25,0,0.0,25,0,0,0.0,0.0,0.0,False,6.119641859994432e-07,logistic,False,False,False,post,post,none,none,live,,
5,8,communication,0.44201590320009604,0.3086138997298994,0.3668616456697293,0.44636983533417096,25,3,0.12,25,0,0,0.12,0.0,0.0,False,0.17246822009202678,logistic,False,False,False,post,post,none,none,live,,
5,9,communication,-1.1592299610597179,0.37302740776377025,0.23230354560776834,0.594966051758801,25,24,0.96,25,0,0,0.96,0.0,0.0,True,0.99999913942181,logistic,False,False,False,post,post,none,none,live,,
6,0,communication,-0.3665722979956172,0.3887778836872445,0.0682568239210714,0.6360664532765552,25,15,0.6,25,0,0,0.6,0.0,0.0,True,0.9873020958761645,logistic,False,False,False,post,post,none,none,live,,
6,1,communication,0.34562990834046337,0.352814715045144,-0.01756164531729987,0.5451525602436317,25,0,0.0,25,0,0,0.0,0.0,0.0,False,0.361750757807786,logistic,False,False,False,post,post,none,none,live,,
6,2,communication,-1.6190490943415865,0.14452516339882363,-0.017400457717214195,0.16894145475163927,25,25,1.0,25,0,0,1.0,0.0,0.0,True,0.9999992763342067,logistic,False,False,False,post,post,none,none,live,,
6,3,communication,-0.33726914343311315,0.13794561404316866,0.02795148551627199,0.16001961858828298,25,16,0.64,25,0,0,0.64,0.0,0.0,True,0.6895069877456658,logistic,False,False,False,post,post,none,none,live,,
6,4,communication,-1.1525212868583365,0.2412626159111056,0.017405544066058095,0.3179790807339988,25,23,0.92,25,0,0,0.92,0.0,0.0,True,0.9999598829055948,logistic,False,False,False,post,post,none,none,live,,
6,5,communication,0.11030357624474182,0.21629245861854793,0.011690253082498069,0.27598619025317306,25,0,0.0,25,0,0,0.0,0.0,0.0,False,0.3330597977580443,logistic,False,False,False,post,post,none,none,live,,
6,6,communication,-1.290946173413982,0.18993105762990495,-0.018891121636093477,0.23446283111929428,25,24,0.96,25,0,0,0.96,0.0,0.0,True,0.9999752639552878,logistic,False,False,False,post,post,none,none,live,,
6,7,communication,0.6479931684187862,0.3629636904534497,-0.08240943126072155,0.5697692345226153,25,0,0.0,25,0,0,0.0,0.0,0.0,False,0.09668976128376394,logistic,False,False,False,post,post,none,none,live,,
6,8,communication,-1.0482463988571673,0.20606815817105595,0.10848006525704203,0.25955396586229146,25,23,0.92,25,0,0,0.92,0.0,0.0,True,0.9996115672847896,logistic,False,False,False,post,post,none,none,live,,
6,9,communication,0.5847709417465681,0.18102688335484224,-0.020328319179506626,0.22104130120461213,25,0,0.0,25,0,0,0.0,0.0,0.0,False,0.011995536570644626,logistic,False,False,False,post,post,none,none,live,,
7,0,communication,0.42482075162096794,0.21498996624002628,-0.28249207909395707,0.27386906790259197,25,0,0.0,25,0,0,0.0,0.0,0.0,False,0.068288205482092,logistic,False,False,False,post,post,none,none,live,,
7,1,communication,-0.3563175704984791,0.4144912314494349,-0.3799665604577779,0.7079163519199098,25,3,0.12,25,0,0,0.12,0.0,0.0,True,0.9906975911330768,logistic,False,False,False,post,post,none,none,live,,
7,2,communication,0.9464436891584966,0.3448219730068982,-0.27694679104345105,0.5263027128510962,25,0,0.0,25,0,0,0.0,0.0,0.0,False,0.008091898607910231,logistic,False,False,False,post,post,none,none,live,,
7,3,communication,-2.4601312230132657,0.2750227075047233,-0.28663833588562415,0.37935354714094727,25,23,0.92,25,0,0,0.92,0.0,0.0,True,1.0,logistic,False,False,False,post,post,none,none,live,,
7,4,communication,-0.5137909602533426,0.39566222965082976,-0.3264113475547623,0.6547037915936094,25,5,0.2,25,0,0,0.2,0.0,0.0,True,0.9971705637558033,logistic,False,False,False,post,post,none,none,live,,
7,5,communication,-0.46525348504202263,0.38492440123548144,-0.2719655275948234,0.6258164069728437,25,3,0.12,25,0,0,0.12,0.0,0.0,True,0.994478791198659,logistic,False,False,False,post,post,none,none,live,,
7,6,communication,-1.761999715878393,0.27613180858528535,-0.36918008462404583,0.38146697404346286,25,24,0.96,25,0,0,0.96,0.0,0.0,True,0.9999999997166062,logistic,False,False,False,post,post,none,none,live,,
7,7,communication,0.7391836058716696,0.18269206450302547,-0.34710018225143946,0.22352904770456833,25,0,0.0,25,0,0,0.0,0.0,0.0,False,0.002888960710900957,logistic,False,False,False,post,post,none,none,live,,
7,8,communication,-0.5537089350012506,0.2724453200809491,-0.3543708975326178,0.37446713985986857,25,4,0.16,25,0,0,0.16,0.0,0.0,True,0.9841595385106114,logistic,False,False,False,post,post,none,none,live,,
7,9,communication,1.1573285777216775,0.26444510178727576,-0.2913720231469912,0.3595178312724629,25,0,0.0,25,0,0,0.0,0.0,0.0,False,0.00015548896905700262,logistic,False,False,False,post,post,none,none,live,,
8,0,communication,0.1647475102771261,0.4153883778570439,0.3601526080378457,0.7105373244794443,25,3,0.12,25,0,0,0.12,0.0,0.0,False,0.7329515027774524,logistic,False,False,False,post,post,none,none,live,,
8,1,communication,0.7808364281877017,0.45561054968515574,0.40239133335680166,0.8369202405036619,25,0,0.0,25,0,0,0.0,0.0,0.0,False,0.11592933139084566,logistic,False,False,False,post,post,none,none,live,,
8,2,communication,0.7177744619059414,0.4040861314506037,0.3530355894874792,0.6780948603096797,25,0,0.0,25,0,0,0.0,0.0,0.0,False,0.09880122709232764,logistic,False,False,False,post,post,none,none,live,,
8,3,communication,-0.6272612451883267,0.32127483861452744,0.23807889629605028,0.47335041765464164,25,23,0.92,25,0,0,0.92,0.0,0.0,True,0.9965084598129864,logistic,False,False,False,post,post,none,none,live,,
8,4,communication,1.6589977850430955,0.42000366783970144,0.36009064862561946,0.7241488343130098,25,0,0.0,25,0,0,0.0,0.0,0.0,False,7.392596827909935e-06,logistic,False,False,False,post,post,none,none,live,,
8,5,communication,0.7382065890258924,0.4189890811983345,0.3128642535777747,0.7211380503183986,25,0,0.0,25,0,0,0.0,0.0,0.0,False,0.10230282183387523,logistic,False,False,False,post,post,none,none,live,,
8,6,communication,0.2576761834066992,0.2934568170959515,0.3208288230765513,0.4153416580849017,25,4,0.16,25,0,0,0.16,0.0,0.0,False,0.3357664210968454,logistic,False,False,False,post,post,none,none,live,,
8,7,communication,1.0268735294450475,0.4041008205325678,0.3343275210602414,0.6781362258188061,25,0,0.0,25,0,0,0.0,0.0,0.0,False,0.01020685583427096,logistic,False,False,False,post,post,none,none,live,,
8,8,communication,-0.6052263205046928,0.43769659884219025,0.3229709864305366,0.7783993444481252,25,22,0.88,25,0,0,0.88,0.0,0.0,True,0.9995492641510103,logistic,False,False,False,post,post,none,none,live,,
8,9,communication,0.5175096575940484,0.49890557448696893,0.4240814366459036,0.9956318591574409,25,0,0.0,25,0,0,0.0,0.0,0.0,False,0.4741837664668541,logistic,False,False,False,post,post,none,none,live,,
9,0,communication,2.1620064973442084,0.29039539964906735,0.2802526225924611,0.4092355087684793,25,0,0.0,25,0,0,0.0,0.0,0.0,False,5.570508522320063e-12,logistic,False,False,False,post,post,none,none,live,,
9,1,communication,0.2710082875635879,0.25852527336199216,0.2240018526993207,0.34866363488098456,25,3,0.12,25,0,0,0.12,0.0,0.0,False,0.24525162176022353,logistic,False,False,False,post,post,none,none,live,,
9,2,communication,0.3181307821384211,0.42464232420588677,0.3313281184117554,0.7380492901564093,25,6,0.24,25,0,0,0.24,0.0,0.0,False,0.56553085464413,logistic,False,False,False,post,post,none,none,live,,
9,3,communication,-0.07467353622954115,0.3577664476870478,0.27223997472355654,0.5570659558327042,25,13,0.52,25,0,0,0.52,0.0,0.0,True,0.8592668363962995,logistic,False,False,False,post,post,none,none,live,,
9,4,communication,-0.19673467946051099,0.10027054111923747,0.18788180047014336,0.11144521292430631,25,11,0.44,25,0,0,0.44,0.0,0.0,True,0.38591036636175724,logistic,False,False,False,post,post,none,none,live,,
9,5,communication,0.2404382037848154,0.23360795893335423,0.3250719487767665,0.30481522042977427,25,2,0.08,25,0,0,0.08,0.0,0.0,False,0.22669244283326373,logistic,False,False,False,post,post,none,none,live,,
9,6,communication,-1.1735250750144535,0.21702163819232034,0.30243621894614237,0.2771745028703956,25,24,0.96,25,0,0,0.96,0.0,0.0,True,0.9999416279281226,logistic,False,False,False,post,post,none,none,live,,
9,7,communication,-1.566196913247624,0.3759513172328133,0.18680659920632614,0.602439084665241,25,25,1.0,25,0,0,1.0,0.0,0.0,True,0.9999999996309453,logistic,False,False,False,post,post,none,none,live,,
9,8,communication,2.6244524107850227,0.3465830789404447,0.2904452569181878,0.5304164428102645,25,0,0.0,25,0,0,0.0,0.0,0.0,False,6.887378808648957e-16,logistic,False,False,False,post,post,none,none,live,,
9,9,communication,-1.022321325311396,0.38450228639993045,0.20313650147702816,0.6247014049019969,25,23,0.92,25,0,0,0.92,0.0,0.0,True,0.9999944800680752,logistic,False,False,False,post,post,none,none,live,,
10,0,communication,1.7040128477869523,1.0,0.16763986302272538,-0.1461784114929498,25,0,0.0,25,0,0,0.0,0.0,0.0,False,0.0,logistic,False,False,False,post,post,none,none,live,,
10,1,communication,0.7594909606248081,0.13397828517802474,0.03313978231485255,0.15470545701682106,25,0,0.0,25,0,0,0.0,0.0,0.0,False,0.0007044466924343277,logistic,False,False,False,post,post,none,none,live,,
10,2,communication,-0.30946551453128823,1.0,0.13347684780148877,-0.010944147649862457,25,18,0.72,25,0,0,0.72,0.0,0.0,True,0.0,logistic,False,False,False,post,post,none,none,live,,
10,3,communication,2.4297941281938726,1.0,0.09088600065114501,-0.22674266655424688,25,0,0.0,25,0,0,0.0,0.0,0.0,False,0.0,logistic,False,False,False,post,post,none,none,live,,
10,4,communication,0.5029011703126431,0.019904828602359963,0.18181766135595095,0.020309077305191887,25,0,0.0,25,0,0,0.0,0.0,0.0,False,0.00012332843382143805,logistic,False,False,False,post,post,none,none,live,,
10,5,communication,-0.9573571204277482,1.0,0.17040680738901254,-0.0014170635709040615,25,25,1.0,25,0,0,1.0,0.0,0.0,True,0.0,logistic,False,False,False,post,post,none,none,live,,
10,6,communication,0.8198311936885042,0.10528222629874401,0.06321116133254752,0.1176708783410147,25,0,0.0,25,0,0,0.0,0.0,0.0,False,0.0001396144632320846,logistic,False,False,False,post,post,none,none,live,,
10,7,communication,-0.5627770201530389,0.14455070343215318,0.12561419780434993,0.1689763543112443,25,21,0.84,25,0,0,0.84,0.0,0.0,True,0.9027986130965779,logistic,False,False,False,post,post,none,none,live,,
10,8,communication,-0.23181011983914016,0.1289770688581429,0.18898717685015023,0.14807539990831464,25,19,0.76,25,0,0,0.76,0.0,0.0,True,0.5284539581765504,logistic,False,False,False,post,post,none,none,live,,
10,9,communication,-0.544257422583799,0.01170489533083665,-0.01340760749507483,0.011843522522308678,25,19,0.76,25,0,0,0.76,0.0,0.0,True,0.3396303737520975,logistic,False,False,False,post,post,none,none,live,,
11,0,communication,-0.8634550972446566,0.5371411261977459,0.14864405236098627,1.1604857476000932,25,22,0.88,25,0,0,0.88,0.0,0.0,True,0.9999990410492595,logistic,False,False,False,post,post,none,none,live,,
11,1,communication,0.1752829765752003,0.4646307774598627,0.10913790460442242,0.8678697950833898,25,0,0.0,25,0,0,0.0,0.0,0.0,False,0.8094085149055876,logistic,False,False,False,post,post,none,none,live,,
11,2,communication,1.984809440261829,0.5298495814120018,0.17988566660369376,1.1269788571140658,25,0,0.0,25,0,0,0.0,0.0,0.0,False,8.986503947843324e-07,logistic,False,False,False,post,post,none,none,live,,
11,3,communication,-0.8737631854089306,0.467623099265331,0.001098283812999215,0.8783684991216202,25,23,0.92,25,0,0,0.92,0.0,0.0,True,0.999994333547587,logistic,False,False,False,post,post,none,none,live,,
11,4,communication,0.5744216619091173,0.49517841847362176,0.07057225003245537,0.9808978787642172,25,0,0.0,25,0,0,0.0,0.0,0.0,False,0.39118557328560727,logistic,False,False,False,post,post,none,none,live,,
11,5,communication,0.7330138149601176,0.512182026062186,0.1785368859093518,1.049944966003811,25,0,0.0,25,0,0,0.0,0.0,0.0,False,0.2402292222504358,logistic,False,False,False,post,post,none,none,live,,
11,6,communication,-1.139444772249864,0.49779551653354953,0.10787911449144327,0.991220773453737,25,24,0.96,25,0,0,0.96,0.0,0.0,True,0.9999999750886156,logistic,False,False,False,post,post,none,none,live,,
11,7,communication,-1.2824501043176286,0.510125358136748,0.1096138164688145,1.041338568161993,25,25,1.0,25,0,0,1.0,0.0,0.0,True,0.9999999990172619,logistic,False,False,False,post,post,none,none,live,,
11,8,communication,-0.2893914001318314,0.49602542876115585,0.16576787342164667,0.9842270961049719,25,12,0.48,25,0,0,0.48,0.0,0.0,True,0.9954475914163768,logistic,False,False,False,post,post,none,none,live,,
11,9,communication,0.08401187919980792,0.5171438798547066,0.048486959366646154,1.0710103036471732,25,2,0.08,25,0,0,0.08,0.0,0.0,False,0.9314608826300821,logistic,False,False,False,post,post,none,none,live,,
12,0,communication,-0.2491954825211849,0.4820663292363614,0.12708845364600851,0.9307491604583371,25,14,0.56,25,0,0,0.56,0.0,0.0,True,0.991634608663633,logistic,False,False,False,post,post,none,none,live,,
12,1,communication,-0.09866808449902703,0.5454412680335086,0.12980238503023805,1.199935739159261,25,9,0.36,25,0,0,0.36,0.0,0.0,True,0.9881260353973707,logistic,False,False,False,post,post,none,none,live,,
12,2,communication,1.0953735697467055,0.5420328462557507,0.1492445644421278,1.1835627114831202,25,0,0.0,25,0,0,0.0,0.0,0.0,False,0.04102506318948516,logistic,False,False,False,post,post,none,none,live,,
12,3,communication,0.5004187564938547,0.5559943050552387,0.06365001103064527,1.2522233642170062,25,0,0.0,25,0,0,0.0,0.0,0.0,False,0.6278153551331838,logistic,False,False,False,post,post,none,none,live,,
12,4,communication,1.556972982504582,0.4645858130072629,0.05753837603948078,0.8677129300900747,25,0,0.0,25,0,0,0.0,0.0,0.0,False,9.567239364294704e-05,logistic,False,False,False,post,post,none,none,live,,
12,5,communication,0.6783015069423742,0.42246947893990977,0.02291138375451167,0.7315102207316123,25,0,0.0,25,0,0,0.0,0.0,0.0,False,0.14723791383135604,logistic,False,False,False,post,post,none,none,live,,
12,6,communication,1.5326243256028595,0.4784402695856877,0.04247522934707769,0.9173259392661091,25,0,0.0,25,0,0,0.0,0.0,0.0,False,0.00017984767322234296,logistic,False,False,False,post,post,none,none,live,,
12,7,communication,1.9763876481431129,0.5367149766588327,0.13363854310054973,1.1584984396605262,25,0,0.0,25,0,0,0.0,0.0,0.0,False,1.2584998520110322e-06,logistic,False,False,False,post,post,none,none,live,,
12,8,communication,-1.6069970701737732,0.46625937993779465,0.0782240041151881,0.8735692252230195,25,24,0.96,25,0,0,0.96,0.0,0.0,True,0.9999999999956397,logistic,False,False,False,post,post,none,none,live,,
12,9,communication,0.40173392512687434,0.4602777741708904,0.01004352716627499,0.8528049284311419,25,0,0.0,25,0,0,0.0,0.0,0.0,False,0.5380062931281917,logistic,False,False,False,post,post,none,none,live,,
13,0,communication,-1.3789216406819549,0.495336942510246,-0.2894778425284997,0.9815201155680048,25,24,0.96,25,0,0,0.96,0.0,0.0,True,0.9999999997753196,logistic,False,False,False,post,post,none,none,live,,
13,1,communication,-2.4472839763793397,0.4944048910676445,-0.21982347530713145,0.9778672347358325,25,25,1.0,25,0,0,1.0,0.0,0.0,True,1.0,logistic,False,False,False,post,post,none,none,live,,
13,2,communication,-1.0509123723202718,0.49198298532296647,-0.36548245923587147,0.968438007210722,25,21,0.84,25,0,0,0.84,0.0,0.0,True,0.9999998495540531,logistic,False,False,False,post,post,none,none,live,,
13,3,communication,-0.6302346339822651,0.43926844014735983,-0.32964775730491813,0.7833845490394714,25,15,0.6,25,0,0,0.6,0.0,0.0,True,0.9996777793846123,logistic,False,False,False,post,post,none,none,live,,
13,4,communication,0.3198714473863478,0.44514950712094886,-0.30714299901986014,0.8022873059211368,25,0,0.0,25,0,0,0.0,0.0,0.0,False,0.6101337595779905,logistic,False,False,False,post,post,none,none,live,,
13,5,communication,-1.4516319193198441,0.4195872862650199,-0.2228619175274518,0.7229119492661664,25,25,1.0,25,0,0,1.0,0.0,0.0,True,0.9999999992024647,logistic,False,False,False,post,post,none,none,live,,
13,6,communication,-1.5830861878905245,0.45239203552649176,-0.2764548043713617,0.8261239150556167,25,24,0.96,25,0,0,0.96,0.0,0.0,True,0.9999999999867943,logistic,False,False,False,post,post,none,none,live,,
13,7,communication,-0.4238721401981258,0.47427939814376924,-0.30508530382685983,0.90215105983895,25,4,0.16,25,0,0,0.16,0.0,0.0,True,0.9983014870286034,logistic,False,False,False,post,post,none,none,live,,
13,8,communication,-0.40195629163521807,0.4615642200157277,-0.316976370418124,0.8572317018553448,25,5,0.2,25,0,0,0.2,0.0,0.0,True,0.9972979818123023,logistic,False,False,False,post,post,none,none,live,,
13,9,communication,-0.11874968106645586,0.44161405241711715,-0.33266858237342645,0.7908760138552146,25,1,0.04,25,0,0,0.04,0.0,0.0,True,0.9573746645204506,logistic,False,False,False,post,post,none,none,live,,
14,0,communication,-0.7448519322754775,0.2594246481171647,0.24180924758521163,0.35030148850836673,25,22,0.88,25,0,0,0.88,0.0,0.0,True,0.9965586637215449,logistic,False,False,False,post,post,none,none,live,,
14,1,communication,0.19933715842154284,0.37124729851523786,0.2703751463260953,0.5904504229382385,25,4,0.16,25,0,0,0.16,0.0,0.0,False,0.5965712869346719,logistic,False,False,False,post,post,none,none,live,,
14,2,communication,2.8421379388412884,0.3384187082785005,0.14368431541194743,0.5115300455336362,25,0,0.0,25,0,0,0.0,0.0,0.0,False,9.54722135240722e-19,logistic,False,False,False,post,post,none,none,live,,
14,3,communication,-1.833969971091852,0.2546272701889753,0.21760664446679678,0.34161066001640716,25,24,0.96,25,0,0,0.96,0.0,0.0,True,0.9999999998530777,logistic,False,False,False,post,post,none,none,live,,
14,4,communication,0.49381909755045567,0.3258200409157438,0.17792625357723157,0.4832834861456096,25,0,0.0,25,0,0,0.0,0.0,0.0,False,0.15589294658067931,logistic,False,False,False,post,post,none,none,live,,
14,5,communication,3.015755305923946,0.287503341156438,0.24160615587620776,0.40351535349383744,25,0,0.0,25,0,0,0.0,0.0,0.0,False,2.34384841717906e-22,logistic,False,False,False,post,post,none,none,live,,
14,6,communication,1.328846465176862,0.28415752877756384,0.2566236067824038,0.39695539200448837,25,0,0.0,25,0,0,0.0,0.0,0.0,False,2.5300755876917913e-05,logistic,False,False,False,post,post,none,none,live,,
14,7,communication,0.07347595803738352,0.38739616260955945,0.27132904289395343,0.6323763237588963,25,5,0.2,25,0,0,0.2,0.0,0.0,True,0.7764589710352809,logistic,False,False,False,post,post,none,none,live,,
14,8,communication,1.6931345337740196,0.21649813319298458,0.21107654247759883,0.2763211453155482,25,0,0.0,25,0,0,0.0,0.0,0.0,False,5.776445979726443e-09,logistic,False,False,False,post,post,none,none,live,,
14,9,communication,1.1205719095865312,0.37694884796313505,0.3063020648078332,0.6050046560877422,25,0,0.0,25,0,0,0.0,0.0,0.0,False,0.0026171638773624,logistic,False,False,False,post,post,none,none,live,,
15,0,communication,0.3832991516645473,0.39232558188978645,0.08313813476420576,0.6456180648674774,25,0,0.0,25,0,0,0.0,0.0,0.0,False,0.4039350102200752,logistic,False,False,False,post,post,none,none,live,,
15,1,communication,0.08117801424683771,0.49774614066698286,0.09169306857704004,0.9910250193557091,25,1,0.04,25,0,0,0.04,0.0,0.0,False,0.9166538914032774,logistic,False,False,False,post,post,none,none,live,,
15,2,communication,-0.18040169265516148,0.394871580875012,0.03309265095663606,0.6525417884785414,25,6,0.24,25,0,0,0.24,0.0,0.0,True,0.9506239158175908,logistic,False,False,False,post,post,none,none,live,,
15,3,communication,-1.45394442097836,0.401777024813009,0.10467347364017224,0.671617509654193,25,23,0.92,25,0,0,0.92,0.0,0.0,True,0.9999999985484704,logistic,False,False,False,post,post,none,none,live,,
15,4,communication,-2.533916733485787,0.5039800205931586,0.11479459304352692,1.0160478237103194,25,24,0.96,25,0,0,0.96,0.0,0.0,True,1.0,logistic,False,False,False,post,post,none,none,live,,
15,5,communication,2.071999493494552,0.4225704874700709,0.12615954709425542,0.731813110172765,25,0,0.0,25,0,0,0.0,0.0,0.0,False,6.22603124356819e-09,logistic,False,False,False,post,post,none,none,live,,
15,6,communication,1.559283579381729,0.385100403898251,0.13544983587758097,0.6262817642744515,25,0,0.0,25,0,0,0.0,0.0,0.0,False,1.2993284212002353e-05,logistic,False,False,False,post,post,none,none,live,,
15,7,communication,0.2126469730315977,0.43882837691750537,0.10739362351174504,0.781986042891901,25,0,0.0,25,0,0,0.0,0.0,0.0,False,0.7257460972561326,logistic,False,False,False,post,post,none,none,live,,
15,8,communication,-0.5521800285531897,0.36812965646242674,0.19107962112967714,0.5826031562130696,25,20,0.8,25,0,0,0.8,0.0,0.0,True,0.9968418020030895,logistic,False,False,False,post,post,none,none,live,,
15,9,communication,-0.13462774533855254,0.4751583336516679,0.026627474507302795,0.9053365312202747,25,8,0.32,25,0,0,0.32,0.0,0.0,True,0.9755986390485324,logistic,False,False,False,post,post,none,none,live,,
16,0,communication,1.959371527384812,0.32713444312500606,0.44697256396966384,0.4861809908123766,25,0,0.0,25,0,0,0.0,0.0,0.0,False,1.9470510125824487e-09,logistic,False,False,False,post,post,none,none,live,,
16,1,communication,-0.009956623422616384,0.42919984504331005,0.429918673792445,0.7519266442313353,25,18,0.72,25,0,0,0.72,0.0,0.0,True,0.9006812788304505,logistic,False,False,False,post,post,none,none,live,,
16,2,communication,1.0748865921563038,0.4898936754435543,0.323271947312283,0.9603756155533515,25,0,0.0,25,0,0,0.0,0.0,0.0,False,0.02411638191768817,logistic,False,False,False,post,post,none,none,live,,
16,3,communication,-0.08024533096910458,0.5091537689547164,0.45106017277304133,1.0372979086962648,25,18,0.72,25,0,0,0.72,0.0,0.0,True,0.9765726232154096,logistic,False,False,False,post,post,none,none,live,,
16,4,communication,0.2179147505483747,0.36865671015304113,0.4538824056203762,0.5839243341643903,25,7,0.28,25,0,0,0.28,0.0,0.0,True,0.5663385843325588,logistic,False,False,False,post,post,none,none,live,,
16,5,communication,1.4566002751083498,0.404985788462171,0.2727348334607824,0.6806321271141997,25,0,0.0,25,0,0,0.0,0.0,0.0,False,8.989403217538673e-05,logistic,False,False,False,post,post,none,none,live,,
16,6,communication,1.3686522962545287,0.49737519393969926,0.4338501321956536,0.9895556047825232,25,0,0.0,25,0,0,0.0,0.0,0.0,False,0.0018023131207013984,logistic,False,False,False,post,post,none,none,live,,
16,7,communication,-0.2563005928450094,0.44832269717100226,0.3583187498608128,0.8126538736903011,25,20,0.8,25,0,0,0.8,0.0,0.0,True,0.9867513340518279,logistic,False,False,False,post,post,none,none,live,,
16,8,communication,1.2494508471582724,0.4113866317314457,0.3745190770740178,0.6989080675173366,25,0,0.0,25,0,0,0.0,0.0,0.0,False,0.0012742322197577625,logistic,False,False,False,post,post,none,none,live,,
16,9,communication,0.30148694733181736,0.5001900201151399,0.41931756143778753,1.0007603694315332,25,4,0.16,25,0,0,0.16,0.0,0.0,False,0.7462770419510192,logistic,False,False,False,post,post,none,none,live,,
17,0,communication,0.8925103297046886,0.48343503452163716,-0.08651551884086321,0.9358649285747712,25,0,0.0,25,0,0,0.0,0.0,0.0,False,0.07999302683612297,logistic,False,False,False,post,post,none,none,live,,
17,1,communication,-0.9379150807430903,0.47938321550519414,-0.12319985265226868,0.9207986176826324,25,22,0.88,25,0,0,0.88,0.0,0.0,True,0.9999985131352453,logistic,False,False,False,post,post,none,none,live,,
17,2,communication,-1.2385706442373488,0.4749432897540665,-0.1394590355937136,0.9045561755255083,25,24,0.96,25,0,0,0.96,0.0,0.0,True,0.9999999919244172,logistic,False,False,False,post,post,none,none,live,,
17,3,communication,-0.7042381727711966,0.45084579623512644,-0.2187113189387628,0.8209821451683926,25,18,0.72,25,0,0,0.72,0.0,0.0,True,0.9999030196492315,logistic,False,False,False,post,post,none,none,live,,
17,4,communication,-0.9062223465863417,0.4986475590248432,-0.15074831585555606,0.9946048293989506,25,19,0.76,25,0,0,0.76,0.0,0.0,True,0.9999985621906071,logistic,False,False,False,post,post,none,none,live,,
17,5,communication,1.6442728565047626,0.43471356564018765,-0.16509722000943391,0.7690146786071407,25,0,0.0,25,0,0,0.0,0.0,0.0,False,1.3568505077357194e-05,logistic,False,False,False,post,post,none,none,live,,
17,6,communication,0.914739122235518,0.44818589786014823,-0.15772044940577346,0.812204501701118,25,0,0.0,25,0,0,0.0,0.0,0.0,False,0.04595345391281624,logistic,False,False,False,post,post,none,none,live,,
17,7,communication,0.298409829735097,0.4892862661485803,-0.1134244126750549,0.9580440738469091,25,0,0.0,25,0,0,0.0,0.0,0.0,False,0.7288690756075388,logistic,False,False,False,post,post,none,none,live,,
17,8,communication,-1.8036790214376728,0.3793250595767994,-0.14514792922348074,0.6111493067823242,25,24,0.96,25,0,0,0.96,0.0,0.0,True,0.9999999999984088,logistic,False,False,False,post,post,none,none,live,,
17,9,communication,-2.265825643286889,0.39948530971251295,-0.07641963507700758,0.6652381967896,25,24,0.96,25,0,0,0.96,0.0,0.0,True,1.0,logistic,False,False,False,post,post,none,none,live,,
18,0,communication,-1.2439860411531285,1.0,-0.5086458139652696,-0.10738000168655255,25,22,0.88,25,0,0,0.88,0.0,0.0,True,0.0,logistic,False,False,False,post,post,none,none,live,,
18,1,communication,0.35450600314105707,0.026773614509227796,-0.5286428646812485,0.02751016095368867,25,0,0.0,25,0,0,0.0,0.0,0.0,False,0.0012517313084104862,logistic,False,False,False,post,post,none,none,live,,
18,2,communication,0.6731601825223499,1.0,-0.5107055298799639,-0.1384961313902344,25,0,0.0,25,0,0,0.0,0.0,0.0,False,0.0,logistic,False,False,False,post,post,none,none,live,,
18,3,communication,-0.4155973216797688,0.10045328191027487,-0.44002467212322877,0.111671000394062,25,1,0.04,25,0,0,0.04,0.0,0.0,True,0.6704643291397187,logistic,False,False,False,post,post,none,none,live,,
18,4,communication,0.08729910607591695,0.06133885808467911,-0.5486740365502607,0.06534717945127493,25,0,0.0,25,0,0,0.0,0.0,0.0,False,0.05153328256594778,logistic,False,False,False,post,post,none,none,live,,
18,5,communication,-0.7282906260745645,1.0,-0.4872267051488318,-0.14827852819636703,25,8,0.32,25,0,0,0.32,0.0,0.0,True,0.0,logistic,False,False,False,post,post,none,none,live,,
18,6,communication,-0.755029154638686,1.0,-0.5858481958810842,-0.26209383731176206,25,9,0.36,25,0,0,0.36,0.0,0.0,True,0.0,logistic,False,False,False,post,post,none,none,live,,
18,7,communication,-2.626855922662481,1.0,-0.47869296581461823,-0.10626605275883887,25,25,1.0,25,0,0,1.0,0.0,0.0,True,0.0,logistic,False,False,False,post,post,none,none,live,,
18,8,communication,0.513756327079985,1.0,-0.5562561115506681,-0.06444644735748556,25,0,0.0,25,0,0,0.0,0.0,0.0,False,0.0,logistic,False,False,False,post,post,none,none,live,,
18,9,communication,0.6297930003202716,0.006039354166929229,-0.4838906759002619,0.006076049582292516,25,0,0.0,25,0,0,0.0,0.0,0.0,False,2.2267090692585475e-06,logistic,False,False,False,post,post,none,none,live,,
19,0,communication,2.2569081221435487,0.3130766220744175,-0.15217592720413922,0.45576643936601396,25,0,0.0,25,0,0,0.0,0.0,0.0,False,1.6236148979861872e-12,logistic,False,False,False,post,post,none,none,live,,
19,1,communication,0.5649049500015992,0.37669969223064964,-0.30350086959490835,0.6043630775328379,25,0,0.0,25,0,0,0.0,0.0,0.0,False,0.17322151740129338,logistic,False,False,False,post,post,none,none,live,,
19,2,communication,-1.4729666712036087,0.3719176481432659,-0.17614278700105598,0.5921479039234341,25,24,0.96,25,0,0,0.96,0.0,0.0,True,0.9999999971071292,logistic,False,False,False,post,post,none,none,live,,
19,3,communication,0.08039905588826965,0.2611439422092885,-0.2441323471148679,0.35344359629417854,25,0,0.0,25,0,0,0.0,0.0,0.0,False,0.48510706458511155,logistic,False,False,False,post,post,none,none,live,,
19,4,communication,-0.848041096598013,0.2952738249263848,-0.13847514330340463,0.4189908582514914,25,17,0.68,25,0,0,0.68,0.0,0.0,True,0.9994679510796688,logistic,False,False,False,post,post,none,none,live,,
19,5,communication,-0.5842767818313471,0.328730415699033,-0.15607696457526013,0.48971445062770064,25,14,0.56,25,0,0,0.56,0.0,0.0,True,0.9953379391631005,logistic,False,False,False,post,post,none,none,live,,
19,6,communication,-2.6414684271820037,0.39650704075539067,-0.15656313094296886,0.6570201601882774,25,24,0.96,25,0,0,0.96,0.0,0.0,True,1.0,logistic,False,False,False,post,post,none,none,live,,
19,7,communication,-1.7162516728094668,0.4355643605768443,-0.2210274079793612,0.771681180554056,25,25,1.0,25,0,0,1.0,0.0,0.0,True,0.9999999999988126,logistic,False,False,False,post,post,none,none,live,,
19,8,communication,-1.0260336958139635,0.20832433475536338,-0.2006051891906974,0.26314353705818255,25,21,0.84,25,0,0,0.84,0.0,0.0,True,0.9995204844643172,logistic,False,False,False,post,post,none,none,live,,
19,9,communication,-0.2864644663468964,0.33678733417174517,-0.2435796981445662,0.5078119757425734,25,0,0.0,25,0,0,0.0,0.0,0.0,True,0.9511653021824052,logistic,False,False,False,post,post,none,none,live,,
20,0,communication,0.4702482083998041,0.007691757582204572,0.1528008491211086,0.007751379312806395,25,0,0.0,25,0,0,0.0,0.0,0.0,False,3.6686127637528755e-05,logistic,False,False,False,post,post,none,none,live,,
20,1,communication,1.6138203565483158,0.22260240864586414,0.07469299962920359,0.2863430645033473,25,0,0.0,25,0,0,0.0,0.0,0.0,False,3.316722209063273e-08,logistic,False,False,False,post,post,none,none,live,,
20,2,communication,-0.8919113923239052,0.2738667225991074,0.07487135872869215,0.3771576529027572,25,25,1.0,25,0,0,1.0,0.0,0.0,True,0.9994896664509363,logistic,False,False,False,post,post,none,none,live,,
20,3,communication,-1.0000995137947288,0.3290566554088847,0.13518532436155525,0.49043880986615584,25,23,0.92,25,0,0,0.92,0.0,0.0,True,0.9999666838152352,logistic,False,False,False,post,post,none,none,live,,
20,4,communication,0.24233492575761587,0.338817889407986,0.11454565756816851,0.5124426144933244,25,1,0.04,25,0,0,0.04,0.0,0.0,False,0.4625221690839987,logistic,False,False,False,post,post,none,none,live,,
20,5,communication,0.06060300192065883,0.2849488728846786,0.17066233548787932,0.3985013967242133,25,7,0.28,25,0,0,0.28,0.0,0.0,True,0.5712735556664467,logistic,False,False,False,post,post,none,none,live,,
20,6,communication,1.903123178300343,0.27061357803364045,-0.01442999152136823,0.37101537660118594,25,0,0.0,25,0,0,0.0,0.0,0.0,False,7.12380063171338e-10,logistic,False,False,False,post,post,none,none,live,,
20,7,communication,-0.5417596990241911,0.24217869860399768,0.19395203622344603,0.3195723030718112,25,20,0.8,25,0,0,0.8,0.0,0.0,True,0.9721781978478107,logistic,False,False,False,post,post,none,none,live,,
20,8,communication,0.12627666386814612,0.2743498943375622,0.15023481972968522,0.3780746288007651,25,3,0.12,25,0,0,0.12,0.0,0.0,False,0.4577387452818447,logistic,False,False,False,post,post,none,none,live,,
20,9,communication,0.08280895013636425,0.20189406068276913,0.15454205457848263,0.2529664932145309,25,1,0.04,25,0,0,0.04,0.0,0.0,False,0.3307204785310013,logistic,False,False,False,post,post,none,none,live,,
21,0,communication,0.7504133504314129,0.609049713505176,-0.042197854391164,1.5578699761695642,25,0,0.0,25,0,0,0.0,0.0,0.0,False,0.42294347781600267,logistic,False,False,False,post,post,none,none,live,,
21,1,communication,-1.0214266560885767,0.6020061270757945,-0.1731879939257861,1.5126014947231148,25,24,0.96,25,0,0,0.96,0.0,0.0,True,0.9999999928595309,logistic,False,False,False,post,post,none,none,live,,
21,2,communication,-1.0849578581369141,0.6440548988848825,-0.10908018481271411,1.8094220059980162,25,22,0.88,25,0,0,0.88,0.0,0.0,True,0.9999999995679852,logistic,False,False,False,post,post,none,none,live,,
21,3,communication,0.4727979170444234,0.6163334986920679,-0.06346872588297668,1.6064303153675552,25,0,0.0,25,0,0,0.0,0.0,0.0,False,0.7806283744786848,logistic,False,False,False,post,post,none,none,live,,
21,4,communication,-0.028008536739950962,0.5831043267460613,-0.12236614192653067,1.398681646645159,25,1,0.04,25,0,0,0.04,0.0,0.0,True,0.9876762927775419,logistic,False,False,False,post,post,none,none,live,,
21,5,communication,-0.530524488805652,0.6134786512492753,-0.2188331226565845,1.5871792159271376,25,9,0.36,25,0,0,0.36,0.0,0.0,True,0.9999794973457817,logistic,False,False,False,post,post,none,none,live,,
21,6,communication,-0.40075089702523375,0.6164758300121969,-0.1318293063372074,1.6073975990399825,25,4,0.16,25,0,0,0.16,0.0,0.0,True,0.9998865405336135,logistic,False,False,False,post,post,none,none,live,,
21,7,communication,1.054705424285815,0.6086206296577593,-0.12235205471967874,1.5550656876103426,25,0,0.0,25,0,0,0.0,0.0,0.0,False,0.11290486067532951,logistic,False,False,False,post,post,none,none,live,,
21,8,communication,-0.4517480611511269,0.593184337182679,-0.030972898097590414,1.4581157792074644,25,13,0.52,25,0,0,0.52,0.0,0.0,True,0.999899934866275,logistic,False,False,False,post,post,none,none,live,,
21,9,communication,-0.02143946036627277,0.6021507175373936,-0.0928342915197623,1.5135146500961432,25,1,0.04,25,0,0,0.04,0.0,0.0,True,0.9902947460107655,logistic,False,False,False,post,post,none,none,live,,
22,0,communication,0.9686001882837663,0.455514032043065,-0.14962437661957834,0.8365946210740421,25,0,0.0,25,0,0,0.0,0.0,0.0,False,0.03422528689815364,logistic,False,False,False,post,post,none,none,live,,
22,1,communication,0.10610065184286308,0.3919035037265893,-0.18410101310450064,0.6444758457387701,25,0,0.0,25,0,0,0.0,0.0,0.0,False,0.7512139758940328,logistic,False,False,False,post,post,none,none,live,,
22,2,communication,0.7882860940736316,0.42344888582275714,-0.0762296595467217,0.7344515957219723,25,0,0.0,25,0,0,0.0,0.0,0.0,False,0.079387698396237,logistic,False,False,False,post,post,none,none,live,,
22,3,communication,-1.3810712637291895,0.5057260124464794,-0.21582049602388192,1.0231693861731268,25,23,0.92,25,0,0,0.92,0.0,0.0,True,0.9999999998546677,logistic,False,False,False,post,post,none,none,live,,
22,4,communication,0.094682801164293,0.4662534940749119,-0.15202806112819459,0.8735485645321509,25,0,0.0,25,0,0,0.0,0.0,0.0,False,0.8757248839483265,logistic,False,False,False,post,post,none,none,live,,
22,5,communication,-0.061316087289235405,0.5169393003610491,-0.24175710216363813,1.070133216689786,25,1,0.04,25,0,0,0.04,0.0,0.0,True,0.975580313581553,logistic,False,False,False,post,post,none,none,live,,
22,6,communication,-0.07711856577240993,0.39196153342639234,-0.19742299239560257,0.644632790479782,25,3,0.12,25,0,0,0.12,0.0,0.0,True,0.9013687493833543,logistic,False,False,False,post,post,none,none,live,,
22,7,communication,0.6009314181837857,0.30866665772984747,-0.18013270346063198,0.4464802127382853,25,0,0.0,25,0,0,0.0,0.0,0.0,False,0.07026110512338485,logistic,False,False,False,post,post,none,none,live,,
22,8,communication,0.28708067695292006,0.42616269625933556,-0.14877464543660868,0.7426542218174303,25,0,0.0,25,0,0,0.0,0.0,0.0,False,0.6092844352726187,logistic,False,False,False,post,post,none,none,live,,
22,9,communication,0.24548166571077937,0.31002046597654653,-0.2298407983758923,0.4493183503121246,25,0,0.0,25,0,0,0.0,0.0,0.0,False,0.38948444403821925,logistic,False,False,False,post,post,none,none,live,,
23,0,communication,0.7819409568095727,0.3507346026489426,0.2632880444129685,0.5402022101900197,25,0,0.0,25,0,0,0.0,0.0,0.0,False,0.034326809293779535,logistic,False,False,False,post,post,none,none,live,,
23,1,communication,0.9696787206907909,0.2851374088080953,0.183374190463713,0.39887023369439434,25,0,0.0,25,0,0,0.0,0.0,0.0,False,0.002189736320319273,logistic,False,False,False,post,post,none,none,live,,
23,2,communication,-2.055710305721199,0.38210748289128466,0.04143039936160205,0.6184044511159771,25,24,0.96,25,0,0,0.96,0.0,0.0,True,0.9999999999999974,logistic,False,False,False,post,post,none,none,live,,
23,3,communication,2.6531281118354615,0.29231025059009846,0.26206255593741523,0.4130485863810205,25,0,0.0,25,0,0,0.0,0.0,0.0,False,1.9471054375248636e-17,logistic,False,False,False,post,post,none,none,live,,
23,4,communication,0.9417911299962825,0.36718470587151564,0.1034046551795531,0.5802399361684262,25,0,0.0,25,0,0,0.0,0.0,0.0,False,0.012076906543816034,logistic,False,False,False,post,post,none,none,live,,
23,5,communication,-0.14481727171699155,0.14379925362458057,0.18978485377290755,0.16795039508354823,25,12,0.48,25,0,0,0.48,0.0,0.0,True,0.45963650509570014,logistic,False,False,False,post,post,none,none,live,,
23,6,communication,-1.0622444995166371,0.26216133937211905,0.10320290177914979,0.3553098439556241,25,24,0.96,25,0,0,0.96,0.0,0.0,True,0.9999209503304771,logistic,False,False,False,post,post,none,none,live,,
23,7,communication,-1.6677260712789308,0.23427249863551866,0.06495620626685464,0.3059476095844264,25,24,0.96,25,0,0,0.96,0.0,0.0,True,0.9999999901802262,logistic,False,False,False,post,post,none,none,live,,
23,8,communication,0.6741706771867642,0.24454754550354843,0.03882012074114362,0.3237100416419351,25,0,0.0,25,0,0,0.0,0.0,0.0,False,0.0168423517035917,logistic,False,False,False,post,post,none,none,live,,
23,9,communication,1.1264016670076817,0.3015568270173065,0.183602801675393,0.4317557085274548,25,0,0.0,25,0,0,0.0,0.0,0.0,False,0.000538858269093842,logistic,False,False,False,post,post,none,none,live,,
24,0,communication,-0.021728683224338574,1.0,-0.29946077049083225,-0.06294145279038421,25,1,0.04,25,0,0,0.04,0.0,0.0,True,0.0,logistic,False,False,False,post,post,none,none,live,,
24,1,communication,-0.6611759330738265,1.0,-0.2591688955272963,-0.1310396761706507,25,10,0.4,25,0,0,0.4,0.0,0.0,True,0.0,logistic,False,False,False,post,post,none,none,live,,
24,2,communication,1.1817190254201622,1.0,-0.25921470796647944,-0.26720772988696195,25,0,0.0,25,0,0,0.0,0.0,0.0,False,0.0,logistic,False,False,False,post,post,none,none,live,,
24,3,communication,-1.100540356148848,1.0,-0.1460078794190472,-0.5371659176001213,25,25,1.0,25,0,0,1.0,0.0,0.0,True,0.0,logistic,False,False,False,post,post,none,none,live,,
24,4,communication,-0.8752929897895128,1.0,-0.11485998893108423,-0.44883225216296685,25,22,0.88,25,0,0,0.88,0.0,0.0,True,0.0,logistic,False,False,False,post,post,none,none,live,,
24,5,communication,1.6420925348856563,1.0,-0.28535708931855686,-0.12599130872120753,25,0,0.0,25,0,0,0.0,0.0,0.0,False,0.0,logistic,False,False,False,post,post,none,none,live,,
24,6,communication,0.1810409571344352,1.0,-0.2739388670041758,-0.37449097509855295,25,0,0.0,25,0,0,0.0,0.0,0.0,False,0.0,logistic,False,False,False,post,post,none,none,live,,
24,7,communication,0.7282662182313688,1.0,-0.20854258978599016,-0.2649263917010622,25,0,0.0,25,0,0,0.0,0.0,0.0,False,0.0,logistic,False,False,False,post,post,none,none,live,,
24,8,communication,-0.44250116334562817,1.0,-0.213760663520455,-0.3695728684299352,25,6,0.24,25,0,0,0.24,0.0,0.0,True,0.0,logistic,False,False,False,post,post,none,none,live,,
24,9,communication,-1.406924883605461,1.0,-0.3291174211061396,-0.32085561467918333,25,25,1.0,25,0,0,1.0,0.0,0.0,True,0.0,logistic,False,False,False,post,post,none,none,live,,
25,0,communication,-0.21851509482028797,0.5393125087668188,0.11162316581477681,1.1706688786430295,25,11,0.44,25,0,0,0.44,0.0,0.0,True,0.9956649282697054,logistic,False,False,False,post,post,none,none,live,,
25,1,communication,0.6350158028559012,0.5382089109425348,0.20994531579517417,1.1654813695973243,25,0,0.0,25,0,0,0.0,0.0,0.0,False,0.41030238217768705,logistic,False,False,False,post,post,none,none,live,,
25,2,communication,-0.5629896512931185,0.5329892788974631,0.20973117150827925,1.141278464955069,25,20,0.8,25,0,0,0.8,0.0,0.0,True,0.9999065330298118,logistic,False,False,False,post,post,none,none,live,,
25,3,communication,0.23541949444360927,0.5407256416413473,0.15621432997349374,1.1773477700209172,25,2,0.08,25,0,0,0.08,0.0,0.0,False,0.8686322856506488,logistic,False,False,False,post,post,none,none,live,,
25,4,communication,-1.0693756884655057,0.4840998261358493,0.23404198696316333,0.9383594940662392,25,23,0.92,25,0,0,0.92,0.0,0.0,True,0.9999998614453977,logistic,False,False,False,post,post,none,none,live,,
25,5,communication,0.3617735470927912,0.5423296387449251,0.2305387122091705,1.184978719744246,25,1,0.04,25,0,0,0.04,0.0,0.0,False,0.76057648585743,logistic,False,False,False,post,post,none,none,live,,
25,6,communication,0.7525841704331713,0.533809835539245,0.19770121502108248,1.1450473996093546,25,0,0.0,25,0,0,0.0,0.0,0.0,False,0.2596588887951641,logistic,False,False,False,post,post,none,none,live,,
25,7,communication,0.8279953940612692,0.5890177321333109,0.12502162736043132,1.4331950017959685,25,0,0.0,25,0,0,0.0,0.0,0.0,False,0.28380555741769403,logistic,False,False,False,post,post,none,none,live,,
25,8,communication,-0.565468822380228,0.5890115533337029,0.13545632113175682,1.4331584211464516,25,21,0.84,25,0,0,0.84,0.0,0.0,True,0.9999768212826111,logistic,False,False,False,post,post,none,none,live,,
25,9,communication,-0.12017017360432453,0.5304815154198413,0.1952756237991074,1.1298415990888955,25,4,0.16,25,0,0,0.16,0.0,0.0,True,0.9876261785655747,logistic,False,False,False,post,post,none,none,live,,
26,0,communication,-0.8154728921417039,0.1776632710807037,-0.015409436668564834,0.21604686356912012,25,23,0.92,25,0,0,0.92,0.0,0.0,True,0.9914870270953752,logistic,False,False,False,post,post,none,none,live,,
26,1,communication,0.39013132218961266,0.20141587816715076,0.04604050859949469,0.25221623202935267,25,0,0.0,25,0,0,0.0,0.0,0.0,False,0.07137509800930021,logistic,False,False,False,post,post,none,none,live,,
26,2,communication,-0.11437031970918551,0.37469565361636975,-0.00010817142071308135,0.5992212524722967,25,5,0.2,25,0,0,0.2,0.0,0.0,True,0.9050335831311453,logistic,False,False,False,post,post,none,none,live,,
26,3,communication,0.8805017524258117,0.28877103410211985,0.04382968499452296,0.40601697617526766,25,0,0.0,25,0,0,0.0,0.0,0.0,False,0.005712653590970168,logistic,False,False,False,post,post,none,none,live,,
26,4,communication,1.0173066316499864,0.2573430038111649,0.06468717827321444,0.3465166357171574,25,0,0.0,25,0,0,0.0,0.0,0.0,False,0.0007243439312630706,logistic,False,False,False,post,post,none,none,live,,
26,5,communication,0.13898778261713557,0.41754487793155587,0.041924717033997895,0.7168704714085943,25,0,0.0,25,0,0,0.0,0.0,0.0,False,0.7643438074766711,logistic,False,False,False,post,post,none,none,live,,
26,6,communication,1.6802459069430151,0.38292680848555555,-0.05845086218723526,0.6205533051043135,25,0,0.0,25,0,0,0.0,0.0,0.0,False,1.8984595509045703e-06,logistic,False,False,False,post,post,none,none,live,,
26,7,communication,-0.39125867835234773,0.39788354603485,-0.038592057581343556,0.6608082928387788,25,9,0.36,25,0,0,0.36,0.0,0.0,True,0.9911454509090443,logistic,False,False,False,post,post,none,none,live,,
26,8,communication,-2.1935692693055158,0.34688325770462003,0.037343859684328296,0.5311198369919261,25,25,1.0,25,0,0,1.0,0.0,0.0,True,0.9999999999999997,logistic,False,False,False,post,post,none,none,live,,
26,9,communication,0.7049265056470464,0.35486185669757286,-0.04441911887306248,0.5500556127111851,25,0,0.0,25,0,0,0.0,0.0,0.0,False,0.061888802631023414,logistic,False,False,False,post,post,none,none,live,,
27,0,communication,0.6311745482936908,0.543177444803003,-0.24557695992349643,1.1890337695098416,25,0,0.0,25,0,0,0.0,0.0,0.0,False,0.42666090904643744,logistic,False,False,False,post,post,none,none,live,,
27,1,communication,0.356909876425985,0.5096426329802992,-0.2587100293356344,1.0393290021883645,25,0,0.0,25,0,0,0.0,0.0,0.0,False,0.7030808205214594,logistic,False,False,False,post,post,none,none,live,,
27,2,communication,-1.6715102699456308,0.47519023906812086,-0.24117615522389857,0.9054523647280277,25,25,1.0,25,0,0,1.0,0.0,0.0,True,0.9999999999993459,logistic,False,False,False,post,post,none,none,live,,
27,3,communication,-0.7681736744404278,0.5446967906787015,-0.29176572711171495,1.1963385707090846,25,14,0.56,25,0,0,0.56,0.0,0.0,True,0.9999964138227443,logistic,False,False,False,post,post,none,none,live,,
27,4,communication,0.07148092443671039,0.5086788621355692,-0.25483409889547365,1.0353286739230987,25,0,0.0,25,0,0,0.0,0.0,0.0,False,0.9304409142620856,logistic,False,False,False,post,post,none,none,live,,
27,5,communication,-0.46558017641613514,0.48495672632127035,-0.2573624614554101,0.941584428153844,25,5,0.2,25,0,0,0.2,0.0,0.0,True,0.999128166242399,logistic,False,False,False,post,post,none,none,live,,
27,6,communication,0.36844995248811585,0.45956414191723893,-0.3323148950462075,0.8503583451097769,25,0,0.0,25,0,0,0.0,0.0,0.0,False,0.5801128267072488,logistic,False,False,False,post,post,none,none,live,,
27,7,communication,-0.8134543083544157,0.508551963550461,-0.31072525278341806,1.0348031243028033,25,11,0.44,25,0,0,0.44,0.0,0.0,True,0.9999952472273036,logistic,False,False,False,post,post,none,none,live,,
27,8,communication,-0.6487656951076242,0.5603401685723036,-0.24979847315714607,1.274485701258459,25,12,0.48,25,0,0,0.48,0.0,0.0,True,0.9999855639304147,logistic,False,False,False,post,post,none,none,live,,
27,9,communication,0.8205558930063616,0.5025028543779947,-0.3591681478742056,1.010061783871606,25,0,0.0,25,0,0,0.0,0.0,0.0,False,0.14596365805907047,logistic,False,False,False,post,post,none,none,live,,
28,0,communication,-0.11727837599196433,0.40105170383169375,-0.05424674287626874,0.6695931959358927,25,4,0.16,25,0,0,0.16,0.0,0.0,True,0.9301810908560775,logistic,False,False,False,post,post,none,none,live,,
28,1,communication,0.26752541404798497,0.46478579866837616,0.02501954189251661,0.8684108110584129,25,0,0.0,25,0,0,0.0,0.0,0.0,False,0.7153730853627279,logistic,False,False,False,post,post,none,none,live,,
28,2,communication,0.4655706774227564,0.47496587282411795,-0.05368267977508848,0.9046380953918608,25,0,0.0,25,0,0,0.0,0.0,0.0,False,0.4874452958381209,logistic,False,False,False,post,post,none,none,live,,
28,3,communication,-1.417423202350827,0.47987946522927905,0.025194278966527307,0.9226312616955589,25,23,0.92,25,0,0,0.92,0.0,0.0,True,0.999999999823927,logistic,False,False,False,post,post,none,none,live,,
28,4,communication,0.2266656909967438,0.3372967435512328,0.07423914159614559,0.5089710066594622,25,0,0.0,25,0,0,0.0,0.0,0.0,False,0.4796301115577925,logistic,False,False,False,post,post,none,none,live,,
28,5,communication,-0.11332975477161585,0.4719728634150234,0.01604909774666856,0.8938420598371422,25,4,0.16,25,0,0,0.16,0.0,0.0,True,0.9699934412365673,logistic,False,False,False,post,post,none,none,live,,
28,6,communication,1.0418505813111627,0.4484339780741892,-0.05071311168562406,0.8130195846880983,25,0,0.0,25,0,0,0.0,0.0,0.0,False,0.017529588691480302,logistic,False,False,False,post,post,none,none,live,,
28,7,communication,-0.7386502102170062,0.44776897357633166,-0.0027638256794286376,0.8108363205815349,25,20,0.8,25,0,0,0.8,0.0,0.0,True,0.9999341961648593,logistic,False,False,False,post,post,none,none,live,,
28,8,communication,-0.8394345470877655,0.5197551804283308,-0.012766839391087517,1.0822712900722196,25,20,0.8,25,0,0,0.8,0.0,0.0,True,0.9999976770267917,logistic,False,False,False,post,post,none,none,live,,
28,9,communication,-1.5033816420669643,0.538073078354439,-0.051318227854783,1.1648445958456288,25,23,0.92,25,0,0,0.92,0.0,0.0,True,0.9999999999974077,logistic,False,False,False,post,post,none,none,live,,
29,0,communication,-0.14663576993666147,0.3041195155693169,-0.2713077839590051,0.4370283725058398,25,0,0.0,25,0,0,0.0,0.0,0.0,True,0.838895558367897,logistic,False,False,False,post,post,none,none,live,,
29,1,communication,-0.3852062559913683,0.32587696304839225,-0.17578246301313227,0.48340873280642016,25,5,0.2,25,0,0,0.2,0.0,0.0,True,0.9725046974918352,logistic,False,False,False,post,post,none,none,live,,
29,2,communication,-1.4413903057144646,0.26801954200327166,-0.268386338812475,0.36615669048977484,25,24,0.96,25,0,0,0.96,0.0,0.0,True,0.9999998105052915,logistic,False,False,False,post,post,none,none,live,,
29,3,communication,0.5434463625092181,0.31907207097142054,-0.22283887188968354,0.46858420306920423,25,0,0.0,25,0,0,0.0,0.0,0.0,False,0.1115721883983849,logistic,False,False,False,post,post,none,none,live,,
29,4,communication,-1.848981866156396,0.17401102719126857,-0.19196529259835346,0.21066991560378026,25,23,0.92,25,0,0,0.92,0.0,0.0,True,0.999999996779334,logistic,False,False,False,post,post,none,none,live,,
29,5,communication,-0.6205025932093382,0.35926477749581653,-0.1408673385543293,0.5607070828597546,25,17,0.68,25,0,0,0.68,0.0,0.0,True,0.998166469677495,logistic,False,False,False,post,post,none,none,live,,
29,6,communication,-0.43560177998620175,0.3133544455982422,-0.1651584320641093,0.45635545674107414,25,7,0.28,25,0,0,0.28,0.0,0.0,True,0.9777926831203093,logistic,False,False,False,post,post,none,none,live,,
29,7,communication,-0.029533322334414025,0.3892430077723309,-0.24441146458102084,0.6373124053031465,25,0,0.0,25,0,0,0.0,0.0,0.0,True,0.8674951823856103,logistic,False,False,False,post,post,none,none,live,,
29,8,communication,-0.31955093803866247,0.32676677392876696,-0.3020911662325314,0.48536935087959043,25,5,0.2,25,0,0,0.2,0.0,0.0,True,0.9559525256648352,logistic,False,False,False,post,post,none,none,live,,
29,9,communication,1.166390193157772,0.3187506031052512,-0.19936447883239206,0.46789120776938814,25,0,0.0,25,0,0,0.0,0.0,0.0,False,0.0004892081230980812,logistic,False,False,False,post,post,none,none,live,,
30,0,communication,-0.16748226355283194,1.0,-0.03203512645963816,-0.15650895633726067,25,0,0.0,25,0,0,0.0,0.0,0.0,True,0.0,logistic,False,False,False,post,post,none,none,live,,
30,1,communication,-0.6801051167048519,0.12139497511338525,-0.06070201935573182,0.1381678589068523,25,22,0.88,25,0,0,0.88,0.0,0.0,True,0.9336610617064427,logistic,False,False,False,post,post,none,none,live,,
30,2,communication,-1.8743964021957331,1.0,-0.004308491515879274,-0.041961693595359284,25,25,1.0,25,0,0,1.0,0.0,0.0,True,0.0,logistic,False,False,False,post,post,none,none,live,,
30,3,communication,-0.9534683043209079,1.0,-0.04853662081600473,-0.09097686190393037,25,24,0.96,25,0,0,0.96,0.0,0.0,True,0.0,logistic,False,False,False,post,post,none,none,live,,
30,4,communication,-1.0553894929448355,1.0,-0.05054042869643577,-0.024250349089771944,25,23,0.92,25,0,0,0.92,0.0,0.0,True,0.0,logistic,False,False,False,post,post,none,none,live,,
30,5,communication,0.1386654355993374,0.267086794730229,-0.07748190882897749,0.36441804133126465,25,0,0.0,25,0,0,0.0,0.0,0.0,False,0.4232537734436205,logistic,False,False,False,post,post,none,none,live,,
30,6,communication,-0.8827811977861203,0.2291289363732347,-0.0647183921910391,0.2972338010655601,25,25,1.0,25,0,0,1.0,0.0,0.0,True,0.9984848555203941,logistic,False,False,False,post,post,none,none,live,,
30,7,communication,-0.5993432154013133,0.1956940323853237,-0.005680688489831373,0.24330794531550215,25,20,0.8,25,0,0,0.8,0.0,0.0,True,0.9635152442728429,logistic,False,False,False,post,post,none,none,live,,
30,8,communication,-0.3807795814819088,1.0,-0.10234622866127138,-0.2319914367825621,25,8,0.32,25,0,0,0.32,0.0,0.0,True,0.0,logistic,False,False,False,post,post,none,none,live,,
30,9,communication,-0.10705755526551355,0.01502174210287254,0.03995207646186949,0.015250836231596732,25,5,0.2,25,0,0,0.2,0.0,0.0,True,0.03898520161082982,logistic,False,False,False,post,post,none,none,live,,
31,0,communication,-0.6451272081421717,0.04349310484909446,-0.4823581902732946,0.04547076980791933,25,5,0.2,25,0,0,0.2,0.0,0.0,True,0.7203517364018857,logistic,False,False,False,post,post,none,none,live,,
31,1,communication,-0.3380942969946526,1.0,-0.44116954408541553,-0.0020723749762418114,25,0,0.0,25,0,0,0.0,0.0,0.0,True,0.0,logistic,False,False,False,post,post,none,none,live,,
31,2,communication,-0.6939199303785912,0.1092425406708162,-0.4532031346699744,0.12264005148279658,25,3,0.12,25,0,0,0.12,0.0,0.0,True,0.9260013699262134,logistic,False,False,False,post,post,none,none,live,,
31,3,communication,1.4148731887331865,0.05268827163106374,-0.5574156427253526,0.05561872618402121,25,0,0.0,25,0,0,0.0,0.0,0.0,False,3.638506953396525e-10,logistic,False,False,False,post,post,none,none,live,,
31,4,communication,1.7199971858005685,0.1450295972129432,-0.5251271630138278,0.16963113195517834,25,0,0.0,25,0,0,0.0,0.0,0.0,False,1.414382903822523e-10,logistic,False,False,False,post,post,none,none,live,,
31,5,communication,-1.521546147291648,0.14388415442224572,-0.5405618774149783,0.16806622043672692,25,24,0.96,25,0,0,0.96,0.0,0.0,True,0.9999964120669089,logistic,False,False,False,post,post,none,none,live,,
31,6,communication,0.20564148293736662,0.16385873576753723,-0.6056412178385271,0.1959701581262726,25,0,0.0,25,0,0,0.0,0.0,0.0,False,0.13178401011216084,logistic,False,False,False,post,post,none,none,live,,
31,7,communication,-0.4552529218778375,0.18696797628409506,-0.5125086879224015,0.2299638523825559,25,3,0.12,25,0,0,0.12,0.0,0.0,True,0.8946442537740531,logistic,False,False,False,post,post,none,none,live,,
31,8,communication,-0.18826326620520573,1.0,-0.45837386757593934,-0.01683006154355575,25,0,0.0,25,0,0,0.0,0.0,0.0,True,0.0,logistic,False,False,False,post,post,none,none,live,,
31,9,communication,-3.0136698552334082,0.10705591220095301,-0.45047742465603735,0.11989094688428628,25,23,0.92,25,0,0,0.92,0.0,0.0,True,1.0,logistic,False,False,False,post,post,none,none,live,,
32,0,communication,0.4903170356074724,1.0,0.12120986349318115,-0.34189966830897034,25,1,0.04,25,0,0,0.04,0.0,0.0,False,0.0,logistic,False,False,False,post,post,none,none,live,,
32,1,communication,-0.8128227909985161,1.0,0.09299857046132921,-0.5635135292059633,25,25,1.0,25,0,0,1.0,0.0,0.0,True,0.0,logistic,False,False,False,post,post,none,none,live,,
32,2,communication,1.395697237132213,1.0,0.13301316359669674,-0.43787449379093785,25,0,0.0,25,0,0,0.0,0.0,0.0,False,0.0,logistic,False,False,False,post,post,none,none,live,,
32,3,communication,1.184375973627938,1.0,0.1366082377020389,-0.029106252777625463,25,0,0.0,25,0,0,0.0,0.0,0.0,False,0.0,logistic,False,False,False,post,post,none,none,live,,
32,4,communication,0.12435962911406132,1.0,0.12027749058121258,-0.46175977975989707,25,0,0.0,25,0,0,0.0,0.0,0.0,False,0.0,logistic,False,False,False,post,post,none,none,live,,
32,5,communication,-0.6709603840975575,1.0,0.19619017521595056,-0.5884819750129391,25,23,0.92,25,0,0,0.92,0.0,0.0,True,0.0,logistic,False,False,False,post,post,none,none,live,,
32,6,communication,-0.06315339331985714,1.0,0.10386919200167175,-0.48156020611498757,25,11,0.44,25,0,0,0.44,0.0,0.0,True,0.0,logistic,False,False,False,post,post,none,none,live,,
32,7,communication,0.36959826310727445,1.0,0.06981852463526143,-0.576617226410869,25,0,0.0,25,0,0,0.0,0.0,0.0,False,0.0,logistic,False,False,False,post,post,none,none,live,,
32,8,communication,-0.26360692785505285,1.0,0.09047012216283327,-0.2879373299305017,25,14,0.56,25,0,0,0.56,0.0,0.0,True,0.0,logistic,False,False,False,post,post,none,none,live,,
32,9,communication,0.5254187757050004,1.0,0.11620744577330835,-0.6405549372702454,25,0,0.0,25,0,0,0.0,0.0,0.0,False,0.0,logistic,False,False,False,post,post,none,none,live,,
33,0,communication,1.448436053811427,0.3839270282699099,-0.08466532339976637,0.6231843399845066,25,0,0.0,25,0,0,0.0,0.0,0.0,False,6.063451449620992e-05,logistic,False,False,False,post,post,none,none,live,,
33,1,communication,0.5811455847624817,0.4444312946757137,-0.14485834724214186,0.7999573957577369,25,0,0.0,25,0,0,0.0,0.0,0.0,False,0.2757687215879465,logistic,False,False,False,post,post,none,none,live,,
33,2,communication,0.17632966028656555,0.423006358697102,-0.07177670432566693,0.7331213525021172,25,0,0.0,25,0,0,0.0,0.0,0.0,False,0.735013514822108,logistic,False,False,False,post,post,none,none,live,,
33,3,communication,0.7707707819815321,0.2918778322009408,-0.0846130125436132,0.41218570110315456,25,0,0.0,25,0,0,0.0,0.0,0.0,False,0.016007752788541073,logistic,False,False,False,post,post,none,none,live,,
33,4,communication,-1.6828308762954525,0.3556925817141334,-0.17368771102923022,0.55205414623415,25,24,0.96,25,0,0,0.96,0.0,0.0,True,0.9999999999341007,logistic,False,False,False,post,post,none,none,live,,
33,5,communication,-1.7521362139893535,0.42951624811736566,-0.13828002164792466,0.7528983020111152,25,25,1.0,25,0,0,1.0,0.0,0.0,True,0.9999999999993512,logistic,False,False,False,post,post,none,none,live,,
33,6,communication,1.9273903141404845,0.4471630898843187,-0.07961818594173338,0.8088517277016646,25,0,0.0,25,0,0,0.0,0.0,0.0,False,2.0214904267022624e-07,logistic,False,False,False,post,post,none,none,live,,
33,7,communication,-0.787786300381539,0.5106938579881072,-0.07017769688808892,1.043710295334275,25,24,0.96,25,0,0,0.96,0.0,0.0,True,0.999993348960017,logistic,False,False,False,post,post,none,none,live,,
33,8,communication,-0.9268781061370587,0.44045463005759244,-0.13408702176843168,0.78716517679867,25,21,0.84,25,0,0,0.84,0.0,0.0,True,0.999994782538327,logistic,False,False,False,post,post,none,none,live,,
33,9,communication,-0.46618337981695673,0.539277450142456,-0.1323776657632002,1.1705037018682967,25,10,0.4,25,0,0,0.4,0.0,0.0,True,0.9997198620766405,logistic,False,False,False,post,post,none,none,live,,
34,0,communication,-1.6076510916295348,0.23728583498244085,-0.15185693818251889,0.3111071563447076,25,24,0.96,25,0,0,0.96,0.0,0.0,True,0.9999999725601542,logistic,False,False,False,post,post,none,none,live,,
34,1,communication,-0.29081988362924555,0.2052116134098946,-0.24402146855234583,0.2581965424662502,25,5,0.2,25,0,0,0.2,0.0,0.0,True,0.7968123685929998,logistic,False,False,False,post,post,none,none,live,,
34,2,communication,-0.6653972473648284,0.20045278351533255,-0.22981893225430733,0.2507078748853058,25,15,0.6,25,0,0,0.6,0.0,0.0,True,0.9796297699284857,logistic,False,False,False,post,post,none,none,live,,
34,3,communication,1.4803403995917852,0.2686273956809912,-0.18070788478289118,0.36729212181951204,25,0,0.0,25,0,0,0.0,0.0,0.0,False,1.6119585163849477e-06,logistic,False,False,False,post,post,none,none,live,,
34,4,communication,0.29700071073109924,0.28704372981454257,-0.21119314880332685,0.40261056928481104,25,0,0.0,25,0,0,0.0,0.0,0.0,False,0.2758442501106105,logistic,False,False,False,post,post,none,none,live,,
34,5,communication,-1.165724388161472,0.17668559308543458,-0.23645763974764525,0.21460281953230667,25,23,0.92,25,0,0,0.92,0.0,0.0,True,0.9998049037597303,logistic,False,False,False,post,post,none,none,live,,
34,6,communication,-2.0829883001575187,0.2354028339683608,-0.2645223200601829,0.3078782454689608,25,24,0.96,25,0,0,0.96,0.0,0.0,True,0.9999999999987809,logistic,False,False,False,post,post,none,none,live,,
34,7,communication,-0.2883683128592281,0.2793265701755187,-0.24892080405773775,0.387591048338702,25,1,0.04,25,0,0,0.04,0.0,0.0,True,0.904473950191482,logistic,False,False,False,post,post,none,none,live,,
34,8,communication,-1.2848599131007783,0.3725324927205869,-0.1821716618057835,0.5937080221664723,25,23,0.92,25,0,0,0.92,0.0,0.0,True,0.9999999000808678,logistic,False,False,False,post,post,none,none,live,,
34,9,communication,0.7266581637748206,0.23816622576276222,-0.17872674118687104,0.312622298743868,25,0,0.0,25,0,0,0.0,0.0,0.0,False,0.009628449234886064,logistic,False,False,False,post,post,none,none,live,,
35,0,communication,0.3949785114188368,0.4728579358226504,-0.06847885647595524,0.897021823823879,25,0,0.0,25,0,0,0.0,0.0,0.0,False,0.5759371506552464,logistic,False,False,False,post,post,none,none,live,,
35,1,communication,-0.11416754440845185,0.5005043487047176,-0.09131644204323258,1.0020194318145101,25,2,0.08,25,0,0,0.08,0.0,0.0,True,0.9798261034204497,logistic,False,False,False,post,post,none,none,live,,
35,2,communication,0.05343027053534226,0.5057498628224132,-0.05870299486527232,1.0232670155854595,25,1,0.04,25,0,0,0.04,0.0,0.0,False,0.9360136539934618,logistic,False,False,False,post,post,none,none,live,,
35,3,communication,-1.002698513941489,0.5380962416807751,-0.07597397999868025,1.1649531574256926,25,21,0.84,25,0,0,0.84,0.0,0.0,True,0.9999999159851112,logistic,False,False,False,post,post,none,none,live,,
35,4,communication,-0.8979008933524009,0.5520048473222372,-0.06364211135198525,1.2321670090017407,25,24,0.96,25,0,0,0.96,0.0,0.0,True,0.9999996542706105,logistic,False,False,False,post,post,none,none,live,,
35,5,communication,-0.980360880509742,0.486009344092173,-0.09278250393890164,0.9455606605022178,25,25,1.0,25,0,0,1.0,0.0,0.0,True,0.9999993914220501,logistic,False,False,False,post,post,none,none,live,,
35,6,communication,-0.8641881655049203,0.5783687366644396,-0.10969118845425763,1.3717406344323608,25,21,0.84,25,0,0,0.84,0.0,0.0,True,0.9999997224895756,logistic,False,False,False,post,post,none,none,live,,
35,7,communication,1.834987461140473,0.5220380721218197,-0.06230017948659027,1.092216851746554,25,0,0.0,25,0,0,0.0,0.0,0.0,False,7.758141500393528e-06,logistic,False,False,False,post,post,none,none,live,,
35,8,communication,1.194599573983354,0.4593485815061046,-0.07724398960104237,0.8496205980291739,25,0,0.0,25,0,0,0.0,0.0,0.0,False,0.005341329993753517,logistic,False,False,False,post,post,none,none,live,,
35,9,communication,1.0881993608685623,0.5491759214627427,-0.1818716152116695,1.2181601374190076,25,0,0.0,25,0,0,0.0,0.0,0.0,False,0.047147388278560715,logistic,False,False,False,post,post,none,none,live,,
36,0,communication,-2.2392282484900026,0.45831150156222605,-0.20362781428944243,0.8460794402760874,25,23,0.92,25,0,0,0.92,0.0,0.0,True,1.0,logistic,False,False,False,post,post,none,none,live,,
36,1,communication,-0.8848676309777395,0.33078370853674455,-0.15524380990947334,0.4942852001009704,25,21,0.84,25,0,0,0.84,0.0,0.0,True,0.9998494902027434,logistic,False,False,False,post,post,none,none,live,,
36,2,communication,-0.532339287956682,0.32449616272681436,-0.12377609889205618,0.4803764905862148,25,16,0.64,25,0,0,0.64,0.0,0.0,True,0.9918238409552806,logistic,False,False,False,post,post,none,none,live,,
36,3,communication,2.8228360540958843,0.2626915690307986,-0.19823084939466765,0.35628450455325344,25,0,0.0,25,0,0,0.0,0.0,0.0,False,2.3896977149328074e-20,logistic,False,False,False,post,post,none,none,live,,
36,4,communication,-0.300524829727112,0.305958995279208,-0.17120738519139378,0.4408370589030157,25,3,0.12,25,0,0,0.12,0.0,0.0,True,0.935021971165626,logistic,False,False,False,post,post,none,none,live,,
36,5,communication,-1.6566650282133455,0.2379993824928223,-0.09953107754359959,0.31233489451940033,25,25,1.0,25,0,0,1.0,0.0,0.0,True,0.9999999894538855,logistic,False,False,False,post,post,none,none,live,,
36,6,communication,0.0955981071466252,0.4511858138061498,-0.15534602669667258,0.8221103338002703,25,1,0.04,25,0,0,0.04,0.0,0.0,False,0.856024296152983,logistic,False,False,False,post,post,none,none,live,,
36,7,communication,-1.5814724890161405,0.36596146902340154,-0.13422650336351347,0.5771912133789685,25,25,1.0,25,0,0,1.0,0.0,0.0,True,0.9999999996098347,logistic,False,False,False,post,post,none,none,live,,
36,8,communication,-0.6775174143785099,0.3455925348785562,-0.12488583432396824,0.5280999274884826,25,14,0.56,25,0,0,0.56,0.0,0.0,True,0.9987071131322733,logistic,False,False,False,post,post,none,none,live,,
36,9,communication,-0.30783483001599016,0.366481525511901,-0.14501769511210427,0.5784859325657843,25,1,0.04,25,0,0,0.04,0.0,0.0,True,0.9717095534022923,logistic,False,False,False,post,post,none,none,live,,
37,0,communication,0.19779614410460475,1.0,0.18404115996875137,-0.22591958303156284,25,2,0.08,25,0,0,0.08,0.0,0.0,False,0.0,logistic,False,False,False,post,post,none,none,live,,
37,1,communication,-1.0970101953372242,0.04359698435643963,0.24619501160751003,0.045584323390180204,25,25,1.0,25,0,0,1.0,0.0,0.0,True,0.9817644086100046,logistic,False,False,False,post,post,none,none,live,,
37,2,communication,-0.12284569483805058,1.0,0.2790114889012273,-0.18922402912654093,25,14,0.56,25,0,0,0.56,0.0,0.0,True,0.0,logistic,False,False,False,post,post,none,none,live,,
37,3,communication,1.3703981143783617,0.09194148178828326,0.30646146451471284,0.10125061319764725,25,0,0.0,25,0,0,0.0,0.0,0.0,False,1.1326309342678395e-08,logistic,False,False,False,post,post,none,none,live,,
37,4,communication,1.103235820591567,1.0,0.22250964885390104,-0.09730389823161062,25,0,0.0,25,0,0,0.0,0.0,0.0,False,0.0,logistic,False,False,False,post,post,none,none,live,,
37,5,communication,0.6544316809003894,0.012501968861354308,0.22990151675289028,0.012660246873544417,25,0,0.0,25,0,0,0.0,0.0,0.0,False,5.90387714366548e-06,logistic,False,False,False,post,post,none,none,live,,
37,6,communication,0.7004831207678919,1.0,0.19291919064850463,-0.15230063797713803,25,0,0.0,25,0,0,0.0,0.0,0.0,False,0.0,logistic,False,False,False,post,post,none,none,live,,
37,7,communication,0.49294538620455647,1.0,0.1858350254449131,-0.3353023903991268,25,1,0.04,25,0,0,0.04,0.0,0.0,False,0.0,logistic,False,False,False,post,post,none,none,live,,
37,8,communication,-1.7170379731327265,1.0,0.27694238468961724,-0.0548118452754187,25,25,1.0,25,0,0,1.0,0.0,0.0,True,0.0,logistic,False,False,False,post,post,none,none,live,,
37,9,communication,0.9798330653414695,1.0,0.2821996072659793,-0.36675549056110734,25,0,0.0,25,0,0,0.0,0.0,0.0,False,0.0,logistic,False,False,False,post,post,none,none,live,,
38,0,communication,-0.43549999831841923,0.48779459724508795,-0.4861302882761462,0.9523417648885978,25,1,0.04,25,0,0,0.04,0.0,0.0,True,0.9988445016366705,logistic,False,False,False,post,post,none,none,live,,
38,1,communication,-0.07855337483677771,0.5135960735814208,-0.518086259758513,1.0559044565348372,25,0,0.0,25,0,0,0.0,0.0,0.0,True,0.9776740180596154,logistic,False,False,False,post,post,none,none,live,,
38,2,communication,0.7465595399738918,0.5537044355578811,-0.5170660001943783,1.2406675747495406,25,0,0.0,25,0,0,0.0,0.0,0.0,False,0.30578835015323014,logistic,False,False,False,post,post,none,none,live,,
38,3,communication,-3.1195156112763915,0.5301736680910274,-0.4487630134290036,1.1284460492813477,25,23,0.92,25,0,0,0.92,0.0,0.0,True,1.0,logistic,False,False,False,post,post,none,none,live,,
38,4,communication,-0.1146885584802968,0.43775119217262926,-0.5014456523480433,0.7785720237703617,25,0,0.0,25,0,0,0.0,0.0,0.0,True,0.9539857037784816,logistic,False,False,False,post,post,none,none,live,,
38,5,communication,-2.0543646400589437,0.5200544277505555,-0.4945122978895566,1.0835695916791692,25,25,1.0,25,0,0,1.0,0.0,0.0,True,1.0,logistic,False,False,False,post,post,none,none,live,,
38,6,communication,-0.045654455544650474,0.5223722323178137,-0.3814188204852964,1.093680618387749,25,0,0.0,25,0,0,0.0,0.0,0.0,True,0.9743839532343913,logistic,False,False,False,post,post,none,none,live,,
38,7,communication,-1.0928426177037491,0.5217664962853592,-0.4220887039323761,1.0910287385400215,25,24,0.96,25,0,0,0.96,0.0,0.0,True,0.9999999728493076,logistic,False,False,False,post,post,none,none,live,,
38,8,communication,-0.06740607050534714,0.5224795063667568,-0.35956996678338005,1.0941509596613128,25,0,0.0,25,0,0,0.0,0.0,0.0,True,0.9784460414526289,logistic,False,False,False,post,post,none,none,live,,
38,9,communication,-0.4031613690660431,0.5529141806565381,-0.3891322844576892,1.2367070408730103,25,1,0.04,25,0,0,0.04,0.0,0.0,True,0.9995498256760375,logistic,False,False,False,post,post,none,none,live,,
39,0,communication,1.1987085939977218,0.3873204900673493,0.011354354096786652,0.6321747076378086,25,0,0.0,25,0,0,0.0,0.0,0.0,False,0.0013906159376119481,logistic,False,False,False,post,post,none,none,live,,
39,1,communication,0.33989990831127154,0.39171107540728445,-0.019960409626041176,0.6439556262997187,25,0,0.0,25,0,0,0.0,0.0,0.0,False,0.4593155309121226,logistic,False,False,False,post,post,none,none,live,,
39,2,communication,0.6037056587746623,0.2689223993835544,-0.012076109779242748,0.36784385016966553,25,0,0.0,25,0,0,0.0,0.0,0.0,False,0.04163504217651164,logistic,False,False,False,post,post,none,none,live,,
39,3,communication,-0.4095857745951766,0.36134139079167393,-0.05176691242189529,0.5657817581752927,25,11,0.44,25,0,0,0.44,0.0,0.0,True,0.9866159041067992,logistic,False,False,False,post,post,none,none,live,,
39,4,communication,-0.4916640607299879,0.323048057678935,0.03975863983182136,0.4772097359988364,25,15,0.6,25,0,0,0.6,0.0,0.0,True,0.9879807956089246,logistic,False,False,False,post,post,none,none,live,,
39,5,communication,1.719533250500663,0.3470517074844951,-0.04600322640794542,0.5315148403979539,25,0,0.0,25,0,0,0.0,0.0,0.0,False,3.3783217119969023e-07,logistic,False,False,False,post,post,none,none,live,,
39,6,communication,1.015823396759778,0.1911487938377538,-0.03189601399070092,0.23632133126770855,25,0,0.0,25,0,0,0.0,0.0,0.0,False,0.00014583617205373665,logistic,False,False,False,post,post,none,none,live,,
39,7,communication,-0.34956945869849415,0.36416361718156814,-0.041258378480758036,0.5727316445267933,25,8,0.32,25,0,0,0.32,0.0,0.0,True,0.9789109555558659,logistic,False,False,False,post,post,none,none,live,,
39,8,communication,0.35002668813985627,0.3604692167441079,0.005987793548764177,0.5636463891682214,25,0,0.0,25,0,0,0.0,0.0,0.0,False,0.3735761864495082,logistic,False,False,False,post,post,none,none,live,,
39,9,communication,-1.2316180023787067,0.31271561191723185,0.03336238102312606,0.45500176832122685,25,25,1.0,25,0,0,1.0,0.0,0.0,True,0.9999984159642734,logistic,False,False,False,post,post,none,none,live,,
40,0,communication,-0.6679632525941789,0.2806357580309586,-0.027868840424213122,0.39011635783119175,25,16,0.64,25,0,0,0.64,0.0,0.0,True,0.9950748814216727,logistic,False,False,False,post,post,none,none,live,,
40,1,communication,-1.3424032341416048,0.35231634665247447,-0.002881701493941312,0.5439636230303827,25,24,0.96,25,0,0,0.96,0.0,0.0,True,0.9999999317847661,logistic,False,False,False,post,post,none,none,live,,
40,2,communication,-1.4043874455584082,0.3474168514031536,-0.08532443888409366,0.5323717784471649,25,25,1.0,25,0,0,1.0,0.0,0.0,True,0.9999999743930701,logistic,False,False,False,post,post,none,none,live,,
40,3,communication,-0.9123565188537102,0.16187334803515532,-0.05684341142437074,0.19313709647064786,25,23,0.92,25,0,0,0.92,0.0,0.0,True,0.9952563785055046,logistic,False,False,False,post,post,none,none,live,,
40,4,communication,-0.9204160470328775,0.3151550120309854,-0.054792319369429375,0.46018444694413735,25,22,0.88,25,0,0,0.88,0.0,0.0,True,0.9998622336411359,logistic,False,False,False,post,post,none,none,live,,
40,5,communication,-0.8575546985347315,0.016417253319349866,-0.0767328908263154,0.016691278262814246,25,24,0.96,25,0,0,0.96,0.0,0.0,True,0.7820510067665163,logistic,False,False,False,post,post,none,none,live,,
40,6,communication,1.7278385118131312,0.2693955951380611,-0.040941000287900486,0.36872977133085916,25,0,0.0,25,0,0,0.0,0.0,0.0,False,2.1737847455812616e-08,logistic,False,False,False,post,post,none,none,live,,
40,7,communication,1.029103076369172,0.19422898485878579,0.1259961885137989,0.24104737103846616,25,0,0.0,25,0,0,0.0,0.0,0.0,False,0.00013352400614361103,logistic,False,False,False,post,post,none,none,live,,
40,8,communication,-1.8197534014682022,0.22834348730932086,0.03317711124653405,0.29591338057021366,25,24,0.96,25,0,0,0.96,0.0,0.0,True,0.9999999994090362,logistic,False,False,False,post,post,none,none,live,,
40,9,communication,-1.912551771534969,0.22573745484360258,-0.018726951894295973,0.2915515625232842,25,23,0.92,25,0,0,0.92,0.0,0.0,True,0.9999999999083228,logistic,False,False,False,post,post,none,none,live,,
41,0,communication,1.0659000602327826,0.4372000235370042,0.1966846501627109,0.7768302093483656,25,0,0.0,25,0,0,0.0,0.0,0.0,False,0.012106302131472782,logistic,False,False,False,post,post,none,none,live,,
41,1,communication,-1.6960112877861833,0.49476602324444063,0.20461219682337806,0.9792809787292209,25,25,1.0,25,0,0,1.0,0.0,0.0,True,0.9999999999998445,logistic,False,False,False,post,post,none,none,live,,
41,2,communication,-1.0587140807248925,0.4944056002606734,0.1186476841985855,0.9778700090736329,25,23,0.92,25,0,0,0.92,0.0,0.0,True,0.9999998785157426,logistic,False,False,False,post,post,none,none,live,,
41,3,communication,0.9410576646520654,0.5107111747475339,0.15676826474200367,1.043782625699686,25,0,0.0,25,0,0,0.0,0.0,0.0,False,0.07961942019126939,logistic,False,False,False,post,post,none,none,live,,
41,4,communication,-0.5450036831264864,0.42760860428088304,0.21211581973952842,0.7470563105576773,25,19,0.76,25,0,0,0.76,0.0,0.0,True,0.998891744254636,logistic,False,False,False,post,post,none,none,live,,
41,5,communication,-0.047085528072391136,0.4306745132461103,0.28875636978801417,0.7564644887086954,25,7,0.28,25,0,0,0.28,0.0,0.0,True,0.9218865592343098,logistic,False,False,False,post,post,none,none,live,,
41,6,communication,-0.226152811749559,0.5114953343969896,0.15258811721713397,1.0470633556091005,25,15,0.6,25,0,0,0.6,0.0,0.0,True,0.993570411083725,logistic,False,False,False,post,post,none,none,live,,
41,7,communication,1.5818318829523341,0.4849129089680437,0.17557100852481522,0.94141926173405,25,0,0.0,25,0,0,0.0,0.0,0.0,False,0.00011027994737994873,logistic,False,False,False,post,post,none,none,live,,
41,8,communication,1.0189257060529096,0.4692802849102648,0.2562260368765735,0.8842337519549617,25,0,0.0,25,0,0,0.0,0.0,0.0,False,0.028116177433372552,logistic,False,False,False,post,post,none,none,live,,
41,9,communication,-0.8201899300386833,0.5505504711568209,0.1912726402121924,1.224943927683853,25,22,0.88,25,0,0,0.88,0.0,0.0,True,0.9999986746848951,logistic,False,False,False,post,post,none,none,live,,
42,0,communication,0.6346850058455618,0.3513189939870156,-0.08861910431765428,0.5415897655865438,25,0,0.0,25,0,0,0.0,0.0,0.0,False,0.0923676464555857,logistic,False,False,False,post,post,none,none,live,,
42,1,communication,0.23143166468269988,0.20091218060581087,-0.15227861005757015,0.25142690919519717,25,0,0.0,25,0,0,0.0,0.0,0.0,False,0.17358337300366233,logistic,False,False,False,post,post,none,none,live,,
42,2,communication,-0.7965843684304109,0.28116993093706816,-0.07052706110738698,0.3911493731802313,25,24,0.96,25,0,0,0.96,0.0,0.0,True,0.9987072224332609,logistic,False,False,False,post,post,none,none,live,,
42,3,communication,0.4197986811568701,0.25766079934610436,-0.12639238603822517,0.34709307971226855,25,0,0.0,25,0,0,0.0,0.0,0.0,False,0.1168202205249082,logistic,False,False,False,post,post,none,none,live,,
42,4,communication,0.2973644857702309,0.3329160517798851,-0.16862776149336708,0.49906170380528214,25,0,0.0,25,0,0,0.0,0.0,0.0,False,0.3769997857308405,logistic,False,False,False,post,post,none,none,live,,
42,5,communication,0.019043007477039325,0.2486327764906733,-0.22134768741601452,0.33090713663208793,25,0,0.0,25,0,0,0.0,0.0,0.0,False,0.5344658175359622,logistic,False,False,False,post,post,none,none,live,,
42,6,communication,0.39563021046146013,0.3441790945389899,-0.16490225317684265,0.5248065312847092,25,0,0.0,25,0,0,0.0,0.0,0.0,False,0.2834618962494836,logistic,False,False,False,post,post,none,none,live,,
42,7,communication,0.7584893491948246,0.2461056701269914,-0.2674863793100785,0.32644584310436076,25,0,0.0,25,0,0,0.0,0.0,0.0,False,0.008316042831774891,logistic,False,False,False,post,post,none,none,live,,
42,8,communication,0.7252032508666117,0.4305272213786698,-0.1480563890735816,0.7560101861601851,25,0,0.0,25,0,0,0.0,0.0,0.0,False,0.12357786968652584,logistic,False,False,False,post,post,none,none,live,,
42,9,communication,0.6523178227269778,0.29450105748880206,-0.15657732419645595,0.4174365682824927,25,0,0.0,25,0,0,0.0,0.0,0.0,False,0.04154737133960685,logistic,False,False,False,post,post,none,none,live,,
43,0,communication,-0.12512745247299428,0.29893017739516714,0.3439086420513094,0.4263914488352797,25,13,0.52,25,0,0,0.52,0.0,0.0,True,0.812203497917849,logistic,False,False,False,post,post,none,none,live,,
43,1,communication,0.39027479577315094,0.30933785230939137,0.34102519866473524,0.4478859212767562,25,1,0.04,25,0,0,0.04,0.0,0.0,False,0.22138682612182914,logistic,False,False,False,post,post,none,none,live,,
43,2,communication,0.032831156849583765,0.28306556697449675,0.304550892468185,0.39482769125754535,25,8,0.32,25,0,0,0.32,0.0,0.0,True,0.6027054296605696,logistic,False,False,False,post,post,none,none,live,,
43,3,communication,-1.1183739356388789,0.32796684576991697,0.35665253662824914,0.48802182408046996,25,23,0.92,25,0,0,0.92,0.0,0.0,True,0.9999939451006036,logistic,False,False,False,post,post,none,none,live,,
43,4,communication,-0.030019744495040523,0.4307045641505838,0.3135291497173599,0.7565572056764372,25,5,0.2,25,0,0,0.2,0.0,0.0,True,0.9132695418824978,logistic,False,False,False,post,post,none,none,live,,
43,5,communication,1.381955896762237,0.30404126891418914,0.41352586013752124,0.43686680737496375,25,0,0.0,25,0,0,0.0,0.0,0.0,False,2.0140567020653883e-05,logistic,False,False,False,post,post,none,none,live,,
43,6,communication,0.9029860024410636,0.3162879522594947,0.4021384827412286,0.4626040352875835,25,0,0.0,25,0,0,0.0,0.0,0.0,False,0.007471355505729089,logistic,False,False,False,post,post,none,none,live,,
43,7,communication,-0.6397775365533165,0.2995760813476445,0.3106956124562939,0.42770681207466643,25,25,1.0,25,0,0,1.0,0.0,0.0,True,0.9954137707683234,logistic,False,False,False,post,post,none,none,live,,
43,8,communication,-1.4251038008614403,0.3375471091119667,0.2686086389520538,0.5095413028683098,25,23,0.92,25,0,0,0.92,0.0,0.0,True,0.9999999756970399,logistic,False,False,False,post,post,none,none,live,,
43,9,communication,-0.3714187692281619,0.26371646329322346,0.2561689390294482,0.35817242970386826,25,19,0.76,25,0,0,0.76,0.0,0.0,True,0.9312529734336595,logistic,False,False,False,post,post,none,none,live,,
44,0,communication,0.626419001805135,0.2503152058748787,0.7886189287954075,0.3338939349396774,25,1,0.04,25,0,0,0.04,0.0,0.0,False,0.026978757052968344,logistic,False,False,False,post,post,none,none,live,,
44,1,communication,0.4976732950385261,0.3305908296131778,0.6553800212076988,0.4938546471093964,25,6,0.24,25,0,0,0.24,0.0,0.0,False,0.15981370329620576,logistic,False,False,False,post,post,none,none,live,,
44,2,communication,0.37878910862577514,0.40906446815005637,0.7047900337423049,0.6922319713446003,25,6,0.24,25,0,0,0.24,0.0,0.0,False,0.4486652520263951,logistic,False,False,False,post,post,none,none,live,,
44,3,communication,-0.35218274661469373,0.4021319738492698,0.7152766432681928,0.6726099344002838,25,23,0.92,25,0,0,0.92,0.0,0.0,True,0.9882911298867776,logistic,False,False,False,post,post,none,none,live,,
44,4,communication,1.5307050114756051,0.4312241330531916,0.7086691425122749,0.758161796434868,25,0,0.0,25,0,0,0.0,0.0,0.0,False,6.197108790567342e-05,logistic,False,False,False,post,post,none,none,live,,
44,5,communication,0.6828329488974655,0.35318385581244754,0.7249771991653742,0.5460343854837943,25,1,0.04,25,0,0,0.04,0.0,0.0,False,0.07002979881731801,logistic,False,False,False,post,post,none,none,live,,
44,6,communication,-1.0966147909059107,0.35667987351347064,0.6979822476948737,0.5544360557495153,25,25,1.0,25,0,0,1.0,0.0,0.0,True,0.9999962144693285,logistic,False,False,False,post,post,none,none,live,,
44,7,communication,0.6040481630476271,0.2962550509488985,0.5911611072008276,0.42096934599439134,25,1,0.04,25,0,0,0.04,0.0,0.0,False,0.059240742536640564,logistic,False,False,False,post,post,none,none,live,,
44,8,communication,1.6672072624046494,0.2549666024160888,0.6164769136072621,0.34222170877564256,25,0,0.0,25,0,0,0.0,0.0,0.0,False,4.015949810759322e-08,logistic,False,False,False,post,post,none,none,live,,
44,9,communication,0.5908286051125659,0.28423854618074107,0.7320328425723481,0.39711351409615825,25,8,0.32,25,0,0,0.32,0.0,0.0,False,0.05566284980210003,logistic,False,False,False,post,post,none,none,live,,
45,0,communication,-0.18668864861634812,0.2665063600948447,-0.42619218639171,0.363338338051991,25,0,0.0,25,0,0,0.0,0.0,0.0,True,0.81252417077129,logistic,False,False,False,post,post,none,none,live,,
45,1,communication,-0.5785126477906074,0.15433502888249387,-0.44554166243836674,0.182501385481945,25,4,0.16,25,0,0,0.16,0.0,0.0,True,0.9228937854831402,logistic,False,False,False,post,post,none,none,live,,
45,2,communication,-3.067789707660771,0.10446180492610428,-0.4650503657493521,0.11664695654604051,25,25,1.0,25,0,0,1.0,0.0,0.0,True,1.0,logistic,False,False,False,post,post,none,none,live,,
45,3,communication,-1.3836379510096797,0.32375237378392197,-0.45555766450581126,0.4787482591184357,25,22,0.88,25,0,0,0.88,0.0,0.0,True,0.9999999170910638,logistic,False,False,False,post,post,none,none,live,,
45,4,communication,1.2910095502984287,0.3694707020832376,-0.3597638285927786,0.5859691267383619,25,0,0.0,25,0,0,0.0,0.0,0.0,False,0.00033075765415554504,logistic,False,False,False,post,post,none,none,live,,
45,5,communication,-2.367569553761971,0.28042890203863075,-0.3446707390711089,0.3897167393647678,25,24,0.96,25,0,0,0.96,0.0,0.0,True,0.9999999999999999,logistic,False,False,False,post,post,none,none,live,,
45,6,communication,-2.0734749384461346,0.22680422128010627,-0.33120275277413747,0.293333496537713,25,24,0.96,25,0,0,0.96,0.0,0.0,True,0.9999999999977126,logistic,False,False,False,post,post,none,none,live,,
45,7,communication,0.3668269164256919,0.3406232248609235,-0.39814144157889675,0.516583594848452,25,0,0.0,25,0,0,0.0,0.0,0.0,False,0.309203795371331,logistic,False,False,False,post,post,none,none,live,,
45,8,communication,1.8904856921406834,0.4039284358208539,-0.4498266606939634,0.6776509065268133,25,0,0.0,25,0,0,0.0,0.0,0.0,False,1.0051502064907858e-07,logistic,False,False,False,post,post,none,none,live,,
45,9,communication,-0.1311207773448208,0.30386834236454247,-0.4189422833894543,0.4365098742911485,25,0,0.0,25,0,0,0.0,0.0,0.0,True,0.8255324558432996,logistic,False,False,False,post,post,none,none,live,,
46,0,communication,0.3597277846692779,0.26018415005224244,-0.5287781228177373,0.3516877207626945,25,0,0.0,25,0,0,0.0,0.0,0.0,False,0.16488186279596945,logistic,False,False,False,post,post,none,none,live,,
46,1,communication,0.46023807074558876,0.3228578403694792,-0.5514204500237828,0.4767947701641335,25,0,0.0,25,0,0,0.0,0.0,0.0,False,0.17939943363625016,logistic,False,False,False,post,post,none,none,live,,
46,2,communication,-1.6332887687798325,0.05084231374760873,-0.5654396075135666,0.05356571883050548,25,25,1.0,25,0,0,1.0,0.0,0.0,True,0.9999651092320628,logistic,False,False,False,post,post,none,none,live,,
46,3,communication,-0.1092413826527387,0.1770286883048144,-0.5917666347057166,0.215109185203752,25,0,0.0,25,0,0,0.0,0.0,0.0,True,0.5109637657067196,logistic,False,False,False,post,post,none,none,live,,
46,4,communication,-0.7077391325688482,0.29776704517770575,-0.5867749122421324,0.424028868387497,25,4,0.16,25,0,0,0.16,0.0,0.0,True,0.9976051976248784,logistic,False,False,False,post,post,none,none,live,,
46,5,communication,-0.3509320538709928,0.17435763320524447,-0.5722730713201786,0.21117815681155283,25,1,0.04,25,0,0,0.04,0.0,0.0,True,0.7921435684061522,logistic,False,False,False,post,post,none,none,live,,
46,6,communication,0.16145595700026594,0.09504559148481351,-0.6092554469473729,0.105028044054463,25,0,0.0,25,0,0,0.0,0.0,0.0,False,0.0628010430912883,logistic,False,False,False,post,post,none,none,live,,
46,7,communication,0.2625218014338462,0.16720651588910104,-0.6040815677794297,0.20077788681021305,25,0,0.0,25,0,0,0.0,0.0,0.0,False,0.09974940965878903,logistic,False,False,False,post,post,none,none,live,,
46,8,communication,-1.1927763727876741,0.12244329351022275,-0.5426565427023086,0.13952750016576745,25,18,0.72,25,0,0,0.72,0.0,0.0,True,0.9993617387438878,logistic,False,False,False,post,post,none,none,live,,
46,9,communication,-0.17962267704311546,1.0,-0.6060395641313673,-0.16202904847841781,25,0,0.0,25,0,0,0.0,0.0,0.0,True,0.0,logistic,False,False,False,post,post,none,none,live,,
47,0,communication,-1.2069672547494974,0.4550050963232891,-0.06932352196606115,0.8348795433749534,25,24,0.96,25,0,0,0.96,0.0,0.0,True,0.9999999713265177,logistic,False,False,False,post,post,none,none,live,,
47,1,communication,0.7590725245857931,0.5089247423998352,-0.04653063678744927,1.0363477583596843,25,0,0.0,25,0,0,0.0,0.0,0.0,False,0.20855276863668787,logistic,False,False,False,post,post,none,none,live,,
47,2,communication,0.270226412545324,0.5258877021526056,-0.10636866269831466,1.10920493845084,25,0,0.0,25,0,0,0.0,0.0,0.0,False,0.8204655558010584,logistic,False,False,False,post,post,none,none,live,,
47,3,communication,1.7976561318577127,0.5572700322275985,-0.15186053515930575,1.2587131497592225,25,0,0.0,25,0,0,0.0,0.0,0.0,False,3.29574843083174e-05,logistic,False,False,False,post,post,none,none,live,,
47,4,communication,-0.06693820385915143,0.4761944975792829,-0.055761757548207995,0.9091055656700732,25,1,0.04,25,0,0,0.04,0.0,0.0,True,0.9600042451854858,logistic,False,False,False,post,post,none,none,live,,
47,5,communication,0.13697654043012142,0.5316726507631296,-0.06653640091549255,1.1352585998436333,25,0,0.0,25,0,0,0.0,0.0,0.0,False,0.91851150592871,logistic,False,False,False,post,post,none,none,live,,
47,6,communication,-1.1753801495323135,0.46781308321882925,-0.06791749680408263,0.8790390527604584,25,24,0.96,25,0,0,0.96,0.0,0.0,True,0.9999999660313206,logistic,False,False,False,post,post,none,none,live,,
47,7,communication,-1.4685721534050238,0.5399364871269611,-0.0752773817423895,1.1736129295608027,25,25,1.0,25,0,0,1.0,0.0,0.0,True,0.9999999999945958,logistic,False,False,False,post,post,none,none,live,,
47,8,communication,0.45008593418797205,0.4716666936776592,-0.10518067029597741,0.8927445762616585,25,0,0.0,25,0,0,0.0,0.0,0.0,False,0.5003410906785732,logistic,False,False,False,post,post,none,none,live,,
47,9,communication,-0.8312241737982776,0.5201413560852326,-0.06609515151880918,1.0839470387400592,25,21,0.84,25,0,0,0.84,0.0,0.0,True,0.9999973814701776,logistic,False,False,False,post,post,none,none,live,,
48,0,communication,-0.5783056105563056,0.27258100900236043,-0.10193956854470664,0.3747235257475494,25,18,0.72,25,0,0,0.72,0.0,0.0,True,0.9871681493950719,logistic,False,False,False,post,post,none,none,live,,
48,1,communication,0.19316581088094678,0.19403415505568702,0.0030015755088088902,0.24074736699182775,25,0,0.0,25,0,0,0.0,0.0,0.0,False,0.19483077473230864,logistic,False,False,False,post,post,none,none,live,,
48,2,communication,1.339923096645931,0.09384484682811928,-0.04780992403007519,0.10356377326733435,25,0,0.0,25,0,0,0.0,0.0,0.0,False,2.237029094170409e-08,logistic,False,False,False,post,post,none,none,live,,
48,3,communication,-0.9002149511009478,0.17944043255278516,-0.17824261073707598,0.21868056832367413,25,21,0.84,25,0,0,0.84,0.0,0.0,True,0.9963337286415768,logistic,False,False,False,post,post,none,none,live,,
48,4,communication,-0.1109687354464851,0.3742935185753363,-0.19657614925789818,0.5981934496237147,25,1,0.04,25,0,0,0.04,0.0,0.0,True,0.902690913095874,logistic,False,False,False,post,post,none,none,live,,
48,5,communication,0.7010394541070489,0.35631999487684374,-0.06969769711706375,0.5535669774435025,25,0,0.0,25,0,0,0.0,0.0,0.0,False,0.06458567664535299,logistic,False,False,False,post,post,none,none,live,,
48,6,communication,-3.0188933436360537,0.21472259477274155,-0.1739841229100401,0.27343534061138697,25,24,0.96,25,0,0,0.96,0.0,0.0,True,1.0,logistic,False,False,False,post,post,none,none,live,,
48,7,communication,-0.884605186481334,0.40180025686626497,-0.07873683227257539,0.6716824296202306,25,23,0.92,25,0,0,0.92,0.0,0.0,True,0.9999731977259312,logistic,False,False,False,post,post,none,none,live,,
48,8,communication,-0.12886210101451923,0.18721042289825637,-0.09899734425967403,0.23033073771173826,25,3,0.12,25,0,0,0.12,0.0,0.0,True,0.5656665921708158,logistic,False,False,False,post,post,none,none,live,,
48,9,communication,0.004964133139998779,0.2609478862303819,-0.051353209276702505,0.35308455434812025,25,1,0.04,25,0,0,0.04,0.0,0.0,True,0.5842793106350912,logistic,False,False,False,post,post,none,none,live,,
49,0,communication,-0.771030569822666,0.3960231214532318,0.6159698522421488,0.6556925198959687,25,24,0.96,25,0,0,0.96,0.0,0.0,True,0.999856369256813,logistic,False,False,False,post,post,none,none,live,,
49,1,communication,1.093983809848989,0.3601761576928752,0.4767366026426145,0.5629301909008658,25,0,0.0,25,0,0,0.0,0.0,0.0,False,0.0025235397570301673,logistic,False,False,False,post,post,none,none,live,,
49,2,communication,0.018214475124082197,0.08933890711834507,0.5169726109692484,0.09810335350513882,25,19,0.76,25,0,0,0.76,0.0,0.0,True,0.1339836554819907,logistic,False,False,False,post,post,none,none,live,,
49,3,communication,0.8473775579933907,0.30637616898333525,0.5648897952177451,0.4417036371634907,25,0,0.0,25,0,0,0.0,0.0,0.0,False,0.010458298337620176,logistic,False,False,False,post,post,none,none,live,,
49,4,communication,-0.20771537176342214,0.455870906085969,0.5812658796893887,0.8377991752045402,25,21,0.84,25,0,0,0.84,0.0,0.0,True,0.9821844530734096,logistic,False,False,False,post,post,none,none,live,,
49,5,communication,-0.021242624596506388,0.411846473702425,0.603719720168231,0.7002363418527771,25,19,0.76,25,0,0,0.76,0.0,0.0,True,0.8889252986657707,logistic,False,False,False,post,post,none,none,live,,
49,6,communication,0.3043326333629651,0.3913230066660062,0.6389426886748977,0.6429075042290601,25,7,0.28,25,0,0,0.28,0.0,0.0,False,0.5056230780072192,logistic,False,False,False,post,post,none,none,live,,
49,7,communication,0.6666824360223518,0.4444328863699565,0.6133251696608835,0.7999625526177343,25,3,0.12,25,0,0,0.12,0.0,0.0,False,0.1892749255240332,logistic,False,False,False,post,post,none,none,live,,
49,8,communication,-0.2805018966551822,0.27860718560345116,0.5607657102938244,0.3862073201221285,25,22,0.88,25,0,0,0.88,0.0,0.0,True,0.8991481731012536,logistic,False,False,False,post,post,none,none,live,,
49,9,communication,0.3501307466436636,0.337263661153038,0.5549509398256058,0.5088956820140783,25,5,0.2,25,0,0,0.2,0.0,0.0,False,0.3217420474269119,logistic,False,False,False,post,post,none,none,live,,
