model,r_pure,coup_rate_pure,r_comm,coup_rate_comm,r_scramble,r_flip,mean_delta,median_delta
allenai--olmo-3-7b-instruct,-0.6432633679174515,0.65,-0.7915249545042697,0.67,-0.05447893924957603,0.6566918289391278,0.1691999999999999,0.18000000000000005
arcee-ai--trinity-large-preview_free,-0.7330941512590657,0.54,-0.8106273088122005,0.52,-0.14672984983289236,0.7086802211346102,-0.09079999999999999,-0.18
meta-llama--llama-3.3-70b-instruct,-0.8540011727068967,0.51,-0.8353393866548549,0.48,-0.17757360581475495,0.8663257512350672,-0.060800000000000076,-0.12
minimax--minimax-m2-her,-0.7837594665850667,0.59,-0.7995129160812615,0.59,-0.08417916914606716,0.7563024459906798,-0.07040000000000002,-0.020000000000000018
mistralai--ministral-3b-2512,-0.869616425261398,0.5,-0.834630194711984,0.52,-0.1954823285264241,0.874367967496878,-0.0507999999999999,-0.18
mistralai--mistral-small-creative,-0.8124583451047684,0.565,-0.8173671121349921,0.5733333333333334,-0.21709751492331836,0.8285131862437066,-0.1307333333333333,-0.26
openai--gpt-oss-120b,-0.8412958272059596,0.585,-0.8355764770486735,0.57,0.008458225799141274,0.8377155543182024,-0.09939999999999999,-0.14
qwen--qwen3-235b-a22b-2507,-0.850140557457393,0.57,-0.8294921650494931,0.58,,,-0.08439999999999998,-0.09999999999999998
qwen--qwen3-30b-a3b-instruct-2507,-0.8433985309052527,0.54,-0.8408765059070784,0.5,-0.2128416962028963,0.8560655259879218,-0.0011999999999999234,-0.14
