country,period,treatment,theta,theta_star,z,benefit,n_agents,n_join,join_fraction,n_valid,n_api_error,n_unparseable,join_fraction_valid,api_error_rate,unparseable_rate,coup_success,theoretical_attack,direction_transform,degrade_messages,no_peer_messages,beliefs_include_messages,belief_order,second_order_order,message_stage_context,decision_context,message_bundle_mode,message_source_country,message_source_period
0,0,communication,-3.0213767901175865,0.3973590094970381,-0.40664875972548564,0.6593627313094049,25,24,0.96,25,0,0,0.96,0.0,0.0,True,1.0,logistic,False,True,False,post,post,none,none,none,,
0,1,communication,-0.29262760550268996,0.4281891055381076,-0.4645363516969937,0.7488299185713463,25,2,0.08,25,0,0,0.08,0.0,0.0,True,0.986849421207569,logistic,False,True,False,post,post,none,none,none,,
0,2,communication,-1.658398467571994,0.3978274025898599,-0.43605831759341973,0.6606534477006423,25,19,0.76,25,0,0,0.76,0.0,0.0,True,0.9999999999787532,logistic,False,True,False,post,post,none,none,none,,
0,3,communication,-1.3840643081562272,0.3643242873163725,-0.5019365143741891,0.5731291601157883,25,16,0.64,25,0,0,0.64,0.0,0.0,True,0.9999999788581414,logistic,False,True,False,post,post,none,none,none,,
0,4,communication,-0.5326107398654707,0.4603870616181516,-0.5433625482356969,0.8531801757732618,25,2,0.08,25,0,0,0.08,0.0,0.0,True,0.9993375570956972,logistic,False,True,False,post,post,none,none,none,,
0,5,communication,0.08908187880002494,0.4086273404974504,-0.35453395135710974,0.6909811164438668,25,2,0.08,25,0,0,0.08,0.0,0.0,False,0.7978803996680625,logistic,False,True,False,post,post,none,none,none,,
0,6,communication,-0.36839290555678644,0.4727339706957598,-0.49029545481856374,0.8965758164233739,25,1,0.04,25,0,0,0.04,0.0,0.0,True,0.9968843687784583,logistic,False,True,False,post,post,none,none,none,,
0,7,communication,-0.3308307109747615,0.4096947410142364,-0.5444478116700642,0.6940387787128236,25,2,0.08,25,0,0,0.08,0.0,0.0,True,0.9874573911496193,logistic,False,True,False,post,post,none,none,none,,
0,8,communication,-0.3854830193686982,0.49955326983011517,-0.45791012325661135,0.9982146744380439,25,4,0.16,25,0,0,0.16,0.0,0.0,True,0.998405986191949,logistic,False,True,False,post,post,none,none,none,,
0,9,communication,1.4160088386730458,0.4975524005951674,-0.37298168448385427,0.9902572948592774,25,1,0.04,25,0,0,0.04,0.0,0.0,False,0.001078721490722271,logistic,False,True,False,post,post,none,none,none,,
1,0,communication,3.0272116352472365,0.21559605917473476,-0.056095010555097184,0.27485336056306375,25,0,0.0,25,0,0,0.0,0.0,0.0,False,1.5076212272666263e-24,logistic,False,True,False,post,post,none,none,none,,
1,1,communication,-0.5970618637895556,0.09883663191942779,-0.12012584676689972,0.10967670837524644,25,10,0.4,25,0,0,0.4,0.0,0.0,True,0.8488357292245636,logistic,False,True,False,post,post,none,none,none,,
1,2,communication,-0.9924996735935405,0.1584384623976217,-0.057756436985537944,0.18826723337311171,25,15,0.6,25,0,0,0.6,0.0,0.0,True,0.9977127583621928,logistic,False,True,False,post,post,none,none,none,,
1,3,communication,0.20561828379973898,0.2753670905600344,-0.06985581785455267,0.38000908732236927,25,0,0.0,25,0,0,0.0,0.0,0.0,False,0.3578676579440646,logistic,False,True,False,post,post,none,none,none,,
1,4,communication,-0.02762814051485113,0.22548733519536168,-0.07621332335639426,0.2911344713158928,25,1,0.04,25,0,0,0.04,0.0,0.0,True,0.5358274489001992,logistic,False,True,False,post,post,none,none,none,,
1,5,communication,0.016896854126626268,0.18107209387202797,-0.06753711209787479,0.2211087111784566,25,1,0.04,25,0,0,0.04,0.0,0.0,True,0.35791549804772915,logistic,False,True,False,post,post,none,none,none,,
1,6,communication,1.1066429022863087,0.15592188201740328,0.018246476680410635,0.1847244688561137,25,0,0.0,25,0,0,0.0,0.0,0.0,False,1.4547861459418863e-05,logistic,False,True,False,post,post,none,none,none,,
1,7,communication,0.6080854939096059,0.35432847671723555,0.005871109808681496,0.5487751340120066,25,1,0.04,25,0,0,0.04,0.0,0.0,False,0.1113239807305822,logistic,False,True,False,post,post,none,none,none,,
1,8,communication,-0.05489066547864537,0.2044289340290917,0.00028732754176936937,0.25695873413848747,25,4,0.16,25,0,0,0.16,0.0,0.0,True,0.5153528773244433,logistic,False,True,False,post,post,none,none,none,,
1,9,communication,-0.6321298285369745,1.0,-0.05061195172448035,-0.06887798418161772,25,14,0.56,25,0,0,0.56,0.0,0.0,True,0.0,logistic,False,True,False,post,post,none,none,none,,
2,0,communication,-1.2761595836331572,0.47614848855705644,-0.16997924233429632,0.9089378920479018,25,22,0.88,25,0,0,0.88,0.0,0.0,True,0.9999999962916138,logistic,False,True,False,post,post,none,none,none,,
2,1,communication,-0.7269790281168091,0.3829180734777859,-0.21084641088207773,0.6205303656126466,25,12,0.48,25,0,0,0.48,0.0,0.0,True,0.999665320209409,logistic,False,True,False,post,post,none,none,none,,
2,2,communication,-1.1303678410666524,0.35816258182521055,-0.12682297687398048,0.5580269577360061,25,21,0.84,25,0,0,0.84,0.0,0.0,True,0.9999978711946771,logistic,False,True,False,post,post,none,none,none,,
2,3,communication,0.30123244378565983,0.47571787257129217,-0.23964572742943036,0.907369997341709,25,1,0.04,25,0,0,0.04,0.0,0.0,False,0.6987170588971431,logistic,False,True,False,post,post,none,none,none,,
2,4,communication,-0.34766482987206127,0.4117522317500821,-0.1987879610137693,0.6999639505222033,25,4,0.16,25,0,0,0.16,0.0,0.0,True,0.9895101700841787,logistic,False,True,False,post,post,none,none,none,,
2,5,communication,0.6470554625595346,0.3465028410225407,-0.2010948689140202,0.5302285346805806,25,0,0.0,25,0,0,0.0,0.0,0.0,False,0.08126371148622508,logistic,False,True,False,post,post,none,none,none,,
2,6,communication,1.2226007459457569,0.36384195979253847,-0.22562662749080614,0.5719364321385982,25,0,0.0,25,0,0,0.0,0.0,0.0,False,0.000661974373855173,logistic,False,True,False,post,post,none,none,none,,
2,7,communication,-1.3391620444850452,0.44980374866096,-0.22503427938678033,0.8175332848347298,25,23,0.92,25,0,0,0.92,0.0,0.0,True,0.9999999973435354,logistic,False,True,False,post,post,none,none,none,,
2,8,communication,-0.19937675749484857,0.4513835373224148,-0.25750255250316056,0.8227670294824659,25,2,0.08,25,0,0,0.08,0.0,0.0,True,0.9796726454287991,logistic,False,True,False,post,post,none,none,none,,
2,9,communication,0.3401323978127339,0.43749071799584666,-0.24731160660903334,0.7777484425450181,25,1,0.04,25,0,0,0.04,0.0,0.0,False,0.5663910979374627,logistic,False,True,False,post,post,none,none,none,,
3,0,communication,-1.0739222311117123,0.26485225441721655,-0.12681349995881813,0.36027078367390863,25,21,0.84,25,0,0,0.84,0.0,0.0,True,0.9999369938374261,logistic,False,True,False,post,post,none,none,none,,
3,1,communication,-0.2827381529463176,0.30884751420201795,-0.16728831236323577,0.44685871865950494,25,5,0.2,25,0,0,0.2,0.0,0.0,True,0.9296018938716497,logistic,False,True,False,post,post,none,none,none,,
3,2,communication,0.20812565079252887,0.3296311585698845,-0.06964941540944736,0.49171610939833316,25,0,0.0,25,0,0,0.0,0.0,0.0,False,0.48567565955034936,logistic,False,True,False,post,post,none,none,none,,
3,3,communication,0.9603879503713051,0.15933457334204532,-0.15867453221219988,0.18953387196554056,25,0,0.0,25,0,0,0.0,0.0,0.0,False,0.0001225269229501768,logistic,False,True,False,post,post,none,none,none,,
3,4,communication,-1.6812008639697906,0.1967355421114654,-0.11363209060208387,0.24492001380044315,25,22,0.88,25,0,0,0.88,0.0,0.0,True,0.9999999678566608,logistic,False,True,False,post,post,none,none,none,,
3,5,communication,-0.041952255361718704,0.18128735036909693,-0.17560136124324333,0.22142976592681937,25,4,0.16,25,0,0,0.16,0.0,0.0,True,0.43394549247746683,logistic,False,True,False,post,post,none,none,none,,
3,6,communication,0.01838157184364947,0.2682119992393246,-0.13917384337197375,0.3665159840835391,25,2,0.08,25,0,0,0.08,0.0,0.0,True,0.5849364216523588,logistic,False,True,False,post,post,none,none,none,,
3,7,communication,-0.46947969969262837,0.35993495524618485,-0.1562481344715905,0.5623412154691634,25,13,0.52,25,0,0,0.52,0.0,0.0,True,0.991937696421881,logistic,False,True,False,post,post,none,none,none,,
3,8,communication,0.06666074872982564,0.2868858242255397,-0.16402600678308113,0.4022999878160805,25,1,0.04,25,0,0,0.04,0.0,0.0,False,0.5681153760495455,logistic,False,True,False,post,post,none,none,none,,
3,9,communication,0.9393546834028736,0.3059181667667196,-0.14129534803206695,0.44075230343033733,25,1,0.04,25,0,0,0.04,0.0,0.0,False,0.004410573591996001,logistic,False,True,False,post,post,none,none,none,,
4,0,communication,-1.8247689383797143,0.3805972200588379,-0.5663587361557583,0.614458366000539,25,22,0.88,25,0,0,0.88,0.0,0.0,True,0.999999999999088,logistic,False,True,False,post,post,none,none,none,,
4,1,communication,0.4306022386304599,0.26477997580741214,-0.5422241299429931,0.36013705706423216,25,0,0.0,25,0,0,0.0,0.0,0.0,False,0.1187182020468685,logistic,False,True,False,post,post,none,none,none,,
4,2,communication,-0.08047222284496436,0.3191060325601213,-0.6050756778424564,0.4686574530245014,25,0,0.0,25,0,0,0.0,0.0,0.0,True,0.8055812338918473,logistic,False,True,False,post,post,none,none,none,,
4,3,communication,-0.35413738835518854,0.31522943692695915,-0.6201777029323647,0.46034314838579776,25,0,0.0,25,0,0,0.0,0.0,0.0,True,0.9599530645453057,logistic,False,True,False,post,post,none,none,none,,
4,4,communication,-0.5778719720228035,0.2884899529024782,-0.5184375719999875,0.40546153083757774,25,2,0.08,25,0,0,0.08,0.0,0.0,True,0.990098814714793,logistic,False,True,False,post,post,none,none,none,,
4,5,communication,0.35198165298987594,0.3756942885219892,-0.5113851892595977,0.6017793552337569,25,0,0.0,25,0,0,0.0,0.0,0.0,False,0.40603097502568747,logistic,False,True,False,post,post,none,none,none,,
4,6,communication,-1.7688240957665453,0.4070841087630698,-0.5503832682808395,0.6865798585931275,25,20,0.8,25,0,0,0.8,0.0,0.0,True,0.9999999999988745,logistic,False,True,False,post,post,none,none,none,,
4,7,communication,-0.40341560260899617,0.3616403348861514,-0.6845612836668417,0.5665150144184853,25,1,0.04,25,0,0,0.04,0.0,0.0,True,0.9859579208362211,logistic,False,True,False,post,post,none,none,none,,
4,8,communication,1.0496481789295768,0.3600737466416903,-0.546741174581105,0.5626800662608173,25,0,0.0,25,0,0,0.0,0.0,0.0,False,0.003943806938969871,logistic,False,True,False,post,post,none,none,none,,
4,9,communication,0.12387082322249598,0.44971766296219345,-0.5382176615477602,0.8172489514801491,25,0,0.0,25,0,0,0.0,0.0,0.0,False,0.8314173848046178,logistic,False,True,False,post,post,none,none,none,,
5,0,communication,0.6887600693395075,0.3935515991549115,-0.13463375528269844,0.6489449038145629,25,0,0.0,25,0,0,0.0,0.0,0.0,False,0.10490239453905148,logistic,False,True,False,post,post,none,none,none,,
5,1,communication,0.4838001070348176,0.3769746577741575,-0.17459796333702313,0.6050711459462699,25,0,0.0,25,0,0,0.0,0.0,0.0,False,0.2515815975978912,logistic,False,True,False,post,post,none,none,none,,
5,2,communication,-1.4083084673069568,0.4610726004272556,-0.23662042734327618,0.8555375005850303,25,21,0.84,25,0,0,0.84,0.0,0.0,True,0.9999999995702715,logistic,False,True,False,post,post,none,none,none,,
5,3,communication,-0.5228978995795164,0.4229136778373749,-0.20894108204155237,0.7328430108211718,25,8,0.32,25,0,0,0.32,0.0,0.0,True,0.9984530953805446,logistic,False,True,False,post,post,none,none,none,,
5,4,communication,0.6179135412076923,0.4434078939539065,-0.1743814716310326,0.7966478308572817,25,0,0.0,25,0,0,0.0,0.0,0.0,False,0.23452672763790838,logistic,False,True,False,post,post,none,none,none,,
5,5,communication,-0.6675780703442006,0.373542276274262,-0.2483496553715244,0.5962769108387562,25,12,0.48,25,0,0,0.48,0.0,0.0,True,0.9991778029645381,logistic,False,True,False,post,post,none,none,none,,
5,6,communication,-0.1612310581942123,0.4069712743919394,-0.21593557684066322,0.6862589564690182,25,3,0.12,25,0,0,0.12,0.0,0.0,True,0.9514083227643844,logistic,False,True,False,post,post,none,none,none,,
5,7,communication,-0.38424549720081885,0.3917674646245129,-0.32207303824002254,0.644108037368732,25,4,0.16,25,0,0,0.16,0.0,0.0,True,0.989611007139535,logistic,False,True,False,post,post,none,none,none,,
5,8,communication,1.1988555513517767,0.4330790321281727,-0.18643142304729762,0.763914296121229,25,1,0.04,25,0,0,0.04,0.0,0.0,False,0.003252969130530735,logistic,False,True,False,post,post,none,none,none,,
5,9,communication,-1.2474007247227714,0.3680920033046479,-0.1687141773526827,0.5825088545003934,25,23,0.92,25,0,0,0.92,0.0,0.0,True,0.9999997768460847,logistic,False,True,False,post,post,none,none,none,,
6,0,communication,1.7668876390777277,0.31655134892784603,0.5151951510805693,0.46316771337723617,25,1,0.04,25,0,0,0.04,0.0,0.0,False,5.4268293280565315e-08,logistic,False,True,False,post,post,none,none,none,,
6,1,communication,0.7190503874506322,0.1203198022431268,0.5495330052183044,0.13677675426812425,25,0,0.0,25,0,0,0.0,0.0,0.0,False,0.0007644057295053554,logistic,False,True,False,post,post,none,none,none,,
6,2,communication,-0.5575574390229026,0.38154408980394783,0.5811712571576046,0.6169301376439225,25,21,0.84,25,0,0,0.84,0.0,0.0,True,0.9976646618720691,logistic,False,True,False,post,post,none,none,none,,
6,3,communication,-0.6918698259344152,0.38113429329002424,0.5701353931855504,0.6158594492433855,25,23,0.92,25,0,0,0.92,0.0,0.0,True,0.9994701495416335,logistic,False,True,False,post,post,none,none,none,,
6,4,communication,-0.015539871651605197,0.3369054802824187,0.5269422384932991,0.5080806284236976,25,14,0.56,25,0,0,0.56,0.0,0.0,True,0.7745436718060554,logistic,False,True,False,post,post,none,none,none,,
6,5,communication,1.767812946999427,0.30595170820184664,0.5916261832823713,0.4408219310059553,25,0,0.0,25,0,0,0.0,0.0,0.0,False,3.7195547063447846e-08,logistic,False,True,False,post,post,none,none,none,,
6,6,communication,0.659518448893795,0.3695869995642062,0.44513801840876566,0.5862617035319972,25,0,0.0,25,0,0,0.0,0.0,0.0,False,0.09690582398722097,logistic,False,True,False,post,post,none,none,none,,
6,7,communication,0.3278360461806628,0.3225127049795441,0.5703989399164509,0.47604243998377305,25,3,0.12,25,0,0,0.12,0.0,0.0,False,0.31617267361640466,logistic,False,True,False,post,post,none,none,none,,
6,8,communication,-1.172606868470039,0.2795344202902901,0.49858717438281885,0.38799136025751585,25,22,0.88,25,0,0,0.88,0.0,0.0,True,0.9999896055928782,logistic,False,True,False,post,post,none,none,none,,
6,9,communication,-1.6240584135066278,0.37458749039288736,0.518701556216214,0.5989446719385341,25,23,0.92,25,0,0,0.92,0.0,0.0,True,0.9999999998869122,logistic,False,True,False,post,post,none,none,none,,
7,0,communication,0.21755040359161792,0.5214876394606115,-0.23104988908947127,1.0898101751703562,25,0,0.0,25,0,0,0.0,0.0,0.0,False,0.857016726668265,logistic,False,True,False,post,post,none,none,none,,
7,1,communication,0.8974108470938624,0.46434316760469124,-0.17713295155061654,0.8668668810370203,25,0,0.0,25,0,0,0.0,0.0,0.0,False,0.06263094384025611,logistic,False,True,False,post,post,none,none,none,,
7,2,communication,-0.07808334393693972,0.5123565375368638,-0.20640654317763002,1.0506785735399784,25,2,0.08,25,0,0,0.08,0.0,0.0,True,0.9772018348898124,logistic,False,True,False,post,post,none,none,none,,
7,3,communication,0.14310858049611763,0.5115728999340735,-0.2015033298909345,1.0473884431576848,25,1,0.04,25,0,0,0.04,0.0,0.0,False,0.8956643526051791,logistic,False,True,False,post,post,none,none,none,,
7,4,communication,-0.6860327057477928,0.505215128229109,-0.1811966497785077,1.0210803867565448,25,12,0.48,25,0,0,0.48,0.0,0.0,True,0.9999661031345359,logistic,False,True,False,post,post,none,none,none,,
7,5,communication,2.0672430418014724,0.5213778135847906,-0.20721627931126982,1.0893306419616964,25,0,0.0,25,0,0,0.0,0.0,0.0,False,1.704809760779652e-07,logistic,False,True,False,post,post,none,none,none,,
7,6,communication,-0.747795959868124,0.5136397202622055,-0.16508271914809192,1.0560889563989841,25,15,0.6,25,0,0,0.6,0.0,0.0,True,0.9999887732156783,logistic,False,True,False,post,post,none,none,none,,
7,7,communication,-1.2840400590234076,0.5324429748412927,-0.1191458889837107,1.1387765474394496,25,20,0.8,25,0,0,0.8,0.0,0.0,True,0.9999999995778203,logistic,False,True,False,post,post,none,none,none,,
7,8,communication,-0.7317404624022519,0.47173159074818866,-0.21437613573227154,0.8929770974120977,25,12,0.48,25,0,0,0.48,0.0,0.0,True,0.999959370409164,logistic,False,True,False,post,post,none,none,none,,
7,9,communication,0.9279081666200821,0.46559840067447694,-0.0876619628239868,0.8712518848411313,25,0,0.0,25,0,0,0.0,0.0,0.0,False,0.051829086640877785,logistic,False,True,False,post,post,none,none,none,,
8,0,communication,0.20660443520489932,1.0,0.3995836291823668,-0.062393612420424155,25,3,0.12,25,0,0,0.12,0.0,0.0,False,0.0,logistic,False,True,False,post,post,none,none,none,,
8,1,communication,0.23890187027390458,1.0,0.4955138764991595,-0.13298490044530695,25,5,0.2,25,0,0,0.2,0.0,0.0,False,0.0,logistic,False,True,False,post,post,none,none,none,,
8,2,communication,0.2364184823270548,1.0,0.5160707728318551,-0.08210484825106928,25,10,0.4,25,0,0,0.4,0.0,0.0,True,0.0,logistic,False,True,False,post,post,none,none,none,,
8,3,communication,0.879318444127287,1.0,0.46129574219095104,-0.48157683494404946,25,0,0.0,25,0,0,0.0,0.0,0.0,False,0.0,logistic,False,True,False,post,post,none,none,none,,
8,4,communication,1.4084262651557382,1.0,0.5556141451992453,-0.12101600463580996,25,0,0.0,25,0,0,0.0,0.0,0.0,False,0.0,logistic,False,True,False,post,post,none,none,none,,
8,5,communication,-0.17834114535231127,1.0,0.5133902837097204,-0.2651314803231962,25,19,0.76,25,0,0,0.76,0.0,0.0,True,0.0,logistic,False,True,False,post,post,none,none,none,,
8,6,communication,-0.2268437246038405,0.07229431378478561,0.3855132686734738,0.07792807014013965,25,19,0.76,25,0,0,0.76,0.0,0.0,True,0.32211676580565146,logistic,False,True,False,post,post,none,none,none,,
8,7,communication,0.833819818352449,1.0,0.4679695216211582,-0.11479792468301452,25,1,0.04,25,0,0,0.04,0.0,0.0,False,0.0,logistic,False,True,False,post,post,none,none,none,,
8,8,communication,-0.665262216655456,0.2610804029861414,0.4248693616921631,0.35332721454570487,25,22,0.88,25,0,0,0.88,0.0,0.0,True,0.9928132416488766,logistic,False,True,False,post,post,none,none,none,,
8,9,communication,0.9461852813139977,1.0,0.46746095587571346,-0.05968931331290192,25,1,0.04,25,0,0,0.04,0.0,0.0,False,0.0,logistic,False,True,False,post,post,none,none,none,,
9,0,communication,-1.2162548089205316,0.35491603098074237,-0.33994287856121813,0.5501857866974014,25,19,0.76,25,0,0,0.76,0.0,0.0,True,0.9999994281628032,logistic,False,True,False,post,post,none,none,none,,
9,1,communication,-0.5662207232657532,0.34589557505940827,-0.24886339132323232,0.5288078812352076,25,9,0.36,25,0,0,0.36,0.0,0.0,True,0.995902909086351,logistic,False,True,False,post,post,none,none,none,,
9,2,communication,-1.4437080972253535,0.324212539802474,-0.3112054619107345,0.4797551876853558,25,21,0.84,25,0,0,0.84,0.0,0.0,True,0.9999999729253001,logistic,False,True,False,post,post,none,none,none,,
9,3,communication,-0.3242725229238074,0.39478014067548567,-0.3934224803079878,0.6522921126813315,25,2,0.08,25,0,0,0.08,0.0,0.0,True,0.9834125650405623,logistic,False,True,False,post,post,none,none,none,,
9,4,communication,-0.9472244622209685,0.35096507753735795,-0.40199422844226995,0.5407491421350432,25,13,0.52,25,0,0,0.52,0.0,0.0,True,0.9999600303857135,logistic,False,True,False,post,post,none,none,none,,
9,5,communication,-1.7208676661183802,0.24599235529713048,-0.32334695978498346,0.32624650031773655,25,24,0.96,25,0,0,0.96,0.0,0.0,True,0.9999999978084313,logistic,False,True,False,post,post,none,none,none,,
9,6,communication,1.7098714753136601,0.3676337516251876,-0.3404515688090163,0.5813620707462013,25,0,0.0,25,0,0,0.0,0.0,0.0,False,7.461923434796553e-07,logistic,False,True,False,post,post,none,none,none,,
9,7,communication,-0.23359080222343712,0.2816062258316778,-0.35442995989970755,0.39199424599369725,25,4,0.16,25,0,0,0.16,0.0,0.0,True,0.87269990479048,logistic,False,True,False,post,post,none,none,none,,
9,8,communication,-0.4054006826915656,0.4050547908033283,-0.31028087293566176,0.6808270485113342,25,3,0.12,25,0,0,0.12,0.0,0.0,True,0.9930769905088331,logistic,False,True,False,post,post,none,none,none,,
9,9,communication,0.18727571001415771,0.2443920139633086,-0.3683605589937921,0.3234375740854613,25,0,0.0,25,0,0,0.0,0.0,0.0,False,0.30788424969425865,logistic,False,True,False,post,post,none,none,none,,
10,0,communication,0.008145851874818186,0.3906039842584606,-0.08456378714979453,0.6409690483177131,25,1,0.04,25,0,0,0.04,0.0,0.0,True,0.8406457146084858,logistic,False,True,False,post,post,none,none,none,,
10,1,communication,-0.6395399195405607,0.33139374519880005,-0.028341890674387485,0.49564858662193495,25,15,0.6,25,0,0,0.6,0.0,0.0,True,0.9974478576173105,logistic,False,True,False,post,post,none,none,none,,
10,2,communication,0.30975789335634546,0.3276854640707421,-0.11254911057548757,0.4873990469621823,25,0,0.0,25,0,0,0.0,0.0,0.0,False,0.3495429270638686,logistic,False,True,False,post,post,none,none,none,,
10,3,communication,1.8948080714823685,0.3610426791665621,-0.06649826849657607,0.5650497574636568,25,0,0.0,25,0,0,0.0,0.0,0.0,False,2.2728301653527804e-08,logistic,False,True,False,post,post,none,none,none,,
10,4,communication,-1.2289393728132485,0.24752142689684986,-0.1095732794987715,0.3289414951393167,25,21,0.84,25,0,0,0.84,0.0,0.0,True,0.9999887854037933,logistic,False,True,False,post,post,none,none,none,,
10,5,communication,-0.044266449094582515,0.42885551169273717,-0.08695716531603828,0.7508704372929581,25,2,0.08,25,0,0,0.08,0.0,0.0,True,0.918911106052969,logistic,False,True,False,post,post,none,none,none,,
10,6,communication,0.41260667534017503,0.34036523563644744,-0.0694483036520934,0.5159904450531019,25,0,0.0,25,0,0,0.0,0.0,0.0,False,0.2571130729389608,logistic,False,True,False,post,post,none,none,none,,
10,7,communication,0.05808745317518363,0.35933500981011385,-0.13006303633329683,0.5608781739479957,25,2,0.08,25,0,0,0.08,0.0,0.0,True,0.7401868862062166,logistic,False,True,False,post,post,none,none,none,,
10,8,communication,-1.3672097840268496,0.27643243840081555,-0.011836595040632197,0.3820409496935734,25,21,0.84,25,0,0,0.84,0.0,0.0,True,0.9999994837336283,logistic,False,True,False,post,post,none,none,none,,
10,9,communication,0.465228516769467,0.4892494201250551,0.0325074925151566,0.957902818719943,25,0,0.0,25,0,0,0.0,0.0,0.0,False,0.5211813371918963,logistic,False,True,False,post,post,none,none,none,,
11,0,communication,0.972950949618518,0.49153564101110725,0.015696390177305227,0.9667061856381653,25,1,0.04,25,0,0,0.04,0.0,0.0,False,0.05198160466419025,logistic,False,True,False,post,post,none,none,none,,
11,1,communication,0.182023782043416,0.5046624183537314,0.0533601985436739,1.0188252154752144,25,0,0.0,25,0,0,0.0,0.0,0.0,False,0.8615145915942439,logistic,False,True,False,post,post,none,none,none,,
11,2,communication,1.4735960183394703,0.40042578806877943,0.0009856946333235382,0.6678502512291402,25,0,0.0,25,0,0,0.0,0.0,0.0,False,6.420735293036567e-05,logistic,False,True,False,post,post,none,none,none,,
11,3,communication,-0.3133001425264097,0.4582872286005876,-0.029884226396739103,0.8459967215037029,25,4,0.16,25,0,0,0.16,0.0,0.0,True,0.9931914430495192,logistic,False,True,False,post,post,none,none,none,,
11,4,communication,1.345992363834156,0.37040238315474133,0.03577848091216656,0.5883160501952442,25,0,0.0,25,0,0,0.0,0.0,0.0,False,0.00016999510830349347,logistic,False,True,False,post,post,none,none,none,,
11,5,communication,0.9561004731302678,0.4295259053861197,0.008301655982360365,0.7529279759440084,25,0,0.0,25,0,0,0.0,0.0,0.0,False,0.02662858030059055,logistic,False,True,False,post,post,none,none,none,,
11,6,communication,0.4777463957215538,0.5270877905301162,0.08214308770620982,1.1145573744458006,25,0,0.0,25,0,0,0.0,0.0,0.0,False,0.591895099153166,logistic,False,True,False,post,post,none,none,none,,
11,7,communication,-0.4745430703122526,0.4082445016091516,0.022519541749964327,0.6898871285848371,25,14,0.56,25,0,0,0.56,0.0,0.0,True,0.9966415369215937,logistic,False,True,False,post,post,none,none,none,,
11,8,communication,1.0258488683077855,0.5205124769834185,0.005862639831546924,1.085560003123206,25,0,0.0,25,0,0,0.0,0.0,0.0,False,0.05123294131707568,logistic,False,True,False,post,post,none,none,none,,
11,9,communication,0.513278408322604,0.4115843480970614,0.000696923393229195,0.6994789257661587,25,2,0.08,25,0,0,0.08,0.0,0.0,False,0.2869042099309884,logistic,False,True,False,post,post,none,none,none,,
12,0,communication,-0.5063964221872215,0.509142245436447,0.1303885801408973,1.0372500805027551,25,15,0.6,25,0,0,0.6,0.0,0.0,True,0.9996728520112579,logistic,False,True,False,post,post,none,none,none,,
12,1,communication,1.1109383145998788,0.4755123266661141,0.13423655426426703,0.9066225019999767,25,0,0.0,25,0,0,0.0,0.0,0.0,False,0.014647023145806026,logistic,False,True,False,post,post,none,none,none,,
12,2,communication,0.4653264134630257,0.4300102763261568,0.12734631668688517,0.754417594679681,25,0,0.0,25,0,0,0.0,0.0,0.0,False,0.3843527958566416,logistic,False,True,False,post,post,none,none,none,,
12,3,communication,0.25969086474076775,0.4637891932286395,0.17934229278867247,0.8649381686676794,25,2,0.08,25,0,0,0.08,0.0,0.0,False,0.7222154949694796,logistic,False,True,False,post,post,none,none,none,,
12,4,communication,0.02179086708811903,0.4680386092813905,0.18732284814079025,0.879835675008542,25,2,0.08,25,0,0,0.08,0.0,0.0,True,0.9203294789052014,logistic,False,True,False,post,post,none,none,none,,
12,5,communication,0.5205134549387171,0.5616222278066515,0.08532034405510641,1.2811375563059926,25,1,0.04,25,0,0,0.04,0.0,0.0,False,0.6148997615896021,logistic,False,True,False,post,post,none,none,none,,
12,6,communication,1.7218149908506255,0.49792009258131015,0.16863378848356092,0.9917148350772165,25,0,0.0,25,0,0,0.0,0.0,0.0,False,2.2051392274215683e-05,logistic,False,True,False,post,post,none,none,none,,
12,7,communication,0.6275879101988574,0.5053373766395146,0.14644296679777719,1.0215798663066764,25,1,0.04,25,0,0,0.04,0.0,0.0,False,0.3467452778110645,logistic,False,True,False,post,post,none,none,none,,
12,8,communication,1.4286463091095603,0.49604003506778344,0.16688499814151453,0.9842846050965608,25,0,0.0,25,0,0,0.0,0.0,0.0,False,0.0009085194708477011,logistic,False,True,False,post,post,none,none,none,,
12,9,communication,-0.1989975701264936,0.5626012113365135,0.028157849381112182,1.2862431856649514,25,6,0.24,25,0,0,0.24,0.0,0.0,True,0.9964935403407587,logistic,False,True,False,post,post,none,none,none,,
13,0,communication,-0.3733655676315416,1.0,0.0723715697629789,-0.15587021465804862,25,13,0.52,25,0,0,0.52,0.0,0.0,True,0.0,logistic,False,True,False,post,post,none,none,none,,
13,1,communication,2.4382906786440643,0.08678264003111787,-0.050820413519632124,0.09502955576104573,25,0,0.0,25,0,0,0.0,0.0,0.0,False,1.8031747625302534e-20,logistic,False,True,False,post,post,none,none,none,,
13,2,communication,-0.03179180107879058,1.0,0.002515195890999397,-0.03248509036273047,25,2,0.08,25,0,0,0.08,0.0,0.0,True,0.0,logistic,False,True,False,post,post,none,none,none,,
13,3,communication,0.8204439066305091,0.041818382389422114,0.08987275525480681,0.04364348221760381,25,0,0.0,25,0,0,0.0,0.0,0.0,False,7.613384865501798e-06,logistic,False,True,False,post,post,none,none,none,,
13,4,communication,-1.5860474575782908,1.0,0.07383541509992424,-0.16189679128222728,25,24,0.96,25,0,0,0.96,0.0,0.0,True,0.0,logistic,False,True,False,post,post,none,none,none,,
13,5,communication,0.2016163520654435,1.0,0.07324126956726809,-0.10563451377201191,25,1,0.04,25,0,0,0.04,0.0,0.0,False,0.0,logistic,False,True,False,post,post,none,none,none,,
13,6,communication,-1.3815636344932107,1.0,0.017134513317559122,-0.3441125865403252,25,22,0.88,25,0,0,0.88,0.0,0.0,True,0.0,logistic,False,True,False,post,post,none,none,none,,
13,7,communication,0.7831418362195737,1.0,0.006222701268647147,-0.036485810582008164,25,1,0.04,25,0,0,0.04,0.0,0.0,False,0.0,logistic,False,True,False,post,post,none,none,none,,
13,8,communication,-1.2804705462568187,0.0642659789727235,0.09069214282117243,0.06867975036556907,25,22,0.88,25,0,0,0.88,0.0,0.0,True,0.9984744320684853,logistic,False,True,False,post,post,none,none,none,,
13,9,communication,0.0857519650021682,1.0,0.024116601989416453,-0.21023993087046006,25,3,0.12,25,0,0,0.12,0.0,0.0,True,0.0,logistic,False,True,False,post,post,none,none,none,,
14,0,communication,-0.715589343045511,0.4773340024734506,-0.10293140860793372,0.9132677555692799,25,11,0.44,25,0,0,0.44,0.0,0.0,True,0.9999556455915712,logistic,False,True,False,post,post,none,none,none,,
14,1,communication,-1.3794635898261896,0.39823900960919295,-0.17248662500598,0.6617893415632692,25,22,0.88,25,0,0,0.88,0.0,0.0,True,0.9999999927664944,logistic,False,True,False,post,post,none,none,none,,
14,2,communication,-0.6076864056766158,0.5048697476097443,-0.02477317856962835,1.0196705718797652,25,14,0.56,25,0,0,0.56,0.0,0.0,True,0.9999006751356504,logistic,False,True,False,post,post,none,none,none,,
14,3,communication,-2.5247474589191063,0.46634186944073336,-0.0941372371528694,0.8738588297193435,25,23,0.92,25,0,0,0.92,0.0,0.0,True,1.0,logistic,False,True,False,post,post,none,none,none,,
14,4,communication,0.11777155013856691,0.5174923179008749,-0.029221294536538878,1.0725058628073048,25,1,0.04,25,0,0,0.04,0.0,0.0,False,0.9156299434001713,logistic,False,True,False,post,post,none,none,none,,
14,5,communication,0.008649217574233009,0.4567055695673737,-0.10770540298599114,0.840622586916082,25,0,0.0,25,0,0,0.0,0.0,0.0,False,0.9169407728068151,logistic,False,True,False,post,post,none,none,none,,
14,6,communication,-1.4214060253877978,0.40565525058918606,-0.16085588685764585,0.6825251690896913,25,22,0.88,25,0,0,0.88,0.0,0.0,True,0.9999999975637424,logistic,False,True,False,post,post,none,none,none,,
14,7,communication,0.7309817461610372,0.4786706475078893,-0.08975985956045639,0.9181732147244348,25,0,0.0,25,0,0,0.0,0.0,0.0,False,0.18551992817635998,logistic,False,True,False,post,post,none,none,none,,
14,8,communication,-0.13128050525140614,0.5291988179562431,-0.09866797516080096,1.124038847266655,25,7,0.28,25,0,0,0.28,0.0,0.0,True,0.9885426490456007,logistic,False,True,False,post,post,none,none,none,,
14,9,communication,-0.1260737107938701,0.5258058424206785,-0.13398014476247008,1.1088408282059519,25,3,0.12,25,0,0,0.12,0.0,0.0,True,0.987378469465597,logistic,False,True,False,post,post,none,none,none,,
15,0,communication,-1.3061919332812117,0.5152360610662349,-0.1881400022953015,1.062859713120355,25,23,0.92,25,0,0,0.92,0.0,0.0,True,0.999999999500679,logistic,False,True,False,post,post,none,none,none,,
15,1,communication,-1.4780247183639525,0.5554085643863187,-0.2582015661447472,1.2492561032348126,25,20,0.8,25,0,0,0.8,0.0,0.0,True,0.9999999999977007,logistic,False,True,False,post,post,none,none,none,,
15,2,communication,0.8235893111425902,0.4637892510421351,-0.16293803183317845,0.8649383697427137,25,0,0.0,25,0,0,0.0,0.0,0.0,False,0.0984862023709826,logistic,False,True,False,post,post,none,none,none,,
15,3,communication,-0.3718782018567587,0.5320143076407665,-0.18399168124309573,1.136817463283437,25,4,0.16,25,0,0,0.16,0.0,0.0,True,0.9990103114789931,logistic,False,True,False,post,post,none,none,none,,
15,4,communication,0.28925190421115776,0.4998676319983638,-0.20406586439460564,0.9994706681266599,25,0,0.0,25,0,0,0.0,0.0,0.0,False,0.7585732971259804,logistic,False,True,False,post,post,none,none,none,,
15,5,communication,0.4523105743346866,0.4146179711450816,-0.20641187503749261,0.708286128899664,25,1,0.04,25,0,0,0.04,0.0,0.0,False,0.36642998646571406,logistic,False,True,False,post,post,none,none,none,,
15,6,communication,-0.07215750853190689,0.5378582165561643,-0.29943203840386934,1.1638381029910276,25,0,0.0,25,0,0,0.0,0.0,0.0,True,0.9833490733046235,logistic,False,True,False,post,post,none,none,none,,
15,7,communication,0.32970310664172725,0.5521596622401092,-0.2577041294131934,1.2329386517570669,25,3,0.12,25,0,0,0.12,0.0,0.0,False,0.8085707376298117,logistic,False,True,False,post,post,none,none,none,,
15,8,communication,0.4042998744607189,0.4780483120999959,-0.16924115183374655,0.915886131192243,25,2,0.08,25,0,0,0.08,0.0,0.0,False,0.5756493001052034,logistic,False,True,False,post,post,none,none,none,,
15,9,communication,-0.4596754922205376,0.5272941862654092,-0.17895658243727616,1.1154806455616562,25,8,0.32,25,0,0,0.32,0.0,0.0,True,0.9996079803026814,logistic,False,True,False,post,post,none,none,none,,
16,0,communication,-0.15373525019644757,0.4740654137243375,0.1251909454380719,0.9013771409889018,25,5,0.2,25,0,0,0.2,0.0,0.0,True,0.978700203997316,logistic,False,True,False,post,post,none,none,none,,
16,1,communication,0.35811125488093287,0.4872190695266972,0.10265538622718064,0.9501505234935088,25,0,0.0,25,0,0,0.0,0.0,0.0,False,0.6548016823160332,logistic,False,True,False,post,post,none,none,none,,
16,2,communication,0.9497200500487938,0.5490816330127212,0.007437097161128517,1.2176963131515368,25,0,0.0,25,0,0,0.0,0.0,0.0,False,0.11273323231490512,logistic,False,True,False,post,post,none,none,none,,
16,3,communication,-1.481709909448409,0.5359071361044482,0.11389119750023002,1.154741168838698,25,24,0.96,25,0,0,0.96,0.0,0.0,True,0.9999999999953038,logistic,False,True,False,post,post,none,none,none,,
16,4,communication,-1.0349456999871771,0.4869534357436349,0.04790893787371052,0.949140818142792,25,22,0.88,25,0,0,0.88,0.0,0.0,True,0.9999997675845896,logistic,False,True,False,post,post,none,none,none,,
16,5,communication,0.24646776743965731,0.5676202710728712,0.1315359211186505,1.312781874583522,25,0,0.0,25,0,0,0.0,0.0,0.0,False,0.8926651872689457,logistic,False,True,False,post,post,none,none,none,,
16,6,communication,-1.631348445954863,0.5453274887357441,0.08325547167471306,1.199385217327994,25,21,0.84,25,0,0,0.84,0.0,0.0,True,0.9999999999999143,logistic,False,True,False,post,post,none,none,none,,
16,7,communication,-1.5771541756335894,0.5173259572508675,0.09656533738488264,1.0717915434282952,25,20,0.8,25,0,0,0.8,0.0,0.0,True,0.99999999999893,logistic,False,True,False,post,post,none,none,none,,
16,8,communication,0.6881906255121608,0.5344895361434,0.035934892257821836,1.1481794237563023,25,2,0.08,25,0,0,0.08,0.0,0.0,False,0.33513534006561607,logistic,False,True,False,post,post,none,none,none,,
16,9,communication,2.3519181591004554,0.5060349385920565,0.16082190636516783,1.0244346779298728,25,1,0.04,25,0,0,0.04,0.0,0.0,False,4.1831804203799567e-10,logistic,False,True,False,post,post,none,none,none,,
17,0,communication,-0.2905052367452896,1.0,0.1511218970810306,-0.11443281137341665,25,6,0.24,25,0,0,0.24,0.0,0.0,True,0.0,logistic,False,True,False,post,post,none,none,none,,
17,1,communication,-0.4805792370749063,1.0,-0.07176969131470896,-0.1698741174241409,25,15,0.6,25,0,0,0.6,0.0,0.0,True,0.0,logistic,False,True,False,post,post,none,none,none,,
17,2,communication,-0.5774455258365598,1.0,0.04752273620866503,-0.24600919156871218,25,13,0.52,25,0,0,0.52,0.0,0.0,True,0.0,logistic,False,True,False,post,post,none,none,none,,
17,3,communication,-0.012805259123756997,1.0,0.010704236441373971,-0.17590295374209927,25,3,0.12,25,0,0,0.12,0.0,0.0,True,0.0,logistic,False,True,False,post,post,none,none,none,,
17,4,communication,1.2798529274068615,1.0,0.10309071275745618,-0.5508527023492112,25,0,0.0,25,0,0,0.0,0.0,0.0,False,0.0,logistic,False,True,False,post,post,none,none,none,,
17,5,communication,1.7357306683393916,1.0,0.04913906036603513,-0.15872839352478663,25,0,0.0,25,0,0,0.0,0.0,0.0,False,0.0,logistic,False,True,False,post,post,none,none,none,,
17,6,communication,0.21876827148593792,1.0,0.13759156921758203,-0.20406425333000716,25,1,0.04,25,0,0,0.04,0.0,0.0,False,0.0,logistic,False,True,False,post,post,none,none,none,,
17,7,communication,-0.6456177131183565,1.0,0.08676930762142868,-0.2398136190731121,25,15,0.6,25,0,0,0.6,0.0,0.0,True,0.0,logistic,False,True,False,post,post,none,none,none,,
17,8,communication,-1.1881526539828688,1.0,0.023717516826891626,-0.07553020506813046,25,22,0.88,25,0,0,0.88,0.0,0.0,True,0.0,logistic,False,True,False,post,post,none,none,none,,
17,9,communication,-1.278189366459342,1.0,0.1273636820178497,-0.1681112342808989,25,22,0.88,25,0,0,0.88,0.0,0.0,True,0.0,logistic,False,True,False,post,post,none,none,none,,
18,0,communication,1.3278988866600023,0.5155626388531822,0.49020695231595945,1.0642503658939122,25,0,0.0,25,0,0,0.0,0.0,0.0,False,0.0038065025682647467,logistic,False,True,False,post,post,none,none,none,,
18,1,communication,1.1878095556508044,0.4548727517564952,0.5247564795803863,0.8344340761210792,25,0,0.0,25,0,0,0.0,0.0,0.0,False,0.005286823507929965,logistic,False,True,False,post,post,none,none,none,,
18,2,communication,-0.05779793791533455,0.5361283745201062,0.4828195935708555,1.1557688486883841,25,15,0.6,25,0,0,0.6,0.0,0.0,True,0.9807943698413074,logistic,False,True,False,post,post,none,none,none,,
18,3,communication,1.909788065785144,0.5517985308004201,0.4889414978076518,1.231139495784895,25,0,0.0,25,0,0,0.0,0.0,0.0,False,5.502414522831543e-06,logistic,False,True,False,post,post,none,none,none,,
18,4,communication,0.8479563499825706,0.49949302328736567,0.5972109425272959,0.9979741472697776,25,1,0.04,25,0,0,0.04,0.0,0.0,False,0.12245223933719546,logistic,False,True,False,post,post,none,none,none,,
18,5,communication,2.480142719833071,0.544751004843531,0.5649361526384312,1.196600125731854,25,0,0.0,25,0,0,0.0,0.0,0.0,False,1.1570921934408849e-10,logistic,False,True,False,post,post,none,none,none,,
18,6,communication,0.38394636404284976,0.5155341567002554,0.5534388796319359,1.064129006884988,25,5,0.2,25,0,0,0.2,0.0,0.0,False,0.6835233429761124,logistic,False,True,False,post,post,none,none,none,,
18,7,communication,-0.256493791314615,0.5694828773679637,0.5049255591818786,1.322787985495995,25,18,0.72,25,0,0,0.72,0.0,0.0,True,0.9982959679366368,logistic,False,True,False,post,post,none,none,none,,
18,8,communication,-0.6255757032934554,0.5168743327562504,0.5219335232140586,1.0698548386075994,25,22,0.88,25,0,0,0.88,0.0,0.0,True,0.9999410560202894,logistic,False,True,False,post,post,none,none,none,,
18,9,communication,-0.9735906106734433,0.5257117162709279,0.48414283230430816,1.108422312559655,25,24,0.96,25,0,0,0.96,0.0,0.0,True,0.9999997927431431,logistic,False,True,False,post,post,none,none,none,,
19,0,communication,0.6496991507335584,0.11479677258199625,-0.0896367679794958,0.1296840872539971,25,0,0.0,25,0,0,0.0,0.0,0.0,False,0.0014206081778923543,logistic,False,True,False,post,post,none,none,none,,
19,1,communication,-1.9103252050592623,0.3479248811042119,-0.022532292047422534,0.5335656445431952,25,24,0.96,25,0,0,0.96,0.0,0.0,True,0.9999999999995216,logistic,False,True,False,post,post,none,none,none,,
19,2,communication,0.8034670958013264,0.2866029064188878,-0.06678075197545671,0.40174386607071516,25,0,0.0,25,0,0,0.0,0.0,0.0,False,0.011120781436569532,logistic,False,True,False,post,post,none,none,none,,
19,3,communication,-0.5316944875748623,0.16274874930762293,-0.04859018146266538,0.19438459981162823,25,10,0.4,25,0,0,0.4,0.0,0.0,True,0.9085020938758748,logistic,False,True,False,post,post,none,none,none,,
19,4,communication,1.5094795535584251,0.310446920159073,-0.11566183107598779,0.450214681414649,25,0,0.0,25,0,0,0.0,0.0,0.0,False,3.5385008766118656e-06,logistic,False,True,False,post,post,none,none,none,,
19,5,communication,0.9084250113614942,0.26001373792854476,-0.004272303831430346,0.3513764393418389,25,0,0.0,25,0,0,0.0,0.0,0.0,False,0.0025183749630128646,logistic,False,True,False,post,post,none,none,none,,
19,6,communication,0.3550115875019132,0.33188697304347115,-0.10694858024616925,0.4967527344217846,25,0,0.0,25,0,0,0.0,0.0,0.0,False,0.304398763627881,logistic,False,True,False,post,post,none,none,none,,
19,7,communication,-0.822004087430488,0.36211816250756357,-0.15341744299052681,0.5676884670851869,25,18,0.72,25,0,0,0.72,0.0,0.0,True,0.9998373497057077,logistic,False,True,False,post,post,none,none,none,,
19,8,communication,2.3065793403508175,0.23684092959250141,-0.11776568587872882,0.31034280895860566,25,0,0.0,25,0,0,0.0,0.0,0.0,False,1.312048558029742e-14,logistic,False,True,False,post,post,none,none,none,,
19,9,communication,0.2855109500645724,0.2336842114429864,-0.12395119438711319,0.3049450565060365,25,1,0.04,25,0,0,0.04,0.0,0.0,False,0.1841870085315943,logistic,False,True,False,post,post,none,none,none,,
20,0,communication,1.1838704025362339,1.0,-0.21974282688115382,-0.6727062565301337,25,0,0.0,25,0,0,0.0,0.0,0.0,False,0.0,logistic,False,True,False,post,post,none,none,none,,
20,1,communication,-0.29020016807752486,1.0,-0.263012227914186,-0.3951282383900219,25,5,0.2,25,0,0,0.2,0.0,0.0,True,0.0,logistic,False,True,False,post,post,none,none,none,,
20,2,communication,-0.09487885353741655,1.0,-0.14671482982659584,-0.39056942008822026,25,2,0.08,25,0,0,0.08,0.0,0.0,True,0.0,logistic,False,True,False,post,post,none,none,none,,
20,3,communication,-0.5098259155677876,1.0,-0.10476812175513438,-0.4412386764229699,25,8,0.32,25,0,0,0.32,0.0,0.0,True,0.0,logistic,False,True,False,post,post,none,none,none,,
20,4,communication,-0.33811424297806003,1.0,-0.19987586825664788,-0.6149574081665341,25,2,0.08,25,0,0,0.08,0.0,0.0,True,0.0,logistic,False,True,False,post,post,none,none,none,,
20,5,communication,0.6279856048783463,1.0,-0.1893216614938341,-0.24373515901327805,25,0,0.0,25,0,0,0.0,0.0,0.0,False,0.0,logistic,False,True,False,post,post,none,none,none,,
20,6,communication,0.32795913763491613,1.0,-0.17876576640050554,-0.2096023370968578,25,0,0.0,25,0,0,0.0,0.0,0.0,False,0.0,logistic,False,True,False,post,post,none,none,none,,
20,7,communication,0.728909770068412,1.0,-0.14270894393793682,-0.45795964514208326,25,1,0.04,25,0,0,0.04,0.0,0.0,False,0.0,logistic,False,True,False,post,post,none,none,none,,
20,8,communication,0.6916101573441552,1.0,-0.2681705570310935,-0.6231312408830836,25,0,0.0,25,0,0,0.0,0.0,0.0,False,0.0,logistic,False,True,False,post,post,none,none,none,,
20,9,communication,0.6225467020001558,1.0,-0.09753083552105597,-0.3793721264157324,25,0,0.0,25,0,0,0.0,0.0,0.0,False,0.0,logistic,False,True,False,post,post,none,none,none,,
21,0,communication,0.3676430638674896,0.5723070949378489,0.3682814920145863,1.338126230676384,25,3,0.12,25,0,0,0.12,0.0,0.0,False,0.8063335750883259,logistic,False,True,False,post,post,none,none,none,,
21,1,communication,2.6544657385145354,0.5602373672283267,0.531670017455092,1.2739540049079259,25,1,0.04,25,0,0,0.04,0.0,0.0,False,4.269765187372888e-12,logistic,False,True,False,post,post,none,none,none,,
21,2,communication,0.7512056418684887,0.5341242967029209,0.4135982617374041,1.1464952838768696,25,1,0.04,25,0,0,0.04,0.0,0.0,False,0.26174888844658306,logistic,False,True,False,post,post,none,none,none,,
21,3,communication,0.40784460369861153,0.5023130101095259,0.4642763407849019,1.0092950394786686,25,3,0.12,25,0,0,0.12,0.0,0.0,False,0.6257783134626195,logistic,False,True,False,post,post,none,none,none,,
21,4,communication,0.371631235725862,0.5314060727327059,0.3661815867077215,1.1340438742595627,25,3,0.12,25,0,0,0.12,0.0,0.0,False,0.7295285049275955,logistic,False,True,False,post,post,none,none,none,,
21,5,communication,-0.03699998533701215,0.5309003755334163,0.3596149737416865,1.131743339460369,25,9,0.36,25,0,0,0.36,0.0,0.0,True,0.9756114314170271,logistic,False,True,False,post,post,none,none,none,,
21,6,communication,-1.3163931671928069,0.5634707813611971,0.4848863771609321,1.2907974021034074,25,22,0.88,25,0,0,0.88,0.0,0.0,True,0.9999999999344922,logistic,False,True,False,post,post,none,none,none,,
21,7,communication,0.9115534111082135,0.5708245367090532,0.4129869334003436,1.3300493283840868,25,1,0.04,25,0,0,0.04,0.0,0.0,False,0.16921066401220314,logistic,False,True,False,post,post,none,none,none,,
21,8,communication,-0.9669591187164883,0.5719850552584601,0.37550290676388953,1.3363670177541527,25,23,0.92,25,0,0,0.92,0.0,0.0,True,0.9999999455603257,logistic,False,True,False,post,post,none,none,none,,
21,9,communication,0.1772610495331345,0.5422665900908068,0.4095291698833586,1.1846777586070971,25,5,0.2,25,0,0,0.2,0.0,0.0,True,0.9070541657029876,logistic,False,True,False,post,post,none,none,none,,
22,0,communication,-0.11796948695057333,0.12803031869462603,0.05161669152531642,0.14682886508503307,25,3,0.12,25,0,0,0.12,0.0,0.0,True,0.376095372617802,logistic,False,True,False,post,post,none,none,none,,
22,1,communication,0.5529102209720894,1.0,0.12814935013203682,-0.2851007154064936,25,1,0.04,25,0,0,0.04,0.0,0.0,False,0.0,logistic,False,True,False,post,post,none,none,none,,
22,2,communication,1.3573319609659131,1.0,0.14837532154583524,-0.27530276136770065,25,0,0.0,25,0,0,0.0,0.0,0.0,False,0.0,logistic,False,True,False,post,post,none,none,none,,
22,3,communication,-0.32633224355847495,1.0,0.11458916330538949,-0.21094799274828904,25,13,0.52,25,0,0,0.52,0.0,0.0,True,0.0,logistic,False,True,False,post,post,none,none,none,,
22,4,communication,0.9455582422892627,1.0,0.16751799967760717,-0.07091076397037556,25,0,0.0,25,0,0,0.0,0.0,0.0,False,0.0,logistic,False,True,False,post,post,none,none,none,,
22,5,communication,-0.005779288017061152,1.0,0.11249647902721654,-0.15707104499282154,25,6,0.24,25,0,0,0.24,0.0,0.0,True,0.0,logistic,False,True,False,post,post,none,none,none,,
22,6,communication,-0.16661796438521453,0.12463456788844064,0.14694856862794564,0.14238004302705526,25,10,0.4,25,0,0,0.4,0.0,0.0,True,0.42807208614608694,logistic,False,True,False,post,post,none,none,none,,
22,7,communication,-1.0382217067882786,1.0,0.25477186081510034,-0.03166604890877331,25,21,0.84,25,0,0,0.84,0.0,0.0,True,0.0,logistic,False,True,False,post,post,none,none,none,,
22,8,communication,-1.035585499662788,1.0,0.12177339821872689,-0.32272279068149445,25,21,0.84,25,0,0,0.84,0.0,0.0,True,0.0,logistic,False,True,False,post,post,none,none,none,,
22,9,communication,1.7124585989255376,1.0,0.18912439438589104,-0.24376635029090574,25,1,0.04,25,0,0,0.04,0.0,0.0,False,0.0,logistic,False,True,False,post,post,none,none,none,,
23,0,communication,-0.4561474160130649,0.507461223413791,0.0024121093047803424,1.0302969990119553,25,10,0.4,25,0,0,0.4,0.0,0.0,True,0.9993826326010337,logistic,False,True,False,post,post,none,none,none,,
23,1,communication,0.9007532516744303,0.5164005762469993,0.06315770061728265,1.0678271124465852,25,0,0.0,25,0,0,0.0,0.0,0.0,False,0.10747773851586234,logistic,False,True,False,post,post,none,none,none,,
23,2,communication,-1.2833991046146056,0.5369155978828601,0.06961997985857055,1.159433562063799,25,19,0.76,25,0,0,0.76,0.0,0.0,True,0.9999999996371511,logistic,False,True,False,post,post,none,none,none,,
23,3,communication,0.5135324159908679,0.5157226534059498,-0.04370497294919749,1.0649324339307962,25,0,0.0,25,0,0,0.0,0.0,0.0,False,0.5186325409217213,logistic,False,True,False,post,post,none,none,none,,
23,4,communication,-0.19114050609047342,0.5412891465347017,0.03525519832093165,1.1800225402245694,25,4,0.16,25,0,0,0.16,0.0,0.0,True,0.9945378994672123,logistic,False,True,False,post,post,none,none,none,,
23,5,communication,0.10467187728864605,0.48029930917116,-0.0005385040602395377,0.9241844731919807,25,3,0.12,25,0,0,0.12,0.0,0.0,True,0.8854516622332342,logistic,False,True,False,post,post,none,none,none,,
23,6,communication,0.21756810323130826,0.5868266651270574,0.07237400835128942,1.4202917168106115,25,0,0.0,25,0,0,0.0,0.0,0.0,False,0.9265057792961923,logistic,False,True,False,post,post,none,none,none,,
23,7,communication,-0.8399612733202382,0.5093436241073632,-0.05881768035708684,1.0380862231347334,25,13,0.52,25,0,0,0.52,0.0,0.0,True,0.9999969241332026,logistic,False,True,False,post,post,none,none,none,,
23,8,communication,0.7634132074397859,0.5470024020261444,-0.08924045576406434,1.2075172240929062,25,1,0.04,25,0,0,0.04,0.0,0.0,False,0.2731619165720539,logistic,False,True,False,post,post,none,none,none,,
23,9,communication,1.5227447587862237,0.5380603044744152,0.029833586185443364,1.164784732046511,25,1,0.04,25,0,0,0.04,0.0,0.0,False,0.0007194469601733936,logistic,False,True,False,post,post,none,none,none,,
24,0,communication,-0.42962407267433,0.48637337882354154,-0.14914916104255313,0.9469395836794955,25,4,0.16,25,0,0,0.16,0.0,0.0,True,0.9987326223895301,logistic,False,True,False,post,post,none,none,none,,
24,1,communication,0.4933591187269261,0.4379469730531261,-0.07741355604967885,0.7791915567683998,25,0,0.0,25,0,0,0.0,0.0,0.0,False,0.3665956082346855,logistic,False,True,False,post,post,none,none,none,,
24,2,communication,-0.4187598747504344,0.4102484820838783,-0.05665461805812032,0.6956293788500711,25,9,0.36,25,0,0,0.36,0.0,0.0,True,0.9944009489742226,logistic,False,True,False,post,post,none,none,none,,
24,3,communication,0.1918792216033755,0.4321145119189583,-0.14448715415161706,0.7609183910987565,25,0,0.0,25,0,0,0.0,0.0,0.0,False,0.7355843287758268,logistic,False,True,False,post,post,none,none,none,,
24,4,communication,-0.04805556969380617,0.48480975969585904,-0.19580879160432016,0.9410305587498184,25,1,0.04,25,0,0,0.04,0.0,0.0,True,0.9589062453352731,logistic,False,True,False,post,post,none,none,none,,
24,5,communication,-2.0990360585660848,0.4429521980043776,-0.1889857065308456,0.7951780734391237,25,24,0.96,25,0,0,0.96,0.0,0.0,True,1.0,logistic,False,True,False,post,post,none,none,none,,
24,6,communication,0.23446999244463254,0.4546771059938244,-0.12535746189876842,0.8337759353060927,25,0,0.0,25,0,0,0.0,0.0,0.0,False,0.7324272527371811,logistic,False,True,False,post,post,none,none,none,,
24,7,communication,1.2368526153184074,0.5095136438042748,-0.1855291457569679,1.038792694981625,25,0,0.0,25,0,0,0.0,0.0,0.0,False,0.008183800078621921,logistic,False,True,False,post,post,none,none,none,,
24,8,communication,-0.9193454203250797,0.44882273289215,-0.17815358160075595,0.8142983386220243,25,18,0.72,25,0,0,0.72,0.0,0.0,True,0.999995330208235,logistic,False,True,False,post,post,none,none,none,,
24,9,communication,0.9422481680901611,0.4355364341295151,-0.16683521657930928,0.7715935278441833,25,0,0.0,25,0,0,0.0,0.0,0.0,False,0.03206068826044906,logistic,False,True,False,post,post,none,none,none,,
25,0,communication,0.3456009704229295,0.41138046542426865,0.10270501362281487,0.6988902699615396,25,1,0.04,25,0,0,0.04,0.0,0.0,False,0.4981128685796144,logistic,False,True,False,post,post,none,none,none,,
25,1,communication,2.025738280016339,0.26557413993779594,-0.026020830883171975,0.36160782780075645,25,1,0.04,25,0,0,0.04,0.0,0.0,False,4.194131965116579e-11,logistic,False,True,False,post,post,none,none,none,,
25,2,communication,-0.5769719932775427,0.2548084076422946,0.025955262422209767,0.34193677204020567,25,13,0.52,25,0,0,0.52,0.0,0.0,True,0.9827067560604839,logistic,False,True,False,post,post,none,none,none,,
25,3,communication,-0.8782343345448095,0.1711489334394041,0.041982156882200874,0.20648936865051581,25,20,0.8,25,0,0,0.8,0.0,0.0,True,0.9945876799541685,logistic,False,True,False,post,post,none,none,none,,
25,4,communication,-0.7497137800864164,0.32657928981696677,0.03193391964744386,0.48495581570130764,25,20,0.8,25,0,0,0.8,0.0,0.0,True,0.9991502442012463,logistic,False,True,False,post,post,none,none,none,,
25,5,communication,-0.3009337128654884,0.17325611382534303,0.07829602900853314,0.2095644331003146,25,12,0.48,25,0,0,0.48,0.0,0.0,True,0.7386720545352452,logistic,False,True,False,post,post,none,none,none,,
25,6,communication,2.084466935591439,0.396127079394421,0.1297503672361035,0.6559775507025133,25,0,0.0,25,0,0,0.0,0.0,0.0,False,1.9171901768834457e-09,logistic,False,True,False,post,post,none,none,none,,
25,7,communication,0.9452298580775133,0.3401944364541366,-0.05677403108330282,0.5155980113685258,25,0,0.0,25,0,0,0.0,0.0,0.0,False,0.007576171540635252,logistic,False,True,False,post,post,none,none,none,,
25,8,communication,-0.8849651089547483,0.3197818598761055,0.03497733396670246,0.47011663025902345,25,20,0.8,25,0,0,0.8,0.0,0.0,True,0.9998055577171309,logistic,False,True,False,post,post,none,none,none,,
25,9,communication,0.028615654952859525,0.42647371465975975,0.06138780683157347,0.7435992483008121,25,2,0.08,25,0,0,0.08,0.0,0.0,True,0.8730305970372016,logistic,False,True,False,post,post,none,none,none,,
26,0,communication,0.46882095250215466,1.0,0.22193445003341716,-0.053252421122153504,25,1,0.04,25,0,0,0.04,0.0,0.0,False,0.0,logistic,False,True,False,post,post,none,none,none,,
26,1,communication,-0.835307960361473,1.0,0.2839185592620968,-0.06312938866122791,25,19,0.76,25,0,0,0.76,0.0,0.0,True,0.0,logistic,False,True,False,post,post,none,none,none,,
26,2,communication,-0.48336436045777625,1.0,0.283611176070171,-0.13868386414375414,25,17,0.68,25,0,0,0.68,0.0,0.0,True,0.0,logistic,False,True,False,post,post,none,none,none,,
26,3,communication,-1.7204569791315405,1.0,0.16536078019580258,-0.14396413423251278,25,23,0.92,25,0,0,0.92,0.0,0.0,True,0.0,logistic,False,True,False,post,post,none,none,none,,
26,4,communication,-0.5986059582094612,1.0,0.17202465467317424,-0.2797071792720822,25,20,0.8,25,0,0,0.8,0.0,0.0,True,0.0,logistic,False,True,False,post,post,none,none,none,,
26,5,communication,-1.5260184884156747,1.0,0.1955615341691107,-0.270699685702922,25,21,0.84,25,0,0,0.84,0.0,0.0,True,0.0,logistic,False,True,False,post,post,none,none,none,,
26,6,communication,0.4774543573561821,1.0,0.10724335034868678,-0.31214381476549474,25,1,0.04,25,0,0,0.04,0.0,0.0,False,0.0,logistic,False,True,False,post,post,none,none,none,,
26,7,communication,-0.27606467417174174,1.0,0.14666819897292724,-0.2764183611249041,25,9,0.36,25,0,0,0.36,0.0,0.0,True,0.0,logistic,False,True,False,post,post,none,none,none,,
26,8,communication,1.3619100252024485,1.0,0.22716172870222195,-0.22869115559517977,25,1,0.04,25,0,0,0.04,0.0,0.0,False,0.0,logistic,False,True,False,post,post,none,none,none,,
26,9,communication,-0.8432216758352937,1.0,0.10368305203696286,-0.27544055177137483,25,19,0.76,25,0,0,0.76,0.0,0.0,True,0.0,logistic,False,True,False,post,post,none,none,none,,
27,0,communication,0.9121370159775487,0.42436690995005333,-0.12164675909524536,0.7372177126113992,25,1,0.04,25,0,0,0.04,0.0,0.0,False,0.03463654224202911,logistic,False,True,False,post,post,none,none,none,,
27,1,communication,-0.7095485776985828,0.4571146117903645,-0.11774140249549912,0.8420094217268738,25,11,0.44,25,0,0,0.44,0.0,0.0,True,0.9999219540140554,logistic,False,True,False,post,post,none,none,none,,
27,2,communication,2.4789047606198555,0.5057594116494482,-0.08918736651227788,1.0233061055089356,25,0,0.0,25,0,0,0.0,0.0,0.0,False,2.6418572898279087e-11,logistic,False,True,False,post,post,none,none,none,,
27,3,communication,-0.48308494726514417,0.511872080916886,-0.16116514693692324,1.0486433184939972,25,5,0.2,25,0,0,0.2,0.0,0.0,True,0.9995904916964983,logistic,False,True,False,post,post,none,none,none,,
27,4,communication,-0.3650517299754888,0.4452842460401176,-0.14066300933733505,0.8027250765124675,25,7,0.28,25,0,0,0.28,0.0,0.0,True,0.9948193876509759,logistic,False,True,False,post,post,none,none,none,,
27,5,communication,0.8235917170529254,0.42299042146295845,-0.04992777377657148,0.7330734830007753,25,0,0.0,25,0,0,0.0,0.0,0.0,False,0.06305952602641954,logistic,False,True,False,post,post,none,none,none,,
27,6,communication,-0.6259384883240431,0.4892572740508939,-0.09286565140893338,0.9579329262922226,25,12,0.48,25,0,0,0.48,0.0,0.0,True,0.9998880438403409,logistic,False,True,False,post,post,none,none,none,,
27,7,communication,0.6407664560919271,0.5037801964949902,-0.06724606088621123,1.0152359759456957,25,0,0.0,25,0,0,0.0,0.0,0.0,False,0.32738512127668984,logistic,False,True,False,post,post,none,none,none,,
27,8,communication,0.7953029997713658,0.4745920344809208,-0.1422881878507558,0.9032829070492783,25,1,0.04,25,0,0,0.04,0.0,0.0,False,0.12865584805856684,logistic,False,True,False,post,post,none,none,none,,
27,9,communication,-0.9737479015914943,0.5028797535403025,-0.19213240389452613,1.0115857423261714,25,18,0.72,25,0,0,0.72,0.0,0.0,True,0.9999995873987909,logistic,False,True,False,post,post,none,none,none,,
28,0,communication,-0.237491238272311,0.388270100157978,-0.08005036979043463,0.6347083905139311,25,7,0.28,25,0,0,0.28,0.0,0.0,True,0.9642304850164375,logistic,False,True,False,post,post,none,none,none,,
28,1,communication,0.6254511673571918,0.4275069975032638,-0.11128543322800134,0.7467462408078971,25,0,0.0,25,0,0,0.0,0.0,0.0,False,0.19974325763761108,logistic,False,True,False,post,post,none,none,none,,
28,2,communication,0.41101498702529476,0.39346551218594006,-0.059631243498988205,0.6487108649072587,25,0,0.0,25,0,0,0.0,0.0,0.0,False,0.371154859121547,logistic,False,True,False,post,post,none,none,none,,
28,3,communication,-0.9151804152312623,0.38959894897321923,-0.1362663579820721,0.6382671660179136,25,18,0.72,25,0,0,0.72,0.0,0.0,True,0.9999763822016782,logistic,False,True,False,post,post,none,none,none,,
28,4,communication,1.1022450812852196,0.3397716929868342,-0.11465290950684809,0.5146275756093244,25,0,0.0,25,0,0,0.0,0.0,0.0,False,0.0015650473791576694,logistic,False,True,False,post,post,none,none,none,,
28,5,communication,0.10373496513349839,0.3510225763803925,-0.18359945343165956,0.5408856511873692,25,1,0.04,25,0,0,0.04,0.0,0.0,False,0.670658008575477,logistic,False,True,False,post,post,none,none,none,,
28,6,communication,1.0212909005074091,0.4601929068856215,-0.1511469644106283,0.8525136345107497,25,0,0.0,25,0,0,0.0,0.0,0.0,False,0.02440346611466659,logistic,False,True,False,post,post,none,none,none,,
28,7,communication,-0.07296620314170749,0.3548981016873388,-0.10654488331343163,0.5501427024406779,25,3,0.12,25,0,0,0.12,0.0,0.0,True,0.8540778933597737,logistic,False,True,False,post,post,none,none,none,,
28,8,communication,0.2900250229047802,0.4478567167133231,-0.09359443153086067,0.8111240872974498,25,1,0.04,25,0,0,0.04,0.0,0.0,False,0.6535886776454757,logistic,False,True,False,post,post,none,none,none,,
28,9,communication,-0.5173428745928279,0.40816236766844743,-0.12660851025728614,0.6896526097208218,25,8,0.32,25,0,0,0.32,0.0,0.0,True,0.9978328161317827,logistic,False,True,False,post,post,none,none,none,,
29,0,communication,1.60747293066004,1.0,0.322979459850369,-0.07666074636508528,25,2,0.08,25,0,0,0.08,0.0,0.0,False,0.0,logistic,False,True,False,post,post,none,none,none,,
29,1,communication,-1.363159221902646,1.0,0.3843449531983673,-0.2647605682444028,25,24,0.96,25,0,0,0.96,0.0,0.0,True,0.0,logistic,False,True,False,post,post,none,none,none,,
29,2,communication,0.16148263214613592,1.0,0.2879971897567964,-0.02401108777846682,25,2,0.08,25,0,0,0.08,0.0,0.0,False,0.0,logistic,False,True,False,post,post,none,none,none,,
29,3,communication,-0.02042612531586735,0.13195973987460177,0.3430076154558709,0.15202029898421843,25,9,0.36,25,0,0,0.36,0.0,0.0,True,0.27118858985986843,logistic,False,True,False,post,post,none,none,none,,
29,4,communication,-0.18056869531278238,1.0,0.19028301219466717,-0.20450934198698095,25,9,0.36,25,0,0,0.36,0.0,0.0,True,0.0,logistic,False,True,False,post,post,none,none,none,,
29,5,communication,-1.667564935984639,1.0,0.30462603669731947,-0.16518286385470335,25,24,0.96,25,0,0,0.96,0.0,0.0,True,0.0,logistic,False,True,False,post,post,none,none,none,,
29,6,communication,-0.3797103195324338,1.0,0.3241518984040557,-0.1539346116206285,25,20,0.8,25,0,0,0.8,0.0,0.0,True,0.0,logistic,False,True,False,post,post,none,none,none,,
29,7,communication,0.15208294238173725,0.09935946231675467,0.2754140825006548,0.11032088625761961,25,5,0.2,25,0,0,0.2,0.0,0.0,True,0.07201391046604311,logistic,False,True,False,post,post,none,none,none,,
29,8,communication,-0.5499143731894001,0.08249833694799565,0.390069798356994,0.0899162805586322,25,21,0.84,25,0,0,0.84,0.0,0.0,True,0.7641085669805451,logistic,False,True,False,post,post,none,none,none,,
29,9,communication,0.4663375472698167,0.004065579911761181,0.35058524766295185,0.004082176325827733,25,2,0.08,25,0,0,0.08,0.0,0.0,False,1.4103379195004496e-05,logistic,False,True,False,post,post,none,none,none,,
30,0,communication,0.03536113286823858,0.3958086463150133,-0.17996058816266022,0.6551047841068245,25,1,0.04,25,0,0,0.04,0.0,0.0,True,0.8256928947044266,logistic,False,True,False,post,post,none,none,none,,
30,1,communication,0.08133438474364948,0.3496255313051027,-0.14274813995775562,0.5375757323418527,25,1,0.04,25,0,0,0.04,0.0,0.0,False,0.694263570125981,logistic,False,True,False,post,post,none,none,none,,
30,2,communication,1.5585919536745196,0.37232338763208256,-0.2001564758362499,0.5931770919860917,25,1,0.04,25,0,0,0.04,0.0,0.0,False,9.347412383421958e-06,logistic,False,True,False,post,post,none,none,none,,
30,3,communication,-0.39641492550546664,0.41697079517996816,-0.14763474462361562,0.7151799459320013,25,5,0.2,25,0,0,0.2,0.0,0.0,True,0.9938189642874468,logistic,False,True,False,post,post,none,none,none,,
30,4,communication,0.6297888625251707,0.40839501347473556,-0.27647270117562495,0.6903170574565383,25,0,0.0,25,0,0,0.0,0.0,0.0,False,0.16610923357221563,logistic,False,True,False,post,post,none,none,none,,
30,5,communication,0.3647069507536453,0.4285616888378586,-0.2043871144258796,0.7499701725743365,25,0,0.0,25,0,0,0.0,0.0,0.0,False,0.5130877234662279,logistic,False,True,False,post,post,none,none,none,,
30,6,communication,0.1860204223079883,0.4327263449383452,-0.20153635334226086,0.7628176296875869,25,0,0.0,25,0,0,0.0,0.0,0.0,False,0.7430947122984085,logistic,False,True,False,post,post,none,none,none,,
30,7,communication,0.2687217155243461,0.391871896283237,-0.07623842253720658,0.6443903741468133,25,3,0.12,25,0,0,0.12,0.0,0.0,False,0.5541119174544112,logistic,False,True,False,post,post,none,none,none,,
30,8,communication,0.8881390332782192,0.42618126214350643,-0.1568990396373774,0.7427106053307206,25,1,0.04,25,0,0,0.04,0.0,0.0,False,0.04217693527116927,logistic,False,True,False,post,post,none,none,none,,
30,9,communication,0.1964504452592557,0.4409051217071313,-0.08635208211449175,0.7886051881809112,25,1,0.04,25,0,0,0.04,0.0,0.0,False,0.747350092641329,logistic,False,True,False,post,post,none,none,none,,
31,0,communication,0.5389966994061124,1.0,-0.14541764015035627,-0.15368806776745525,25,0,0.0,25,0,0,0.0,0.0,0.0,False,0.0,logistic,False,True,False,post,post,none,none,none,,
31,1,communication,-0.04626785940099587,0.16256613837980477,-0.19248903916179838,0.19412415216323564,25,2,0.08,25,0,0,0.08,0.0,0.0,True,0.38672979349144443,logistic,False,True,False,post,post,none,none,none,,
31,2,communication,-0.13407102617126634,0.04718012181584297,-0.29331533708391,0.049516307222469795,25,0,0.0,25,0,0,0.0,0.0,0.0,True,0.1426109627891129,logistic,False,True,False,post,post,none,none,none,,
31,3,communication,1.23895135632858,0.2278148834892414,-0.1405082342082053,0.2950262555158525,25,0,0.0,25,0,0,0.0,0.0,0.0,False,1.9232029033587297e-05,logistic,False,True,False,post,post,none,none,none,,
31,4,communication,0.39888425581862175,0.06033492298795696,-0.132446641689286,0.06420896600713372,25,0,0.0,25,0,0,0.0,0.0,0.0,False,0.0036759875060618876,logistic,False,True,False,post,post,none,none,none,,
31,5,communication,-0.22252303409891133,1.0,-0.0791334992853581,-0.07557000810236221,25,4,0.16,25,0,0,0.16,0.0,0.0,True,0.0,logistic,False,True,False,post,post,none,none,none,,
31,6,communication,-0.7869518760881125,0.08337406629345273,-0.1954619106239906,0.09095756865214821,25,16,0.64,25,0,0,0.64,0.0,0.0,True,0.9355379112132062,logistic,False,True,False,post,post,none,none,none,,
31,7,communication,-0.5167329423047972,1.0,-0.12694120103819484,-0.19075194157979874,25,11,0.44,25,0,0,0.44,0.0,0.0,True,0.0,logistic,False,True,False,post,post,none,none,none,,
31,8,communication,0.5731999389089257,0.009636495259479927,-0.18150973933371145,0.009730260872248857,25,1,0.04,25,0,0,0.04,0.0,0.0,False,1.2282857785788563e-05,logistic,False,True,False,post,post,none,none,none,,
31,9,communication,0.743086981043656,1.0,-0.11388494857039594,-0.1535966125194666,25,0,0.0,25,0,0,0.0,0.0,0.0,False,0.0,logistic,False,True,False,post,post,none,none,none,,
32,0,communication,-1.2582424282745204,0.15225274066691974,-0.3331061325538006,0.17959685388625898,25,15,0.6,25,0,0,0.6,0.0,0.0,True,0.9998809965928993,logistic,False,True,False,post,post,none,none,none,,
32,1,communication,0.4258528622644568,0.183130207586668,-0.3052758648066834,0.2241853099324856,25,0,0.0,25,0,0,0.0,0.0,0.0,False,0.043395300422833336,logistic,False,True,False,post,post,none,none,none,,
32,2,communication,0.20109439480699076,0.15083562237093065,-0.3097085541430087,0.17762829711730846,25,0,0.0,25,0,0,0.0,0.0,0.0,False,0.11499485924045849,logistic,False,True,False,post,post,none,none,none,,
32,3,communication,-0.6300847435714003,0.24749295261991855,-0.3339246895215008,0.3288912090346353,25,7,0.28,25,0,0,0.28,0.0,0.0,True,0.9875470377162002,logistic,False,True,False,post,post,none,none,none,,
32,4,communication,0.6961233293704296,0.06565806520963027,-0.2575577498630281,0.07027198797874935,25,0,0.0,25,0,0,0.0,0.0,0.0,False,0.00015281366661694604,logistic,False,True,False,post,post,none,none,none,,
32,5,communication,1.0606784512062672,1.0,-0.12897952743021268,-0.12287841245327868,25,0,0.0,25,0,0,0.0,0.0,0.0,False,0.0,logistic,False,True,False,post,post,none,none,none,,
32,6,communication,-0.8465405717234673,0.07808700574729867,-0.19166824474508476,0.08470105772898413,25,16,0.64,25,0,0,0.64,0.0,0.0,True,0.9519472363995046,logistic,False,True,False,post,post,none,none,none,,
32,7,communication,-1.0612065890552582,1.0,-0.22991572820587858,-0.03157891222509707,25,17,0.68,25,0,0,0.68,0.0,0.0,True,0.0,logistic,False,True,False,post,post,none,none,none,,
32,8,communication,0.256560800516601,1.0,-0.3173874226947724,-0.03328910048286057,25,0,0.0,25,0,0,0.0,0.0,0.0,False,0.0,logistic,False,True,False,post,post,none,none,none,,
32,9,communication,-0.31827135877431545,0.2132614097722542,-0.28744708954553655,0.2710702289441771,25,5,0.2,25,0,0,0.2,0.0,0.0,True,0.8356213411895239,logistic,False,True,False,post,post,none,none,none,,
33,0,communication,1.7184526449090285,0.4088349344911586,0.6812748704442041,0.6915749227151246,25,0,0.0,25,0,0,0.0,0.0,0.0,False,2.15406137076176e-06,logistic,False,True,False,post,post,none,none,none,,
33,1,communication,1.4650569655473868,0.2724677661147477,0.7126828927554865,0.3745095453155164,25,0,0.0,25,0,0,0.0,0.0,0.0,False,2.3175122638072253e-06,logistic,False,True,False,post,post,none,none,none,,
33,2,communication,0.7170120191529915,0.486286280510207,0.7816858521838984,0.9466094870761361,25,1,0.04,25,0,0,0.04,0.0,0.0,False,0.2108522104721247,logistic,False,True,False,post,post,none,none,none,,
33,3,communication,0.8650240911569442,0.3271429446652838,0.6950703010813462,0.48619976869016396,25,1,0.04,25,0,0,0.04,0.0,0.0,False,0.012521029685425795,logistic,False,True,False,post,post,none,none,none,,
33,4,communication,0.7278722408766206,0.417631886048357,0.6789052813647974,0.7171269786982792,25,1,0.04,25,0,0,0.04,0.0,0.0,False,0.10710168971637146,logistic,False,True,False,post,post,none,none,none,,
33,5,communication,1.5884101979522152,0.3840935263844214,0.6888248816353569,0.6236231357167963,25,0,0.0,25,0,0,0.0,0.0,0.0,False,8.194676736249084e-06,logistic,False,True,False,post,post,none,none,none,,
33,6,communication,0.1237501887525837,0.3921325747679002,0.6318209263650155,0.6450955561867353,25,8,0.32,25,0,0,0.32,0.0,0.0,True,0.7326484895710321,logistic,False,True,False,post,post,none,none,none,,
33,7,communication,0.7781572627629052,0.31531304839200835,0.7516383673708467,0.4605214801472317,25,2,0.08,25,0,0,0.08,0.0,0.0,False,0.021502581325439734,logistic,False,True,False,post,post,none,none,none,,
33,8,communication,0.3106714498440987,0.3912885521428405,0.5517991533902431,0.6428145117367012,25,6,0.24,25,0,0,0.24,0.0,0.0,False,0.4971122738761626,logistic,False,True,False,post,post,none,none,none,,
33,9,communication,2.5787041159046487,0.3780971067175886,0.6806740616373169,0.6079680779775558,25,1,0.04,25,0,0,0.04,0.0,0.0,False,1.0379363594467463e-14,logistic,False,True,False,post,post,none,none,none,,
34,0,communication,0.0390009950881306,0.4228407880748507,0.3435485220304322,0.7326241690996143,25,6,0.24,25,0,0,0.24,0.0,0.0,True,0.8610025518339979,logistic,False,True,False,post,post,none,none,none,,
34,1,communication,-0.52054437227986,0.43612528011024876,0.31782828209315983,0.7734435766077967,25,21,0.84,25,0,0,0.84,0.0,0.0,True,0.9987695102147645,logistic,False,True,False,post,post,none,none,none,,
34,2,communication,0.20244963819705059,0.30470195874948297,0.3050829126502332,0.438232154662001,25,6,0.24,25,0,0,0.24,0.0,0.0,True,0.4324722575690101,logistic,False,True,False,post,post,none,none,none,,
34,3,communication,0.09069513921261307,0.34377644155145654,0.28563410702808567,0.5238709234459968,25,7,0.28,25,0,0,0.28,0.0,0.0,True,0.6705477388166902,logistic,False,True,False,post,post,none,none,none,,
34,4,communication,-0.35987675386130424,0.3367842544076053,0.3570690154296894,0.5078049739406961,25,20,0.8,25,0,0,0.8,0.0,0.0,True,0.9713455777632694,logistic,False,True,False,post,post,none,none,none,,
34,5,communication,-1.719802136028335,0.3451585215123081,0.28930522063854375,0.527087139179739,25,24,0.96,25,0,0,0.96,0.0,0.0,True,0.9999999999555685,logistic,False,True,False,post,post,none,none,none,,
34,6,communication,0.7766057487319411,0.32429538551216436,0.31971628752573616,0.4799366151405829,25,0,0.0,25,0,0,0.0,0.0,0.0,False,0.02479857982958458,logistic,False,True,False,post,post,none,none,none,,
34,7,communication,0.9408644386549697,0.338750616842018,0.2825155543694836,0.5122887453205921,25,0,0.0,25,0,0,0.0,0.0,0.0,False,0.007698128712502491,logistic,False,True,False,post,post,none,none,none,,
34,8,communication,-0.06964718477654974,0.43440680695088585,0.404057227698101,0.7680552246553707,25,8,0.32,25,0,0,0.32,0.0,0.0,True,0.9351156134912089,logistic,False,True,False,post,post,none,none,none,,
34,9,communication,-0.5341549305807598,0.33816067434738895,0.42937517851579304,0.5109407393009525,25,21,0.84,25,0,0,0.84,0.0,0.0,True,0.9936169859696313,logistic,False,True,False,post,post,none,none,none,,
35,0,communication,-0.5673577350275205,0.27743941141930856,-0.24701601571791898,0.3839669860271181,25,10,0.4,25,0,0,0.4,0.0,0.0,True,0.9869770029269491,logistic,False,True,False,post,post,none,none,none,,
35,1,communication,-2.217903325584831,1.0,-0.36141483763151483,-0.009032337095334075,25,24,0.96,25,0,0,0.96,0.0,0.0,True,0.0,logistic,False,True,False,post,post,none,none,none,,
35,2,communication,0.09048717655429622,0.11347631293941014,-0.17263637587582115,0.12800144496494942,25,1,0.04,25,0,0,0.04,0.0,0.0,False,0.12889803615356316,logistic,False,True,False,post,post,none,none,none,,
35,3,communication,-0.7994840524794296,1.0,-0.23137216097668994,-0.0368045384787333,25,13,0.52,25,0,0,0.52,0.0,0.0,True,0.0,logistic,False,True,False,post,post,none,none,none,,
35,4,communication,0.1717729254885243,1.0,-0.1880767563626613,-0.14456968758911187,25,1,0.04,25,0,0,0.04,0.0,0.0,False,0.0,logistic,False,True,False,post,post,none,none,none,,
35,5,communication,-2.036457588886554,0.16605843902195067,-0.278344166402831,0.19912479098319166,25,23,0.92,25,0,0,0.92,0.0,0.0,True,0.9999999999066261,logistic,False,True,False,post,post,none,none,none,,
35,6,communication,0.4936032972644647,0.25645678526537596,-0.28520736048265904,0.3449117417565396,25,0,0.0,25,0,0,0.0,0.0,0.0,False,0.07425758379847075,logistic,False,True,False,post,post,none,none,none,,
35,7,communication,-1.4056727402656386,0.036756152455293574,-0.2052746303985096,0.03815872019217609,25,22,0.88,25,0,0,0.88,0.0,0.0,True,0.9987296828944668,logistic,False,True,False,post,post,none,none,none,,
35,8,communication,0.5704230592882781,0.09847237882955102,-0.1885965550190959,0.10922835475823225,25,2,0.08,25,0,0,0.08,0.0,0.0,False,0.0020951159837277553,logistic,False,True,False,post,post,none,none,none,,
35,9,communication,0.4484840200563638,0.13332345905743234,-0.15316882139522003,0.1538330077706203,25,1,0.04,25,0,0,0.04,0.0,0.0,False,0.0153340528534126,logistic,False,True,False,post,post,none,none,none,,
36,0,communication,-0.5434040394201832,0.1707442975694205,0.24100045592027972,0.20590066136290966,25,19,0.76,25,0,0,0.76,0.0,0.0,True,0.9235361535962054,logistic,False,True,False,post,post,none,none,none,,
36,1,communication,0.09011364518573892,0.33769956440668947,0.23721730393015728,0.5098887849955391,25,5,0.2,25,0,0,0.2,0.0,0.0,True,0.6578258805702946,logistic,False,True,False,post,post,none,none,none,,
36,2,communication,1.183586212158347,0.32770459809436453,0.19730751921780312,0.4874413794374898,25,0,0.0,25,0,0,0.0,0.0,0.0,False,0.0004848056412260659,logistic,False,True,False,post,post,none,none,none,,
36,3,communication,0.33803427205367786,0.3275865016903943,0.2227752026005952,0.4871801391761482,25,1,0.04,25,0,0,0.04,0.0,0.0,False,0.31511139676198097,logistic,False,True,False,post,post,none,none,none,,
36,4,communication,-1.2698680953679056,0.1969527876631777,0.18193447853760158,0.24525679765459385,25,21,0.84,25,0,0,0.84,0.0,0.0,True,0.9999729128072852,logistic,False,True,False,post,post,none,none,none,,
36,5,communication,1.4746971300770264,0.4008546681107216,0.21781490626271172,0.6690441313240495,25,1,0.04,25,0,0,0.04,0.0,0.0,False,6.391288464627631e-05,logistic,False,True,False,post,post,none,none,none,,
36,6,communication,-0.22923582674931353,0.30553184290050517,0.1538266790110449,0.43995083111741906,25,9,0.36,25,0,0,0.36,0.0,0.0,True,0.8986688583628513,logistic,False,True,False,post,post,none,none,none,,
36,7,communication,-0.1401746714054272,0.20333961076545684,0.22745162631290458,0.2552400163397506,25,10,0.4,25,0,0,0.4,0.0,0.0,True,0.6237315289554892,logistic,False,True,False,post,post,none,none,none,,
36,8,communication,1.128870604948426,0.3253766434776423,0.23924533643819607,0.4823085953545087,25,1,0.04,25,0,0,0.04,0.0,0.0,False,0.0008709743071358276,logistic,False,True,False,post,post,none,none,none,,
36,9,communication,0.18323613438057335,0.27924174277088454,0.1554015480603384,0.38742774011969294,25,2,0.08,25,0,0,0.08,0.0,0.0,False,0.39547513665882805,logistic,False,True,False,post,post,none,none,none,,
37,0,communication,1.1579479954448417,0.20744064181818334,-0.1712133730162768,0.261735149142729,25,0,0.0,25,0,0,0.0,0.0,0.0,False,3.3926456448224974e-05,logistic,False,True,False,post,post,none,none,none,,
37,1,communication,0.1959161268842923,0.17775493440055243,-0.17797729897314782,0.21618242764517215,25,1,0.04,25,0,0,0.04,0.0,0.0,False,0.16243681394833098,logistic,False,True,False,post,post,none,none,none,,
37,2,communication,0.07020405811074545,0.2420547044727862,-0.1432786451135019,0.3193564309999669,25,1,0.04,25,0,0,0.04,0.0,0.0,False,0.44952048013687756,logistic,False,True,False,post,post,none,none,none,,
37,3,communication,-0.06618442161100199,0.1705319592177781,-0.16842556860458208,0.20559195874136338,25,2,0.08,25,0,0,0.08,0.0,0.0,True,0.43525504690172356,logistic,False,True,False,post,post,none,none,none,,
37,4,communication,-1.6709506260930673,0.328367962962882,-0.09701943578096409,0.48891051179075107,25,23,0.92,25,0,0,0.92,0.0,0.0,True,0.9999999997513768,logistic,False,True,False,post,post,none,none,none,,
37,5,communication,0.8925057094828628,0.288414487963393,-0.14957324159856683,0.40531247908340734,25,0,0.0,25,0,0,0.0,0.0,0.0,False,0.005060612211045854,logistic,False,True,False,post,post,none,none,none,,
37,6,communication,-1.593771783681947,0.37354717289693684,-0.10534481328384622,0.596289388020403,25,24,0.96,25,0,0,0.96,0.0,0.0,True,0.9999999997744812,logistic,False,True,False,post,post,none,none,none,,
37,7,communication,-0.942214239027046,0.12734995596359844,-0.10949202888828374,0.14593473848296304,25,21,0.84,25,0,0,0.84,0.0,0.0,True,0.9923712009246187,logistic,False,True,False,post,post,none,none,none,,
37,8,communication,-1.4590334844195234,0.29701095720015347,-0.1953210954863983,0.4224972782182008,25,23,0.92,25,0,0,0.92,0.0,0.0,True,0.9999999482487114,logistic,False,True,False,post,post,none,none,none,,
37,9,communication,-0.3325311357420877,0.1776399543670553,-0.1210119230740194,0.21601238449070248,25,9,0.36,25,0,0,0.36,0.0,0.0,True,0.7811768090509005,logistic,False,True,False,post,post,none,none,none,,
38,0,communication,-0.5371760992210457,0.4568579058952796,-0.18439283179000976,0.8411388306191476,25,5,0.2,25,0,0,0.2,0.0,0.0,True,0.9993249077498253,logistic,False,True,False,post,post,none,none,none,,
38,1,communication,-1.6286012849471692,0.379619260128994,-0.34800824205369324,0.6119133553500179,25,21,0.84,25,0,0,0.84,0.0,0.0,True,0.9999999999157384,logistic,False,True,False,post,post,none,none,none,,
38,2,communication,1.9294200517714626,0.33752773064857394,-0.24761246904405218,0.5094971461658622,25,1,0.04,25,0,0,0.04,0.0,0.0,False,5.155639165119095e-09,logistic,False,True,False,post,post,none,none,none,,
38,3,communication,1.626485617690315,0.4424431023707065,-0.2404107721373931,0.7935389271515686,25,0,0.0,25,0,0,0.0,0.0,0.0,False,2.1421620836655994e-05,logistic,False,True,False,post,post,none,none,none,,
38,4,communication,0.4314185377540851,0.42860597633277164,-0.1755572409105245,0.7501058089161703,25,0,0.0,25,0,0,0.0,0.0,0.0,False,0.42492901917156845,logistic,False,True,False,post,post,none,none,none,,
38,5,communication,-0.514025241164753,0.4698227228148592,-0.35107699526692315,0.8861615595999875,25,7,0.28,25,0,0,0.28,0.0,0.0,True,0.999321814227718,logistic,False,True,False,post,post,none,none,none,,
38,6,communication,0.00036004819524054765,0.48661248894541737,-0.205509141404323,0.9478463703681359,25,1,0.04,25,0,0,0.04,0.0,0.0,True,0.9437751130980856,logistic,False,True,False,post,post,none,none,none,,
38,7,communication,-1.8483420132203257,0.48354467628633635,-0.25372794181734476,0.9362759063249122,25,20,0.8,25,0,0,0.8,0.0,0.0,True,0.9999999999999947,logistic,False,True,False,post,post,none,none,none,,
38,8,communication,-2.1427845378805768,0.42868267603173293,-0.32152628052058446,0.7503407616877088,25,24,0.96,25,0,0,0.96,0.0,0.0,True,1.0,logistic,False,True,False,post,post,none,none,none,,
38,9,communication,0.4588220062630567,0.4934364435620138,-0.20517046868175126,0.9740859508957207,25,1,0.04,25,0,0,0.04,0.0,0.0,False,0.5394024081458301,logistic,False,True,False,post,post,none,none,none,,
39,0,communication,-0.42668549977517406,0.3268020155514887,0.24128289981991163,0.4854471093213496,25,18,0.72,25,0,0,0.72,0.0,0.0,True,0.9804372238609608,logistic,False,True,False,post,post,none,none,none,,
39,1,communication,0.2681604925914029,0.4206364459382467,0.2447953633583369,0.7260319414110259,25,2,0.08,25,0,0,0.08,0.0,0.0,False,0.6209541208536555,logistic,False,True,False,post,post,none,none,none,,
39,2,communication,0.5883418913620522,0.42578796379753436,0.16483427717008192,0.7415169605525347,25,0,0.0,25,0,0,0.0,0.0,0.0,False,0.23301475952283757,logistic,False,True,False,post,post,none,none,none,,
39,3,communication,0.9141485040535218,0.32440101189890524,0.14314305666147567,0.4801679955304533,25,0,0.0,25,0,0,0.0,0.0,0.0,False,0.007733574475574743,logistic,False,True,False,post,post,none,none,none,,
39,4,communication,-0.38750084199880175,0.21775268561953204,0.05185994182283715,0.2783680833624721,25,12,0.48,25,0,0,0.48,0.0,0.0,True,0.8920875020501682,logistic,False,True,False,post,post,none,none,none,,
39,5,communication,0.3630274656627295,0.4059497512511238,0.11421184592873924,0.6833592816535148,25,2,0.08,25,0,0,0.08,0.0,0.0,False,0.46219634165697077,logistic,False,True,False,post,post,none,none,none,,
39,6,communication,-0.5190810064464286,0.4084471983315145,0.17798472644103341,0.6904661717085637,25,18,0.72,25,0,0,0.72,0.0,0.0,True,0.9978832606216018,logistic,False,True,False,post,post,none,none,none,,
39,7,communication,0.6429474702233833,0.36304803405381286,0.18503823211988568,0.5699770994732827,25,1,0.04,25,0,0,0.04,0.0,0.0,False,0.09968974254290958,logistic,False,True,False,post,post,none,none,none,,
39,8,communication,-0.42682361315905204,0.33885464582249886,0.18077869519193732,0.5125266988286584,25,16,0.64,25,0,0,0.64,0.0,0.0,True,0.9836875723609767,logistic,False,True,False,post,post,none,none,none,,
39,9,communication,-0.43595282807679114,0.3763403415680958,0.24773531925781436,0.6034386487565115,25,14,0.56,25,0,0,0.56,0.0,0.0,True,0.9916338353188523,logistic,False,True,False,post,post,none,none,none,,
40,0,communication,-0.617394099911907,0.4997061450322753,-0.010120125651744125,0.9988252705292826,25,14,0.56,25,0,0,0.56,0.0,0.0,True,0.9999015382841124,logistic,False,True,False,post,post,none,none,none,,
40,1,communication,-2.140558350828863,0.4172992818283163,0.10640911564924065,0.716146846596756,25,24,0.96,25,0,0,0.96,0.0,0.0,True,1.0,logistic,False,True,False,post,post,none,none,none,,
40,2,communication,1.2667405782866312,0.5481613113096323,0.10830562773934645,1.213179227521333,25,0,0.0,25,0,0,0.0,0.0,0.0,False,0.011475570510722505,logistic,False,True,False,post,post,none,none,none,,
40,3,communication,0.6570164038534858,0.42204155715230335,0.09713843388434798,0.730228206500168,25,0,0.0,25,0,0,0.0,0.0,0.0,False,0.16356208769236297,logistic,False,True,False,post,post,none,none,none,,
40,4,communication,0.3231250169582664,0.4144421520977834,0.09810632426515713,0.7077732005173156,25,1,0.04,25,0,0,0.04,0.0,0.0,False,0.535164087409126,logistic,False,True,False,post,post,none,none,none,,
40,5,communication,0.33097004481949205,0.32928884448501355,0.09134594696356142,0.49095477505839086,25,2,0.08,25,0,0,0.08,0.0,0.0,False,0.32726363890896404,logistic,False,True,False,post,post,none,none,none,,
40,6,communication,0.27979751436853395,0.44191702793732673,0.12481383240748009,0.7918482556527437,25,1,0.04,25,0,0,0.04,0.0,0.0,False,0.653315696715604,logistic,False,True,False,post,post,none,none,none,,
40,7,communication,-0.5607491028788341,0.3717344253104596,0.07162594622828816,0.5916835814124519,25,16,0.64,25,0,0,0.64,0.0,0.0,True,0.9972905405333409,logistic,False,True,False,post,post,none,none,none,,
40,8,communication,1.433282138978715,0.5255701887149117,-0.00985374689443208,1.1077933473263397,25,1,0.04,25,0,0,0.04,0.0,0.0,False,0.0015303865055266215,logistic,False,True,False,post,post,none,none,none,,
40,9,communication,-0.3178456124131061,0.4716289607669542,0.16190525322537802,0.8926094084406002,25,13,0.52,25,0,0,0.52,0.0,0.0,True,0.9947725060435221,logistic,False,True,False,post,post,none,none,none,,
41,0,communication,0.56625634268724,0.36871898493902466,-0.18944488127780776,0.5840805855747304,25,0,0.0,25,0,0,0.0,0.0,0.0,False,0.1601830297692839,logistic,False,True,False,post,post,none,none,none,,
41,1,communication,0.47575666519160065,0.39867187669464477,-0.1332803990556373,0.6629855834835096,25,0,0.0,25,0,0,0.0,0.0,0.0,False,0.3037184341457983,logistic,False,True,False,post,post,none,none,none,,
41,2,communication,-0.823519674199871,0.41590954717768774,-0.14294693725985444,0.7120635942053528,25,17,0.68,25,0,0,0.68,0.0,0.0,True,0.9999555528103192,logistic,False,True,False,post,post,none,none,none,,
41,3,communication,1.2907407324279365,0.3951222599782111,-0.10263155314052787,0.6532266503376004,25,0,0.0,25,0,0,0.0,0.0,0.0,False,0.0005742150426051687,logistic,False,True,False,post,post,none,none,none,,
41,4,communication,0.5334029669882023,0.40508240134781764,-0.09155599566203472,0.6809050568777146,25,0,0.0,25,0,0,0.0,0.0,0.0,False,0.2520831859259989,logistic,False,True,False,post,post,none,none,none,,
41,5,communication,1.0843517705557106,0.3329829054843124,-0.18178438110527353,0.49921195157087694,25,0,0.0,25,0,0,0.0,0.0,0.0,False,0.0016610101066044977,logistic,False,True,False,post,post,none,none,none,,
41,6,communication,-0.3003975939434338,0.4500703100088348,-0.29249001929840146,0.8184142776798708,25,7,0.28,25,0,0,0.28,0.0,0.0,True,0.9912510700757976,logistic,False,True,False,post,post,none,none,none,,
41,7,communication,0.5988301056665355,0.31701453214784175,-0.2606945558621523,0.4641599961779333,25,0,0.0,25,0,0,0.0,0.0,0.0,False,0.07846846763367067,logistic,False,True,False,post,post,none,none,none,,
41,8,communication,0.7382140906650629,0.5005312053215449,-0.25002532630960767,1.0021270811197998,25,1,0.04,25,0,0,0.04,0.0,0.0,False,0.21448811661319622,logistic,False,True,False,post,post,none,none,none,,
41,9,communication,-0.00258937892771266,0.4554405178994598,-0.18238437106220462,0.8363466854762677,25,1,0.04,25,0,0,0.04,0.0,0.0,True,0.921442147426341,logistic,False,True,False,post,post,none,none,none,,
42,0,communication,-0.2899516326115277,0.18532703425358243,-0.4090804504960498,0.22748641730584807,25,3,0.12,25,0,0,0.12,0.0,0.0,True,0.7545925692244073,logistic,False,True,False,post,post,none,none,none,,
42,1,communication,-0.5243062711544264,1.0,-0.4734726604256931,-0.14269797785648386,25,5,0.2,25,0,0,0.2,0.0,0.0,True,0.0,logistic,False,True,False,post,post,none,none,none,,
42,2,communication,-0.592850188846052,0.11973824118751254,-0.46894903637518925,0.13602572188191475,25,6,0.24,25,0,0,0.24,0.0,0.0,True,0.8847357235494262,logistic,False,True,False,post,post,none,none,none,,
42,3,communication,-1.44627105638757,1.0,-0.5191391580710942,-0.07455133565130995,25,19,0.76,25,0,0,0.76,0.0,0.0,True,0.0,logistic,False,True,False,post,post,none,none,none,,
42,4,communication,-1.2753622483246172,1.0,-0.5247913817409987,-0.10969915187948238,25,18,0.72,25,0,0,0.72,0.0,0.0,True,0.0,logistic,False,True,False,post,post,none,none,none,,
42,5,communication,-1.7338153514590993,1.0,-0.5624943391002308,-0.1617915653526219,25,23,0.92,25,0,0,0.92,0.0,0.0,True,0.0,logistic,False,True,False,post,post,none,none,none,,
42,6,communication,-0.3079137468010897,1.0,-0.5779177010079802,-0.05157395028354567,25,0,0.0,25,0,0,0.0,0.0,0.0,True,0.0,logistic,False,True,False,post,post,none,none,none,,
42,7,communication,-1.5025832409463205,1.0,-0.46837105601596346,-0.03643074234975509,25,23,0.92,25,0,0,0.92,0.0,0.0,True,0.0,logistic,False,True,False,post,post,none,none,none,,
42,8,communication,-1.6284981962841165,1.0,-0.5068455280331987,-0.09513384441910033,25,24,0.96,25,0,0,0.96,0.0,0.0,True,0.0,logistic,False,True,False,post,post,none,none,none,,
42,9,communication,-0.22078700406611762,0.07581796702590489,-0.4765368542397872,0.08203791495698778,25,1,0.04,25,0,0,0.04,0.0,0.0,True,0.32812602776698707,logistic,False,True,False,post,post,none,none,none,,
43,0,communication,-0.4201540551258199,0.3360607018110051,-0.37456221521085387,0.5061617872713163,25,2,0.08,25,0,0,0.08,0.0,0.0,True,0.9820243389286312,logistic,False,True,False,post,post,none,none,none,,
43,1,communication,-2.598611855199046,0.43348479940612145,-0.3343440301138678,0.7651777021193762,25,23,0.92,25,0,0,0.92,0.0,0.0,True,1.0,logistic,False,True,False,post,post,none,none,none,,
43,2,communication,-0.08346212635935296,0.3825621568512739,-0.3460157191346158,0.6195962251039475,25,1,0.04,25,0,0,0.04,0.0,0.0,True,0.8951981261263018,logistic,False,True,False,post,post,none,none,none,,
43,3,communication,-0.969050612615669,0.43503802634305094,-0.2531415738151404,0.7700306332603026,25,15,0.6,25,0,0,0.6,0.0,0.0,True,0.999996859958141,logistic,False,True,False,post,post,none,none,none,,
43,4,communication,0.6229722827993396,0.2843646702020368,-0.32593603721132597,0.39735974226191173,25,0,0.0,25,0,0,0.0,0.0,0.0,False,0.04469578903269419,logistic,False,True,False,post,post,none,none,none,,
43,5,communication,-1.2495906008697504,0.45521270242665335,-0.3069661251474552,0.8355787744213446,25,19,0.76,25,0,0,0.76,0.0,0.0,True,0.9999999872758716,logistic,False,True,False,post,post,none,none,none,,
43,6,communication,0.7003122840022584,0.2715462602835203,-0.34776258446079406,0.37277076838016976,25,0,0.0,25,0,0,0.0,0.0,0.0,False,0.020806826792191434,logistic,False,True,False,post,post,none,none,none,,
43,7,communication,-1.1138343165891904,0.3155554437913342,-0.32676928610289835,0.46103872246319866,25,19,0.76,25,0,0,0.76,0.0,0.0,True,0.9999908411795971,logistic,False,True,False,post,post,none,none,none,,
43,8,communication,0.2575599446129929,0.4410499502838078,-0.4149342136226717,0.7890686305650237,25,2,0.08,25,0,0,0.08,0.0,0.0,False,0.6784345019951357,logistic,False,True,False,post,post,none,none,none,,
43,9,communication,0.44106905510667604,0.4061179304311963,-0.24860419780334875,0.6838359856967291,25,0,0.0,25,0,0,0.0,0.0,0.0,False,0.36165206755500034,logistic,False,True,False,post,post,none,none,none,,
44,0,communication,-2.0308165721202367,0.36890628627416466,-0.4405956477795045,0.5845507224215956,25,22,0.88,25,0,0,0.88,0.0,0.0,True,0.999999999999991,logistic,False,True,False,post,post,none,none,none,,
44,1,communication,-1.4636709458272155,0.404876678153071,-0.31552232592616775,0.6803239988924664,25,21,0.84,25,0,0,0.84,0.0,0.0,True,0.9999999989361672,logistic,False,True,False,post,post,none,none,none,,
44,2,communication,0.06431108164978888,0.45399842978427735,-0.33748222917659243,0.8314965643869937,25,0,0.0,25,0,0,0.0,0.0,0.0,False,0.881673139825768,logistic,False,True,False,post,post,none,none,none,,
44,3,communication,0.4768279850380115,0.5342462033866965,-0.3464871906139738,1.1470571088661665,25,0,0.0,25,0,0,0.0,0.0,0.0,False,0.6092413449171428,logistic,False,True,False,post,post,none,none,none,,
44,4,communication,-0.7657587824484517,0.43915545983521964,-0.3578880342215706,0.7830252920108529,25,5,0.2,25,0,0,0.2,0.0,0.0,True,0.9999440603921893,logistic,False,True,False,post,post,none,none,none,,
44,5,communication,-0.8579037847913503,0.35006445437377853,-0.39480841902925323,0.5386141083212902,25,10,0.4,25,0,0,0.4,0.0,0.0,True,0.9998644278266795,logistic,False,True,False,post,post,none,none,none,,
44,6,communication,-1.8666097720604613,0.48731073350475446,-0.4503258751416209,0.9504991919101813,25,24,0.96,25,0,0,0.96,0.0,0.0,True,0.9999999999999972,logistic,False,True,False,post,post,none,none,none,,
44,7,communication,1.972910434853815,0.4398214419116004,-0.31279427476493105,0.7851450855464442,25,2,0.08,25,0,0,0.08,0.0,0.0,False,7.135754501040707e-08,logistic,False,True,False,post,post,none,none,none,,
44,8,communication,-0.7143879472945334,0.45574793611858233,-0.45570782258102305,0.8373839372667611,25,6,0.24,25,0,0,0.24,0.0,0.0,True,0.9999244641178683,logistic,False,True,False,post,post,none,none,none,,
44,9,communication,-0.6828612985429745,0.49538066783987444,-0.28661714050695813,0.9816918145392823,25,12,0.48,25,0,0,0.48,0.0,0.0,True,0.9999549650936003,logistic,False,True,False,post,post,none,none,none,,
45,0,communication,-0.5490666220422646,0.47546703776630567,0.36401038088205273,0.9064578815820378,25,22,0.88,25,0,0,0.88,0.0,0.0,True,0.9996011309072041,logistic,False,True,False,post,post,none,none,none,,
45,1,communication,-1.8052288101575713,0.5028027375038155,0.34581302633826316,1.0112741469643027,25,24,0.96,25,0,0,0.96,0.0,0.0,True,0.9999999999999932,logistic,False,True,False,post,post,none,none,none,,
45,2,communication,1.7739361734562895,0.45887418816695386,0.36788285940724014,0.8479990755061793,25,0,0.0,25,0,0,0.0,0.0,0.0,False,3.6148689420276e-06,logistic,False,True,False,post,post,none,none,none,,
45,3,communication,-1.0017859444588195,0.489987403779806,0.34694895041221063,0.9607358865471192,25,25,1.0,25,0,0,1.0,0.0,0.0,True,0.9999996240927269,logistic,False,True,False,post,post,none,none,none,,
45,4,communication,-0.7309039872539054,0.4485487319540519,0.3632326962739872,0.8133968637763254,25,22,0.88,25,0,0,0.88,0.0,0.0,True,0.9999282858401914,logistic,False,True,False,post,post,none,none,none,,
45,5,communication,0.10685176836802168,0.49427171282743515,0.35993715246092634,0.9773463841439812,25,5,0.2,25,0,0,0.2,0.0,0.0,True,0.8992060491754823,logistic,False,True,False,post,post,none,none,none,,
45,6,communication,2.079649305120015,0.5148037288440515,0.41141819849890904,1.0610216101157686,25,0,0.0,25,0,0,0.0,0.0,0.0,False,1.1151774149592867e-07,logistic,False,True,False,post,post,none,none,none,,
45,7,communication,2.7766876360513146,0.5066875236417965,0.3677265826943782,1.0271127285941195,25,1,0.04,25,0,0,0.04,0.0,0.0,False,2.1779106532959192e-14,logistic,False,True,False,post,post,none,none,none,,
45,8,communication,0.06589198023883841,0.4405575938167867,0.38077268194378117,0.7874940993881455,25,7,0.28,25,0,0,0.28,0.0,0.0,True,0.8641878615219696,logistic,False,True,False,post,post,none,none,none,,
45,9,communication,-0.38968825225078085,0.4839358941253417,0.2863432972184643,0.9377437582199916,25,17,0.68,25,0,0,0.68,0.0,0.0,True,0.9979593125467854,logistic,False,True,False,post,post,none,none,none,,
46,0,communication,-0.09215366402255801,0.339153520998803,-0.07302491758821839,0.5132107558648107,25,2,0.08,25,0,0,0.08,0.0,0.0,True,0.8468262629630217,logistic,False,True,False,post,post,none,none,none,,
46,1,communication,-0.9669831116105846,0.3695228198656669,0.013148287014281407,0.5861002293325417,25,19,0.76,25,0,0,0.76,0.0,0.0,True,0.9999812121746627,logistic,False,True,False,post,post,none,none,none,,
46,2,communication,0.4953381859339915,0.3175562999270997,0.016788448640773584,0.4653223407193554,25,0,0.0,25,0,0,0.0,0.0,0.0,False,0.14295216928113647,logistic,False,True,False,post,post,none,none,none,,
46,3,communication,-0.45861385032970714,0.11251267539117016,0.023164914991010734,0.12677665615197536,25,11,0.44,25,0,0,0.44,0.0,0.0,True,0.7550543725026913,logistic,False,True,False,post,post,none,none,none,,
46,4,communication,0.6543306900972236,0.31346494390441704,0.028811424676747768,0.45658985818893827,25,0,0.0,25,0,0,0.0,0.0,0.0,False,0.05237258921576834,logistic,False,True,False,post,post,none,none,none,,
46,5,communication,-0.5534222491803457,0.34234548151936894,0.0008841873939861408,0.5205552032247636,25,18,0.72,25,0,0,0.72,0.0,0.0,True,0.9950574395939277,logistic,False,True,False,post,post,none,none,none,,
46,6,communication,0.5948372967731762,0.2532040287951448,-0.0007467117310976531,0.3390538226747984,25,0,0.0,25,0,0,0.0,0.0,0.0,False,0.03567694331140959,logistic,False,True,False,post,post,none,none,none,,
46,7,communication,-0.798232263873644,0.24951909101701833,-0.0034172345796066785,0.3324789318826984,25,17,0.68,25,0,0,0.68,0.0,0.0,True,0.9975725026650466,logistic,False,True,False,post,post,none,none,none,,
46,8,communication,0.14301438994862076,0.4478628563330799,0.021020562362080976,0.8111442265207495,25,1,0.04,25,0,0,0.04,0.0,0.0,False,0.8119483431203294,logistic,False,True,False,post,post,none,none,none,,
46,9,communication,-0.9348185928686559,0.34542687661950844,-0.004452735010514094,0.5277131985431642,25,20,0.8,25,0,0,0.8,0.0,0.0,True,0.9999455350221488,logistic,False,True,False,post,post,none,none,none,,
47,0,communication,-0.8413963361680602,0.23273257824743396,0.2766397454471726,0.3033265477580609,25,19,0.76,25,0,0,0.76,0.0,0.0,True,0.9978178318112223,logistic,False,True,False,post,post,none,none,none,,
47,1,communication,0.3542125772932676,0.3407825652100507,0.2307807900469776,0.5169501703465055,25,2,0.08,25,0,0,0.08,0.0,0.0,False,0.3245204427952929,logistic,False,True,False,post,post,none,none,none,,
47,2,communication,0.37700383271321736,0.2571510273721539,0.24771480704224821,0.3461686518357506,25,1,0.04,25,0,0,0.04,0.0,0.0,False,0.14647709503170359,logistic,False,True,False,post,post,none,none,none,,
47,3,communication,0.8294982390508884,0.03876497363077423,0.20574661279857512,0.04032829908123217,25,0,0.0,25,0,0,0.0,0.0,0.0,False,5.388182481531124e-06,logistic,False,True,False,post,post,none,none,none,,
47,4,communication,-0.10037742230612234,0.018041522996799893,0.25757477023075537,0.018372999896961117,25,10,0.4,25,0,0,0.4,0.0,0.0,True,0.04444703676515548,logistic,False,True,False,post,post,none,none,none,,
47,5,communication,0.0010457914690523151,0.20320487916215152,0.26347893660108684,0.25502776541663164,25,7,0.28,25,0,0,0.28,0.0,0.0,True,0.4378728186072428,logistic,False,True,False,post,post,none,none,none,,
47,6,communication,-0.0868721364043899,1.0,0.3043791595402252,-0.07743180351966725,25,10,0.4,25,0,0,0.4,0.0,0.0,True,0.0,logistic,False,True,False,post,post,none,none,none,,
47,7,communication,-1.4136998899052304,0.22754287408036464,0.3169505012243219,0.29457023107847885,25,22,0.88,25,0,0,0.88,0.0,0.0,True,0.9999988428713671,logistic,False,True,False,post,post,none,none,none,,
47,8,communication,-1.7091181781376596,0.18639742015972963,0.26388406960072225,0.2291013140547365,25,22,0.88,25,0,0,0.88,0.0,0.0,True,0.9999999713670776,logistic,False,True,False,post,post,none,none,none,,
47,9,communication,1.3795358339295767,1.0,0.252603483027869,-0.10941524728734095,25,0,0.0,25,0,0,0.0,0.0,0.0,False,0.0,logistic,False,True,False,post,post,none,none,none,,
48,0,communication,0.3092340839757924,0.5080211909628188,-0.28287184983592967,1.0326078717842202,25,1,0.04,25,0,0,0.04,0.0,0.0,False,0.7526116410601673,logistic,False,True,False,post,post,none,none,none,,
48,1,communication,0.3132171740890319,0.5350945058584989,-0.3068849731097906,1.1509747950959572,25,0,0.0,25,0,0,0.0,0.0,0.0,False,0.7960723563397023,logistic,False,True,False,post,post,none,none,none,,
48,2,communication,0.19454935629174788,0.5227451594736473,-0.1446361609132307,1.0953166214031993,25,0,0.0,25,0,0,0.0,0.0,0.0,False,0.8751401751524693,logistic,False,True,False,post,post,none,none,none,,
48,3,communication,-0.6215560251555674,0.4780796937478471,-0.2414082485305231,0.9160013282121172,25,4,0.16,25,0,0,0.16,0.0,0.0,True,0.9998471837756979,logistic,False,True,False,post,post,none,none,none,,
48,4,communication,0.7707554934516856,0.522289271092914,-0.2946222042389354,1.0933170211349776,25,0,0.0,25,0,0,0.0,0.0,0.0,False,0.2199622467684595,logistic,False,True,False,post,post,none,none,none,,
48,5,communication,0.11027750526657942,0.4931714089857496,-0.2720061512284814,0.9730536471883512,25,0,0.0,25,0,0,0.0,0.0,0.0,False,0.8960201253803559,logistic,False,True,False,post,post,none,none,none,,
48,6,communication,0.09170224183505843,0.5133498804050577,-0.32626590453474136,1.05486438764741,25,1,0.04,25,0,0,0.04,0.0,0.0,False,0.9249192934806431,logistic,False,True,False,post,post,none,none,none,,
48,7,communication,-0.4515426717415429,0.5280448810485412,-0.2832465714613766,1.118845542393304,25,8,0.32,25,0,0,0.32,0.0,0.0,True,0.9995744956893965,logistic,False,True,False,post,post,none,none,none,,
48,8,communication,-1.1642555116012596,0.5868480154493289,-0.24250094753063345,1.4204167894475037,25,23,0.92,25,0,0,0.92,0.0,0.0,True,0.9999999993042343,logistic,False,True,False,post,post,none,none,none,,
48,9,communication,1.2155380789005388,0.5325765653824492,-0.2075330759993823,1.1393878140025375,25,1,0.04,25,0,0,0.04,0.0,0.0,False,0.014089329753011961,logistic,False,True,False,post,post,none,none,none,,
49,0,communication,-0.741393532900299,0.29291115834790693,0.11613664145398027,0.41424944235229105,25,21,0.84,25,0,0,0.84,0.0,0.0,True,0.9981506819729702,logistic,False,True,False,post,post,none,none,none,,
49,1,communication,-1.5817529844662976,0.2817749863583002,-0.04811055558483028,0.39232132132182873,25,21,0.84,25,0,0,0.84,0.0,0.0,True,0.9999999912055041,logistic,False,True,False,post,post,none,none,none,,
49,2,communication,-0.11545098647678516,0.3612981279560058,-0.005973352462455991,0.5656756990546591,25,1,0.04,25,0,0,0.04,0.0,0.0,True,0.8914307044659017,logistic,False,True,False,post,post,none,none,none,,
49,3,communication,-0.49534230859792416,0.1830688283314378,-0.005267338380122472,0.2240933320704658,25,8,0.32,25,0,0,0.32,0.0,0.0,True,0.9127108219004602,logistic,False,True,False,post,post,none,none,none,,
49,4,communication,-1.5379472755705261,0.24769068128669536,0.03582084687750838,0.3292404801130572,25,23,0.92,25,0,0,0.92,0.0,0.0,True,0.9999999319187083,logistic,False,True,False,post,post,none,none,none,,
49,5,communication,0.199693275638443,0.24368586520035881,0.03412001369181006,0.32220191847256013,25,0,0.0,25,0,0,0.0,0.0,0.0,False,0.29189635214997633,logistic,False,True,False,post,post,none,none,none,,
49,6,communication,0.29146527886189655,0.2449372858114269,0.08799490946177363,0.3243933003295605,25,0,0.0,25,0,0,0.0,0.0,0.0,False,0.19888750437471436,logistic,False,True,False,post,post,none,none,none,,
49,7,communication,-1.0466453102650999,0.4236125244080905,0.014916333823365682,0.7349440130930502,25,23,0.92,25,0,0,0.92,0.0,0.0,True,0.9999987504258627,logistic,False,True,False,post,post,none,none,none,,
49,8,communication,-0.8014856402652322,0.38138722622176613,0.048966818946549626,0.6165201275951819,25,15,0.6,25,0,0,0.6,0.0,0.0,True,0.9998642464044345,logistic,False,True,False,post,post,none,none,none,,
49,9,communication,-0.08321161159656754,0.23100870623216507,-0.024599707105156937,0.3004048395662443,25,3,0.12,25,0,0,0.12,0.0,0.0,True,0.6224311383292237,logistic,False,True,False,post,post,none,none,none,,
