country,period,treatment,theta,theta_star,z,benefit,n_agents,n_join,join_fraction,n_valid,n_api_error,n_unparseable,join_fraction_valid,api_error_rate,unparseable_rate,coup_success,theoretical_attack,direction_transform,degrade_messages,no_peer_messages,beliefs_include_messages,belief_order,second_order_order,message_stage_context,decision_context,message_bundle_mode,message_source_country,message_source_period
0,0,communication,-0.2418186152335923,0.46729249244604015,0.24950230458679237,0.877202753517992,25,22,0.88,25,0,0,0.88,0.0,0.0,True,0.9887442867818228,logistic,False,False,False,post,post,placebo,none,live,,
0,1,communication,-0.3443806839420359,0.4150138086628925,0.1879074313211254,0.7094420600156257,25,23,0.92,25,0,0,0.92,0.0,0.0,True,0.989738565376604,logistic,False,False,False,post,post,placebo,none,live,,
0,2,communication,0.5313312559081577,0.422953679244224,0.24625999954931224,0.7329631331680064,25,1,0.04,25,0,0,0.04,0.0,0.0,False,0.28924164006902575,logistic,False,False,False,post,post,placebo,none,live,,
0,3,communication,0.6236103033391205,0.46239703996752185,0.19795256145730028,0.8601088058361642,25,0,0.0,25,0,0,0.0,0.0,0.0,False,0.2637672203888841,logistic,False,False,False,post,post,placebo,none,live,,
0,4,communication,1.0271680541463841,0.4587581202420871,0.26223965855607345,0.8476027768717396,25,0,0.0,25,0,0,0.0,0.0,0.0,False,0.022844095313479636,logistic,False,False,False,post,post,placebo,none,live,,
0,5,communication,-1.712533350018123,0.44646397771811236,0.2620013971871299,0.8065671604850877,25,25,1.0,25,0,0,1.0,0.0,0.0,True,0.9999999999991798,logistic,False,False,False,post,post,placebo,none,live,,
0,6,communication,1.279827344795082,0.40549002876784024,0.22015815399662575,0.6820575741184565,25,0,0.0,25,0,0,0.0,0.0,0.0,False,0.0008062956673139719,logistic,False,False,False,post,post,placebo,none,live,,
0,7,communication,0.5908086144662107,0.4737172337648309,0.2499869877372927,0.9001192213714835,25,1,0.04,25,0,0,0.04,0.0,0.0,False,0.32411105434326265,logistic,False,False,False,post,post,placebo,none,live,,
0,8,communication,0.9654568847491143,0.4925506521968109,0.23729204466639026,0.9706400339839304,25,0,0.0,25,0,0,0.0,0.0,0.0,False,0.055352994027558555,logistic,False,False,False,post,post,placebo,none,live,,
0,9,communication,0.5668945348271164,0.49353702530550747,0.16101413686720584,0.9744779973367605,25,0,0.0,25,0,0,0.0,0.0,0.0,False,0.3971519011315275,logistic,False,False,False,post,post,placebo,none,live,,
1,0,communication,0.282526481580686,0.17250073090095028,-0.032641576860528154,0.20846028189095878,25,1,0.04,25,0,0,0.04,0.0,0.0,False,0.09491508527334958,logistic,False,False,False,post,post,placebo,none,live,,
1,1,communication,-0.5130461919247407,0.21623927234128687,0.05551551530789983,0.27589960138376285,25,21,0.84,25,0,0,0.84,0.0,0.0,True,0.9501175178197812,logistic,False,False,False,post,post,placebo,none,live,,
1,2,communication,-0.6993867242736492,0.18568178169405705,0.05954042358176848,0.22802115625060915,25,21,0.84,25,0,0,0.84,0.0,0.0,True,0.9801234962186997,logistic,False,False,False,post,post,placebo,none,live,,
1,3,communication,1.7050479942959094,0.2503271131339626,0.0018135312849086212,0.33391512154112984,25,0,0.0,25,0,0,0.0,0.0,0.0,False,1.6707604660117415e-08,logistic,False,False,False,post,post,placebo,none,live,,
1,4,communication,0.7737923516858414,0.36424576065290576,-0.0015985087283526128,0.5729348514089001,25,0,0.0,25,0,0,0.0,0.0,0.0,False,0.04342179009723412,logistic,False,False,False,post,post,placebo,none,live,,
1,5,communication,1.4972733960417122,0.17240345347199104,0.027091901192992485,0.20831823694198595,25,0,0.0,25,0,0,0.0,0.0,0.0,False,4.139426772096476e-08,logistic,False,False,False,post,post,placebo,none,live,,
1,6,communication,-0.5357028978523971,0.31573148071550533,0.06660938539953501,0.4614145935657685,25,24,0.96,25,0,0,0.96,0.0,0.0,True,0.9908241817168641,logistic,False,False,False,post,post,placebo,none,live,,
1,7,communication,1.1586939998771448,0.26916227263512355,0.024755437149410822,0.3682927995597881,25,0,0.0,25,0,0,0.0,0.0,0.0,False,0.00017149864508247736,logistic,False,False,False,post,post,placebo,none,live,,
1,8,communication,0.7467801326158252,0.19062453079491312,0.03174262977005088,0.2355205192741157,25,0,0.0,25,0,0,0.0,0.0,0.0,False,0.003172011309751566,logistic,False,False,False,post,post,placebo,none,live,,
1,9,communication,-1.3597881766930027,0.24799224099714917,0.0006699077536804002,0.3297735136748889,25,25,1.0,25,0,0,1.0,0.0,0.0,True,0.9999985547180025,logistic,False,False,False,post,post,placebo,none,live,,
2,0,communication,0.852744939169326,1.0,-0.2615928321386627,-0.034565858209842384,25,0,0.0,25,0,0,0.0,0.0,0.0,False,0.0,logistic,False,False,False,post,post,placebo,none,live,,
2,1,communication,-0.5292678235386221,1.0,-0.14029458923378574,-0.19812923475890168,25,14,0.56,25,0,0,0.56,0.0,0.0,True,0.0,logistic,False,False,False,post,post,placebo,none,live,,
2,2,communication,0.45780251199373767,0.05079120001655867,-0.18399062689992962,0.05350898560721804,25,0,0.0,25,0,0,0.0,0.0,0.0,False,0.0013770254267685595,logistic,False,False,False,post,post,placebo,none,live,,
2,3,communication,-1.3681552692748429,1.0,-0.1628270325476149,-0.0867555761489939,25,25,1.0,25,0,0,1.0,0.0,0.0,True,0.0,logistic,False,False,False,post,post,placebo,none,live,,
2,4,communication,0.1189139326271684,1.0,-0.19819455374996195,-0.07899687714762282,25,1,0.04,25,0,0,0.04,0.0,0.0,False,0.0,logistic,False,False,False,post,post,placebo,none,live,,
2,5,communication,-0.5254198476705345,0.09642258206193627,-0.2217603838413872,0.10671203169504798,25,18,0.72,25,0,0,0.72,0.0,0.0,True,0.7795278885883306,logistic,False,False,False,post,post,placebo,none,live,,
2,6,communication,-3.0449311505043384,1.0,-0.23315995355926838,-0.05240040770875004,25,25,1.0,25,0,0,1.0,0.0,0.0,True,0.0,logistic,False,False,False,post,post,placebo,none,live,,
2,7,communication,0.468451253024078,0.022877581950708444,-0.18057939682802307,0.023413219805539627,25,0,0.0,25,0,0,0.0,0.0,0.0,False,0.00024801556440310593,logistic,False,False,False,post,post,placebo,none,live,,
2,8,communication,1.6390455883456208,0.07268347619385622,-0.16909065499099613,0.07838043896330997,25,0,0.0,25,0,0,0.0,0.0,0.0,False,1.2169229352342893e-11,logistic,False,False,False,post,post,placebo,none,live,,
2,9,communication,-0.6993062151343639,1.0,-0.14569543970967883,-0.12343659267127988,25,23,0.92,25,0,0,0.92,0.0,0.0,True,0.0,logistic,False,False,False,post,post,placebo,none,live,,
3,0,communication,-0.51113847569663,0.27107470879436474,-0.294830033095876,0.3718827046678677,25,11,0.44,25,0,0,0.44,0.0,0.0,True,0.9771314444590079,logistic,False,False,False,post,post,placebo,none,live,,
3,1,communication,0.40243622308919236,0.2739101042070967,-0.3040058962479839,0.37723993377980003,25,0,0.0,25,0,0,0.0,0.0,0.0,False,0.15163411058291337,logistic,False,False,False,post,post,placebo,none,live,,
3,2,communication,-0.19304774594210022,0.0824387424034994,-0.3228181958754326,0.08984549175435216,25,1,0.04,25,0,0,0.04,0.0,0.0,True,0.3189758435258966,logistic,False,False,False,post,post,placebo,none,live,,
3,3,communication,2.4998989783228005,1.0,-0.2824192058950559,-0.09139241564280115,25,0,0.0,25,0,0,0.0,0.0,0.0,False,0.0,logistic,False,False,False,post,post,placebo,none,live,,
3,4,communication,-0.23128868066701985,0.2624037072883587,-0.3402906541885258,0.3557551873311052,25,3,0.12,25,0,0,0.12,0.0,0.0,True,0.8436778051863004,logistic,False,False,False,post,post,placebo,none,live,,
3,5,communication,1.024286693856819,1.0,-0.34662655891838884,-0.009057572995782193,25,0,0.0,25,0,0,0.0,0.0,0.0,False,0.0,logistic,False,False,False,post,post,placebo,none,live,,
3,6,communication,-1.7189185715521609,0.30268069856888985,-0.36339615695177235,0.43406327337806017,25,25,1.0,25,0,0,1.0,0.0,0.0,True,0.9999999997545062,logistic,False,False,False,post,post,placebo,none,live,,
3,7,communication,-0.19881068627939624,0.1616428403945174,-0.34198072968861315,0.19280904151946876,25,5,0.2,25,0,0,0.2,0.0,0.0,True,0.5846419966425764,logistic,False,False,False,post,post,placebo,none,live,,
3,8,communication,-0.8640549290371164,0.14444278916065004,-0.3516284480582485,0.16882890744260518,25,18,0.72,25,0,0,0.72,0.0,0.0,True,0.9893067146560002,logistic,False,False,False,post,post,placebo,none,live,,
3,9,communication,-0.13425426032755253,0.22483885626817482,-0.2924963521909726,0.2900543430050463,25,0,0.0,25,0,0,0.0,0.0,0.0,True,0.6704024123489463,logistic,False,False,False,post,post,placebo,none,live,,
4,0,communication,0.16135315907836073,0.3282155952156554,-0.30901576990392166,0.48857281127420454,25,0,0.0,25,0,0,0.0,0.0,0.0,False,0.5443354792640621,logistic,False,False,False,post,post,placebo,none,live,,
4,1,communication,-0.2205223728021169,0.5092442339881738,-0.24160701330785903,1.0376734605210975,25,1,0.04,25,0,0,0.04,0.0,0.0,True,0.9929700486244366,logistic,False,False,False,post,post,placebo,none,live,,
4,2,communication,-0.29523055256449543,0.4378827193359398,-0.33435617264413625,0.7789881834243645,25,4,0.16,25,0,0,0.16,0.0,0.0,True,0.9889129236926696,logistic,False,False,False,post,post,placebo,none,live,,
4,3,communication,-1.4881428620032626,0.23907643744771512,-0.3442531997014094,0.31419244877344377,25,25,1.0,25,0,0,1.0,0.0,0.0,True,0.999999776911858,logistic,False,False,False,post,post,placebo,none,live,,
4,4,communication,-0.07007659648009407,0.39599411670150386,-0.3233112874538431,0.6556130124742608,25,0,0.0,25,0,0,0.0,0.0,0.0,True,0.9014467834821869,logistic,False,False,False,post,post,placebo,none,live,,
4,5,communication,-0.9153163998669576,0.29431863444979167,-0.29582021103339734,0.41707015207963755,25,25,1.0,25,0,0,1.0,0.0,0.0,True,0.9997596663330388,logistic,False,False,False,post,post,placebo,none,live,,
4,6,communication,0.21212860870754335,0.4178846396958236,-0.2851920478617584,0.7178725527487607,25,0,0.0,25,0,0,0.0,0.0,0.0,False,0.6838689569157524,logistic,False,False,False,post,post,placebo,none,live,,
4,7,communication,-0.2967298729953424,0.4337728540347084,-0.23595502637888566,0.76607569440215,25,5,0.2,25,0,0,0.2,0.0,0.0,True,0.9883424751463679,logistic,False,False,False,post,post,placebo,none,live,,
4,8,communication,1.0172058120312024,0.4285068997546481,-0.2753407888766847,0.7498024028123571,25,0,0.0,25,0,0,0.0,0.0,0.0,False,0.01607637423188529,logistic,False,False,False,post,post,placebo,none,live,,
4,9,communication,0.04250061469363653,0.2905884662858208,-0.19403908276675774,0.4096190327840067,25,3,0.12,25,0,0,0.12,0.0,0.0,True,0.6084544684148988,logistic,False,False,False,post,post,placebo,none,live,,
5,0,communication,1.0565358563258833,0.323627786367194,0.06333603596292525,0.4784758744434281,25,0,0.0,25,0,0,0.0,0.0,0.0,False,0.0018622151141209767,logistic,False,False,False,post,post,placebo,none,live,,
5,1,communication,-1.5066634932024492,0.38075111502198766,0.05912541054157705,0.6148595891868371,25,25,1.0,25,0,0,1.0,0.0,0.0,True,0.9999999989369874,logistic,False,False,False,post,post,placebo,none,live,,
5,2,communication,1.1709159026323859,0.22492904354399165,0.06672996043382368,0.29020445376056125,25,0,0.0,25,0,0,0.0,0.0,0.0,False,4.635076696765843e-05,logistic,False,False,False,post,post,placebo,none,live,,
5,3,communication,2.1658776724965327,0.28647490949133,0.02083152705110592,0.40149241183250167,25,0,0.0,25,0,0,0.0,0.0,0.0,False,4.293692817081088e-12,logistic,False,False,False,post,post,placebo,none,live,,
5,4,communication,0.8363052902801403,0.2562138178954982,0.0843731206000016,0.3444724089530077,25,0,0.0,25,0,0,0.0,0.0,0.0,False,0.004816941472895523,logistic,False,False,False,post,post,placebo,none,live,,
5,5,communication,-0.13284134610561743,0.16489139738594508,0.010859515285783813,0.19744904659082954,25,6,0.24,25,0,0,0.24,0.0,0.0,True,0.5071370976826415,logistic,False,False,False,post,post,placebo,none,live,,
5,6,communication,-0.3669275283986323,0.3237072211899131,0.06881725313570339,0.47864953069507027,25,22,0.88,25,0,0,0.88,0.0,0.0,True,0.9674636833598039,logistic,False,False,False,post,post,placebo,none,live,,
5,7,communication,0.05560657341985609,0.33349931102738023,0.02644133102531481,0.5003735428112672,25,1,0.04,25,0,0,0.04,0.0,0.0,False,0.6900662933228324,logistic,False,False,False,post,post,placebo,none,live,,
5,8,communication,-0.29931345986450236,0.2602936428509567,0.021237696255468844,0.351887800253838,25,20,0.8,25,0,0,0.8,0.0,0.0,True,0.8893194056765454,logistic,False,False,False,post,post,placebo,none,live,,
5,9,communication,0.33482204396905935,0.2512462761595611,0.09520317648199965,0.3355526231921649,25,0,0.0,25,0,0,0.0,0.0,0.0,False,0.17126988854826575,logistic,False,False,False,post,post,placebo,none,live,,
6,0,communication,0.8297079072751167,0.4230209046415531,-0.10495838014928663,0.7331650453969263,25,0,0.0,25,0,0,0.0,0.0,0.0,False,0.06059541512531669,logistic,False,False,False,post,post,placebo,none,live,,
6,1,communication,0.12481238470132575,0.39910660094070716,-0.14359040977036888,0.6641886923130029,25,0,0.0,25,0,0,0.0,0.0,0.0,False,0.7449409524420572,logistic,False,False,False,post,post,placebo,none,live,,
6,2,communication,0.2589466194160756,0.3676086140605978,0.0010899914997234833,0.5812992115863882,25,2,0.08,25,0,0,0.08,0.0,0.0,False,0.5095788626312023,logistic,False,False,False,post,post,placebo,none,live,,
6,3,communication,-0.33008477221715243,0.3354145945647327,-0.03826575296220265,0.5046975028665495,25,22,0.88,25,0,0,0.88,0.0,0.0,True,0.9635391906200517,logistic,False,False,False,post,post,placebo,none,live,,
6,4,communication,-1.1455522943442389,0.4625044556933053,-0.10336003459485288,0.8604805390338277,25,25,1.0,25,0,0,1.0,0.0,0.0,True,0.999999930309754,logistic,False,False,False,post,post,placebo,none,live,,
6,5,communication,1.3642869463558902,0.4615752412403126,-0.09004429406736772,0.8572697182492036,25,0,0.0,25,0,0,0.0,0.0,0.0,False,0.0009497720177244169,logistic,False,False,False,post,post,placebo,none,live,,
6,6,communication,-0.9199852332196912,0.3908760561161473,-0.02382154653471289,0.6417020050531443,25,24,0.96,25,0,0,0.96,0.0,0.0,True,0.9999786627458019,logistic,False,False,False,post,post,placebo,none,live,,
6,7,communication,3.238192885213092,0.3759681824167339,-0.08169363889419752,0.602482392440779,25,0,0.0,25,0,0,0.0,0.0,0.0,False,3.201769414416584e-23,logistic,False,False,False,post,post,placebo,none,live,,
6,8,communication,0.7091744342474247,0.430205160953341,-0.02481701715842352,0.755017651042839,25,0,0.0,25,0,0,0.0,0.0,0.0,False,0.1344174915655188,logistic,False,False,False,post,post,placebo,none,live,,
6,9,communication,-0.7223750477896393,0.33126387764106363,-0.0823775999976433,0.49535813389673844,25,22,0.88,25,0,0,0.88,0.0,0.0,True,0.998949968432948,logistic,False,False,False,post,post,placebo,none,live,,
7,0,communication,0.41162267178984363,1.0,0.3015013878243239,-0.24311504871865092,25,3,0.12,25,0,0,0.12,0.0,0.0,False,0.0,logistic,False,False,False,post,post,placebo,none,live,,
7,1,communication,1.8905716526643324,1.0,0.321587409471194,-0.09347736489177347,25,0,0.0,25,0,0,0.0,0.0,0.0,False,0.0,logistic,False,False,False,post,post,placebo,none,live,,
7,2,communication,0.26872879536077504,1.0,0.3431611924540864,-0.1043078442741654,25,7,0.28,25,0,0,0.28,0.0,0.0,True,0.0,logistic,False,False,False,post,post,placebo,none,live,,
7,3,communication,-0.5642904978559569,1.0,0.3044612608907954,-0.5278590111762707,25,25,1.0,25,0,0,1.0,0.0,0.0,True,0.0,logistic,False,False,False,post,post,placebo,none,live,,
7,4,communication,0.22097110965810643,1.0,0.3389132157168228,-0.22539978900078744,25,9,0.36,25,0,0,0.36,0.0,0.0,True,0.0,logistic,False,False,False,post,post,placebo,none,live,,
7,5,communication,-1.6567060271834175,1.0,0.2993581012999682,-0.2909115888396858,25,25,1.0,25,0,0,1.0,0.0,0.0,True,0.0,logistic,False,False,False,post,post,placebo,none,live,,
7,6,communication,1.271107259187228,1.0,0.27529166581820674,-0.5393579815546319,25,0,0.0,25,0,0,0.0,0.0,0.0,False,0.0,logistic,False,False,False,post,post,placebo,none,live,,
7,7,communication,0.13343553279553533,1.0,0.2162928207185313,-0.5035725617315627,25,5,0.2,25,0,0,0.2,0.0,0.0,True,0.0,logistic,False,False,False,post,post,placebo,none,live,,
7,8,communication,1.6995428282205531,1.0,0.2895167964271199,-0.40654706596149504,25,0,0.0,25,0,0,0.0,0.0,0.0,False,0.0,logistic,False,False,False,post,post,placebo,none,live,,
7,9,communication,-0.3775070617841056,1.0,0.3587464523717156,-0.43187614583775114,25,24,0.96,25,0,0,0.96,0.0,0.0,True,0.0,logistic,False,False,False,post,post,placebo,none,live,,
8,0,communication,0.27036313644756715,0.48697043330720424,-0.7137667528353365,0.9492053965747441,25,0,0.0,25,0,0,0.0,0.0,0.0,False,0.7547010701069947,logistic,False,False,False,post,post,placebo,none,live,,
8,1,communication,0.1359208710019153,0.48163131333420856,-0.7555471512878488,0.9291288724095547,25,0,0.0,25,0,0,0.0,0.0,0.0,False,0.8657034694198098,logistic,False,False,False,post,post,placebo,none,live,,
8,2,communication,-1.1942124688845204,0.5002591532783272,-0.7991252526639993,1.001037150675304,25,22,0.88,25,0,0,0.88,0.0,0.0,True,0.9999999919255651,logistic,False,False,False,post,post,placebo,none,live,,
8,3,communication,1.0212159892607235,0.42763042996223494,-0.6610923857669004,0.7471229295680757,25,0,0.0,25,0,0,0.0,0.0,0.0,False,0.015346561939181585,logistic,False,False,False,post,post,placebo,none,live,,
8,4,communication,0.39266814762357116,0.4384360925224914,-0.8284046234325664,0.7807412240788487,25,0,0.0,25,0,0,0.0,0.0,0.0,False,0.499052249561287,logistic,False,False,False,post,post,placebo,none,live,,
8,5,communication,-2.6794114736031283,0.48827633567884743,-0.8158425437104366,0.9541797062025457,25,25,1.0,25,0,0,1.0,0.0,0.0,True,1.0,logistic,False,False,False,post,post,placebo,none,live,,
8,6,communication,-0.8169051428648947,0.5178721977512108,-0.7415230690140394,1.0741388389877105,25,11,0.44,25,0,0,0.44,0.0,0.0,True,0.9999965062966701,logistic,False,False,False,post,post,placebo,none,live,,
8,7,communication,-1.7821278421530145,0.4592617077134348,-0.7554388517798677,0.8493234421616439,25,25,1.0,25,0,0,1.0,0.0,0.0,True,0.9999999999999141,logistic,False,False,False,post,post,placebo,none,live,,
8,8,communication,0.15041324703837733,0.48185989175883137,-0.8132255894188432,0.9299799110215752,25,0,0.0,25,0,0,0.0,0.0,0.0,False,0.8552765983783037,logistic,False,False,False,post,post,placebo,none,live,,
8,9,communication,0.41409067537765454,0.4574996438709282,-0.7622400227365804,0.8433167622881335,25,0,0.0,25,0,0,0.0,0.0,0.0,False,0.5151408718005048,logistic,False,False,False,post,post,placebo,none,live,,
9,0,communication,1.2664473372195457,0.1141760664369647,-0.03222525862385707,0.12889250573498973,25,0,0.0,25,0,0,0.0,0.0,0.0,False,2.2614621184803495e-07,logistic,False,False,False,post,post,placebo,none,live,,
9,1,communication,-1.9281630994552579,0.18326679301839277,-0.0974063560038462,0.22439003514463438,25,25,1.0,25,0,0,1.0,0.0,0.0,True,0.9999999995745096,logistic,False,False,False,post,post,placebo,none,live,,
9,2,communication,-0.16608627660562048,0.09550161475035288,-0.08395868334559742,0.10558516887124551,25,9,0.36,25,0,0,0.36,0.0,0.0,True,0.33154265310025255,logistic,False,False,False,post,post,placebo,none,live,,
9,3,communication,0.4356839367644677,0.1270845780918082,-0.13233194438016252,0.14558635911598572,25,0,0.0,25,0,0,0.0,0.0,0.0,False,0.01504340117141784,logistic,False,False,False,post,post,placebo,none,live,,
9,4,communication,2.2698308478213307,0.20690432112285576,-0.09279646528268183,0.26088191706678887,25,0,0.0,25,0,0,0.0,0.0,0.0,False,7.150835247893444e-15,logistic,False,False,False,post,post,placebo,none,live,,
9,5,communication,-0.6349352018549258,0.07114509866952143,-0.07777823277542176,0.07659441594980465,25,23,0.92,25,0,0,0.92,0.0,0.0,True,0.8122680988708968,logistic,False,False,False,post,post,placebo,none,live,,
9,6,communication,-1.5304121974401692,0.12231218159304115,-0.05085791457061959,0.13935727376852858,25,25,1.0,25,0,0,1.0,0.0,0.0,True,0.9999930544511032,logistic,False,False,False,post,post,placebo,none,live,,
9,7,communication,-0.2831261788518644,0.29779233914452197,-0.18992468945038854,0.42408016281356253,25,7,0.28,25,0,0,0.28,0.0,0.0,True,0.920083649390204,logistic,False,False,False,post,post,placebo,none,live,,
9,8,communication,-1.1793368548410945,0.2032462368784596,-0.0644196587722832,0.25509291111745336,25,25,1.0,25,0,0,1.0,0.0,0.0,True,0.9999211210667305,logistic,False,False,False,post,post,placebo,none,live,,
9,9,communication,0.6019285225395797,0.1939159630116162,-0.07487621334630715,0.24056544245201406,25,0,0.0,25,0,0,0.0,0.0,0.0,False,0.01308776119738789,logistic,False,False,False,post,post,placebo,none,live,,
10,0,communication,1.3686631172507309,0.36862490541664605,-0.29620410615090814,0.5838445459428561,25,0,0.0,25,0,0,0.0,0.0,0.0,False,0.00012177043020634258,logistic,False,False,False,post,post,placebo,none,live,,
10,1,communication,-1.9589282101060872,0.4410514305866015,-0.3164031863320175,0.7890733686812601,25,25,1.0,25,0,0,1.0,0.0,0.0,True,0.999999999999998,logistic,False,False,False,post,post,placebo,none,live,,
10,2,communication,0.10175225716707575,0.3564591651636285,-0.26546324430903484,0.5539029473619383,25,0,0.0,25,0,0,0.0,0.0,0.0,False,0.6847714245990364,logistic,False,False,False,post,post,placebo,none,live,,
10,3,communication,-0.6405991982830469,0.3779273024579964,-0.2853122087350423,0.6075291584911231,25,20,0.8,25,0,0,0.8,0.0,0.0,True,0.9989793588413418,logistic,False,False,False,post,post,placebo,none,live,,
10,4,communication,0.185606849961727,0.36258157762923704,-0.24945848292440803,0.5688282059383853,25,1,0.04,25,0,0,0.04,0.0,0.0,False,0.5941947679727733,logistic,False,False,False,post,post,placebo,none,live,,
10,5,communication,-2.2204524819286675,0.44645258475941263,-0.35701496781161085,0.8065299782230428,25,25,1.0,25,0,0,1.0,0.0,0.0,True,1.0,logistic,False,False,False,post,post,placebo,none,live,,
10,6,communication,-0.7274088441136117,0.3249013143107785,-0.27578256494643033,0.48126491903784474,25,25,1.0,25,0,0,1.0,0.0,0.0,True,0.9988696748844166,logistic,False,False,False,post,post,placebo,none,live,,
10,7,communication,-0.9036572586649496,0.387972701639801,-0.37918441143080955,0.6339140471009936,25,21,0.84,25,0,0,0.84,0.0,0.0,True,0.999971002834165,logistic,False,False,False,post,post,placebo,none,live,,
10,8,communication,-0.977221607566657,0.40069301600839824,-0.2920606605620072,0.6685939371833071,25,24,0.96,25,0,0,0.96,0.0,0.0,True,0.9999929241757252,logistic,False,False,False,post,post,placebo,none,live,,
10,9,communication,-2.1466108749497557,0.39750398383943086,-0.266782897675374,0.6597620119922809,25,25,1.0,25,0,0,1.0,0.0,0.0,True,0.9999999999999999,logistic,False,False,False,post,post,placebo,none,live,,
11,0,communication,1.1320580628333299,0.20604725810700136,-0.24307013293166796,0.2595208092810774,25,0,0.0,25,0,0,0.0,0.0,0.0,False,4.674081842226949e-05,logistic,False,False,False,post,post,placebo,none,live,,
11,1,communication,1.3233976726843104,0.24731143938073769,-0.2944877051476986,0.328570742695048,25,0,0.0,25,0,0,0.0,0.0,0.0,False,9.776771860620962e-06,logistic,False,False,False,post,post,placebo,none,live,,
11,2,communication,-2.043363966892215,0.09491938175135756,-0.24209838546514953,0.10487395248285103,25,25,1.0,25,0,0,1.0,0.0,0.0,True,0.9999999969963594,logistic,False,False,False,post,post,placebo,none,live,,
11,3,communication,0.113619842319537,0.28773744857101513,-0.21535605759683027,0.4039766628102777,25,0,0.0,25,0,0,0.0,0.0,0.0,False,0.5081320203743458,logistic,False,False,False,post,post,placebo,none,live,,
11,4,communication,-1.810139284324325,0.3193666195330357,-0.2626615872400798,0.46921974251972015,25,25,1.0,25,0,0,1.0,0.0,0.0,True,0.9999999999830881,logistic,False,False,False,post,post,placebo,none,live,,
11,5,communication,-0.4977854079293955,0.22328270737091072,-0.22570765799270423,0.2874697261021795,25,19,0.76,25,0,0,0.76,0.0,0.0,True,0.9497471499610637,logistic,False,False,False,post,post,placebo,none,live,,
11,6,communication,-0.7547276771760648,0.20561800173950215,-0.29545071443177273,0.2588402080985662,25,21,0.84,25,0,0,0.84,0.0,0.0,True,0.9913303240936879,logistic,False,False,False,post,post,placebo,none,live,,
11,7,communication,-0.8113142316949788,0.2505635860215289,-0.3214719840986282,0.33433601750331654,25,23,0.92,25,0,0,0.92,0.0,0.0,True,0.9979272693627529,logistic,False,False,False,post,post,placebo,none,live,,
11,8,communication,-1.21080401775108,1.0,-0.262468854759484,-0.06396944958356005,25,24,0.96,25,0,0,0.96,0.0,0.0,True,0.0,logistic,False,False,False,post,post,placebo,none,live,,
11,9,communication,1.3916471033361963,0.26264600087397094,-0.2707875227061469,0.3562006867600636,25,0,0.0,25,0,0,0.0,0.0,0.0,False,5.448921969114772e-06,logistic,False,False,False,post,post,placebo,none,live,,
12,0,communication,-0.9510951163675627,0.5241150406229627,-0.03078396802425104,1.1013481941288112,25,23,0.92,25,0,0,0.92,0.0,0.0,True,0.9999996785302231,logistic,False,False,False,post,post,placebo,none,live,,
12,1,communication,-0.1065298544932934,0.4104645928176895,-0.02884062333345412,0.6962509593435762,25,10,0.4,25,0,0,0.4,0.0,0.0,True,0.9327987898938324,logistic,False,False,False,post,post,placebo,none,live,,
12,2,communication,0.3882035258156896,0.5114110124016928,-0.04123532325670691,1.0467100679357693,25,0,0.0,25,0,0,0.0,0.0,0.0,False,0.6697774382257795,logistic,False,False,False,post,post,placebo,none,live,,
12,3,communication,1.2312919022785909,0.49269752162796565,0.018560905253736687,0.9712105551091788,25,0,0.0,25,0,0,0.0,0.0,0.0,False,0.006563835553651101,logistic,False,False,False,post,post,placebo,none,live,,
12,4,communication,-1.532723934465385,0.550933172900181,-0.0858854902131024,1.226840059548017,25,25,1.0,25,0,0,1.0,0.0,0.0,True,0.9999999999992448,logistic,False,False,False,post,post,placebo,none,live,,
12,5,communication,1.2532463433442294,0.405286208207136,-0.05706485840426639,0.6814810986396214,25,0,0.0,25,0,0,0.0,0.0,0.0,False,0.0010839135505710546,logistic,False,False,False,post,post,placebo,none,live,,
12,6,communication,1.1683203343096737,0.5048735077198312,-0.05241116807145682,1.0196859097455582,25,0,0.0,25,0,0,0.0,0.0,0.0,False,0.013929256545895165,logistic,False,False,False,post,post,placebo,none,live,,
12,7,communication,0.38850762189859855,0.4510799118766846,-0.11583448035036795,0.8217587981137049,25,0,0.0,25,0,0,0.0,0.0,0.0,False,0.5341240512121981,logistic,False,False,False,post,post,placebo,none,live,,
12,8,communication,-1.5582626583360646,0.4806614201346668,-0.0642883494966142,0.9255261187399259,25,25,1.0,25,0,0,1.0,0.0,0.0,True,0.999999999992501,logistic,False,False,False,post,post,placebo,none,live,,
12,9,communication,0.26718156206695176,0.5618055657640162,-0.090873622231295,1.282091970756213,25,0,0.0,25,0,0,0.0,0.0,0.0,False,0.8723621962892697,logistic,False,False,False,post,post,placebo,none,live,,
13,0,communication,0.8518888347485322,0.2020405416870648,0.3202457785641095,0.2531964996244592,25,0,0.0,25,0,0,0.0,0.0,0.0,False,0.0013476139815878216,logistic,False,False,False,post,post,placebo,none,live,,
13,1,communication,2.5357112452683,0.027545479821490526,0.395688537411955,0.028325725522293954,25,0,0.0,25,0,0,0.0,0.0,0.0,False,4.394774072426562e-25,logistic,False,False,False,post,post,placebo,none,live,,
13,2,communication,0.9253170230275773,0.07025843403344224,0.4378639777797143,0.07556770247267766,25,1,0.04,25,0,0,0.04,0.0,0.0,False,7.65903128319805e-06,logistic,False,False,False,post,post,placebo,none,live,,
13,3,communication,-0.7451639953926443,0.17128466501170433,0.36159009443926604,0.20668697413946546,25,25,1.0,25,0,0,1.0,0.0,0.0,True,0.982386008367246,logistic,False,False,False,post,post,placebo,none,live,,
13,4,communication,-1.5676887233640757,0.2895822550683039,0.4134036444666801,0.4076224969523334,25,25,1.0,25,0,0,1.0,0.0,0.0,True,0.9999999913127559,logistic,False,False,False,post,post,placebo,none,live,,
13,5,communication,0.6269776216405627,0.1752085033537224,0.35829816222945843,0.21242763057832884,25,1,0.04,25,0,0,0.04,0.0,0.0,False,0.007350183317766616,logistic,False,False,False,post,post,placebo,none,live,,
13,6,communication,1.0050574627448374,0.2591072296869037,0.35318503890096764,0.349722982959338,25,0,0.0,25,0,0,0.0,0.0,0.0,False,0.0008663240549175028,logistic,False,False,False,post,post,placebo,none,live,,
13,7,communication,-0.08946200118104347,0.06404213620928713,0.439301787143525,0.06842416596609463,25,20,0.8,25,0,0,0.8,0.0,0.0,True,0.15624296833510576,logistic,False,False,False,post,post,placebo,none,live,,
13,8,communication,0.709624113643191,0.04576256343939685,0.4411549056929877,0.047957208223082,25,0,0.0,25,0,0,0.0,0.0,0.0,False,4.804099060273449e-05,logistic,False,False,False,post,post,placebo,none,live,,
13,9,communication,0.48536601636589516,0.0908627183495574,0.34474586591447604,0.09994389206501986,25,6,0.24,25,0,0,0.24,0.0,0.0,False,0.004018966838202908,logistic,False,False,False,post,post,placebo,none,live,,
14,0,communication,-2.008448338919115,0.25967293128559166,-0.1502653122952817,0.35075433853380306,25,25,1.0,25,0,0,1.0,0.0,0.0,True,0.999999999997678,logistic,False,False,False,post,post,placebo,none,live,,
14,1,communication,-1.0253473471224899,0.18153136399738995,-0.05442868309113147,0.22179391611630558,25,25,1.0,25,0,0,1.0,0.0,0.0,True,0.9990752253764283,logistic,False,False,False,post,post,placebo,none,live,,
14,2,communication,-0.7134251957730497,0.21947516677241186,-0.1592727405269407,0.2811892170872371,25,23,0.92,25,0,0,0.92,0.0,0.0,True,0.9902465827675937,logistic,False,False,False,post,post,placebo,none,live,,
14,3,communication,-0.04963816784803293,0.33467783167802423,-0.27064105003661293,0.5030312345102267,25,1,0.04,25,0,0,0.04,0.0,0.0,True,0.8034532792407965,logistic,False,False,False,post,post,placebo,none,live,,
14,4,communication,1.03325432776438,0.23013426727087563,-0.14911458572613445,0.29892779674069203,25,0,0.0,25,0,0,0.0,0.0,0.0,False,0.0003183583327704339,logistic,False,False,False,post,post,placebo,none,live,,
14,5,communication,0.14604573511771046,0.29833154670573403,-0.14824237638309473,0.425174518399817,25,1,0.04,25,0,0,0.04,0.0,0.0,False,0.49138915980500947,logistic,False,False,False,post,post,placebo,none,live,,
14,6,communication,0.6974980229162875,0.3063374645220937,-0.22527327227757893,0.4416231940666065,25,0,0.0,25,0,0,0.0,0.0,0.0,False,0.03513801616440648,logistic,False,False,False,post,post,placebo,none,live,,
14,7,communication,1.4363692981962686,0.1663010644031408,-0.14437677766835577,0.1994737636123801,25,0,0.0,25,0,0,0.0,0.0,0.0,False,9.834090782548583e-08,logistic,False,False,False,post,post,placebo,none,live,,
14,8,communication,0.09171079784433067,0.32022105804261647,-0.16058696870090888,0.4710664574583006,25,0,0.0,25,0,0,0.0,0.0,0.0,False,0.615857959040184,logistic,False,False,False,post,post,placebo,none,live,,
14,9,communication,1.4732494315182836,0.4130634125227636,-0.11917774912318119,0.7037615669832198,25,0,0.0,25,0,0,0.0,0.0,0.0,False,8.714773370718539e-05,logistic,False,False,False,post,post,placebo,none,live,,
15,0,communication,0.6598146343175645,0.35049554008138845,-0.5244342006460992,0.5396353092406918,25,0,0.0,25,0,0,0.0,0.0,0.0,False,0.07852741620946338,logistic,False,False,False,post,post,placebo,none,live,,
15,1,communication,0.10195477878157233,0.4068840797278327,-0.512764069637263,0.6860110575705386,25,0,0.0,25,0,0,0.0,0.0,0.0,False,0.782558558767313,logistic,False,False,False,post,post,placebo,none,live,,
15,2,communication,-0.9447963057149712,0.3671130408789708,-0.47981178721382356,0.5800609976050501,25,21,0.84,25,0,0,0.84,0.0,0.0,True,0.9999725264645439,logistic,False,False,False,post,post,placebo,none,live,,
15,3,communication,-0.8886606219604165,0.38657103359631745,-0.4670276643002949,0.6301805991696918,25,19,0.76,25,0,0,0.76,0.0,0.0,True,0.9999629162415034,logistic,False,False,False,post,post,placebo,none,live,,
15,4,communication,0.07668313806004112,0.4173079316204558,-0.5377443625764537,0.7161723219967304,25,1,0.04,25,0,0,0.04,0.0,0.0,False,0.8229408448973168,logistic,False,False,False,post,post,placebo,none,live,,
15,5,communication,-0.07822856680856355,0.3950864979590882,-0.5707854784126178,0.6531289128546638,25,0,0.0,25,0,0,0.0,0.0,0.0,True,0.9051776502963579,logistic,False,False,False,post,post,placebo,none,live,,
15,6,communication,-1.5120993134924823,0.31547752001747925,-0.47762302426814285,0.4608724026499977,25,25,1.0,25,0,0,1.0,0.0,0.0,True,0.9999999899732879,logistic,False,False,False,post,post,placebo,none,live,,
15,7,communication,0.34994603630508675,0.4695330231334721,-0.3918495249275123,0.8851314852943474,25,0,0.0,25,0,0,0.0,0.0,0.0,False,0.626341649609604,logistic,False,False,False,post,post,placebo,none,live,,
15,8,communication,0.7338492666042418,0.40003861659717954,-0.40295867554664494,0.6667739418965059,25,0,0.0,25,0,0,0.0,0.0,0.0,False,0.08597743599555646,logistic,False,False,False,post,post,placebo,none,live,,
15,9,communication,1.4252576411891722,0.4769039287667511,-0.42511893370803083,0.9116947249143059,25,0,0.0,25,0,0,0.0,0.0,0.0,False,0.0006429576543556578,logistic,False,False,False,post,post,placebo,none,live,,
16,0,communication,-0.2130046295012673,0.4086202656633275,0.18810275139482502,0.690960886783956,25,22,0.88,25,0,0,0.88,0.0,0.0,True,0.9671882960448954,logistic,False,False,False,post,post,placebo,none,live,,
16,1,communication,-0.07530175739632167,0.4558656200610352,0.2195187546393274,0.8377813217980626,25,19,0.76,25,0,0,0.76,0.0,0.0,True,0.9515128732003401,logistic,False,False,False,post,post,placebo,none,live,,
16,2,communication,0.14518608503914798,0.4322060778296984,0.33208150070850695,0.7612023675379612,25,8,0.32,25,0,0,0.32,0.0,0.0,True,0.7840583162342502,logistic,False,False,False,post,post,placebo,none,live,,
16,3,communication,1.6066312549279265,0.4230223478604045,0.2881145961686499,0.7331693806366999,25,0,0.0,25,0,0,0.0,0.0,0.0,False,1.740086147961685e-05,logistic,False,False,False,post,post,placebo,none,live,,
16,4,communication,-0.1666588775600103,0.4250508330913799,0.3475713440572076,0.739284196856547,25,23,0.92,25,0,0,0.92,0.0,0.0,True,0.9627375221032178,logistic,False,False,False,post,post,placebo,none,live,,
16,5,communication,1.6707751741379364,0.290226912243008,0.30259088970364323,0.408900981523794,25,0,0.0,25,0,0,0.0,0.0,0.0,False,1.2712070954179906e-07,logistic,False,False,False,post,post,placebo,none,live,,
16,6,communication,0.24654469001424978,0.44468230874087067,0.35851337275453804,0.8007710104329584,25,8,0.32,25,0,0,0.32,0.0,0.0,True,0.6989386826619118,logistic,False,False,False,post,post,placebo,none,live,,
16,7,communication,1.3247782676024122,0.5011795477632437,0.319251219601879,1.0047293480367714,25,0,0.0,25,0,0,0.0,0.0,0.0,False,0.0030498574291258256,logistic,False,False,False,post,post,placebo,none,live,,
16,8,communication,0.953063221955283,0.4004808219186991,0.35697129400708427,0.668003354288676,25,0,0.0,25,0,0,0.0,0.0,0.0,False,0.018128026683800282,logistic,False,False,False,post,post,placebo,none,live,,
16,9,communication,0.7267636794166014,0.4501697933846537,0.2871167571557596,0.8187432919624699,25,0,0.0,25,0,0,0.0,0.0,0.0,False,0.1475009069006084,logistic,False,False,False,post,post,placebo,none,live,,
17,0,communication,-0.13530699022357703,0.3874994095903766,0.15262087068919503,0.6326514874560818,25,8,0.32,25,0,0,0.32,0.0,0.0,True,0.927420494973231,logistic,False,False,False,post,post,placebo,none,live,,
17,1,communication,-0.08685962628620819,0.42683395336015845,0.26517793778089616,0.7446951121100981,25,12,0.48,25,0,0,0.48,0.0,0.0,True,0.9367277698113121,logistic,False,False,False,post,post,placebo,none,live,,
17,2,communication,0.07610249370779715,0.5331295508633971,0.24955384529875407,1.1419218154615032,25,6,0.24,25,0,0,0.24,0.0,0.0,True,0.9459248316870094,logistic,False,False,False,post,post,placebo,none,live,,
17,3,communication,0.7960455605111488,0.4539564282745997,0.1432825512459027,0.8313556862141576,25,0,0.0,25,0,0,0.0,0.0,0.0,False,0.10456366739281919,logistic,False,False,False,post,post,placebo,none,live,,
17,4,communication,0.07147750433823505,0.43607528060641426,0.2360631110546008,0.7732863370049571,25,8,0.32,25,0,0,0.32,0.0,0.0,True,0.8541497445240347,logistic,False,False,False,post,post,placebo,none,live,,
17,5,communication,-0.006384850863219632,0.38106423226887454,0.22228238332382758,0.6156765405007492,25,9,0.36,25,0,0,0.36,0.0,0.0,True,0.8386219497535055,logistic,False,False,False,post,post,placebo,none,live,,
17,6,communication,0.20878015709808037,0.4469484461826948,0.19960096325392498,0.8081496979761486,25,4,0.16,25,0,0,0.16,0.0,0.0,False,0.7455397113960677,logistic,False,False,False,post,post,placebo,none,live,,
17,7,communication,-0.4769537116591763,0.4716335306392425,0.23826687580135178,0.8926257777293226,25,25,1.0,25,0,0,1.0,0.0,0.0,True,0.9990018871427666,logistic,False,False,False,post,post,placebo,none,live,,
17,8,communication,0.48465470240801517,0.4423223650421325,0.2011157080260763,0.7931506255859624,25,0,0.0,25,0,0,0.0,0.0,0.0,False,0.3873657022619869,logistic,False,False,False,post,post,placebo,none,live,,
17,9,communication,0.05438494643265469,0.3135139262328465,0.17432834169967532,0.4566937891578936,25,9,0.36,25,0,0,0.36,0.0,0.0,True,0.6472285618806772,logistic,False,False,False,post,post,placebo,none,live,,
18,0,communication,1.083610951969526,0.3544553596177871,0.4828935665208195,0.5490795484072517,25,0,0.0,25,0,0,0.0,0.0,0.0,False,0.0025249130192251112,logistic,False,False,False,post,post,placebo,none,live,,
18,1,communication,0.4800050720614387,0.43430800532508196,0.46146801922596065,0.7677464228120509,25,3,0.12,25,0,0,0.12,0.0,0.0,False,0.3753409866320597,logistic,False,False,False,post,post,placebo,none,live,,
18,2,communication,1.1918421042527836,0.420964379882548,0.4258341010616268,0.7270094710186555,25,0,0.0,25,0,0,0.0,0.0,0.0,False,0.0028112644353493308,logistic,False,False,False,post,post,placebo,none,live,,
18,3,communication,-1.2191694420969954,0.5002952461414215,0.3802937241199016,1.0011816823399886,25,25,1.0,25,0,0,1.0,0.0,0.0,True,0.9999999950457881,logistic,False,False,False,post,post,placebo,none,live,,
18,4,communication,-0.9992187156983965,0.38119922670422896,0.3812461918870529,0.616029008292828,25,25,1.0,25,0,0,1.0,0.0,0.0,True,0.9999914238152421,logistic,False,False,False,post,post,placebo,none,live,,
18,5,communication,0.4635771514916766,0.4729795323984685,0.4550561705449736,0.8974595133866373,25,2,0.08,25,0,0,0.08,0.0,0.0,False,0.48546541476924643,logistic,False,False,False,post,post,placebo,none,live,,
18,6,communication,-2.0305119342598443,0.4641957225999728,0.43684621125463907,0.8663531483034579,25,25,1.0,25,0,0,1.0,0.0,0.0,True,0.9999999999999999,logistic,False,False,False,post,post,placebo,none,live,,
18,7,communication,0.38880825502953864,0.45272647461364884,0.2939176388349787,0.8272398601668951,25,0,0.0,25,0,0,0.0,0.0,0.0,False,0.5375585741227784,logistic,False,False,False,post,post,placebo,none,live,,
18,8,communication,-0.005079822416724444,0.3964540027247648,0.2857866628941679,0.6568745456263373,25,18,0.72,25,0,0,0.72,0.0,0.0,True,0.8590161977309665,logistic,False,False,False,post,post,placebo,none,live,,
18,9,communication,-1.3001391129619233,0.30633059771561383,0.33100214057735533,0.44160892307893146,25,24,0.96,25,0,0,0.96,0.0,0.0,True,0.9999993783852854,logistic,False,False,False,post,post,placebo,none,live,,
19,0,communication,-0.6427433767363993,0.37166852084073043,-0.5762564939381459,0.5915166328098609,25,8,0.32,25,0,0,0.32,0.0,0.0,True,0.9988706969643014,logistic,False,False,False,post,post,placebo,none,live,,
19,1,communication,-1.7695213806359775,0.452127215343075,-0.5124327551769436,0.8252412384860377,25,25,1.0,25,0,0,1.0,0.0,0.0,True,0.9999999999998395,logistic,False,False,False,post,post,placebo,none,live,,
19,2,communication,-0.40693111472332394,0.49769764154824225,-0.5530886142486473,0.990832778652068,25,5,0.2,25,0,0,0.2,0.0,0.0,True,0.9986922899653956,logistic,False,False,False,post,post,placebo,none,live,,
19,3,communication,-1.5820237083489843,0.4325621098626644,-0.5066141819801161,0.7623074126367777,25,25,1.0,25,0,0,1.0,0.0,0.0,True,0.999999999970338,logistic,False,False,False,post,post,placebo,none,live,,
19,4,communication,-0.9834702461270461,0.41143449772684615,-0.5523322205722474,0.69904623383091,25,15,0.6,25,0,0,0.6,0.0,0.0,True,0.999995196303222,logistic,False,False,False,post,post,placebo,none,live,,
19,5,communication,-3.0585324831057856,0.4340887611275666,-0.4712472211425712,0.7670615660372457,25,25,1.0,25,0,0,1.0,0.0,0.0,True,1.0,logistic,False,False,False,post,post,placebo,none,live,,
19,6,communication,1.376581797632683,0.4686915179566177,-0.5030342412687037,0.8821457473331812,25,0,0.0,25,0,0,0.0,0.0,0.0,False,0.0009518442807334818,logistic,False,False,False,post,post,placebo,none,live,,
19,7,communication,-2.2064452562972705,0.5048727197463222,-0.7334036858179142,1.019682695503369,25,25,1.0,25,0,0,1.0,0.0,0.0,True,1.0,logistic,False,False,False,post,post,placebo,none,live,,
19,8,communication,-0.6437621350033423,0.41852859168016976,-0.6090019462494355,0.7197750150596639,25,8,0.32,25,0,0,0.32,0.0,0.0,True,0.9995739781477142,logistic,False,False,False,post,post,placebo,none,live,,
19,9,communication,-0.33690985022131753,0.347480062573508,-0.5317812892316914,0.5325202229742635,25,1,0.04,25,0,0,0.04,0.0,0.0,True,0.9705652692755329,logistic,False,False,False,post,post,placebo,none,live,,
20,0,communication,-2.8699763007098604,1.0,-0.5227570518896402,-0.0075139050075611336,25,24,0.96,25,0,0,0.96,0.0,0.0,True,0.0,logistic,False,False,False,post,post,placebo,none,live,,
20,1,communication,-0.7931829642487007,0.1744425609103973,-0.48685651858068374,0.2113027545397287,25,16,0.64,25,0,0,0.64,0.0,0.0,True,0.9889505715597551,logistic,False,False,False,post,post,placebo,none,live,,
20,2,communication,0.48287204922191923,0.17323828560890212,-0.4928600115532676,0.2095383501599254,25,0,0.0,25,0,0,0.0,0.0,0.0,False,0.024216005270499077,logistic,False,False,False,post,post,placebo,none,live,,
20,3,communication,1.6485522697319315,1.0,-0.41471344064080773,-0.11633838736872175,25,0,0.0,25,0,0,0.0,0.0,0.0,False,0.0,logistic,False,False,False,post,post,placebo,none,live,,
20,4,communication,1.510456999880813,0.10625730506145961,-0.5327779632041525,0.11889026412547804,25,0,0.0,25,0,0,0.0,0.0,0.0,False,1.5393462422887908e-09,logistic,False,False,False,post,post,placebo,none,live,,
20,5,communication,0.4690416865428,0.037816504240831196,-0.5404984416868077,0.03930279869433193,25,0,0.0,25,0,0,0.0,0.0,0.0,False,0.00065444421899501,logistic,False,False,False,post,post,placebo,none,live,,
20,6,communication,-0.025116380003381844,1.0,-0.5085665096483829,-0.027066981859705366,25,0,0.0,25,0,0,0.0,0.0,0.0,True,0.0,logistic,False,False,False,post,post,placebo,none,live,,
20,7,communication,0.33603997019469056,0.2868502529388832,-0.41850144427642455,0.4022300423171856,25,0,0.0,25,0,0,0.0,0.0,0.0,False,0.23374296309080578,logistic,False,False,False,post,post,placebo,none,live,,
20,8,communication,-1.3467298790468232,0.011814529984557471,-0.500125983934009,0.011955781928642245,25,25,1.0,25,0,0,1.0,0.0,0.0,True,0.9882551249097917,logistic,False,False,False,post,post,placebo,none,live,,
20,9,communication,-2.5248563888131104,0.0006894512788193867,-0.548208179789154,0.000689926949837244,25,24,0.96,25,0,0,0.96,0.0,0.0,True,0.9999999102747742,logistic,False,False,False,post,post,placebo,none,live,,
21,0,communication,0.3004350057360674,0.2719808239940956,0.46407656939360076,0.37359019234390306,25,8,0.32,25,0,0,0.32,0.0,0.0,True,0.24143924335121653,logistic,False,False,False,post,post,placebo,none,live,,
21,1,communication,1.9472693717330989,0.3500488837908428,0.4316701054998559,0.5385772484437052,25,0,0.0,25,0,0,0.0,0.0,0.0,False,5.67352904083249e-09,logistic,False,False,False,post,post,placebo,none,live,,
21,2,communication,-0.22273984584240492,0.3815050234913294,0.4518223331575424,0.6168280066636583,25,18,0.72,25,0,0,0.72,0.0,0.0,True,0.9566086843382656,logistic,False,False,False,post,post,placebo,none,live,,
21,3,communication,0.3186297492048668,0.3667976192101669,0.5131205261014603,0.5792739104244005,25,10,0.4,25,0,0,0.4,0.0,0.0,True,0.42865973099504306,logistic,False,False,False,post,post,placebo,none,live,,
21,4,communication,-0.3488389457237611,0.3450065783056715,0.434561980213289,0.526732890558218,25,23,0.92,25,0,0,0.92,0.0,0.0,True,0.972188721169233,logistic,False,False,False,post,post,placebo,none,live,,
21,5,communication,0.3984057680071869,0.264536859967037,0.48107651503546106,0.3596874480414894,25,10,0.4,25,0,0,0.4,0.0,0.0,True,0.14104183758521177,logistic,False,False,False,post,post,placebo,none,live,,
21,6,communication,0.8930163116518308,0.3256875787460508,0.4816855735408794,0.4829921094148069,25,0,0.0,25,0,0,0.0,0.0,0.0,False,0.00956601447505173,logistic,False,False,False,post,post,placebo,none,live,,
21,7,communication,0.07096013453312988,0.37825965950517065,0.43498699329710816,0.6083884780648496,25,15,0.6,25,0,0,0.6,0.0,0.0,True,0.7624720430316461,logistic,False,False,False,post,post,placebo,none,live,,
21,8,communication,-0.3655306621832584,0.4443667826976779,0.46408226056267227,0.799748411110375,25,25,1.0,25,0,0,1.0,0.0,0.0,True,0.9947626448610646,logistic,False,False,False,post,post,placebo,none,live,,
21,9,communication,1.41165636987272,0.18880055440028629,0.35361933004107343,0.23274245985302347,25,0,0.0,25,0,0,0.0,0.0,0.0,False,3.5517758671121806e-07,logistic,False,False,False,post,post,placebo,none,live,,
22,0,communication,-0.2917868400151944,0.3831600334151871,-0.012238861590356368,0.6211660303669773,25,18,0.72,25,0,0,0.72,0.0,0.0,True,0.974568337884542,logistic,False,False,False,post,post,placebo,none,live,,
22,1,communication,0.7267590154344676,0.38435187735738086,-0.03673488237669531,0.6243044739705886,25,0,0.0,25,0,0,0.0,0.0,0.0,False,0.07558258731413106,logistic,False,False,False,post,post,placebo,none,live,,
22,2,communication,-0.7234866014077959,0.48354928328999724,-0.012879670283182373,0.9362931788930398,25,23,0.92,25,0,0,0.92,0.0,0.0,True,0.999965860637611,logistic,False,False,False,post,post,placebo,none,live,,
22,3,communication,-0.6758649783438508,0.5281778864166969,-0.04212179738404481,1.119442839178083,25,25,1.0,25,0,0,1.0,0.0,0.0,True,0.9999778823501599,logistic,False,False,False,post,post,placebo,none,live,,
22,4,communication,0.06869294662931927,0.4530796921814663,0.05373625953141259,0.8284199465707108,25,4,0.16,25,0,0,0.16,0.0,0.0,True,0.8776673720968745,logistic,False,False,False,post,post,placebo,none,live,,
22,5,communication,0.7265318159986738,0.476938349895762,0.023055017762438082,0.9118205278492805,25,0,0.0,25,0,0,0.0,0.0,0.0,False,0.18678196096326039,logistic,False,False,False,post,post,placebo,none,live,,
22,6,communication,-0.3303999576980796,0.4389109552237477,-0.011042201737455602,0.7822483067705838,25,20,0.8,25,0,0,0.8,0.0,0.0,True,0.9920376946297469,logistic,False,False,False,post,post,placebo,none,live,,
22,7,communication,0.762977965728099,0.4644552749205676,0.05154014262275276,0.8672576783417654,25,0,0.0,25,0,0,0.0,0.0,0.0,False,0.13911783992250254,logistic,False,False,False,post,post,placebo,none,live,,
22,8,communication,-0.04816397943539931,0.49184557419755753,0.07287308484129358,0.9679057176779851,25,13,0.52,25,0,0,0.52,0.0,0.0,True,0.9624284832116246,logistic,False,False,False,post,post,placebo,none,live,,
22,9,communication,0.9200031471168704,0.45155306655972827,0.05229759180795141,0.823330461029744,25,0,0.0,25,0,0,0.0,0.0,0.0,False,0.046164440721288356,logistic,False,False,False,post,post,placebo,none,live,,
23,0,communication,-0.3668756261647588,0.3603879647042863,0.03585042341918229,0.5634477539774045,25,16,0.64,25,0,0,0.64,0.0,0.0,True,0.9806230267387448,logistic,False,False,False,post,post,placebo,none,live,,
23,1,communication,0.737384643732845,0.3115498675080988,0.00380059812846148,0.45253803115763636,25,0,0.0,25,0,0,0.0,0.0,0.0,False,0.02800799443638421,logistic,False,False,False,post,post,placebo,none,live,,
23,2,communication,-0.1400531407344129,0.30384679987648916,0.04147374253386871,0.4364654214368058,25,6,0.24,25,0,0,0.24,0.0,0.0,True,0.8330524574609302,logistic,False,False,False,post,post,placebo,none,live,,
23,3,communication,0.36068446330972664,0.37379403790240867,0.03966085270074744,0.596918682553448,25,0,0.0,25,0,0,0.0,0.0,0.0,False,0.3904590779039575,logistic,False,False,False,post,post,placebo,none,live,,
23,4,communication,-0.1472892456015253,0.4018446182560015,0.04761403689856078,0.6718064077002401,25,11,0.44,25,0,0,0.44,0.0,0.0,True,0.9431604669949114,logistic,False,False,False,post,post,placebo,none,live,,
23,5,communication,-0.501445720404037,0.3718771792050655,-0.0012849832229784707,0.592045324407141,25,23,0.92,25,0,0,0.92,0.0,0.0,True,0.9951196090065685,logistic,False,False,False,post,post,placebo,none,live,,
23,6,communication,-0.5666069650362642,0.4094441893443601,-0.04425780769134319,0.6933200587592082,25,23,0.92,25,0,0,0.92,0.0,0.0,True,0.998754896557913,logistic,False,False,False,post,post,placebo,none,live,,
23,7,communication,-0.5553159827199498,0.3747140842791518,0.02337319063503997,0.599268390440508,25,21,0.84,25,0,0,0.84,0.0,0.0,True,0.9972879646483315,logistic,False,False,False,post,post,placebo,none,live,,
23,8,communication,1.0874527543291101,0.27601945531687877,0.05005340026027641,0.3812525866115499,25,0,0.0,25,0,0,0.0,0.0,0.0,False,0.0004843114873601372,logistic,False,False,False,post,post,placebo,none,live,,
23,9,communication,-0.3609401480344928,0.3252809929378568,-0.1730298889861547,0.48209845807396634,25,10,0.4,25,0,0,0.4,0.0,0.0,True,0.9667043263501415,logistic,False,False,False,post,post,placebo,none,live,,
24,0,communication,-0.2696088758055448,1.0,-0.7409972852375567,-0.10451142651320203,25,0,0.0,25,0,0,0.0,0.0,0.0,True,0.0,logistic,False,False,False,post,post,placebo,none,live,,
24,1,communication,-0.7004472283602139,0.14128280272542423,-0.7560842181207813,0.16452774344549304,25,3,0.12,25,0,0,0.12,0.0,0.0,True,0.9582913272740697,logistic,False,False,False,post,post,placebo,none,live,,
24,2,communication,-0.08088519425803098,0.17505435518970078,-0.8632767869485889,0.21220107808430877,25,0,0.0,25,0,0,0.0,0.0,0.0,True,0.46762291325046085,logistic,False,False,False,post,post,placebo,none,live,,
24,3,communication,-0.9533123891234986,1.0,-0.68931850253055,-0.016894337618360206,25,13,0.52,25,0,0,0.52,0.0,0.0,True,0.0,logistic,False,False,False,post,post,placebo,none,live,,
24,4,communication,-0.7497506706806728,0.12995523696540767,-0.7970395563765501,0.14936615044051563,25,7,0.28,25,0,0,0.28,0.0,0.0,True,0.9645213217979123,logistic,False,False,False,post,post,placebo,none,live,,
24,5,communication,0.316106736060511,0.2846641371030536,-0.7409621602326308,0.3979447303959137,25,0,0.0,25,0,0,0.0,0.0,0.0,False,0.25020342886664043,logistic,False,False,False,post,post,placebo,none,live,,
24,6,communication,0.23142231711909056,0.19838874088697925,-0.6476430157729748,0.24748746806088465,25,0,0.0,25,0,0,0.0,0.0,0.0,False,0.16915685526394608,logistic,False,False,False,post,post,placebo,none,live,,
24,7,communication,-0.6833725646974003,0.13752839367354225,-0.7487477695323863,0.15945845946085072,25,3,0.12,25,0,0,0.12,0.0,0.0,True,0.9499991406354872,logistic,False,False,False,post,post,placebo,none,live,,
24,8,communication,0.7662759949747675,1.0,-0.7622050092231405,-0.2106990878294918,25,0,0.0,25,0,0,0.0,0.0,0.0,False,0.0,logistic,False,False,False,post,post,placebo,none,live,,
24,9,communication,-1.991910563128311,0.23284666900750986,-0.7950683954117027,0.3035203780009257,25,25,1.0,25,0,0,1.0,0.0,0.0,True,0.99999999998856,logistic,False,False,False,post,post,placebo,none,live,,
25,0,communication,-1.4625196170596777,0.3867173908238243,-0.01979349602654821,0.6305696346800097,25,24,0.96,25,0,0,0.96,0.0,0.0,True,0.9999999979015307,logistic,False,False,False,post,post,placebo,none,live,,
25,1,communication,-0.4847199607071464,0.45848860751075365,0.007777802047662125,0.8466832164013218,25,23,0.92,25,0,0,0.92,0.0,0.0,True,0.9988162702483945,logistic,False,False,False,post,post,placebo,none,live,,
25,2,communication,-0.6811595642202826,0.36605749886633765,-0.07662692422839468,0.5774301268833164,25,19,0.76,25,0,0,0.76,0.0,0.0,True,0.9991791938731414,logistic,False,False,False,post,post,placebo,none,live,,
25,3,communication,0.21783969686858257,0.4212758279206553,0.10037832337734277,0.7279388839194662,25,4,0.16,25,0,0,0.16,0.0,0.0,False,0.6842048747040644,logistic,False,False,False,post,post,placebo,none,live,,
25,4,communication,-0.46881199629528447,0.3697192999247303,-0.029865245722692058,0.5865946710419302,25,20,0.8,25,0,0,0.8,0.0,0.0,True,0.9931015345226335,logistic,False,False,False,post,post,placebo,none,live,,
25,5,communication,-0.2923536125518385,0.3899027471168654,-0.028193963765317277,0.6390829417347861,25,19,0.76,25,0,0,0.76,0.0,0.0,True,0.9769575758149518,logistic,False,False,False,post,post,placebo,none,live,,
25,6,communication,1.059335436647671,0.3385249822549719,-0.08150071958376323,0.5117728911501531,25,0,0.0,25,0,0,0.0,0.0,0.0,False,0.0024072235979405144,logistic,False,False,False,post,post,placebo,none,live,,
25,7,communication,0.21700931608095292,0.3883629824767871,-0.05720845257383679,0.6349566349817077,25,1,0.04,25,0,0,0.04,0.0,0.0,False,0.6131699550646286,logistic,False,False,False,post,post,placebo,none,live,,
25,8,communication,-0.46872997235160013,0.4812757838136621,-0.12700368991540806,0.927806662569184,25,20,0.8,25,0,0,0.8,0.0,0.0,True,0.999094927765309,logistic,False,False,False,post,post,placebo,none,live,,
25,9,communication,0.5899256573638771,0.4572978461108518,-0.048075648967421815,0.8426313454511533,25,0,0.0,25,0,0,0.0,0.0,0.0,False,0.29138732365789594,logistic,False,False,False,post,post,placebo,none,live,,
26,0,communication,0.09200646963544629,0.5956168103747677,-0.47528325023222656,1.4729020039798486,25,0,0.0,25,0,0,0.0,0.0,0.0,False,0.9726164237903518,logistic,False,False,False,post,post,placebo,none,live,,
26,1,communication,-1.3246468073197735,0.5752752583106657,-0.5305242653011798,1.354466085546417,25,25,1.0,25,0,0,1.0,0.0,0.0,True,0.9999999999655182,logistic,False,False,False,post,post,placebo,none,live,,
26,2,communication,-1.4774399386392658,0.5750428963312133,-0.5066694056644696,1.3531786887822077,25,25,1.0,25,0,0,1.0,0.0,0.0,True,0.9999999999989735,logistic,False,False,False,post,post,placebo,none,live,,
26,3,communication,-1.7611782363205157,0.6199795146079672,-0.5339906229998489,1.6314370894200356,25,25,1.0,25,0,0,1.0,0.0,0.0,True,0.9999999999999999,logistic,False,False,False,post,post,placebo,none,live,,
26,4,communication,-0.8233334781489621,0.6193313791586194,-0.4118074583955388,1.62695674203387,25,24,0.96,25,0,0,0.96,0.0,0.0,True,0.9999998411294581,logistic,False,False,False,post,post,placebo,none,live,,
26,5,communication,0.3708244787083119,0.634479928153804,-0.42588885190820924,1.7358278710909787,25,0,0.0,25,0,0,0.0,0.0,0.0,False,0.8892584098165868,logistic,False,False,False,post,post,placebo,none,live,,
26,6,communication,0.2999082667433557,0.6061574966564126,-0.4148814071570486,1.5390860344181845,25,0,0.0,25,0,0,0.0,0.0,0.0,False,0.901500489022929,logistic,False,False,False,post,post,placebo,none,live,,
26,7,communication,-0.40038760774159343,0.6130890955303661,-0.42527568130208615,1.584574351479627,25,6,0.24,25,0,0,0.24,0.0,0.0,True,0.9998766372449195,logistic,False,False,False,post,post,placebo,none,live,,
26,8,communication,-1.6524265459736436,0.5725118855198736,-0.3717988429823931,1.3392463231781606,25,25,1.0,25,0,0,1.0,0.0,0.0,True,0.9999999999999851,logistic,False,False,False,post,post,placebo,none,live,,
26,9,communication,-1.98170073790412,0.6271925988407199,-0.4209297459869451,1.682350181059724,25,25,1.0,25,0,0,1.0,0.0,0.0,True,1.0,logistic,False,False,False,post,post,placebo,none,live,,
27,0,communication,-0.06609127875892874,1.0,-0.16574242299205816,-0.19388582749792654,25,0,0.0,25,0,0,0.0,0.0,0.0,True,0.0,logistic,False,False,False,post,post,placebo,none,live,,
27,1,communication,0.47734985118632206,1.0,-0.2659265740519699,-0.30148585997918165,25,0,0.0,25,0,0,0.0,0.0,0.0,False,0.0,logistic,False,False,False,post,post,placebo,none,live,,
27,2,communication,-1.0678747633941887,1.0,-0.29682292474503863,-0.1644609740944922,25,23,0.92,25,0,0,0.92,0.0,0.0,True,0.0,logistic,False,False,False,post,post,placebo,none,live,,
27,3,communication,-0.376922193613651,1.0,-0.20321628973064237,-0.0031539031668542383,25,10,0.4,25,0,0,0.4,0.0,0.0,True,0.0,logistic,False,False,False,post,post,placebo,none,live,,
27,4,communication,-0.461904407862506,1.0,-0.2100856930395296,-0.12072592161516096,25,6,0.24,25,0,0,0.24,0.0,0.0,True,0.0,logistic,False,False,False,post,post,placebo,none,live,,
27,5,communication,2.426629195546592,1.0,-0.12235450586119098,-0.1283734003049099,25,0,0.0,25,0,0,0.0,0.0,0.0,False,0.0,logistic,False,False,False,post,post,placebo,none,live,,
27,6,communication,-0.9703362606653468,1.0,-0.23560635757961682,-0.2243380421996291,25,25,1.0,25,0,0,1.0,0.0,0.0,True,0.0,logistic,False,False,False,post,post,placebo,none,live,,
27,7,communication,0.1469811420212489,0.03729239722100383,-0.24971345926921668,0.03873699253371832,25,0,0.0,25,0,0,0.0,0.0,0.0,False,0.015831536869913936,logistic,False,False,False,post,post,placebo,none,live,,
27,8,communication,-0.3560314866755333,1.0,-0.1541944034246256,-0.1052718276168173,25,16,0.64,25,0,0,0.64,0.0,0.0,True,0.0,logistic,False,False,False,post,post,placebo,none,live,,
27,9,communication,-0.8606942620581637,1.0,-0.18188228907217713,-0.018740267528225815,25,23,0.92,25,0,0,0.92,0.0,0.0,True,0.0,logistic,False,False,False,post,post,placebo,none,live,,
28,0,communication,0.02930175635202479,1.0,0.08893527649139618,-0.16626919120171038,25,9,0.36,25,0,0,0.36,0.0,0.0,True,0.0,logistic,False,False,False,post,post,placebo,none,live,,
28,1,communication,0.011337476608432179,1.0,0.10688645540790945,-0.24145643903305722,25,7,0.28,25,0,0,0.28,0.0,0.0,True,0.0,logistic,False,False,False,post,post,placebo,none,live,,
28,2,communication,1.3372306647254641,1.0,0.09506194021472339,-0.08401854740761201,25,0,0.0,25,0,0,0.0,0.0,0.0,False,0.0,logistic,False,False,False,post,post,placebo,none,live,,
28,3,communication,0.19947164791329497,1.0,0.07019357791139072,-0.07894354422589317,25,4,0.16,25,0,0,0.16,0.0,0.0,False,0.0,logistic,False,False,False,post,post,placebo,none,live,,
28,4,communication,2.0091414155597045,1.0,0.14726156828176265,-0.4203683024933834,25,0,0.0,25,0,0,0.0,0.0,0.0,False,0.0,logistic,False,False,False,post,post,placebo,none,live,,
28,5,communication,2.6726348775440876,0.06799005514212518,0.1271136026402223,0.07294992453379154,25,0,0.0,25,0,0,0.0,0.0,0.0,False,1.3075511433175353e-24,logistic,False,False,False,post,post,placebo,none,live,,
28,6,communication,0.16328239876881592,1.0,0.18240644024678104,-0.09804389837614161,25,1,0.04,25,0,0,0.04,0.0,0.0,False,0.0,logistic,False,False,False,post,post,placebo,none,live,,
28,7,communication,0.403340058205325,1.0,0.03860483019830395,-0.2535198648860515,25,0,0.0,25,0,0,0.0,0.0,0.0,False,0.0,logistic,False,False,False,post,post,placebo,none,live,,
28,8,communication,3.1953786086886082,1.0,0.08498096163565619,-0.08658324561529188,25,0,0.0,25,0,0,0.0,0.0,0.0,False,0.0,logistic,False,False,False,post,post,placebo,none,live,,
28,9,communication,1.6110241376611685,0.03515948634434406,0.22249159832774965,0.03644072346333106,25,0,0.0,25,0,0,0.0,0.0,0.0,False,8.162980747424052e-13,logistic,False,False,False,post,post,placebo,none,live,,
29,0,communication,0.17575195439965596,1.0,-0.13881958304845987,-0.02926204374049768,25,0,0.0,25,0,0,0.0,0.0,0.0,False,0.0,logistic,False,False,False,post,post,placebo,none,live,,
29,1,communication,0.8356088682898348,0.20399811945121474,-0.22533299477971028,0.2562784390792807,25,0,0.0,25,0,0,0.0,0.0,0.0,False,0.001679632844968445,logistic,False,False,False,post,post,placebo,none,live,,
29,2,communication,-1.0821485094775587,0.038372680265816146,-0.08861325901902121,0.03990389985636353,25,24,0.96,25,0,0,0.96,0.0,0.0,True,0.9753032956582582,logistic,False,False,False,post,post,placebo,none,live,,
29,3,communication,0.04716182140530578,0.29073002928308334,-0.08456741634327095,0.40990037825684195,25,5,0.2,25,0,0,0.2,0.0,0.0,True,0.6028152166046744,logistic,False,False,False,post,post,placebo,none,live,,
29,4,communication,1.722131816397965,0.25285232687680564,-0.12809938146917133,0.3384234950767407,25,0,0.0,25,0,0,0.0,0.0,0.0,False,1.324822562481816e-08,logistic,False,False,False,post,post,placebo,none,live,,
29,5,communication,-1.1260132270448358,0.2745085456580362,-0.10334373531504613,0.37837598777372394,25,25,1.0,25,0,0,1.0,0.0,0.0,True,0.9999764097726653,logistic,False,False,False,post,post,placebo,none,live,,
29,6,communication,0.3369666771749893,0.23586331710821173,-0.19026664142780855,0.30866639750314545,25,0,0.0,25,0,0,0.0,0.0,0.0,False,0.14532797294867583,logistic,False,False,False,post,post,placebo,none,live,,
29,7,communication,-0.8785263575067457,0.15867124756797535,-0.24330883750096072,0.1885960120931386,25,25,1.0,25,0,0,1.0,0.0,0.0,True,0.993002495014048,logistic,False,False,False,post,post,placebo,none,live,,
29,8,communication,-1.7440666148231854,0.15853162204035323,-0.16708858902754226,0.18839878739680427,25,25,1.0,25,0,0,1.0,0.0,0.0,True,0.9999999539053825,logistic,False,False,False,post,post,placebo,none,live,,
29,9,communication,1.8637744121833284,0.1962578493629373,-0.24671087787304444,0.2441801132457459,25,0,0.0,25,0,0,0.0,0.0,0.0,False,7.113019100060703e-11,logistic,False,False,False,post,post,placebo,none,live,,
30,0,communication,0.29714226014059464,0.5594245572721501,-0.12653974904523738,1.2697588267935194,25,0,0.0,25,0,0,0.0,0.0,0.0,False,0.847031521760557,logistic,False,False,False,post,post,placebo,none,live,,
30,1,communication,0.3345616136908007,0.6077449075446371,-0.062491152973548,1.5493614212638829,25,0,0.0,25,0,0,0.0,0.0,0.0,False,0.8818048004265158,logistic,False,False,False,post,post,placebo,none,live,,
30,2,communication,-0.15614358958233554,0.5223322609376593,-0.1018501058219884,1.0935054185635287,25,3,0.12,25,0,0,0.12,0.0,0.0,True,0.9897643047759279,logistic,False,False,False,post,post,placebo,none,live,,
30,3,communication,1.412857852274996,0.4963740932106938,-0.1750929064100139,0.9856007932061245,25,0,0.0,25,0,0,0.0,0.0,0.0,False,0.0010918675715265041,logistic,False,False,False,post,post,placebo,none,live,,
30,4,communication,-0.8711559179274133,0.58422786181924,-0.15468649470475465,1.4051635695830171,25,24,0.96,25,0,0,0.96,0.0,0.0,True,0.999999794725891,logistic,False,False,False,post,post,placebo,none,live,,
30,5,communication,-0.5353867078255689,0.5861337981928596,-0.1121683803148333,1.4162398273488277,25,23,0.92,25,0,0,0.92,0.0,0.0,True,0.9999618944033274,logistic,False,False,False,post,post,placebo,none,live,,
30,6,communication,-1.1631931942302236,0.4885019096323086,-0.21852521847569334,0.9550415120438633,25,25,1.0,25,0,0,1.0,0.0,0.0,True,0.9999999783487357,logistic,False,False,False,post,post,placebo,none,live,,
30,7,communication,-0.22070840328530886,0.537144250383926,-0.27064470293416065,1.1605003304581871,25,5,0.2,25,0,0,0.2,0.0,0.0,True,0.9955959933139475,logistic,False,False,False,post,post,placebo,none,live,,
30,8,communication,0.842251660333961,0.5967733197357425,-0.16454071443627127,1.4799946257143572,25,0,0.0,25,0,0,0.0,0.0,0.0,False,0.28323529042279677,logistic,False,False,False,post,post,placebo,none,live,,
30,9,communication,1.8267277846666437,0.5365763167158828,-0.08950810358158992,1.1578526002671226,25,0,0.0,25,0,0,0.0,0.0,0.0,False,1.284261342824846e-05,logistic,False,False,False,post,post,placebo,none,live,,
31,0,communication,1.0084133077746333,0.4354382024368401,-0.18455898762093537,0.7712852770349305,25,0,0.0,25,0,0,0.0,0.0,0.0,False,0.019111170297407824,logistic,False,False,False,post,post,placebo,none,live,,
31,1,communication,1.235619038094081,0.4081465067547798,0.0004031688301376346,0.6896073292004279,25,0,0.0,25,0,0,0.0,0.0,0.0,False,0.001392344754983279,logistic,False,False,False,post,post,placebo,none,live,,
31,2,communication,-1.1084371299416436,0.40795431675173005,-0.03318315406491025,0.689058848488652,25,23,0.92,25,0,0,0.92,0.0,0.0,True,0.9999992887562164,logistic,False,False,False,post,post,placebo,none,live,,
31,3,communication,-0.7134344509939975,0.37123208939243474,-0.05270905716819083,0.5904119518976739,25,23,0.92,25,0,0,0.92,0.0,0.0,True,0.9994936297438516,logistic,False,False,False,post,post,placebo,none,live,,
31,4,communication,-0.4504201486100011,0.2869550057391366,-0.14350329966414244,0.4024360426744063,25,13,0.52,25,0,0,0.52,0.0,0.0,True,0.9709945001396061,logistic,False,False,False,post,post,placebo,none,live,,
31,5,communication,-0.5232437407176942,0.407317223076073,-0.10891132576830673,0.6872432251027831,25,20,0.8,25,0,0,0.8,0.0,0.0,True,0.9979308220331642,logistic,False,False,False,post,post,placebo,none,live,,
31,6,communication,0.6042585258907593,0.40337713861491736,-0.08692292193829884,0.6761007073689097,25,0,0.0,25,0,0,0.0,0.0,0.0,False,0.18030063520121986,logistic,False,False,False,post,post,placebo,none,live,,
31,7,communication,-0.11145367368361583,0.19502602310680897,-0.18997189158003797,0.24227618370908688,25,7,0.28,25,0,0,0.28,0.0,0.0,True,0.5643770001474724,logistic,False,False,False,post,post,placebo,none,live,,
31,8,communication,-0.28136360756216744,0.2613097387657723,-0.0033558626555572763,0.3537473721789259,25,16,0.64,25,0,0,0.64,0.0,0.0,True,0.8789186845005433,logistic,False,False,False,post,post,placebo,none,live,,
31,9,communication,0.4530573044492048,0.35295723528010386,0.01694959169006234,0.5454929017449079,25,0,0.0,25,0,0,0.0,0.0,0.0,False,0.2385372791973881,logistic,False,False,False,post,post,placebo,none,live,,
32,0,communication,-2.018340162386717,0.26672204474121486,-0.3441129362288504,0.36373934717167994,25,24,0.96,25,0,0,0.96,0.0,0.0,True,0.9999999999986653,logistic,False,False,False,post,post,placebo,none,live,,
32,1,communication,-0.9489383666107736,1.0,-0.35557483602814827,-0.2371595974957726,25,23,0.92,25,0,0,0.92,0.0,0.0,True,0.0,logistic,False,False,False,post,post,placebo,none,live,,
32,2,communication,0.041380982442157765,0.17474246685808167,-0.30634699935962073,0.21174295276385136,25,0,0.0,25,0,0,0.0,0.0,0.0,False,0.31169535206273313,logistic,False,False,False,post,post,placebo,none,live,,
32,3,communication,1.3296926215406608,1.0,-0.30470348584252493,-0.16923218831752973,25,0,0.0,25,0,0,0.0,0.0,0.0,False,0.0,logistic,False,False,False,post,post,placebo,none,live,,
32,4,communication,-1.672140212137535,0.13647553402809032,-0.4296160846978116,0.15804477974400533,25,25,1.0,25,0,0,1.0,0.0,0.0,True,0.9999995939299211,logistic,False,False,False,post,post,placebo,none,live,,
32,5,communication,-1.3884059169307341,1.0,-0.3524727421574805,-0.004241616474025461,25,25,1.0,25,0,0,1.0,0.0,0.0,True,0.0,logistic,False,False,False,post,post,placebo,none,live,,
32,6,communication,0.4154790435877398,0.11333194573363405,-0.4420169542922674,0.12781778388013035,25,0,0.0,25,0,0,0.0,0.0,0.0,False,0.013340469273255483,logistic,False,False,False,post,post,placebo,none,live,,
32,7,communication,-0.46965002932979405,1.0,-0.268906244457772,-0.015024997071776097,25,13,0.52,25,0,0,0.52,0.0,0.0,True,0.0,logistic,False,False,False,post,post,placebo,none,live,,
32,8,communication,0.00025577537088816715,0.22428027296915004,-0.3356247617356762,0.28912539562144013,25,0,0.0,25,0,0,0.0,0.0,0.0,False,0.49558432926969953,logistic,False,False,False,post,post,placebo,none,live,,
32,9,communication,-0.4344374963450625,1.0,-0.3597730304752423,-0.10037345817651855,25,9,0.36,25,0,0,0.36,0.0,0.0,True,0.0,logistic,False,False,False,post,post,placebo,none,live,,
33,0,communication,0.5506701857504944,0.341975795075711,0.3942167383014977,0.5197009357962115,25,2,0.08,25,0,0,0.08,0.0,0.0,False,0.13507335584216118,logistic,False,False,False,post,post,placebo,none,live,,
33,1,communication,0.16463698020452439,0.08791108774007027,0.5032939213067517,0.09638433990196027,25,15,0.6,25,0,0,0.6,0.0,0.0,True,0.05375526489745711,logistic,False,False,False,post,post,placebo,none,live,,
33,2,communication,2.1265983394707653,0.264042055514548,0.5160605005750836,0.3587732933559866,25,0,0.0,25,0,0,0.0,0.0,0.0,False,3.974771003500401e-12,logistic,False,False,False,post,post,placebo,none,live,,
33,3,communication,0.516263238741754,0.11813317968156391,0.4760257343231267,0.13395807276081306,25,0,0.0,25,0,0,0.0,0.0,0.0,False,0.0060114602105227205,logistic,False,False,False,post,post,placebo,none,live,,
33,4,communication,0.24368810071873948,0.21503014799927364,0.5817235564720423,0.2739342758848714,25,17,0.68,25,0,0,0.68,0.0,0.0,True,0.18818216048798875,logistic,False,False,False,post,post,placebo,none,live,,
33,5,communication,0.5288655774777677,0.32133984491927603,0.5645065497361683,0.473491544351906,25,3,0.12,25,0,0,0.12,0.0,0.0,False,0.12390033688418872,logistic,False,False,False,post,post,placebo,none,live,,
33,6,communication,-0.21313359741821747,0.3373307227967516,0.49548782128865554,0.5090483811478834,25,23,0.92,25,0,0,0.92,0.0,0.0,True,0.921483630682718,logistic,False,False,False,post,post,placebo,none,live,,
33,7,communication,-2.175559529790219,0.34078907086083077,0.43220104346128574,0.5169651408932954,25,25,1.0,25,0,0,1.0,0.0,0.0,True,0.9999999999999992,logistic,False,False,False,post,post,placebo,none,live,,
33,8,communication,0.29357065101143787,0.2139817642032755,0.39920328575212544,0.27223511422273694,25,7,0.28,25,0,0,0.28,0.0,0.0,False,0.14503282995888678,logistic,False,False,False,post,post,placebo,none,live,,
33,9,communication,-0.4184129475829456,0.3410523503636114,0.4969049970159984,0.5175712373385143,25,24,0.96,25,0,0,0.96,0.0,0.0,True,0.9830793767479882,logistic,False,False,False,post,post,placebo,none,live,,
34,0,communication,0.3373810968162274,0.28647531365254447,0.4944909290531847,0.4014932056787219,25,5,0.2,25,0,0,0.2,0.0,0.0,False,0.23165809053306258,logistic,False,False,False,post,post,placebo,none,live,,
34,1,communication,0.4600181341387487,0.2981389765269353,0.48641079978815116,0.42478349211021105,25,6,0.24,25,0,0,0.24,0.0,0.0,False,0.14245424814300428,logistic,False,False,False,post,post,placebo,none,live,,
34,2,communication,2.346955045779013,0.26960164011285415,0.49801035848200315,0.3691158892450284,25,0,0.0,25,0,0,0.0,0.0,0.0,False,2.3765008367553692e-14,logistic,False,False,False,post,post,placebo,none,live,,
34,3,communication,2.5132230530834816,0.26593192436126223,0.5576066275010084,0.3622714747945764,25,0,0.0,25,0,0,0.0,0.0,0.0,False,2.4063505886565465e-16,logistic,False,False,False,post,post,placebo,none,live,,
34,4,communication,-0.626077080866011,0.36731739486339565,0.4805607019377462,0.5805713510711854,25,25,1.0,25,0,0,1.0,0.0,0.0,True,0.9985223433727212,logistic,False,False,False,post,post,placebo,none,live,,
34,5,communication,1.0834643264563204,0.2963276971838492,0.4921790617379204,0.4211160450651858,25,0,0.0,25,0,0,0.0,0.0,0.0,False,0.0007921531322954088,logistic,False,False,False,post,post,placebo,none,live,,
34,6,communication,2.2354143901571493,0.34834472465479827,0.5351362724545873,0.5345536786612668,25,0,0.0,25,0,0,0.0,0.0,0.0,False,1.1945037939923329e-11,logistic,False,False,False,post,post,placebo,none,live,,
34,7,communication,0.8904018002093367,0.4035127020026285,0.42970345254239056,0.6764816339884687,25,0,0.0,25,0,0,0.0,0.0,0.0,False,0.030934814789418726,logistic,False,False,False,post,post,placebo,none,live,,
34,8,communication,-0.543751633923917,0.38564686317498387,0.38853061779485726,0.6277283211542,25,25,1.0,25,0,0,1.0,0.0,0.0,True,0.9975021579201968,logistic,False,False,False,post,post,placebo,none,live,,
34,9,communication,2.089196235039556,0.39390524627412576,0.4747104169909515,0.6499070382191133,25,0,0.0,25,0,0,0.0,0.0,0.0,False,1.6084865286453416e-09,logistic,False,False,False,post,post,placebo,none,live,,
35,0,communication,1.0501576959793073,0.29167532449603756,-0.44432693079792657,0.4117819618362369,25,0,0.0,25,0,0,0.0,0.0,0.0,False,0.0010462777549103788,logistic,False,False,False,post,post,placebo,none,live,,
35,1,communication,-2.0268379527420732,0.28964610346463465,-0.41556981236777246,0.4077490176056415,25,25,1.0,25,0,0,1.0,0.0,0.0,True,0.9999999999996172,logistic,False,False,False,post,post,placebo,none,live,,
35,2,communication,-0.6913980783776403,0.3770507395927428,-0.42429332365708705,0.6052671759273677,25,16,0.64,25,0,0,0.64,0.0,0.0,True,0.9994194348309929,logistic,False,False,False,post,post,placebo,none,live,,
35,3,communication,-0.4360076679097793,0.2901925529432815,-0.41647327967610764,0.4088327815474344,25,3,0.12,25,0,0,0.12,0.0,0.0,True,0.9691081685880436,logistic,False,False,False,post,post,placebo,none,live,,
35,4,communication,0.4228116249340862,0.34999302100637925,-0.36590815538774535,0.538445020310796,25,0,0.0,25,0,0,0.0,0.0,0.0,False,0.26497970133548754,logistic,False,False,False,post,post,placebo,none,live,,
35,5,communication,-1.1240749520537512,0.35248331688872186,-0.4143084462328478,0.5443617532679793,25,24,0.96,25,0,0,0.96,0.0,0.0,True,0.9999972301449915,logistic,False,False,False,post,post,placebo,none,live,,
35,6,communication,-0.5781119910195108,0.3781704727809948,-0.3453737969639913,0.6081577928154658,25,12,0.48,25,0,0,0.48,0.0,0.0,True,0.9979946496503275,logistic,False,False,False,post,post,placebo,none,live,,
35,7,communication,-0.42643344616168344,0.18397282716012145,-0.3981152900441186,0.22544938855390387,25,1,0.04,25,0,0,0.04,0.0,0.0,True,0.8716780985304171,logistic,False,False,False,post,post,placebo,none,live,,
35,8,communication,0.8827365958732338,0.3768074391522879,-0.31336751007248337,0.6046404639999664,25,0,0.0,25,0,0,0.0,0.0,0.0,False,0.022733563367133832,logistic,False,False,False,post,post,placebo,none,live,,
35,9,communication,-1.1325806649494368,0.3361318662614745,-0.37014487704671784,0.5063232427930712,25,24,0.96,25,0,0,0.96,0.0,0.0,True,0.9999961374665362,logistic,False,False,False,post,post,placebo,none,live,,
36,0,communication,2.1287044932583954,0.33141759431258183,-0.1838874682987839,0.4957019381505071,25,0,0.0,25,0,0,0.0,0.0,0.0,False,6.509119127536482e-11,logistic,False,False,False,post,post,placebo,none,live,,
36,1,communication,0.25306710949553873,0.37397197399017085,-0.09938275257616053,0.5973725751126343,25,0,0.0,25,0,0,0.0,0.0,0.0,False,0.5325432864740253,logistic,False,False,False,post,post,placebo,none,live,,
36,2,communication,-0.39190044844572725,0.37860362638438966,-0.199820054362281,0.6092787831726069,25,8,0.32,25,0,0,0.32,0.0,0.0,True,0.9880644236193915,logistic,False,False,False,post,post,placebo,none,live,,
36,3,communication,-0.6718442365595262,0.2940487404333434,-0.2417461169630407,0.41652838839588335,25,20,0.8,25,0,0,0.8,0.0,0.0,True,0.9962973716738209,logistic,False,False,False,post,post,placebo,none,live,,
36,4,communication,-0.8973425899768486,0.3120082622509484,-0.11528245283238109,0.4535058273690417,25,24,0.96,25,0,0,0.96,0.0,0.0,True,0.9998006959527599,logistic,False,False,False,post,post,placebo,none,live,,
36,5,communication,1.524948371786335,0.331828049155785,-0.16149387906507345,0.4966207407188081,25,0,0.0,25,0,0,0.0,0.0,0.0,False,5.1224561811837035e-06,logistic,False,False,False,post,post,placebo,none,live,,
36,6,communication,0.22414100093338596,0.47994847643919736,-0.07317386779401897,0.922886396242013,25,0,0.0,25,0,0,0.0,0.0,0.0,False,0.7888417055049961,logistic,False,False,False,post,post,placebo,none,live,,
36,7,communication,-0.30597250097079404,0.3752823160994482,-0.09704908496314828,0.6007230558230668,25,14,0.56,25,0,0,0.56,0.0,0.0,True,0.9745875037016698,logistic,False,False,False,post,post,placebo,none,live,,
36,8,communication,-0.5136579839028435,0.36550959475857187,-0.26118240458470104,0.576067962161686,25,12,0.48,25,0,0,0.48,0.0,0.0,True,0.9951562482363423,logistic,False,False,False,post,post,placebo,none,live,,
36,9,communication,0.013271637059946523,0.18816694631690487,-0.2167895473622224,0.23178034629562788,25,0,0.0,25,0,0,0.0,0.0,0.0,False,0.381445331268313,logistic,False,False,False,post,post,placebo,none,live,,
37,0,communication,1.703562469813435,0.17362441633997466,0.12074081195373051,0.21010351681857595,25,0,0.0,25,0,0,0.0,0.0,0.0,False,7.718494268377274e-10,logistic,False,False,False,post,post,placebo,none,live,,
37,1,communication,0.03134674006539709,0.24619755055190007,0.16039737950647853,0.3266075226104065,25,14,0.56,25,0,0,0.56,0.0,0.0,True,0.5118328811741982,logistic,False,False,False,post,post,placebo,none,live,,
37,2,communication,-0.4246851724757526,0.20642797385529132,0.12341282532823411,0.26012506370486527,25,24,0.96,25,0,0,0.96,0.0,0.0,True,0.9005745634800728,logistic,False,False,False,post,post,placebo,none,live,,
37,3,communication,-0.5921137507463898,0.1987690372494938,0.023867376186775202,0.24807957566585964,25,21,0.84,25,0,0,0.84,0.0,0.0,True,0.9632931077668204,logistic,False,False,False,post,post,placebo,none,live,,
37,4,communication,0.5349951259448261,0.09598964092292966,0.1433703780276295,0.10618201435316316,25,0,0.0,25,0,0,0.0,0.0,0.0,False,0.002819226432743934,logistic,False,False,False,post,post,placebo,none,live,,
37,5,communication,0.24017647426466832,0.022300272900635222,0.09795286173481427,0.022808917996525957,25,0,0.0,25,0,0,0.0,0.0,0.0,False,0.003122270851302121,logistic,False,False,False,post,post,placebo,none,live,,
37,6,communication,1.1445982322768937,0.16716912977341422,0.12189966927301372,0.20072398340365677,25,0,0.0,25,0,0,0.0,0.0,0.0,False,1.2026362661270999e-05,logistic,False,False,False,post,post,placebo,none,live,,
37,7,communication,0.28483123808151367,1.0,0.08412616771504186,-0.13119723773189473,25,1,0.04,25,0,0,0.04,0.0,0.0,False,0.0,logistic,False,False,False,post,post,placebo,none,live,,
37,8,communication,-0.6615640322364709,1.0,0.17256124192930816,-0.03752669825918453,25,24,0.96,25,0,0,0.96,0.0,0.0,True,0.0,logistic,False,False,False,post,post,placebo,none,live,,
37,9,communication,-1.6640052650839772,0.23099241139423846,0.15566213484926225,0.3003772847196944,25,25,1.0,25,0,0,1.0,0.0,0.0,True,0.9999999880482718,logistic,False,False,False,post,post,placebo,none,live,,
38,0,communication,-0.970880248884633,0.48653248934321014,-0.05600154449552451,0.947542890729101,25,25,1.0,25,0,0,1.0,0.0,0.0,True,0.9999992974434011,logistic,False,False,False,post,post,placebo,none,live,,
38,1,communication,0.19336091780412565,0.4376082696484946,0.001658806121116664,0.7781200292098555,25,1,0.04,25,0,0,0.04,0.0,0.0,False,0.7444487371353828,logistic,False,False,False,post,post,placebo,none,live,,
38,2,communication,-0.6632988181404728,0.445094041586721,-0.055703359206504266,0.8021071585885314,25,18,0.72,25,0,0,0.72,0.0,0.0,True,0.9998121405514916,logistic,False,False,False,post,post,placebo,none,live,,
38,3,communication,0.7009859597351787,0.2962141858633923,0.0476844052860016,0.4208868378894263,25,0,0.0,25,0,0,0.0,0.0,0.0,False,0.02974466223788159,logistic,False,False,False,post,post,placebo,none,live,,
38,4,communication,2.11419668555383,0.17863421987043565,-0.0003985062291356478,0.21748437077845806,25,0,0.0,25,0,0,0.0,0.0,0.0,False,8.375557149173071e-14,logistic,False,False,False,post,post,placebo,none,live,,
38,5,communication,0.9688724958299515,0.3644296822528548,-0.11533399498896736,0.5733900279431225,25,0,0.0,25,0,0,0.0,0.0,0.0,False,0.009101749211132285,logistic,False,False,False,post,post,placebo,none,live,,
38,6,communication,0.38163265101826754,0.4252427748136453,-0.07100334813810279,0.7398650354952354,25,0,0.0,25,0,0,0.0,0.0,0.0,False,0.48279821253702293,logistic,False,False,False,post,post,placebo,none,live,,
38,7,communication,-1.0597948949860267,0.41688002571398547,-0.02593290912629921,0.7149129580485095,25,25,1.0,25,0,0,1.0,0.0,0.0,True,0.9999987757271374,logistic,False,False,False,post,post,placebo,none,live,,
38,8,communication,-0.5541964892900995,0.4567328778529547,0.00039997814660106684,0.8407151090754421,25,22,0.88,25,0,0,0.88,0.0,0.0,True,0.9994450886280309,logistic,False,False,False,post,post,placebo,none,live,,
38,9,communication,1.209084558134892,0.3865362966965938,-0.05062948802372642,0.6300882914753656,25,0,0.0,25,0,0,0.0,0.0,0.0,False,0.001222017100646612,logistic,False,False,False,post,post,placebo,none,live,,
39,0,communication,-2.524108778771841,0.46645955833852937,-0.06627526230795261,0.8742721674217457,25,24,0.96,25,0,0,0.96,0.0,0.0,True,1.0,logistic,False,False,False,post,post,placebo,none,live,,
39,1,communication,-0.5794410110595454,0.4537506701906865,-0.1251533092173157,0.8306658615930628,25,17,0.68,25,0,0,0.68,0.0,0.0,True,0.9995622974942999,logistic,False,False,False,post,post,placebo,none,live,,
39,2,communication,-0.8595449160360752,0.40201203134128943,-0.14717077622435423,0.672274447666571,25,23,0.92,25,0,0,0.92,0.0,0.0,True,0.9999620590304287,logistic,False,False,False,post,post,placebo,none,live,,
39,3,communication,-2.233643124833661,0.4232728954380786,-0.13053681758586988,0.7339223214757599,25,25,1.0,25,0,0,1.0,0.0,0.0,True,1.0,logistic,False,False,False,post,post,placebo,none,live,,
39,4,communication,-0.6789250079211474,0.4696714590640171,-0.05021171559398929,0.8856235763496502,25,21,0.84,25,0,0,0.84,0.0,0.0,True,0.9999124807381377,logistic,False,False,False,post,post,placebo,none,live,,
39,5,communication,-0.38090763084616436,0.399926665308115,-0.10371694617612633,0.6664629840842073,25,21,0.84,25,0,0,0.84,0.0,0.0,True,0.990594214105352,logistic,False,False,False,post,post,placebo,none,live,,
39,6,communication,-1.5306114386229832,0.3938750458497409,-0.032726173711091,0.649824830924382,25,25,1.0,25,0,0,1.0,0.0,0.0,True,0.9999999996019959,logistic,False,False,False,post,post,placebo,none,live,,
39,7,communication,-1.0030061183566201,0.5111598348568345,-0.11863447033860798,1.04565842028781,25,25,1.0,25,0,0,1.0,0.0,0.0,True,0.9999998064526813,logistic,False,False,False,post,post,placebo,none,live,,
39,8,communication,0.36634929752322143,0.5079120568945258,-0.21301919083206602,1.0321570849494677,25,0,0.0,25,0,0,0.0,0.0,0.0,False,0.6885377278028186,logistic,False,False,False,post,post,placebo,none,live,,
39,9,communication,-0.3682434522047288,0.3996025968546262,-0.0925660889513803,0.6655634997106585,25,15,0.6,25,0,0,0.6,0.0,0.0,True,0.9894198201914001,logistic,False,False,False,post,post,placebo,none,live,,
40,0,communication,-0.899335939269341,0.2580395938766205,-0.1345434190276809,0.3477808138372703,25,24,0.96,25,0,0,0.96,0.0,0.0,True,0.9993328938151553,logistic,False,False,False,post,post,placebo,none,live,,
40,1,communication,1.2758141945455108,0.17428182854735674,-0.18797265469929975,0.21106696518589596,25,0,0.0,25,0,0,0.0,0.0,0.0,False,2.0215585817586013e-06,logistic,False,False,False,post,post,placebo,none,live,,
40,2,communication,-0.10940324808488852,0.07235633492125645,-0.1359092083006326,0.07800013911065133,25,4,0.16,25,0,0,0.16,0.0,0.0,True,0.196940914034626,logistic,False,False,False,post,post,placebo,none,live,,
40,3,communication,-0.8482285119214796,0.25881111601782847,-0.18850093092691306,0.3491837527666617,25,25,1.0,25,0,0,1.0,0.0,0.0,True,0.9988292939447297,logistic,False,False,False,post,post,placebo,none,live,,
40,4,communication,-1.6554313010402617,0.1708705247201171,-0.12332857232686104,0.2060842483768143,25,25,1.0,25,0,0,1.0,0.0,0.0,True,0.9999998603774198,logistic,False,False,False,post,post,placebo,none,live,,
40,5,communication,0.9227173954111633,0.04461560050103733,-0.17941275110808994,0.046699109305568864,25,0,0.0,25,0,0,0.0,0.0,0.0,False,1.8597255486058931e-06,logistic,False,False,False,post,post,placebo,none,live,,
40,6,communication,1.4337250947537652,1.0,-0.11966770068561328,-0.1184233947146707,25,0,0.0,25,0,0,0.0,0.0,0.0,False,0.0,logistic,False,False,False,post,post,placebo,none,live,,
40,7,communication,1.6709934879203037,1.0,-0.05825423182947806,-0.18731978964784993,25,0,0.0,25,0,0,0.0,0.0,0.0,False,0.0,logistic,False,False,False,post,post,placebo,none,live,,
40,8,communication,-0.31534939417543195,0.04129627225101317,-0.11732157883893057,0.04307511388109006,25,11,0.44,25,0,0,0.44,0.0,0.0,True,0.2921829205081446,logistic,False,False,False,post,post,placebo,none,live,,
40,9,communication,0.17290626467306291,0.17067318167506004,-0.07003183648725543,0.20579725375308955,25,1,0.04,25,0,0,0.04,0.0,0.0,False,0.16879146431213105,logistic,False,False,False,post,post,placebo,none,live,,
41,0,communication,1.2165872127294446,0.30953703618775075,-0.11632743524976717,0.44830360556735105,25,0,0.0,25,0,0,0.0,0.0,0.0,False,0.0002152341416644016,logistic,False,False,False,post,post,placebo,none,live,,
41,1,communication,-0.280015291835937,0.27805221254297635,0.05051193972659643,0.38514171990523394,25,16,0.64,25,0,0,0.64,0.0,0.0,True,0.8982401298721575,logistic,False,False,False,post,post,placebo,none,live,,
41,2,communication,-2.255606953953087,0.3174835195749068,0.04853650244334545,0.465166085626486,25,25,1.0,25,0,0,1.0,0.0,0.0,True,0.9999999999999998,logistic,False,False,False,post,post,placebo,none,live,,
41,3,communication,-0.2778388874178303,0.2352517196921079,-0.043836159318270396,0.3076198087001833,25,13,0.52,25,0,0,0.52,0.0,0.0,True,0.8385808009074451,logistic,False,False,False,post,post,placebo,none,live,,
41,4,communication,-0.45736862841195636,0.2672150848809624,0.04860653366452425,0.3646569127825926,25,23,0.92,25,0,0,0.92,0.0,0.0,True,0.9635951297743115,logistic,False,False,False,post,post,placebo,none,live,,
41,5,communication,0.966618559885316,0.3432617327258764,-0.055897777831042696,0.522676612329335,25,0,0.0,25,0,0,0.0,0.0,0.0,False,0.006542755341651702,logistic,False,False,False,post,post,placebo,none,live,,
41,6,communication,-0.5416543211735676,0.2883193688278017,-0.17019116544114538,0.40512465310867773,25,20,0.8,25,0,0,0.8,0.0,0.0,True,0.9863875425041204,logistic,False,False,False,post,post,placebo,none,live,,
41,7,communication,0.4598558657442433,0.152588741113752,-0.004059064549213731,0.18006456665952172,25,0,0.0,25,0,0,0.0,0.0,0.0,False,0.02020089051483039,logistic,False,False,False,post,post,placebo,none,live,,
41,8,communication,0.736449095012836,0.19671615213660415,-0.031011479336143462,0.24488996344173614,25,0,0.0,25,0,0,0.0,0.0,0.0,False,0.003994678950232017,logistic,False,False,False,post,post,placebo,none,live,,
41,9,communication,0.07507221468438599,0.30938723233950766,0.002278710012341867,0.44798944767207594,25,2,0.08,25,0,0,0.08,0.0,0.0,True,0.6115886696328184,logistic,False,False,False,post,post,placebo,none,live,,
42,0,communication,-1.0545783925592103,0.3415010534548879,-0.2839871463998626,0.5186053147793344,25,23,0.92,25,0,0,0.92,0.0,0.0,True,0.9999890814478732,logistic,False,False,False,post,post,placebo,none,live,,
42,1,communication,0.34731399358837917,0.4386355303354211,-0.2689683126453983,0.7813738739067515,25,0,0.0,25,0,0,0.0,0.0,0.0,False,0.5596080587463577,logistic,False,False,False,post,post,placebo,none,live,,
42,2,communication,-1.4867725635587004,0.3813880476280111,-0.2298191200192607,0.616522274045348,25,24,0.96,25,0,0,0.96,0.0,0.0,True,0.9999999984419751,logistic,False,False,False,post,post,placebo,none,live,,
42,3,communication,-0.6333788099483065,0.3396051592677554,-0.3223388014784858,0.5142456274964259,25,18,0.72,25,0,0,0.72,0.0,0.0,True,0.9976707000008953,logistic,False,False,False,post,post,placebo,none,live,,
42,4,communication,-0.7291792026856165,0.32059880840967114,-0.2730278949523058,0.4718843775637482,25,21,0.84,25,0,0,0.84,0.0,0.0,True,0.9987902646761344,logistic,False,False,False,post,post,placebo,none,live,,
42,5,communication,-3.0931427379047505,0.3538484915373333,-0.39755858269546307,0.5476246467012279,25,25,1.0,25,0,0,1.0,0.0,0.0,True,1.0,logistic,False,False,False,post,post,placebo,none,live,,
42,6,communication,0.9386481576295853,0.21068668359489487,-0.18263892716465385,0.26692402017801836,25,0,0.0,25,0,0,0.0,0.0,0.0,False,0.0006176985242414627,logistic,False,False,False,post,post,placebo,none,live,,
42,7,communication,0.35434604158843525,0.29555713032348446,-0.2879840391176263,0.41956153301573784,25,0,0.0,25,0,0,0.0,0.0,0.0,False,0.23172278295978255,logistic,False,False,False,post,post,placebo,none,live,,
42,8,communication,-2.1118398171790354,0.37641686220955883,-0.30813613729274875,0.6036354086534905,25,25,1.0,25,0,0,1.0,0.0,0.0,True,0.9999999999999992,logistic,False,False,False,post,post,placebo,none,live,,
42,9,communication,-0.9556572840423633,0.335541995180636,-0.352283650614151,0.5049860077641094,25,22,0.88,25,0,0,0.88,0.0,0.0,True,0.9999476291839036,logistic,False,False,False,post,post,placebo,none,live,,
43,0,communication,-1.2574143585628608,0.33982578129198343,-0.2857292654036748,0.5147516695775156,25,23,0.92,25,0,0,0.92,0.0,0.0,True,0.9999995473853018,logistic,False,False,False,post,post,placebo,none,live,,
43,1,communication,-0.8180637933422585,0.40828722031558656,-0.2518629224437707,0.6900091299926701,25,20,0.8,25,0,0,0.8,0.0,0.0,True,0.9999423438272277,logistic,False,False,False,post,post,placebo,none,live,,
43,2,communication,-1.5867963665800016,0.3335318040625893,-0.22839726775122643,0.5004466921237932,25,24,0.96,25,0,0,0.96,0.0,0.0,True,0.9999999988203478,logistic,False,False,False,post,post,placebo,none,live,,
43,3,communication,2.1598153349064284,0.29848585700066965,-0.24746938263873902,0.4254880104405174,25,0,0.0,25,0,0,0.0,0.0,0.0,False,8.29904395758106e-12,logistic,False,False,False,post,post,placebo,none,live,,
43,4,communication,-1.4351578936106775,0.4163857646690329,-0.13622159034097853,0.7134606037032336,25,25,1.0,25,0,0,1.0,0.0,0.0,True,0.9999999987439238,logistic,False,False,False,post,post,placebo,none,live,,
43,5,communication,-0.7310408971152542,0.32881910759217126,-0.15370145666053092,0.48991130604530286,25,22,0.88,25,0,0,0.88,0.0,0.0,True,0.9989981737428929,logistic,False,False,False,post,post,placebo,none,live,,
43,6,communication,-0.15390679176410113,0.32747144967835884,-0.29077393138039526,0.48692572162437336,25,1,0.04,25,0,0,0.04,0.0,0.0,True,0.8765043276912023,logistic,False,False,False,post,post,placebo,none,live,,
43,7,communication,0.5920599097965342,0.18430093135420636,-0.16519641197475401,0.22594230941096805,25,0,0.0,25,0,0,0.0,0.0,0.0,False,0.011963731379107572,logistic,False,False,False,post,post,placebo,none,live,,
43,8,communication,0.13518875393654392,0.3781417915907432,-0.18734586768469716,0.6080836217600923,25,1,0.04,25,0,0,0.04,0.0,0.0,False,0.6912789024605913,logistic,False,False,False,post,post,placebo,none,live,,
43,9,communication,1.096298248043138,0.29220710421829565,-0.16360070799284673,0.4128426633832976,25,0,0.0,25,0,0,0.0,0.0,0.0,False,0.0006249262814878038,logistic,False,False,False,post,post,placebo,none,live,,
44,0,communication,-1.0596277481179084,0.18023228309597966,0.15396184925101114,0.21985774674886538,25,24,0.96,25,0,0,0.96,0.0,0.0,True,0.9993554302149867,logistic,False,False,False,post,post,placebo,none,live,,
44,1,communication,1.4844107287034745,0.01726771067251776,0.15442035823632078,0.01757112375368744,25,0,0.0,25,0,0,0.0,0.0,0.0,False,1.2416433136901033e-12,logistic,False,False,False,post,post,placebo,none,live,,
44,2,communication,-0.24599825381572785,0.20790125593705597,0.1812902602608075,0.26246886198892283,25,15,0.6,25,0,0,0.6,0.0,0.0,True,0.7578093972940503,logistic,False,False,False,post,post,placebo,none,live,,
44,3,communication,-0.37192230324019304,0.14938355236347398,0.2338415126790793,0.17561799184408267,25,25,1.0,25,0,0,1.0,0.0,0.0,True,0.7576006244914248,logistic,False,False,False,post,post,placebo,none,live,,
44,4,communication,-0.7220406964162127,0.2521927867647939,0.1436632984570021,0.33724305182045927,25,24,0.96,25,0,0,0.96,0.0,0.0,True,0.9950576898533305,logistic,False,False,False,post,post,placebo,none,live,,
44,5,communication,0.17984787325761836,0.18896023807586798,0.24752339634310666,0.2329851715624568,25,1,0.04,25,0,0,0.04,0.0,0.0,False,0.19728475521633976,logistic,False,False,False,post,post,placebo,none,live,,
44,6,communication,-0.9880333564633381,1.0,0.18633930693632972,-0.061874287992789684,25,25,1.0,25,0,0,1.0,0.0,0.0,True,0.0,logistic,False,False,False,post,post,placebo,none,live,,
44,7,communication,-0.7062390917472747,0.12880941906977256,0.21910758363542987,0.14785446708139827,25,25,1.0,25,0,0,1.0,0.0,0.0,True,0.9506774486750564,logistic,False,False,False,post,post,placebo,none,live,,
44,8,communication,1.378695333022575,0.11495031066575163,0.19112472685303056,0.12988006442013386,25,0,0.0,25,0,0,0.0,0.0,0.0,False,3.097173090938141e-08,logistic,False,False,False,post,post,placebo,none,live,,
44,9,communication,1.0565278764510053,0.14615764425677003,0.20678447252478277,0.1711763808315021,25,0,0.0,25,0,0,0.0,0.0,0.0,False,2.1790731802291396e-05,logistic,False,False,False,post,post,placebo,none,live,,
45,0,communication,1.3060157951979037,0.39469870790813943,-0.11870908298828825,0.652069825498142,25,0,0.0,25,0,0,0.0,0.0,0.0,False,0.00047519248721979846,logistic,False,False,False,post,post,placebo,none,live,,
45,1,communication,-0.5360239706953546,0.34896920385033525,-0.06600799050085873,0.5360256471955146,25,24,0.96,25,0,0,0.96,0.0,0.0,True,0.994794521236554,logistic,False,False,False,post,post,placebo,none,live,,
45,2,communication,2.3393279179730078,0.37762170285480673,-0.07885344949335885,0.6067398310431641,25,0,0.0,25,0,0,0.0,0.0,0.0,False,3.6730933798538974e-12,logistic,False,False,False,post,post,placebo,none,live,,
45,3,communication,2.154289561535158,0.2507420877618034,-0.17511702239197968,0.3346539071076102,25,0,0.0,25,0,0,0.0,0.0,0.0,False,1.1308650157691615e-12,logistic,False,False,False,post,post,placebo,none,live,,
45,4,communication,0.4872674952110692,0.24828517518971815,-0.1731276601890787,0.330291710360216,25,0,0.0,25,0,0,0.0,0.0,0.0,False,0.06990436445847505,logistic,False,False,False,post,post,placebo,none,live,,
45,5,communication,1.2247437992255472,0.40006957812470834,-0.11229299596607845,0.6668599616504718,25,0,0.0,25,0,0,0.0,0.0,0.0,False,0.0013407037241128193,logistic,False,False,False,post,post,placebo,none,live,,
45,6,communication,0.21706607992496882,0.37850891426225075,-0.13175639545410348,0.6090335371631866,25,0,0.0,25,0,0,0.0,0.0,0.0,False,0.5904658643600389,logistic,False,False,False,post,post,placebo,none,live,,
45,7,communication,-0.06572943600457619,0.4756485114241444,-0.15600082059955,0.9071176906849467,25,4,0.16,25,0,0,0.16,0.0,0.0,True,0.9593781582236921,logistic,False,False,False,post,post,placebo,none,live,,
45,8,communication,-1.1240780643197343,0.4264229765867867,-0.1934520819874622,0.7434450111848104,25,25,1.0,25,0,0,1.0,0.0,0.0,True,0.9999996867247612,logistic,False,False,False,post,post,placebo,none,live,,
45,9,communication,-1.452455444706591,0.29923442121505606,-0.1484196870705741,0.427010729799112,25,24,0.96,25,0,0,0.96,0.0,0.0,True,0.9999999458934787,logistic,False,False,False,post,post,placebo,none,live,,
46,0,communication,-1.250137133327515,1.0,-0.0657324439834554,-0.11851855919366017,25,24,0.96,25,0,0,0.96,0.0,0.0,True,0.0,logistic,False,False,False,post,post,placebo,none,live,,
46,1,communication,-0.5195852859647149,0.17544879439742805,0.02643861660006766,0.21278095672567993,25,21,0.84,25,0,0,0.84,0.0,0.0,True,0.9168101458460922,logistic,False,False,False,post,post,placebo,none,live,,
46,2,communication,0.4229297811837175,0.2611326518053928,-0.06968756516414368,0.35342291474032517,25,0,0.0,25,0,0,0.0,0.0,0.0,False,0.11916301991696981,logistic,False,False,False,post,post,placebo,none,live,,
46,3,communication,0.3774813830120812,0.009241116627010739,-0.060775164520264116,0.009327311399469684,25,0,0.0,25,0,0,0.0,0.0,0.0,False,0.00016965309990367853,logistic,False,False,False,post,post,placebo,none,live,,
46,4,communication,-1.5088916316688574,0.32625887523253205,0.059814331376872316,0.48424960751080115,25,25,1.0,25,0,0,1.0,0.0,0.0,True,0.9999999927298397,logistic,False,False,False,post,post,placebo,none,live,,
46,5,communication,-1.0189594938598037,0.2564647029417123,-0.02792904563923548,0.3449260633037672,25,25,1.0,25,0,0,1.0,0.0,0.0,True,0.9998391266750092,logistic,False,False,False,post,post,placebo,none,live,,
46,6,communication,-1.218453818685564,0.1653719355795757,-0.09921643546063313,0.19813847943683988,25,25,1.0,25,0,0,1.0,0.0,0.0,True,0.9998637528975052,logistic,False,False,False,post,post,placebo,none,live,,
46,7,communication,-0.25232130221208865,0.2401478554153258,0.09651328582610502,0.31604550586165375,25,17,0.68,25,0,0,0.68,0.0,0.0,True,0.825295648358706,logistic,False,False,False,post,post,placebo,none,live,,
46,8,communication,-0.10345465219003519,0.019984228200982217,0.00886850093816547,0.020391741414831632,25,8,0.32,25,0,0,0.32,0.0,0.0,True,0.05023163613339328,logistic,False,False,False,post,post,placebo,none,live,,
46,9,communication,-0.10508999164517607,0.23552794088696086,-0.029364141675553734,0.3080922815677876,25,4,0.16,25,0,0,0.16,0.0,0.0,True,0.6607939683012952,logistic,False,False,False,post,post,placebo,none,live,,
47,0,communication,0.4594156733472975,1.0,0.252041176211709,-0.10212504991808405,25,0,0.0,25,0,0,0.0,0.0,0.0,False,0.0,logistic,False,False,False,post,post,placebo,none,live,,
47,1,communication,-0.09625491844661427,0.008038901695948885,0.15575517609515388,0.008104049352028964,25,12,0.48,25,0,0,0.48,0.0,0.0,True,0.019723253650493006,logistic,False,False,False,post,post,placebo,none,live,,
47,2,communication,0.5569473028126491,1.0,0.24816944387219433,-0.040515219232524574,25,0,0.0,25,0,0,0.0,0.0,0.0,False,0.0,logistic,False,False,False,post,post,placebo,none,live,,
47,3,communication,0.2984804934859918,0.16576588434599937,0.25413207793347425,0.19870427405866356,25,1,0.04,25,0,0,0.04,0.0,0.0,False,0.0787668416369876,logistic,False,False,False,post,post,placebo,none,live,,
47,4,communication,-0.7456616378445406,0.08057168049258794,0.2235989254847649,0.08763236761703683,25,25,1.0,25,0,0,1.0,0.0,0.0,True,0.9119521452152827,logistic,False,False,False,post,post,placebo,none,live,,
47,5,communication,-0.2321187916775305,0.18816321746543702,0.1761067954943302,0.23177468859933828,25,21,0.84,25,0,0,0.84,0.0,0.0,True,0.6971617768810635,logistic,False,False,False,post,post,placebo,none,live,,
47,6,communication,0.47195556111444203,0.17540094552837984,0.2044218611601375,0.21271058289142936,25,0,0.0,25,0,0,0.0,0.0,0.0,False,0.027331177536159594,logistic,False,False,False,post,post,placebo,none,live,,
47,7,communication,-0.853891769925927,0.11223031936790503,0.18985451295688366,0.12641828372421626,25,24,0.96,25,0,0,0.96,0.0,0.0,True,0.9775534557555757,logistic,False,False,False,post,post,placebo,none,live,,
47,8,communication,0.5984620678439214,0.3139746420811694,0.22808555097413516,0.45767206482521644,25,1,0.04,25,0,0,0.04,0.0,0.0,False,0.07594225356390814,logistic,False,False,False,post,post,placebo,none,live,,
47,9,communication,1.8461957507924678,0.2051888407783371,0.2229210687521804,0.25816049309029954,25,0,0.0,25,0,0,0.0,0.0,0.0,False,1.5544130352121996e-10,logistic,False,False,False,post,post,placebo,none,live,,
48,0,communication,0.588934502799295,0.24210185917547714,0.1660785104263901,0.31943851836355314,25,1,0.04,25,0,0,0.04,0.0,0.0,False,0.03175057070706755,logistic,False,False,False,post,post,placebo,none,live,,
48,1,communication,0.20880156556173202,0.27194682082434746,0.14666008882755838,0.37352603985915245,25,2,0.08,25,0,0,0.08,0.0,0.0,False,0.34588601576768724,logistic,False,False,False,post,post,placebo,none,live,,
48,2,communication,0.6731521623106218,0.36127204797008344,0.27256597713770525,0.5656117707420487,25,0,0.0,25,0,0,0.0,0.0,0.0,False,0.08155902875656185,logistic,False,False,False,post,post,placebo,none,live,,
48,3,communication,-2.1000569736916037,0.34670724233233097,0.1922377090625123,0.5307073104102914,25,25,1.0,25,0,0,1.0,0.0,0.0,True,0.9999999999999958,logistic,False,False,False,post,post,placebo,none,live,,
48,4,communication,-1.5008930737008541,0.37801123103774764,0.2474406232123501,0.6077460717955321,25,25,1.0,25,0,0,1.0,0.0,0.0,True,0.999999998678049,logistic,False,False,False,post,post,placebo,none,live,,
48,5,communication,-1.003020851381484,0.3390297432434381,0.21826146241370428,0.5129273817964007,25,25,1.0,25,0,0,1.0,0.0,0.0,True,0.999975293836831,logistic,False,False,False,post,post,placebo,none,live,,
48,6,communication,-0.5943337775203523,0.2868930815254126,0.2647487911532196,0.4023142590442228,25,25,1.0,25,0,0,1.0,0.0,0.0,True,0.9912240666229672,logistic,False,False,False,post,post,placebo,none,live,,
48,7,communication,-0.7626331013888981,0.2737189863345939,0.1642652341091529,0.3768775187350482,25,24,0.96,25,0,0,0.96,0.0,0.0,True,0.9978339096909121,logistic,False,False,False,post,post,placebo,none,live,,
48,8,communication,-0.6560044505076055,0.27500883009101584,0.2217961972851032,0.3793271442541026,25,25,1.0,25,0,0,1.0,0.0,0.0,True,0.9938885681525776,logistic,False,False,False,post,post,placebo,none,live,,
48,9,communication,-0.16423549943003937,0.3979002259846321,0.22409901032515864,0.6608543021550382,25,17,0.68,25,0,0,0.68,0.0,0.0,True,0.9468446384951251,logistic,False,False,False,post,post,placebo,none,live,,
49,0,communication,0.23596746301760652,1.0,-0.38630685583750224,-0.15798046111106923,25,0,0.0,25,0,0,0.0,0.0,0.0,False,0.0,logistic,False,False,False,post,post,placebo,none,live,,
49,1,communication,-0.31071032886444067,1.0,-0.588704474968515,-0.17279384579512214,25,0,0.0,25,0,0,0.0,0.0,0.0,True,0.0,logistic,False,False,False,post,post,placebo,none,live,,
49,2,communication,-1.2766184419512785,1.0,-0.4850096325694664,-0.08574058005927716,25,23,0.92,25,0,0,0.92,0.0,0.0,True,0.0,logistic,False,False,False,post,post,placebo,none,live,,
49,3,communication,-0.5888848468263788,1.0,-0.400012367576765,-0.2328735190046601,25,5,0.2,25,0,0,0.2,0.0,0.0,True,0.0,logistic,False,False,False,post,post,placebo,none,live,,
49,4,communication,-2.1538295743936873,1.0,-0.4321592897743426,-0.05013970239281301,25,25,1.0,25,0,0,1.0,0.0,0.0,True,0.0,logistic,False,False,False,post,post,placebo,none,live,,
49,5,communication,-0.4980717121080367,1.0,-0.4544355579133738,-0.0663021852672746,25,2,0.08,25,0,0,0.08,0.0,0.0,True,0.0,logistic,False,False,False,post,post,placebo,none,live,,
49,6,communication,-1.5653712538498308,1.0,-0.5101908314841463,-0.1383387544206527,25,25,1.0,25,0,0,1.0,0.0,0.0,True,0.0,logistic,False,False,False,post,post,placebo,none,live,,
49,7,communication,-1.2527802312148597,1.0,-0.5403266005120073,-0.2018470298726026,25,25,1.0,25,0,0,1.0,0.0,0.0,True,0.0,logistic,False,False,False,post,post,placebo,none,live,,
49,8,communication,-2.669117363413742,1.0,-0.4876053654965693,-0.2680908105785465,25,25,1.0,25,0,0,1.0,0.0,0.0,True,0.0,logistic,False,False,False,post,post,placebo,none,live,,
49,9,communication,-2.010957321405858,1.0,-0.5344630718221498,-0.059765868344384576,25,25,1.0,25,0,0,1.0,0.0,0.0,True,0.0,logistic,False,False,False,post,post,placebo,none,live,,
50,0,communication,-2.3246614063469546,0.1342002722045341,0.05731137119603338,0.15500151812964902,25,24,0.96,25,0,0,0.96,0.0,0.0,True,0.9999999999993268,logistic,False,False,False,post,post,placebo,none,live,,
50,1,communication,0.05480020275669149,0.1659621353807829,-0.006752525147938468,0.1989863319413603,25,1,0.04,25,0,0,0.04,0.0,0.0,False,0.2743512763948256,logistic,False,False,False,post,post,placebo,none,live,,
50,2,communication,-2.0904375126723753,0.18160336757225184,-0.007896585953479385,0.2219014110963911,25,25,1.0,25,0,0,1.0,0.0,0.0,True,0.9999999999866943,logistic,False,False,False,post,post,placebo,none,live,,
50,3,communication,-0.679624403778882,0.29900916039457054,0.006214511703858738,0.4265521651650618,25,22,0.88,25,0,0,0.88,0.0,0.0,True,0.9968796544044409,logistic,False,False,False,post,post,placebo,none,live,,
50,4,communication,-0.06013177617636775,1.0,0.08445005504464906,-0.0681589803554416,25,10,0.4,25,0,0,0.4,0.0,0.0,True,0.0,logistic,False,False,False,post,post,placebo,none,live,,
50,5,communication,1.4378929379018452,0.032971780248654214,0.00490868706401763,0.034095985592987474,25,0,0.0,25,0,0,0.0,0.0,0.0,False,3.471632278319426e-11,logistic,False,False,False,post,post,placebo,none,live,,
50,6,communication,-0.08097112775687289,0.20510738167939177,-0.07778389931790748,0.2580315591717631,25,2,0.08,25,0,0,0.08,0.0,0.0,True,0.5517481483699851,logistic,False,False,False,post,post,placebo,none,live,,
50,7,communication,0.803740389894768,0.22389359898418715,0.020049675332369676,0.288483123823154,25,0,0.0,25,0,0,0.0,0.0,0.0,False,0.0035519724663652693,logistic,False,False,False,post,post,placebo,none,live,,
50,8,communication,-2.190191883271349,0.1795172762795899,0.02735638001464054,0.2187947059574684,25,25,1.0,25,0,0,1.0,0.0,0.0,True,0.9999999999985432,logistic,False,False,False,post,post,placebo,none,live,,
50,9,communication,1.2166926361837151,0.31715153058627826,0.07339558316749864,0.464453747488923,25,0,0.0,25,0,0,0.0,0.0,0.0,False,0.0002562378174590337,logistic,False,False,False,post,post,placebo,none,live,,
51,0,communication,-1.516358953287634,1.0,-0.09587600063355346,-0.2176041045164385,25,24,0.96,25,0,0,0.96,0.0,0.0,True,0.0,logistic,False,False,False,post,post,placebo,none,live,,
51,1,communication,1.6674395989630464,0.22546486318500034,0.04211048489619404,0.2910970109272827,25,0,0.0,25,0,0,0.0,0.0,0.0,False,1.3454120976051897e-08,logistic,False,False,False,post,post,placebo,none,live,,
51,2,communication,-2.281133111588008,0.3141167849922845,-0.010193566886044567,0.45797415379052686,25,25,1.0,25,0,0,1.0,0.0,0.0,True,0.9999999999999999,logistic,False,False,False,post,post,placebo,none,live,,
51,3,communication,-0.11188171979226526,0.12440374032128619,0.01199891537904869,0.14207888504107383,25,9,0.36,25,0,0,0.36,0.0,0.0,True,0.3573196436299545,logistic,False,False,False,post,post,placebo,none,live,,
51,4,communication,0.46244020983652495,0.18982577108414192,-0.030509262518811,0.2343024059629235,25,0,0.0,25,0,0,0.0,0.0,0.0,False,0.03694827767114375,logistic,False,False,False,post,post,placebo,none,live,,
51,5,communication,0.6563248778096756,0.3352253650415791,-0.10978715579352034,0.5042691875007328,25,0,0.0,25,0,0,0.0,0.0,0.0,False,0.06734491491839946,logistic,False,False,False,post,post,placebo,none,live,,
51,6,communication,1.6333262108000948,1.0,0.01894950435675569,-0.12453703104622535,25,0,0.0,25,0,0,0.0,0.0,0.0,False,0.0,logistic,False,False,False,post,post,placebo,none,live,,
51,7,communication,-0.38949315332337187,1.0,0.03004202169370809,-0.05121712778366691,25,21,0.84,25,0,0,0.84,0.0,0.0,True,0.0,logistic,False,False,False,post,post,placebo,none,live,,
51,8,communication,-1.1066428035699891,0.20754713591028268,-0.07137252131254798,0.2619047079206282,25,25,1.0,25,0,0,1.0,0.0,0.0,True,0.9998185371297111,logistic,False,False,False,post,post,placebo,none,live,,
51,9,communication,1.4024308391958338,0.14256010288059753,0.06332088149886429,0.1662625023159441,25,0,0.0,25,0,0,0.0,0.0,0.0,False,6.878763918513057e-08,logistic,False,False,False,post,post,placebo,none,live,,
52,0,communication,1.0036410741028798,0.4077850097027617,0.06920531621394833,0.6885759671468136,25,0,0.0,25,0,0,0.0,0.0,0.0,False,0.013228628241207921,logistic,False,False,False,post,post,placebo,none,live,,
52,1,communication,-1.687048330867034,0.4702036192044962,0.08942745009991773,0.8875176128958687,25,25,1.0,25,0,0,1.0,0.0,0.0,True,0.9999999999994448,logistic,False,False,False,post,post,placebo,none,live,,
52,2,communication,0.7981237864201808,0.39925224139240445,0.09978843355667441,0.6645921448259507,25,0,0.0,25,0,0,0.0,0.0,0.0,False,0.056499655376495546,logistic,False,False,False,post,post,placebo,none,live,,
52,3,communication,-0.5362075005988063,0.3352181923319884,0.1316020154329583,0.5042529570836188,25,25,1.0,25,0,0,1.0,0.0,0.0,True,0.9934161855261258,logistic,False,False,False,post,post,placebo,none,live,,
52,4,communication,0.31529304217794624,0.39987821268230866,0.045098661427405276,0.6663284372153979,25,0,0.0,25,0,0,0.0,0.0,0.0,False,0.5112838625054779,logistic,False,False,False,post,post,placebo,none,live,,
52,5,communication,-0.9160266912794627,0.490848106254236,0.01680611239548821,0.9640504381573259,25,24,0.96,25,0,0,0.96,0.0,0.0,True,0.9999984691765541,logistic,False,False,False,post,post,placebo,none,live,,
52,6,communication,-0.8483178730740413,0.42214148138072943,0.025626447528833238,0.7305274003563884,25,24,0.96,25,0,0,0.96,0.0,0.0,True,0.9999730968141511,logistic,False,False,False,post,post,placebo,none,live,,
52,7,communication,1.2024458758603473,0.4394668862581497,0.15988296841498617,0.7840159224929273,25,0,0.0,25,0,0,0.0,0.0,0.0,False,0.003513264923037735,logistic,False,False,False,post,post,placebo,none,live,,
52,8,communication,-0.6441383564689225,0.40038680050190306,0.049341594564602693,0.667741805612426,25,24,0.96,25,0,0,0.96,0.0,0.0,True,0.9993797584344825,logistic,False,False,False,post,post,placebo,none,live,,
52,9,communication,0.8647169606415784,0.36679409012626984,0.06562171750637866,0.5792651085638375,25,0,0.0,25,0,0,0.0,0.0,0.0,False,0.022744773360727236,logistic,False,False,False,post,post,placebo,none,live,,
53,0,communication,-2.8420432018622073,0.2666015576025228,-0.47007948773228475,0.3635153038108496,25,24,0.96,25,0,0,0.96,0.0,0.0,True,1.0,logistic,False,False,False,post,post,placebo,none,live,,
53,1,communication,-0.28209315361420234,0.4589454246111039,-0.3804453861382567,0.848242387158866,25,0,0.0,25,0,0,0.0,0.0,0.0,True,0.991034447441451,logistic,False,False,False,post,post,placebo,none,live,,
53,2,communication,-0.4074589257721463,0.4357833952457118,-0.40233082761427386,0.7723689653470798,25,2,0.08,25,0,0,0.08,0.0,0.0,True,0.9959651442984557,logistic,False,False,False,post,post,placebo,none,live,,
53,3,communication,-1.3593398354369632,0.37948606666176654,-0.3231431060396555,0.6115673577549048,25,24,0.96,25,0,0,0.96,0.0,0.0,True,0.9999999798184296,logistic,False,False,False,post,post,placebo,none,live,,
53,4,communication,-0.8318491073617289,0.404528801384061,-0.3993119584209631,0.6793423465724492,25,19,0.76,25,0,0,0.76,0.0,0.0,True,0.9999476896229866,logistic,False,False,False,post,post,placebo,none,live,,
53,5,communication,-0.31872871271593095,0.5331489776845489,-0.3110867895489052,1.1420109461049874,25,6,0.24,25,0,0,0.24,0.0,0.0,True,0.9982653940352976,logistic,False,False,False,post,post,placebo,none,live,,
53,6,communication,0.6302352026182929,0.338144814102611,-0.39844907062700013,0.5109045321509884,25,0,0.0,25,0,0,0.0,0.0,0.0,False,0.0820875153675023,logistic,False,False,False,post,post,placebo,none,live,,
53,7,communication,-1.1290117321378776,0.4106685145179529,-0.35689149115059504,0.6968378996110214,25,25,1.0,25,0,0,1.0,0.0,0.0,True,0.9999995362826404,logistic,False,False,False,post,post,placebo,none,live,,
53,8,communication,2.0414151915170944,0.1775659090554203,-0.24483878286661598,0.21590290457376687,25,0,0.0,25,0,0,0.0,0.0,0.0,False,4.751765257589286e-13,logistic,False,False,False,post,post,placebo,none,live,,
53,9,communication,-0.3082967426806402,0.4854802367771173,-0.3894085632740258,0.9435599397312444,25,4,0.16,25,0,0,0.16,0.0,0.0,True,0.9954665271033627,logistic,False,False,False,post,post,placebo,none,live,,
54,0,communication,0.13440309222693228,0.17326731802646456,-0.18285037947959584,0.20958082558542304,25,1,0.04,25,0,0,0.04,0.0,0.0,False,0.20845756242649294,logistic,False,False,False,post,post,placebo,none,live,,
54,1,communication,0.3454383801473314,0.3238185761493353,-0.21934462613998248,0.47889303776681524,25,0,0.0,25,0,0,0.0,0.0,0.0,False,0.29836347351371545,logistic,False,False,False,post,post,placebo,none,live,,
54,2,communication,-0.462281917541685,0.17920310435098294,-0.19261310483485358,0.21832819458860672,25,13,0.52,25,0,0,0.52,0.0,0.0,True,0.8887442725905957,logistic,False,False,False,post,post,placebo,none,live,,
54,3,communication,-0.7330861307553267,0.1540539380198924,-0.16669435365506197,0.18210846405419517,25,22,0.88,25,0,0,0.88,0.0,0.0,True,0.9736843163396679,logistic,False,False,False,post,post,placebo,none,live,,
54,4,communication,0.6611258381298217,0.22640348118255516,-0.1884689339871714,0.29266352119661276,25,0,0.0,25,0,0,0.0,0.0,0.0,False,0.013909899885696676,logistic,False,False,False,post,post,placebo,none,live,,
54,5,communication,-0.36800065896638035,0.40739858681016966,-0.24944971045592712,0.6874748823450174,25,14,0.56,25,0,0,0.56,0.0,0.0,True,0.9906239371686868,logistic,False,False,False,post,post,placebo,none,live,,
54,6,communication,0.21194930472479093,0.32120044674352505,-0.21300224095081502,0.4731889483465289,25,1,0.04,25,0,0,0.04,0.0,0.0,False,0.46010305364757575,logistic,False,False,False,post,post,placebo,none,live,,
54,7,communication,-1.2218344307905755,0.2767114762059573,-0.18462672053192902,0.38257412789360284,25,25,1.0,25,0,0,1.0,0.0,0.0,True,0.9999946498230528,logistic,False,False,False,post,post,placebo,none,live,,
54,8,communication,-0.35365913482354794,0.3185745680313968,-0.14357707025264335,0.46751200217322564,25,19,0.76,25,0,0,0.76,0.0,0.0,True,0.9615606130295044,logistic,False,False,False,post,post,placebo,none,live,,
54,9,communication,-0.32290394212920603,0.3144812956682975,-0.08034019077954221,0.4587494019946234,25,15,0.6,25,0,0,0.6,0.0,0.0,True,0.9496458997087363,logistic,False,False,False,post,post,placebo,none,live,,
55,0,communication,0.08245333406301145,0.4571021956359316,0.24078542912994352,0.8419672946943767,25,8,0.32,25,0,0,0.32,0.0,0.0,True,0.8730843110886302,logistic,False,False,False,post,post,placebo,none,live,,
55,1,communication,1.8704809675755438,0.42757107388405086,0.2645699595108397,0.7469417675749034,25,0,0.0,25,0,0,0.0,0.0,0.0,False,2.9838256078742345e-07,logistic,False,False,False,post,post,placebo,none,live,,
55,2,communication,1.516284175880833,0.43879375763545303,0.21716451530413616,0.7818761170343903,25,0,0.0,25,0,0,0.0,0.0,0.0,False,8.995902352760427e-05,logistic,False,False,False,post,post,placebo,none,live,,
55,3,communication,1.2240846462726416,0.506960929992196,0.24016631383492115,1.0282368291506219,25,0,0.0,25,0,0,0.0,0.0,0.0,False,0.008823014833597652,logistic,False,False,False,post,post,placebo,none,live,,
55,4,communication,0.8564913138863732,0.434255150675617,0.33862845286144755,0.7675812712996113,25,0,0.0,25,0,0,0.0,0.0,0.0,False,0.057858842954708445,logistic,False,False,False,post,post,placebo,none,live,,
55,5,communication,0.8940649836413131,0.47493361113627147,0.30606402602649296,0.9045210685910652,25,0,0.0,25,0,0,0.0,0.0,0.0,False,0.07214804732459969,logistic,False,False,False,post,post,placebo,none,live,,
55,6,communication,1.5844272978762095,0.4442208616449366,0.273678146293443,0.7992758831497254,25,0,0.0,25,0,0,0.0,0.0,0.0,False,4.057733936609897e-05,logistic,False,False,False,post,post,placebo,none,live,,
55,7,communication,1.7787106076378814,0.44418082130346276,0.23397059677691573,0.7991462661384232,25,0,0.0,25,0,0,0.0,0.0,0.0,False,2.2288971421838976e-06,logistic,False,False,False,post,post,placebo,none,live,,
55,8,communication,-0.5734100476242696,0.5007085785307664,0.25684007934069575,1.002838336491668,25,25,1.0,25,0,0,1.0,0.0,0.0,True,0.9998296250596391,logistic,False,False,False,post,post,placebo,none,live,,
55,9,communication,-0.5161788780864982,0.5163067574618241,0.23437364516046114,1.0674260296722544,25,24,0.96,25,0,0,0.96,0.0,0.0,True,0.9997516271700236,logistic,False,False,False,post,post,placebo,none,live,,
56,0,communication,-1.2877644971761244,0.48164371104163095,-0.25896885581300033,0.92917501205491,25,24,0.96,25,0,0,0.96,0.0,0.0,True,0.9999999975714982,logistic,False,False,False,post,post,placebo,none,live,,
56,1,communication,-0.7415349962540159,0.5006471959939538,-0.21709863231696197,1.0025921392200532,25,24,0.96,25,0,0,0.96,0.0,0.0,True,0.9999828027109977,logistic,False,False,False,post,post,placebo,none,live,,
56,2,communication,0.25326321901363485,0.48768163501410283,-0.19516965038399625,0.9519112886525696,25,0,0.0,25,0,0,0.0,0.0,0.0,False,0.7735268755853288,logistic,False,False,False,post,post,placebo,none,live,,
56,3,communication,0.2212889424375115,0.5337416502544391,-0.1183142767425844,1.1447337094246233,25,0,0.0,25,0,0,0.0,0.0,0.0,False,0.8699570009183879,logistic,False,False,False,post,post,placebo,none,live,,
56,4,communication,0.28988813488113274,0.500149871945206,-0.23575996167928379,1.0005996675275013,25,0,0.0,25,0,0,0.0,0.0,0.0,False,0.7584259110189862,logistic,False,False,False,post,post,placebo,none,live,,
56,5,communication,-0.2473601899898999,0.5141809440654387,-0.21190911932382897,1.0583795299596024,25,9,0.36,25,0,0,0.36,0.0,0.0,True,0.9949738392312664,logistic,False,False,False,post,post,placebo,none,live,,
56,6,communication,0.5232690304533243,0.4863326748818975,-0.22768835478495256,0.9467853046134086,25,0,0.0,25,0,0,0.0,0.0,0.0,False,0.4374700106889803,logistic,False,False,False,post,post,placebo,none,live,,
56,7,communication,0.04275789495903837,0.5468659511296968,-0.12374202493629854,1.2068524810551629,25,2,0.08,25,0,0,0.08,0.0,0.0,True,0.9639199909895491,logistic,False,False,False,post,post,placebo,none,live,,
56,8,communication,0.41224763308699774,0.5740326032453018,-0.15414871526283727,1.3475975100880078,25,0,0.0,25,0,0,0.0,0.0,0.0,False,0.766060253822815,logistic,False,False,False,post,post,placebo,none,live,,
56,9,communication,0.17891791132923693,0.5011892342540195,-0.19512922507218747,1.0047682782156517,25,0,0.0,25,0,0,0.0,0.0,0.0,False,0.8593087170333028,logistic,False,False,False,post,post,placebo,none,live,,
57,0,communication,-0.7099214184420867,0.3288834069323573,-0.16684843849242034,0.490054053691396,25,19,0.76,25,0,0,0.76,0.0,0.0,True,0.9987348083151806,logistic,False,False,False,post,post,placebo,none,live,,
57,1,communication,-0.23568613870194333,0.29901327994502364,-0.17648629812955707,0.4265605487099284,25,8,0.32,25,0,0,0.32,0.0,0.0,True,0.8952771102448911,logistic,False,False,False,post,post,placebo,none,live,,
57,2,communication,-0.5443350553554651,0.23445056548905574,-0.1147419906842744,0.30625137309235917,25,20,0.8,25,0,0,0.8,0.0,0.0,True,0.9693748277277475,logistic,False,False,False,post,post,placebo,none,live,,
57,3,communication,1.6384922160567765,0.44277347181414717,-0.11974282871433997,0.7946022836631139,25,0,0.0,25,0,0,0.0,0.0,0.0,False,1.8164191685684057e-05,logistic,False,False,False,post,post,placebo,none,live,,
57,4,communication,-0.3502874572273932,0.3569217475971108,-0.05361014478223765,0.5550207090092965,25,13,0.52,25,0,0,0.52,0.0,0.0,True,0.9767411321469242,logistic,False,False,False,post,post,placebo,none,live,,
57,5,communication,-0.43307458626906564,0.37017770679173284,-0.1454659922974918,0.5877494505729156,25,20,0.8,25,0,0,0.8,0.0,0.0,True,0.9905151258049493,logistic,False,False,False,post,post,placebo,none,live,,
57,6,communication,0.8053349593469179,0.31631394619139885,-0.15960974209390147,0.462659643895488,25,0,0.0,25,0,0,0.0,0.0,0.0,False,0.01751110998181888,logistic,False,False,False,post,post,placebo,none,live,,
57,7,communication,-0.2221605208067623,0.4085613619371137,-0.1629762837003032,0.6907924772640103,25,9,0.36,25,0,0,0.36,0.0,0.0,True,0.9693384788580603,logistic,False,False,False,post,post,placebo,none,live,,
57,8,communication,1.134504701948366,0.3625917994183297,-0.19711454824038216,0.5688533644334112,25,0,0.0,25,0,0,0.0,0.0,0.0,False,0.001724592805443827,logistic,False,False,False,post,post,placebo,none,live,,
57,9,communication,0.02815275454626366,0.36954095278792237,-0.06162299988304909,0.5861458478898057,25,2,0.08,25,0,0,0.08,0.0,0.0,True,0.7895587872716843,logistic,False,False,False,post,post,placebo,none,live,,
58,0,communication,0.6466941420113124,0.185210516743621,0.3723217167452866,0.22731088281038014,25,2,0.08,25,0,0,0.08,0.0,0.0,False,0.0074672456859883,logistic,False,False,False,post,post,placebo,none,live,,
58,1,communication,2.023428328999964,0.09764777196510364,0.3224795435208107,0.10821469591509375,25,0,0.0,25,0,0,0.0,0.0,0.0,False,6.080490277553409e-15,logistic,False,False,False,post,post,placebo,none,live,,
58,2,communication,-1.4918076037326853,0.14363422828628591,0.3665181518196373,0.16772532605880855,25,25,1.0,25,0,0,1.0,0.0,0.0,True,0.999994262726936,logistic,False,False,False,post,post,placebo,none,live,,
58,3,communication,-1.791303387770839,1.0,0.4318444659298478,-0.14464885264241503,25,25,1.0,25,0,0,1.0,0.0,0.0,True,0.0,logistic,False,False,False,post,post,placebo,none,live,,
58,4,communication,-0.2515297734644956,0.33486819057829614,0.3325392849516507,0.5034613979286992,25,22,0.88,25,0,0,0.88,0.0,0.0,True,0.9367623554433598,logistic,False,False,False,post,post,placebo,none,live,,
58,5,communication,-1.318878844979893,0.02960363896230664,0.48845837542951565,0.03050674976836268,25,25,1.0,25,0,0,1.0,0.0,0.0,True,0.9954502163894267,logistic,False,False,False,post,post,placebo,none,live,,
58,6,communication,-0.2408686303172452,0.07495374347886932,0.3087339094083706,0.0810270221088746,25,24,0.96,25,0,0,0.96,0.0,0.0,True,0.34933476858893275,logistic,False,False,False,post,post,placebo,none,live,,
58,7,communication,0.8786247401916967,0.33501444640217964,0.26180334491334967,0.503792066744347,25,0,0.0,25,0,0,0.0,0.0,0.0,False,0.012605876510326016,logistic,False,False,False,post,post,placebo,none,live,,
58,8,communication,-0.10300573496965498,0.173960194863971,0.39483073414210745,0.2105954141463242,25,19,0.76,25,0,0,0.76,0.0,0.0,True,0.49385217394027026,logistic,False,False,False,post,post,placebo,none,live,,
58,9,communication,1.1363385779898607,1.0,0.3406174866257352,-0.06638727225973115,25,0,0.0,25,0,0,0.0,0.0,0.0,False,0.0,logistic,False,False,False,post,post,placebo,none,live,,
59,0,communication,0.07818466854485434,0.30031686997936663,-0.4358978276217536,0.42921839486184327,25,0,0.0,25,0,0,0.0,0.0,0.0,False,0.5858768479419464,logistic,False,False,False,post,post,placebo,none,live,,
59,1,communication,-1.741070929330699,0.3217801264706938,-0.35397827658086545,0.47444809423855594,25,25,1.0,25,0,0,1.0,0.0,0.0,True,0.9999999999288656,logistic,False,False,False,post,post,placebo,none,live,,
59,2,communication,0.924699069328561,0.28710281021244055,-0.516857314945387,0.40272680875344186,25,0,0.0,25,0,0,0.0,0.0,0.0,False,0.003602804544571803,logistic,False,False,False,post,post,placebo,none,live,,
59,3,communication,2.0901601995309855,0.3642470989492744,-0.39671959975710747,0.5729381625270976,25,0,0.0,25,0,0,0.0,0.0,0.0,False,5.297688079944339e-10,logistic,False,False,False,post,post,placebo,none,live,,
59,4,communication,-1.045204068768666,0.2034129591110878,-0.41025524268368463,0.2553555966515587,25,23,0.92,25,0,0,0.92,0.0,0.0,True,0.9995697523996211,logistic,False,False,False,post,post,placebo,none,live,,
59,5,communication,0.8550784278528185,0.3376476697725318,-0.4047062253619175,0.5097704867386444,25,0,0.0,25,0,0,0.0,0.0,0.0,False,0.016030036979661825,logistic,False,False,False,post,post,placebo,none,live,,
59,6,communication,-1.891814559930327,0.42085847355959705,-0.43411658902095884,0.7266936566374953,25,25,1.0,25,0,0,1.0,0.0,0.0,True,0.9999999999999702,logistic,False,False,False,post,post,placebo,none,live,,
59,7,communication,-1.919172751463793,0.327862884523906,-0.3874899815719362,0.48779166776360994,25,25,1.0,25,0,0,1.0,0.0,0.0,True,0.999999999999068,logistic,False,False,False,post,post,placebo,none,live,,
59,8,communication,0.7062367264549504,0.3652839891295592,-0.48694294103384117,0.575507759176602,25,0,0.0,25,0,0,0.0,0.0,0.0,False,0.06931938117362546,logistic,False,False,False,post,post,placebo,none,live,,
59,9,communication,-0.10854372621977992,0.1793961611839639,-0.42161536940502337,0.21861482081633443,25,1,0.04,25,0,0,0.04,0.0,0.0,True,0.5168028234499451,logistic,False,False,False,post,post,placebo,none,live,,
60,0,communication,1.8547069445260993,0.3970655317814264,0.09822115247422541,0.6585550382524883,25,0,0.0,25,0,0,0.0,0.0,0.0,False,1.5296665484788325e-07,logistic,False,False,False,post,post,placebo,none,live,,
60,1,communication,-0.0008099488117466829,0.20878104366173952,-0.004372217192716965,0.2638726511659585,25,3,0.12,25,0,0,0.12,0.0,0.0,True,0.45540322769023717,logistic,False,False,False,post,post,placebo,none,live,,
60,2,communication,1.916891734357628,0.36927620655284743,0.028065204364690736,0.5854800633643584,25,0,0.0,25,0,0,0.0,0.0,0.0,False,1.9815370988223153e-08,logistic,False,False,False,post,post,placebo,none,live,,
60,3,communication,-1.8433036551586015,0.22073413893590796,0.01577043490040723,0.2832590903372749,25,25,1.0,25,0,0,1.0,0.0,0.0,True,0.9999999995031219,logistic,False,False,False,post,post,placebo,none,live,,
60,4,communication,-0.8828723481898085,0.24044862125626948,-0.08860603731538849,0.31656663128432794,25,25,1.0,25,0,0,1.0,0.0,0.0,True,0.9988153132539668,logistic,False,False,False,post,post,placebo,none,live,,
60,5,communication,0.05833594447847862,0.12282216735611458,0.05601693849792201,0.14001968903605164,25,4,0.16,25,0,0,0.16,0.0,0.0,True,0.17206410879452433,logistic,False,False,False,post,post,placebo,none,live,,
60,6,communication,-0.36162755533767466,0.3313995559373556,0.06908821792366843,0.4956615851519015,25,17,0.68,25,0,0,0.68,0.0,0.0,True,0.969537442135189,logistic,False,False,False,post,post,placebo,none,live,,
60,7,communication,-0.562946879166959,0.3455941422131676,0.0261341507702456,0.528103680767696,25,23,0.92,25,0,0,0.92,0.0,0.0,True,0.9957461415911264,logistic,False,False,False,post,post,placebo,none,live,,
60,8,communication,1.8029493530835574,0.286522128082222,0.14613236992361245,0.40158516382865644,25,0,0.0,25,0,0,0.0,0.0,0.0,False,9.640533711576052e-09,logistic,False,False,False,post,post,placebo,none,live,,
60,9,communication,0.8615881007013892,0.2716261078068369,-0.0341761284158075,0.37292125749999044,25,0,0.0,25,0,0,0.0,0.0,0.0,False,0.0050200906428436495,logistic,False,False,False,post,post,placebo,none,live,,
61,0,communication,0.33521585225053374,0.3429098936289119,0.2973471468270313,0.5218612946749428,25,2,0.08,25,0,0,0.08,0.0,0.0,False,0.35238566822859146,logistic,False,False,False,post,post,placebo,none,live,,
61,1,communication,0.28349500259132115,0.3869965761917462,0.28595054535381614,0.6313122588900874,25,2,0.08,25,0,0,0.08,0.0,0.0,False,0.5230657884129641,logistic,False,False,False,post,post,placebo,none,live,,
61,2,communication,1.0763377555433682,0.36357725493413307,0.31995691496172535,0.571282622679528,25,0,0.0,25,0,0,0.0,0.0,0.0,False,0.0032172027801947527,logistic,False,False,False,post,post,placebo,none,live,,
61,3,communication,-0.1586553444877849,0.3737334577256825,0.30818306148801183,0.5967642090034878,25,21,0.84,25,0,0,0.84,0.0,0.0,True,0.9268392597939145,logistic,False,False,False,post,post,placebo,none,live,,
61,4,communication,-0.6563350312792613,0.28344465003391417,0.30584633885935664,0.3955656043142089,25,24,0.96,25,0,0,0.96,0.0,0.0,True,0.9947657918741045,logistic,False,False,False,post,post,placebo,none,live,,
61,5,communication,1.6587296465129286,0.3385500482801421,0.2679880622067989,0.5118301806506553,25,0,0.0,25,0,0,0.0,0.0,0.0,False,7.285823582499576e-07,logistic,False,False,False,post,post,placebo,none,live,,
61,6,communication,-0.15485853297663105,0.34794373744109264,0.30883406641593747,0.5336099926034512,25,22,0.88,25,0,0,0.88,0.0,0.0,True,0.9006265085089359,logistic,False,False,False,post,post,placebo,none,live,,
61,7,communication,-0.7783319981090678,0.40962829226930325,0.28862390907169433,0.6938481077351335,25,25,1.0,25,0,0,1.0,0.0,0.0,True,0.9999047779943538,logistic,False,False,False,post,post,placebo,none,live,,
61,8,communication,0.31274197525522834,0.3349949927244466,0.3156372515223518,0.5037480756677026,25,9,0.36,25,0,0,0.36,0.0,0.0,True,0.36242474563877447,logistic,False,False,False,post,post,placebo,none,live,,
61,9,communication,2.519774102117988,0.39658135698578295,0.2910655272486486,0.6572242365677773,25,0,0.0,25,0,0,0.0,0.0,0.0,False,1.0718458851548063e-13,logistic,False,False,False,post,post,placebo,none,live,,
62,0,communication,0.38547261420106194,0.3598017103754631,-0.04013351804314452,0.5620160444141132,25,0,0.0,25,0,0,0.0,0.0,0.0,False,0.32831940659142167,logistic,False,False,False,post,post,placebo,none,live,,
62,1,communication,-0.5680657271570162,0.4155366830058659,-0.05612323245669883,0.7109713662492121,25,24,0.96,25,0,0,0.96,0.0,0.0,True,0.9989129213783172,logistic,False,False,False,post,post,placebo,none,live,,
62,2,communication,-0.9455391738188473,0.44191017350320416,0.04643754092155768,0.7918262482531409,25,25,1.0,25,0,0,1.0,0.0,0.0,True,0.9999962451062019,logistic,False,False,False,post,post,placebo,none,live,,
62,3,communication,1.849586331982193,0.25288307259380916,0.10239926688716997,0.33847857452749464,25,0,0.0,25,0,0,0.0,0.0,0.0,False,1.0635649127648427e-09,logistic,False,False,False,post,post,placebo,none,live,,
62,4,communication,0.5269415024072174,0.28944339558899906,0.05648612420281697,0.40734741439624833,25,0,0.0,25,0,0,0.0,0.0,0.0,False,0.08904296939061318,logistic,False,False,False,post,post,placebo,none,live,,
62,5,communication,-0.7349981067422694,0.4755466936840281,0.029366969919406693,0.9067474414920007,25,25,1.0,25,0,0,1.0,0.0,0.0,True,0.9999646348278105,logistic,False,False,False,post,post,placebo,none,live,,
62,6,communication,0.19306537338951185,0.41255404900984205,-0.018985667572948367,0.7022842668580314,25,2,0.08,25,0,0,0.08,0.0,0.0,False,0.6952015839448806,logistic,False,False,False,post,post,placebo,none,live,,
62,7,communication,-1.4064680389038728,0.4345184345756117,0.0013092808352421588,0.7684042436458736,25,25,1.0,25,0,0,1.0,0.0,0.0,True,0.999999998826315,logistic,False,False,False,post,post,placebo,none,live,,
62,8,communication,0.03818534124653589,0.42994215100518784,0.03643608628709001,0.7542079312885676,25,10,0.4,25,0,0,0.4,0.0,0.0,True,0.8706216421171243,logistic,False,False,False,post,post,placebo,none,live,,
62,9,communication,0.9537080596153992,0.3722990306243155,-0.025842887308589888,0.5931152711052948,25,0,0.0,25,0,0,0.0,0.0,0.0,False,0.011793193408286388,logistic,False,False,False,post,post,placebo,none,live,,
63,0,communication,-0.04893271257983989,0.012400201354061537,0.5157031432299944,0.012555897005105704,25,22,0.88,25,0,0,0.88,0.0,0.0,True,0.020672445889215886,logistic,False,False,False,post,post,placebo,none,live,,
63,1,communication,0.1433137540255054,1.0,0.5054050917515179,-0.019576693665118577,25,12,0.48,25,0,0,0.48,0.0,0.0,True,0.0,logistic,False,False,False,post,post,placebo,none,live,,
63,2,communication,0.8859196219544725,1.0,0.5818739817153882,-0.282617411381486,25,1,0.04,25,0,0,0.04,0.0,0.0,False,0.0,logistic,False,False,False,post,post,placebo,none,live,,
63,3,communication,-0.12710483385459337,0.024856591308062698,0.5920762136057728,0.025490190557105302,25,23,0.92,25,0,0,0.92,0.0,0.0,True,0.07271212946033662,logistic,False,False,False,post,post,placebo,none,live,,
63,4,communication,0.9809031763252406,1.0,0.6046143486698511,-0.18455690354477827,25,0,0.0,25,0,0,0.0,0.0,0.0,False,0.0,logistic,False,False,False,post,post,placebo,none,live,,
63,5,communication,1.5429135168671715,1.0,0.5960091527962542,-0.16897584719206693,25,0,0.0,25,0,0,0.0,0.0,0.0,False,0.0,logistic,False,False,False,post,post,placebo,none,live,,
63,6,communication,0.7986385460952699,1.0,0.501202736031508,-0.2612100533003109,25,0,0.0,25,0,0,0.0,0.0,0.0,False,0.0,logistic,False,False,False,post,post,placebo,none,live,,
63,7,communication,1.1351609273726884,1.0,0.446620132574845,-0.21028038440044755,25,0,0.0,25,0,0,0.0,0.0,0.0,False,0.0,logistic,False,False,False,post,post,placebo,none,live,,
63,8,communication,0.5593963807844984,1.0,0.6443143085614781,-0.08137245609112201,25,13,0.52,25,0,0,0.52,0.0,0.0,False,0.0,logistic,False,False,False,post,post,placebo,none,live,,
63,9,communication,1.8770772542473946,1.0,0.4803538405360813,-0.10382693430942488,25,0,0.0,25,0,0,0.0,0.0,0.0,False,0.0,logistic,False,False,False,post,post,placebo,none,live,,
64,0,communication,-2.674329060263665,0.27171834564898256,-0.04413683457797078,0.3730951398070226,25,24,0.96,25,0,0,0.96,0.0,0.0,True,1.0,logistic,False,False,False,post,post,placebo,none,live,,
64,1,communication,-1.2655031763987457,0.11948122049637691,-0.01724099823205485,0.13569411950956042,25,25,1.0,25,0,0,1.0,0.0,0.0,True,0.999708099303519,logistic,False,False,False,post,post,placebo,none,live,,
64,2,communication,-0.8619057627261906,0.22715974865469687,-0.06768661093445935,0.29392846485321383,25,23,0.92,25,0,0,0.92,0.0,0.0,True,0.9980241082279466,logistic,False,False,False,post,post,placebo,none,live,,
64,3,communication,-0.0737358362939986,0.09525823571781425,-0.08959884557640659,0.1052877621863641,25,6,0.24,25,0,0,0.24,0.0,0.0,True,0.2279124839169362,logistic,False,False,False,post,post,placebo,none,live,,
64,4,communication,0.042566949088953254,0.15308565985839365,-0.05289363886538902,0.1807569580564633,25,4,0.16,25,0,0,0.16,0.0,0.0,True,0.2562682937461933,logistic,False,False,False,post,post,placebo,none,live,,
64,5,communication,0.05311072202633258,0.131459503281606,-0.0002493372916802586,0.1513567919726246,25,2,0.08,25,0,0,0.08,0.0,0.0,True,0.19534798897482486,logistic,False,False,False,post,post,placebo,none,live,,
64,6,communication,0.4765724390465866,0.08101523585481699,-0.011208408340254012,0.08815732209681992,25,0,0.0,25,0,0,0.0,0.0,0.0,False,0.003295830162657299,logistic,False,False,False,post,post,placebo,none,live,,
64,7,communication,0.09340076054011491,0.29212792764258766,-0.02972644716718177,0.41268463476701345,25,6,0.24,25,0,0,0.24,0.0,0.0,True,0.5458745446164603,logistic,False,False,False,post,post,placebo,none,live,,
64,8,communication,0.4783209957066813,0.13923428872041996,-0.08837299625654027,0.16175631405372756,25,0,0.0,25,0,0,0.0,0.0,0.0,False,0.013412498097914189,logistic,False,False,False,post,post,placebo,none,live,,
64,9,communication,0.8390355981906743,0.1593247856251123,-0.09090621607254623,0.18952002259705442,25,0,0.0,25,0,0,0.0,0.0,0.0,False,0.0005513152186907368,logistic,False,False,False,post,post,placebo,none,live,,
65,0,communication,-3.38199644955491,0.24279591641747028,-0.5702325638751772,0.320647922642915,25,24,0.96,25,0,0,0.96,0.0,0.0,True,1.0,logistic,False,False,False,post,post,placebo,none,live,,
65,1,communication,-0.7407272316149325,0.06209951115436734,-0.6383353903633842,0.06621119393039168,25,2,0.08,25,0,0,0.08,0.0,0.0,True,0.8725866829057312,logistic,False,False,False,post,post,placebo,none,live,,
65,2,communication,-2.1665423153789574,0.22437512511048868,-0.569702013379713,0.28928304438721253,25,25,1.0,25,0,0,1.0,0.0,0.0,True,0.9999999999997248,logistic,False,False,False,post,post,placebo,none,live,,
65,3,communication,-1.5788335178817792,0.2644969104988532,-0.5506978940251175,0.35961359547551,25,25,1.0,25,0,0,1.0,0.0,0.0,True,0.9999999825502955,logistic,False,False,False,post,post,placebo,none,live,,
65,4,communication,-0.4943487024290185,0.19718044916078992,-0.6438811884377066,0.24560992436553344,25,0,0.0,25,0,0,0.0,0.0,0.0,True,0.9269383152709031,logistic,False,False,False,post,post,placebo,none,live,,
65,5,communication,0.08570799370747062,0.21653490991201374,-0.6286546341827876,0.27638105724365586,25,0,0.0,25,0,0,0.0,0.0,0.0,False,0.3639727954765275,logistic,False,False,False,post,post,placebo,none,live,,
65,6,communication,-1.4685705465084684,0.2377744363137159,-0.6161761455545456,0.311947601394774,25,25,1.0,25,0,0,1.0,0.0,0.0,True,0.9999996726429472,logistic,False,False,False,post,post,placebo,none,live,,
65,7,communication,-1.1787104099530854,0.11434785307074624,-0.5596015247081485,0.12911147279122487,25,25,1.0,25,0,0,1.0,0.0,0.0,True,0.9990533183849236,logistic,False,False,False,post,post,placebo,none,live,,
65,8,communication,-1.5215832583444937,0.10788608572151726,-0.6681176722628781,0.12093308264199934,25,23,0.92,25,0,0,0.92,0.0,0.0,True,0.9999862789114551,logistic,False,False,False,post,post,placebo,none,live,,
65,9,communication,-0.18170156513582592,0.2843135858812414,-0.6884291137140253,0.39726000140902956,25,0,0.0,25,0,0,0.0,0.0,0.0,True,0.8372723926323593,logistic,False,False,False,post,post,placebo,none,live,,
66,0,communication,0.5022098661597684,0.5358931391324829,0.006282020874478175,1.1546761841244528,25,0,0.0,25,0,0,0.0,0.0,0.0,False,0.5801862838702314,logistic,False,False,False,post,post,placebo,none,live,,
66,1,communication,0.41014799799661844,0.520613656331029,-0.0031176182674961216,1.0860001817042297,25,1,0.04,25,0,0,0.04,0.0,0.0,False,0.6627253664310865,logistic,False,False,False,post,post,placebo,none,live,,
66,2,communication,0.9618009414247307,0.5123378990533096,0.004238009878624625,1.0506001964448675,25,0,0.0,25,0,0,0.0,0.0,0.0,False,0.07115013008196912,logistic,False,False,False,post,post,placebo,none,live,,
66,3,communication,0.9057094127403261,0.47724435052309017,0.10301002530011448,0.9129396325044787,25,0,0.0,25,0,0,0.0,0.0,0.0,False,0.06873380189770399,logistic,False,False,False,post,post,placebo,none,live,,
66,4,communication,-0.4969534453096798,0.521772742153812,-0.04832878764744333,1.091056048339322,25,19,0.76,25,0,0,0.76,0.0,0.0,True,0.999720077421345,logistic,False,False,False,post,post,placebo,none,live,,
66,5,communication,-1.2073651636888134,0.5587600682744472,-0.040149103484368454,1.2663406643394892,25,25,1.0,25,0,0,1.0,0.0,0.0,True,0.9999999992047454,logistic,False,False,False,post,post,placebo,none,live,,
66,6,communication,-0.5899047418293892,0.5017615777434548,-0.03352838628082978,1.0070712239954376,25,22,0.88,25,0,0,0.88,0.0,0.0,True,0.9998654193550109,logistic,False,False,False,post,post,placebo,none,live,,
66,7,communication,1.2878354440458961,0.5979607239532696,0.014232248480480252,1.4873191739698752,25,0,0.0,25,0,0,0.0,0.0,0.0,False,0.02010864318648676,logistic,False,False,False,post,post,placebo,none,live,,
66,8,communication,-1.1718907219467496,0.5202917832163103,-0.03041912319620557,1.0846005238449368,25,25,1.0,25,0,0,1.0,0.0,0.0,True,0.9999999937033804,logistic,False,False,False,post,post,placebo,none,live,,
66,9,communication,-2.1358439917791507,0.564262858861373,0.08644433707073707,1.2949615848373515,25,24,0.96,25,0,0,0.96,0.0,0.0,True,1.0,logistic,False,False,False,post,post,placebo,none,live,,
67,0,communication,-1.0897543038282833,1.0,-0.4692071131798151,-0.010380219537065805,25,21,0.84,25,0,0,0.84,0.0,0.0,True,0.0,logistic,False,False,False,post,post,placebo,none,live,,
67,1,communication,-0.12570706501910217,0.3595122991329435,-0.3002181170454588,0.5613102306980382,25,3,0.12,25,0,0,0.12,0.0,0.0,True,0.8957381377145298,logistic,False,False,False,post,post,placebo,none,live,,
67,2,communication,-1.4611506300785917,0.3181790960374746,-0.3429082310028891,0.46666081105510154,25,24,0.96,25,0,0,0.96,0.0,0.0,True,0.9999999759645691,logistic,False,False,False,post,post,placebo,none,live,,
67,3,communication,1.3728201177564017,0.4181165014177104,-0.38374004037309223,0.7185570693041067,25,0,0.0,25,0,0,0.0,0.0,0.0,False,0.0003506637365910308,logistic,False,False,False,post,post,placebo,none,live,,
67,4,communication,-0.08800031649334569,0.1315205766142036,-0.33540238740217265,0.15143775784746427,25,0,0.0,25,0,0,0.0,0.0,0.0,True,0.3491946169958916,logistic,False,False,False,post,post,placebo,none,live,,
67,5,communication,-1.1630379303373215,0.15038293435054195,-0.32894290985486985,0.17700084006150152,25,25,1.0,25,0,0,1.0,0.0,0.0,True,0.9995860241635136,logistic,False,False,False,post,post,placebo,none,live,,
67,6,communication,0.4731673042162582,0.3506137333490443,-0.388259232051981,0.5399155346435724,25,0,0.0,25,0,0,0.0,0.0,0.0,False,0.21412904620521145,logistic,False,False,False,post,post,placebo,none,live,,
67,7,communication,1.370246548985112,0.23324874647407548,-0.3520093404135721,0.30420393237242893,25,0,0.0,25,0,0,0.0,0.0,0.0,False,3.1186380799511225e-06,logistic,False,False,False,post,post,placebo,none,live,,
67,8,communication,-1.399210883062106,0.3328158468597482,-0.2993962149839769,0.498836558532267,25,25,1.0,25,0,0,1.0,0.0,0.0,True,0.9999999538515401,logistic,False,False,False,post,post,placebo,none,live,,
67,9,communication,-0.7469813274543544,0.18664419940532717,-0.2725803348521285,0.22947423411607204,25,17,0.68,25,0,0,0.68,0.0,0.0,True,0.9868500493005323,logistic,False,False,False,post,post,placebo,none,live,,
68,0,communication,0.48149061327477916,1.0,-0.2737401521661028,-0.19417326720416403,25,0,0.0,25,0,0,0.0,0.0,0.0,False,0.0,logistic,False,False,False,post,post,placebo,none,live,,
68,1,communication,1.2449971915251075,1.0,-0.17711350882337126,-0.10641262258481872,25,0,0.0,25,0,0,0.0,0.0,0.0,False,0.0,logistic,False,False,False,post,post,placebo,none,live,,
68,2,communication,0.3860018548661637,1.0,-0.33424068430609466,-0.0087028802922135,25,0,0.0,25,0,0,0.0,0.0,0.0,False,0.0,logistic,False,False,False,post,post,placebo,none,live,,
68,3,communication,-0.899234199734279,0.0969872245758625,-0.20776984048493072,0.10740404478808,25,24,0.96,25,0,0,0.96,0.0,0.0,True,0.9784028867152327,logistic,False,False,False,post,post,placebo,none,live,,
68,4,communication,1.0690358151291741,0.013320183955982992,-0.2762515869151027,0.013500006526320552,25,0,0.0,25,0,0,0.0,0.0,0.0,False,4.8526752097636565e-09,logistic,False,False,False,post,post,placebo,none,live,,
68,5,communication,-0.6938635009408757,1.0,-0.17895514978962287,-0.007002648138984879,25,21,0.84,25,0,0,0.84,0.0,0.0,True,0.0,logistic,False,False,False,post,post,placebo,none,live,,
68,6,communication,-0.4691730846812874,1.0,-0.24127078201136126,-0.1751442612071504,25,9,0.36,25,0,0,0.36,0.0,0.0,True,0.0,logistic,False,False,False,post,post,placebo,none,live,,
68,7,communication,1.072604068633941,1.0,-0.21482330262568958,-0.24943164284493943,25,0,0.0,25,0,0,0.0,0.0,0.0,False,0.0,logistic,False,False,False,post,post,placebo,none,live,,
68,8,communication,0.16379955306947305,1.0,-0.22300135659373796,-0.01521626347119148,25,0,0.0,25,0,0,0.0,0.0,0.0,False,0.0,logistic,False,False,False,post,post,placebo,none,live,,
68,9,communication,-0.7829003314972335,1.0,-0.12226517373068935,-0.12417007039554967,25,22,0.88,25,0,0,0.88,0.0,0.0,True,0.0,logistic,False,False,False,post,post,placebo,none,live,,
69,0,communication,-0.3011649568214841,1.0,0.3387804550866745,-0.37626291292293346,25,22,0.88,25,0,0,0.88,0.0,0.0,True,0.0,logistic,False,False,False,post,post,placebo,none,live,,
69,1,communication,0.7060579688917938,1.0,0.33216057435428875,-0.2816420087879511,25,0,0.0,25,0,0,0.0,0.0,0.0,False,0.0,logistic,False,False,False,post,post,placebo,none,live,,
69,2,communication,2.2198226657669013,1.0,0.33779002658801305,-0.14376954399033887,25,0,0.0,25,0,0,0.0,0.0,0.0,False,0.0,logistic,False,False,False,post,post,placebo,none,live,,
69,3,communication,0.5212709920137079,1.0,0.34051738975374113,-0.23233125971137855,25,0,0.0,25,0,0,0.0,0.0,0.0,False,0.0,logistic,False,False,False,post,post,placebo,none,live,,
69,4,communication,-0.039210208928184,1.0,0.3472287185915772,-0.21521480606722881,25,21,0.84,25,0,0,0.84,0.0,0.0,True,0.0,logistic,False,False,False,post,post,placebo,none,live,,
69,5,communication,0.7155378278048746,1.0,0.34695317532956377,-0.21336866886954964,25,0,0.0,25,0,0,0.0,0.0,0.0,False,0.0,logistic,False,False,False,post,post,placebo,none,live,,
69,6,communication,-1.2310614641584834,1.0,0.3561596818206217,-0.21649374729954268,25,25,1.0,25,0,0,1.0,0.0,0.0,True,0.0,logistic,False,False,False,post,post,placebo,none,live,,
69,7,communication,0.49868947980618994,1.0,0.34870264269647705,-0.17195092094776565,25,1,0.04,25,0,0,0.04,0.0,0.0,False,0.0,logistic,False,False,False,post,post,placebo,none,live,,
69,8,communication,-0.6434287473491508,1.0,0.2698964633465558,-0.1475328523537371,25,25,1.0,25,0,0,1.0,0.0,0.0,True,0.0,logistic,False,False,False,post,post,placebo,none,live,,
69,9,communication,-0.5116063881013948,1.0,0.27415157615277647,-0.4389635394550556,25,23,0.92,25,0,0,0.92,0.0,0.0,True,0.0,logistic,False,False,False,post,post,placebo,none,live,,
70,0,communication,0.95120320978231,0.2514895893497355,0.06258093089418275,0.33598676220315393,25,0,0.0,25,0,0,0.0,0.0,0.0,False,0.0013402314758192207,logistic,False,False,False,post,post,placebo,none,live,,
70,1,communication,-1.5530634146319706,0.32406660575297286,0.04090812761612149,0.479435708475352,25,25,1.0,25,0,0,1.0,0.0,0.0,True,0.9999999966989133,logistic,False,False,False,post,post,placebo,none,live,,
70,2,communication,-0.5177721815490213,0.24740275383132249,0.058957287908714004,0.3287319414079716,25,22,0.88,25,0,0,0.88,0.0,0.0,True,0.969111818972193,logistic,False,False,False,post,post,placebo,none,live,,
70,3,communication,1.386373588724529,0.27291156849895404,0.11263491525679031,0.3753485225112696,25,0,0.0,25,0,0,0.0,0.0,0.0,False,7.959546964084029e-06,logistic,False,False,False,post,post,placebo,none,live,,
70,4,communication,0.4629596778856627,0.3293339419575203,0.12304336862751053,0.4910550310519225,25,0,0.0,25,0,0,0.0,0.0,0.0,False,0.18749309463073133,logistic,False,False,False,post,post,placebo,none,live,,
70,5,communication,-1.38776383149496,0.22620065254585123,0.19200469231576023,0.2923246876468252,25,25,1.0,25,0,0,1.0,0.0,0.0,True,0.9999981580596716,logistic,False,False,False,post,post,placebo,none,live,,
70,6,communication,-1.5347217261308934,0.2679470117433811,0.12621207157630301,0.3660213345778367,25,25,1.0,25,0,0,1.0,0.0,0.0,True,0.9999999647440737,logistic,False,False,False,post,post,placebo,none,live,,
70,7,communication,0.21033526890563642,0.37221547250675696,0.040206033970401345,0.5929032274704528,25,0,0.0,25,0,0,0.0,0.0,0.0,False,0.5845741613305131,logistic,False,False,False,post,post,placebo,none,live,,
70,8,communication,-0.007645309851911697,0.3340395037506052,0.17597481658394154,0.5015905682572366,25,11,0.44,25,0,0,0.44,0.0,0.0,True,0.7611986029801343,logistic,False,False,False,post,post,placebo,none,live,,
70,9,communication,-0.2416287454227115,0.4400198337504762,0.11743903935889072,0.7857775333321466,25,19,0.76,25,0,0,0.76,0.0,0.0,True,0.9830493208348933,logistic,False,False,False,post,post,placebo,none,live,,
71,0,communication,0.5951417777548325,0.6188318975355717,0.6571513033962275,1.623514385213602,25,5,0.2,25,0,0,0.2,0.0,0.0,False,0.6485398813962796,logistic,False,False,False,post,post,placebo,none,live,,
71,1,communication,1.3141990222510647,0.6181515653929026,0.5979441368835304,1.6188401191927082,25,0,0.0,25,0,0,0.0,0.0,0.0,False,0.021716160451936153,logistic,False,False,False,post,post,placebo,none,live,,
71,2,communication,-0.2561387987161897,0.6147106942764204,0.6540006941475582,1.5954522618321416,25,25,1.0,25,0,0,1.0,0.0,0.0,True,0.9992995116967649,logistic,False,False,False,post,post,placebo,none,live,,
71,3,communication,-0.39649515238315414,0.5821125947114786,0.590025462029678,1.3929890859227294,25,25,1.0,25,0,0,1.0,0.0,0.0,True,0.9997391178188061,logistic,False,False,False,post,post,placebo,none,live,,
71,4,communication,-0.38957763568987536,0.6103121346728417,0.6718038306780972,1.5661563753350671,25,25,1.0,25,0,0,1.0,0.0,0.0,True,0.9998487201836355,logistic,False,False,False,post,post,placebo,none,live,,
71,5,communication,0.2840857804254421,0.6307446087320384,0.7420124812356486,1.7081527410234045,25,23,0.92,25,0,0,0.92,0.0,0.0,True,0.9318031143911643,logistic,False,False,False,post,post,placebo,none,live,,
71,6,communication,1.6267819336866003,0.582303011739101,0.690627987587193,1.3940799864599143,25,0,0.0,25,0,0,0.0,0.0,0.0,False,0.0005305439131687627,logistic,False,False,False,post,post,placebo,none,live,,
71,7,communication,-0.002504867275711864,0.6158115989901763,0.6434950331588937,1.602889617103328,25,22,0.88,25,0,0,0.88,0.0,0.0,True,0.9907524371850969,logistic,False,False,False,post,post,placebo,none,live,,
71,8,communication,0.7149764270441066,0.5814323120291799,0.6330945260840729,1.3890998486957111,25,1,0.04,25,0,0,0.04,0.0,0.0,False,0.40532483013263754,logistic,False,False,False,post,post,placebo,none,live,,
71,9,communication,-0.15189260936419846,0.6393679036886651,0.6557737227480618,1.772909040066963,25,23,0.92,25,0,0,0.92,0.0,0.0,True,0.9986246449061457,logistic,False,False,False,post,post,placebo,none,live,,
72,0,communication,-0.777155800998673,0.14204137765316022,0.07238196477515509,0.16555737532495865,25,23,0.92,25,0,0,0.92,0.0,0.0,True,0.9768582042162985,logistic,False,False,False,post,post,placebo,none,live,,
72,1,communication,0.4542069712854565,0.2286890704674687,-0.0014807045322931395,0.29649401001755593,25,0,0.0,25,0,0,0.0,0.0,0.0,False,0.06747061504767746,logistic,False,False,False,post,post,placebo,none,live,,
72,2,communication,0.38557002971579035,0.3453175349484887,0.11972589404030917,0.5274580478053871,25,1,0.04,25,0,0,0.04,0.0,0.0,False,0.2973046984960992,logistic,False,False,False,post,post,placebo,none,live,,
72,3,communication,1.5404540852108988,0.13506197283241683,0.20296771123500543,0.15615219656222648,25,0,0.0,25,0,0,0.0,0.0,0.0,False,3.5738377032444532e-09,logistic,False,False,False,post,post,placebo,none,live,,
72,4,communication,-0.8450797933378273,0.16306236855383824,0.14289751535153,0.19483216243016746,25,25,1.0,25,0,0,1.0,0.0,0.0,True,0.9913089565619941,logistic,False,False,False,post,post,placebo,none,live,,
72,5,communication,0.4726272990947308,0.1270254768973557,0.08011589387277178,0.14550880184440393,25,0,0.0,25,0,0,0.0,0.0,0.0,False,0.010936353206938117,logistic,False,False,False,post,post,placebo,none,live,,
72,6,communication,1.7497360291621324,0.13793658976557116,0.14345513103614477,0.16000747523672396,25,0,0.0,25,0,0,0.0,0.0,0.0,False,5.156116338698845e-11,logistic,False,False,False,post,post,placebo,none,live,,
72,7,communication,-0.3415074268586149,0.24040706219011887,0.08941908368319333,0.3164945989140969,25,20,0.8,25,0,0,0.8,0.0,0.0,True,0.8915328605939099,logistic,False,False,False,post,post,placebo,none,live,,
72,8,communication,1.2766160821414891,0.21520573810655744,0.09079538613772706,0.2742193063279272,25,0,0.0,25,0,0,0.0,0.0,0.0,False,7.574102799329528e-06,logistic,False,False,False,post,post,placebo,none,live,,
72,9,communication,-1.669726323359063,0.2222562321729485,0.10574069806887677,0.28577050870354526,25,24,0.96,25,0,0,0.96,0.0,0.0,True,0.9999999850492987,logistic,False,False,False,post,post,placebo,none,live,,
73,0,communication,-0.2264085749306354,0.34070329924871906,0.17672302476456955,0.5167677903749271,25,16,0.64,25,0,0,0.64,0.0,0.0,True,0.9305404838676453,logistic,False,False,False,post,post,placebo,none,live,,
73,1,communication,0.02388181159383676,0.35701471296202364,0.2073105587876915,0.5552455400755343,25,6,0.24,25,0,0,0.24,0.0,0.0,True,0.7715596910273461,logistic,False,False,False,post,post,placebo,none,live,,
73,2,communication,0.845905421133791,0.3869656984412505,0.16511337841621168,0.6312300917865784,25,0,0.0,25,0,0,0.0,0.0,0.0,False,0.034605848750257656,logistic,False,False,False,post,post,placebo,none,live,,
73,3,communication,-1.9914348200715473,0.40783361686911246,0.1754370376329256,0.6887145715918973,25,25,1.0,25,0,0,1.0,0.0,0.0,True,0.9999999999999959,logistic,False,False,False,post,post,placebo,none,live,,
73,4,communication,0.6807618815152758,0.39112566476763355,0.2313647771697021,0.6423750224557702,25,0,0.0,25,0,0,0.0,0.0,0.0,False,0.10714772325123662,logistic,False,False,False,post,post,placebo,none,live,,
73,5,communication,-0.3331692830107386,0.3140299968103857,0.22230778830157777,0.4577896924795737,25,21,0.84,25,0,0,0.84,0.0,0.0,True,0.952823722479628,logistic,False,False,False,post,post,placebo,none,live,,
73,6,communication,0.027235660301281633,0.38785483927012476,0.20099747976287435,0.6335994534493685,25,14,0.56,25,0,0,0.56,0.0,0.0,True,0.8204678398253491,logistic,False,False,False,post,post,placebo,none,live,,
73,7,communication,-0.8764332012415967,0.40993066815303186,0.14832739445143933,0.6947161054276679,25,25,1.0,25,0,0,1.0,0.0,0.0,True,0.9999754800550711,logistic,False,False,False,post,post,placebo,none,live,,
73,8,communication,-0.41588076212667613,0.40304759452767125,0.12199743214786252,0.6751754257674303,25,21,0.84,25,0,0,0.84,0.0,0.0,True,0.993509581850181,logistic,False,False,False,post,post,placebo,none,live,,
73,9,communication,0.1286643611584284,0.30520336913394785,0.2151425022543444,0.43927007641576654,25,7,0.28,25,0,0,0.28,0.0,0.0,True,0.5314719202484931,logistic,False,False,False,post,post,placebo,none,live,,
74,0,communication,-0.4172205939712763,0.4452445797612426,-0.5134664250021903,0.802596177554456,25,0,0.0,25,0,0,0.0,0.0,0.0,True,0.9969017567725934,logistic,False,False,False,post,post,placebo,none,live,,
74,1,communication,-0.383570928874005,0.41835174436468514,-0.450984437530313,0.7192521258535085,25,4,0.16,25,0,0,0.16,0.0,0.0,True,0.9931867906815484,logistic,False,False,False,post,post,placebo,none,live,,
74,2,communication,-2.2315805420357684,0.2796139774846569,-0.5422461784214547,0.3881446457113923,25,25,1.0,25,0,0,1.0,0.0,0.0,True,0.9999999999999966,logistic,False,False,False,post,post,placebo,none,live,,
74,3,communication,-0.13921298025313947,0.36696313725780777,-0.36414116641968275,0.5796868379326207,25,4,0.16,25,0,0,0.16,0.0,0.0,True,0.9110656428847412,logistic,False,False,False,post,post,placebo,none,live,,
74,4,communication,-1.0826714060076945,0.2202021725980557,-0.4851508889482076,0.2823836703055511,25,18,0.72,25,0,0,0.72,0.0,0.0,True,0.9998224618442657,logistic,False,False,False,post,post,placebo,none,live,,
74,5,communication,-1.3782461398347565,0.3374151671950695,-0.4311987225700291,0.5092407047210615,25,25,1.0,25,0,0,1.0,0.0,0.0,True,0.999999941889963,logistic,False,False,False,post,post,placebo,none,live,,
74,6,communication,-0.5831744202698022,0.3475822689550585,-0.41757742047277874,0.5327603043503357,25,16,0.64,25,0,0,0.64,0.0,0.0,True,0.9966425905761692,logistic,False,False,False,post,post,placebo,none,live,,
74,7,communication,1.17732587362366,0.3759303930476027,-0.404983262541206,0.6023853571133416,25,0,0.0,25,0,0,0.0,0.0,0.0,False,0.0014063235170401838,logistic,False,False,False,post,post,placebo,none,live,,
74,8,communication,-1.523262508144375,0.32082023045392777,-0.4654988772529896,0.4723642323273955,25,25,1.0,25,0,0,1.0,0.0,0.0,True,0.9999999933254825,logistic,False,False,False,post,post,placebo,none,live,,
74,9,communication,-2.3202116407560984,0.34120627068973386,-0.4841897839234236,0.5179258021277233,25,24,0.96,25,0,0,0.96,0.0,0.0,True,1.0,logistic,False,False,False,post,post,placebo,none,live,,
75,0,communication,1.8057839680001986,0.34605188287534777,0.2896599641698715,0.5291732995530364,25,0,0.0,25,0,0,0.0,0.0,0.0,False,7.13355203324831e-08,logistic,False,False,False,post,post,placebo,none,live,,
75,1,communication,0.3358058917718536,0.2620969194275595,0.32504831054068395,0.35519152355920985,25,1,0.04,25,0,0,0.04,0.0,0.0,False,0.18872873974650983,logistic,False,False,False,post,post,placebo,none,live,,
75,2,communication,0.7966444757525377,0.11256523728698986,0.3785051396849393,0.12684339403480482,25,0,0.0,25,0,0,0.0,0.0,0.0,False,0.00023857868062610745,logistic,False,False,False,post,post,placebo,none,live,,
75,3,communication,-0.25843203441102636,0.29012795711598693,0.2713234037261305,0.4087045827826626,25,24,0.96,25,0,0,0.96,0.0,0.0,True,0.8989377921652437,logistic,False,False,False,post,post,placebo,none,live,,
75,4,communication,-1.333741998345766,0.16551324562179318,0.28378109859685025,0.19834136941468947,25,25,1.0,25,0,0,1.0,0.0,0.0,True,0.9999715690789674,logistic,False,False,False,post,post,placebo,none,live,,
75,5,communication,0.7216837900345875,0.33713358559443374,0.24461746649913635,0.508599588495915,25,0,0.0,25,0,0,0.0,0.0,0.0,False,0.04436523489931441,logistic,False,False,False,post,post,placebo,none,live,,
75,6,communication,0.6095561350670713,0.23817210719799575,0.3050707035415115,0.31263243240149474,25,1,0.04,25,0,0,0.04,0.0,0.0,False,0.025579630051140886,logistic,False,False,False,post,post,placebo,none,live,,
75,7,communication,0.18806326315684704,0.32745685194341745,0.38224934127643445,0.48689344749055075,25,12,0.48,25,0,0,0.48,0.0,0.0,True,0.5070604378071951,logistic,False,False,False,post,post,placebo,none,live,,
75,8,communication,0.4081033212940078,0.26042423736664216,0.23527629589080473,0.3521265170174953,25,0,0.0,25,0,0,0.0,0.0,0.0,False,0.12833401492556373,logistic,False,False,False,post,post,placebo,none,live,,
75,9,communication,-1.0058978244769399,0.23185837019087646,0.25330143698824736,0.3018432554534133,25,25,1.0,25,0,0,1.0,0.0,0.0,True,0.9996544850283141,logistic,False,False,False,post,post,placebo,none,live,,
76,0,communication,1.1108404674281913,0.28559412804011536,0.1592879283493111,0.39976453056946887,25,0,0.0,25,0,0,0.0,0.0,0.0,False,0.0004547470349228217,logistic,False,False,False,post,post,placebo,none,live,,
76,1,communication,0.45860208795569357,0.25710866384284997,0.2962168176623917,0.34609188629501203,25,0,0.0,25,0,0,0.0,0.0,0.0,False,0.09276318704280256,logistic,False,False,False,post,post,placebo,none,live,,
76,2,communication,1.2506973832730948,0.42175060273123693,0.2228571653813248,0.72935761753196,25,0,0.0,25,0,0,0.0,0.0,0.0,False,0.0015353368895173465,logistic,False,False,False,post,post,placebo,none,live,,
76,3,communication,2.8713436225264766,0.33152345574558517,0.28531697020785174,0.4959388008375818,25,0,0.0,25,0,0,0.0,0.0,0.0,False,2.7479665598427195e-19,logistic,False,False,False,post,post,placebo,none,live,,
76,4,communication,-1.8444630982200345,0.2234593231387752,0.2866149270438978,0.2877625471494902,25,25,1.0,25,0,0,1.0,0.0,0.0,True,0.9999999995674907,logistic,False,False,False,post,post,placebo,none,live,,
76,5,communication,0.911058394638063,0.17741028650572968,0.21867015217551436,0.2156728726306464,25,0,0.0,25,0,0,0.0,0.0,0.0,False,0.00037478780082020715,logistic,False,False,False,post,post,placebo,none,live,,
76,6,communication,0.46900437230317504,0.2639433623789734,0.1396379269956841,0.3585911041194495,25,0,0.0,25,0,0,0.0,0.0,0.0,False,0.0942932806787038,logistic,False,False,False,post,post,placebo,none,live,,
76,7,communication,0.7594599489079366,0.36649168698000445,0.22283786551455725,0.5785112514670928,25,0,0.0,25,0,0,0.0,0.0,0.0,False,0.049363785942895734,logistic,False,False,False,post,post,placebo,none,live,,
76,8,communication,0.004678597555579089,0.2697100293616471,0.23186272038868855,0.3693190926966876,25,9,0.36,25,0,0,0.36,0.0,0.0,True,0.6063228947995069,logistic,False,False,False,post,post,placebo,none,live,,
76,9,communication,1.949848762707287,0.3674743151225115,0.1974780090823085,0.5809634674261271,25,0,0.0,25,0,0,0.0,0.0,0.0,False,9.934865090063345e-09,logistic,False,False,False,post,post,placebo,none,live,,
77,0,communication,0.6015079719714835,0.313236979793979,-0.09899885529857413,0.4561063577651743,25,0,0.0,25,0,0,0.0,0.0,0.0,False,0.07386460790386946,logistic,False,False,False,post,post,placebo,none,live,,
77,1,communication,0.36923320118528175,1.0,0.0206271891369462,-0.00431411312115304,25,0,0.0,25,0,0,0.0,0.0,0.0,False,0.0,logistic,False,False,False,post,post,placebo,none,live,,
77,2,communication,0.5602135706249837,0.18103169017855292,-0.011509144494707177,0.22104846794135635,25,0,0.0,25,0,0,0.0,0.0,0.0,False,0.014800826306284782,logistic,False,False,False,post,post,placebo,none,live,,
77,3,communication,-1.5493863224249833,0.1789554701128903,-0.1309972881255261,0.21796073610952132,25,25,1.0,25,0,0,1.0,0.0,0.0,True,0.9999993566143377,logistic,False,False,False,post,post,placebo,none,live,,
77,4,communication,-0.0774235480337902,0.23366708647242057,0.02424139045738468,0.3049158953604192,25,11,0.44,25,0,0,0.44,0.0,0.0,True,0.6217748149557077,logistic,False,False,False,post,post,placebo,none,live,,
77,5,communication,0.023779637833639122,0.04123717656623482,-0.04037186093299233,0.04301082140267576,25,2,0.08,25,0,0,0.08,0.0,0.0,True,0.046642859968873025,logistic,False,False,False,post,post,placebo,none,live,,
77,6,communication,-0.23456214510474743,0.19500947819998782,0.00018588205287134452,0.2422506513044821,25,13,0.52,25,0,0,0.52,0.0,0.0,True,0.7164482195617194,logistic,False,False,False,post,post,placebo,none,live,,
77,7,communication,1.1029104607646512,1.0,-0.034771952105768854,-0.009436902543667802,25,0,0.0,25,0,0,0.0,0.0,0.0,False,0.0,logistic,False,False,False,post,post,placebo,none,live,,
77,8,communication,0.41492567274727676,0.20952229994097418,-0.18646095910722996,0.26505782506619596,25,0,0.0,25,0,0,0.0,0.0,0.0,False,0.06775030022126977,logistic,False,False,False,post,post,placebo,none,live,,
77,9,communication,-0.6866250422969087,0.28156838869196255,-0.08151154571585843,0.3919209347975589,25,23,0.92,25,0,0,0.92,0.0,0.0,True,0.9959649500178439,logistic,False,False,False,post,post,placebo,none,live,,
78,0,communication,1.308665135885327,0.08606117392357746,0.14311825964246816,0.09416513607704102,25,0,0.0,25,0,0,0.0,0.0,0.0,False,2.652650048257196e-08,logistic,False,False,False,post,post,placebo,none,live,,
78,1,communication,0.04545004967101133,0.058098895215462056,0.03702772216758992,0.06168258527390975,25,0,0.0,25,0,0,0.0,0.0,0.0,False,0.06316048826315683,logistic,False,False,False,post,post,placebo,none,live,,
78,2,communication,0.33193437324411235,0.054364567603773964,-0.024325940410805554,0.057489985824679776,25,0,0.0,25,0,0,0.0,0.0,0.0,False,0.005716725132422565,logistic,False,False,False,post,post,placebo,none,live,,
78,3,communication,-0.36994275835118334,0.07265076361305373,-0.01566626213398819,0.07834239870203487,25,17,0.68,25,0,0,0.68,0.0,0.0,True,0.5075723242498442,logistic,False,False,False,post,post,placebo,none,live,,
78,4,communication,-0.5225102747725774,0.23244130843816962,0.07798529748285216,0.3028319671101599,25,23,0.92,25,0,0,0.92,0.0,0.0,True,0.9629240243399875,logistic,False,False,False,post,post,placebo,none,live,,
78,5,communication,2.997741107904988,0.2160123379631657,0.026813589504447136,0.27553027735405455,25,0,0.0,25,0,0,0.0,0.0,0.0,False,4.2281600563117515e-24,logistic,False,False,False,post,post,placebo,none,live,,
78,6,communication,-0.682065163255854,0.20194825439337727,0.045889961469835545,0.25305157905502784,25,23,0.92,25,0,0,0.92,0.0,0.0,True,0.9826580152485411,logistic,False,False,False,post,post,placebo,none,live,,
78,7,communication,0.9807768815134996,1.0,-0.030380835851787365,-0.015272378473031298,25,0,0.0,25,0,0,0.0,0.0,0.0,False,0.0,logistic,False,False,False,post,post,placebo,none,live,,
78,8,communication,-1.5851310685185516,1.0,0.015477445769434075,-0.043101578551217275,25,25,1.0,25,0,0,1.0,0.0,0.0,True,0.0,logistic,False,False,False,post,post,placebo,none,live,,
78,9,communication,1.7595466444896208,0.2059239729390582,0.07027523791439719,0.2593252609592437,25,0,0.0,25,0,0,0.0,0.0,0.0,False,9.903115531490213e-10,logistic,False,False,False,post,post,placebo,none,live,,
79,0,communication,0.8537617423080412,0.021156264474282944,-0.29554522641196784,0.021613525945405724,25,0,0.0,25,0,0,0.0,0.0,0.0,False,7.707283598443155e-07,logistic,False,False,False,post,post,placebo,none,live,,
79,1,communication,-0.27202344892573704,0.08454160627510038,-0.2047680298538998,0.09234893344645612,25,8,0.32,25,0,0,0.32,0.0,0.0,True,0.42598501316297177,logistic,False,False,False,post,post,placebo,none,live,,
79,2,communication,-0.08773314121568317,0.027590554715817717,-0.17210578930176285,0.028373392349921596,25,1,0.04,25,0,0,0.04,0.0,0.0,True,0.06263359817903066,logistic,False,False,False,post,post,placebo,none,live,,
79,3,communication,0.6951437019797271,0.0910145856291825,-0.19527062183348537,0.10012766342590994,25,0,0.0,25,0,0,0.0,0.0,0.0,False,0.0004065492234345866,logistic,False,False,False,post,post,placebo,none,live,,
79,4,communication,0.9020702527514127,1.0,-0.18214349124934812,-0.062393530073999365,25,0,0.0,25,0,0,0.0,0.0,0.0,False,0.0,logistic,False,False,False,post,post,placebo,none,live,,
79,5,communication,-0.07744912753417171,1.0,-0.2380830964051019,-0.04799779803552568,25,5,0.2,25,0,0,0.2,0.0,0.0,True,0.0,logistic,False,False,False,post,post,placebo,none,live,,
79,6,communication,-0.3861376491608372,1.0,-0.2823105167585764,-0.22255559064898683,25,8,0.32,25,0,0,0.32,0.0,0.0,True,0.0,logistic,False,False,False,post,post,placebo,none,live,,
79,7,communication,-0.5160677794459338,0.08266134607495759,-0.26902244284950916,0.09010995636264993,25,12,0.48,25,0,0,0.48,0.0,0.0,True,0.728529995562202,logistic,False,False,False,post,post,placebo,none,live,,
79,8,communication,0.23338348334233167,0.12337893493996357,-0.2551542817675979,0.14074374876163148,25,0,0.0,25,0,0,0.0,0.0,0.0,False,0.0636367795028247,logistic,False,False,False,post,post,placebo,none,live,,
79,9,communication,0.8678107232328669,0.1669737508698441,-0.158360694791071,0.2004423642642686,25,0,0.0,25,0,0,0.0,0.0,0.0,False,0.0004794490837056088,logistic,False,False,False,post,post,placebo,none,live,,
80,0,communication,0.6928826717635501,0.29740398796853307,0.2644448831537411,0.4232930202786482,25,0,0.0,25,0,0,0.0,0.0,0.0,False,0.032146404833295054,logistic,False,False,False,post,post,placebo,none,live,,
80,1,communication,-1.0721641978741685,0.31887644371974644,0.3537855057185636,0.4681624072160884,25,25,1.0,25,0,0,1.0,0.0,0.0,True,0.9999844976912369,logistic,False,False,False,post,post,placebo,none,live,,
80,2,communication,-0.19943645628053497,0.4177424049381093,0.3609198901863142,0.7174529082676984,25,21,0.84,25,0,0,0.84,0.0,0.0,True,0.9678137050815807,logistic,False,False,False,post,post,placebo,none,live,,
80,3,communication,1.3139077924757607,0.3753632748675673,0.2844005299235017,0.6009305245188465,25,0,0.0,25,0,0,0.0,0.0,0.0,False,0.00028430340618028013,logistic,False,False,False,post,post,placebo,none,live,,
80,4,communication,-0.4457255459381097,0.38445524460247177,0.33587928265319483,0.6245772402921128,25,25,1.0,25,0,0,1.0,0.0,0.0,True,0.9933095790068557,logistic,False,False,False,post,post,placebo,none,live,,
80,5,communication,0.44448331634497784,0.3101910619351712,0.43404573452259143,0.4496767797839395,25,1,0.04,25,0,0,0.04,0.0,0.0,False,0.17285331605572285,logistic,False,False,False,post,post,placebo,none,live,,
80,6,communication,-0.7098239060588141,0.35943560109877215,0.22071541849939663,0.5611232870813908,25,24,0.96,25,0,0,0.96,0.0,0.0,True,0.9993228800539502,logistic,False,False,False,post,post,placebo,none,live,,
80,7,communication,0.6074668970426238,0.3013950980366364,0.3048641583912727,0.4314242530929768,25,0,0.0,25,0,0,0.0,0.0,0.0,False,0.0617032361828739,logistic,False,False,False,post,post,placebo,none,live,,
80,8,communication,0.7278558495371498,0.34897357943126184,0.30023728804824823,0.5360359709002251,25,0,0.0,25,0,0,0.0,0.0,0.0,False,0.049365819118370874,logistic,False,False,False,post,post,placebo,none,live,,
80,9,communication,-0.5015052080754485,0.40887529025136843,0.36073968362641773,0.691690405608721,25,25,1.0,25,0,0,1.0,0.0,0.0,True,0.9974776268527785,logistic,False,False,False,post,post,placebo,none,live,,
81,0,communication,-1.0803446744773706,0.23844962452466167,-0.008686154555578973,0.31311077008638877,25,24,0.96,25,0,0,0.96,0.0,0.0,True,0.9998855060233065,logistic,False,False,False,post,post,placebo,none,live,,
81,1,communication,0.8038346681816327,0.1491650346269861,-0.07730362954510654,0.17531606092562355,25,0,0.0,25,0,0,0.0,0.0,0.0,False,0.0006359332628596221,logistic,False,False,False,post,post,placebo,none,live,,
81,2,communication,0.49580831673783893,0.24760178417504522,-0.07659555604042395,0.32908342811999663,25,0,0.0,25,0,0,0.0,0.0,0.0,False,0.06559688345296358,logistic,False,False,False,post,post,placebo,none,live,,
81,3,communication,0.8188479211255033,1.0,-0.10069281912507941,-0.09889517876776757,25,0,0.0,25,0,0,0.0,0.0,0.0,False,0.0,logistic,False,False,False,post,post,placebo,none,live,,
81,4,communication,0.5785284641887479,0.11615889475427686,-0.025044347036604252,0.13142508768245473,25,0,0.0,25,0,0,0.0,0.0,0.0,False,0.0031129407968917646,logistic,False,False,False,post,post,placebo,none,live,,
81,5,communication,0.38339884555094805,0.009940633948832166,-0.06463099802566713,0.010040442310525467,25,0,0.0,25,0,0,0.0,0.0,0.0,False,0.00017615978106866044,logistic,False,False,False,post,post,placebo,none,live,,
81,6,communication,0.6052563915425746,1.0,-0.0934457053739053,-0.0582778514741464,25,0,0.0,25,0,0,0.0,0.0,0.0,False,0.0,logistic,False,False,False,post,post,placebo,none,live,,
81,7,communication,0.9066461963768806,1.0,0.02406182602142496,-0.1315260697035998,25,0,0.0,25,0,0,0.0,0.0,0.0,False,0.0,logistic,False,False,False,post,post,placebo,none,live,,
81,8,communication,0.7979986796060464,1.0,0.029420792437011713,-0.0813083900816371,25,0,0.0,25,0,0,0.0,0.0,0.0,False,0.0,logistic,False,False,False,post,post,placebo,none,live,,
81,9,communication,-1.4035442174789585,1.0,0.01739634144330398,-0.09043605288723708,25,24,0.96,25,0,0,0.96,0.0,0.0,True,0.0,logistic,False,False,False,post,post,placebo,none,live,,
82,0,communication,1.3994727038733807,0.15853121161493008,-0.08018088077560936,0.18839820775667748,25,0,0.0,25,0,0,0.0,0.0,0.0,False,1.3959105607078748e-07,logistic,False,False,False,post,post,placebo,none,live,,
82,1,communication,-2.2941978634302957,0.2579949522803893,-0.1697615019010954,0.34769972667070137,25,25,1.0,25,0,0,1.0,0.0,0.0,True,0.999999999999998,logistic,False,False,False,post,post,placebo,none,live,,
82,2,communication,1.3577459185580856,1.0,-0.04374651157478153,-0.037747357035145646,25,0,0.0,25,0,0,0.0,0.0,0.0,False,0.0,logistic,False,False,False,post,post,placebo,none,live,,
82,3,communication,-0.8297111394752339,0.18108657745535447,-0.053191367154765426,0.22113030812543802,25,24,0.96,25,0,0,0.96,0.0,0.0,True,0.9930161644623354,logistic,False,False,False,post,post,placebo,none,live,,
82,4,communication,0.2290182530802305,0.28072663587877483,-0.16045023519175733,0.39029199450719776,25,0,0.0,25,0,0,0.0,0.0,0.0,False,0.3415182836386714,logistic,False,False,False,post,post,placebo,none,live,,
82,5,communication,-0.7789221800687761,0.24286948674993128,-0.08919619357344788,0.320776249932639,25,23,0.92,25,0,0,0.92,0.0,0.0,True,0.9966243630767212,logistic,False,False,False,post,post,placebo,none,live,,
82,6,communication,1.2980867548102721,0.16388157414761573,-0.04888762099134483,0.1960028257726123,25,0,0.0,25,0,0,0.0,0.0,0.0,False,9.712635981452177e-07,logistic,False,False,False,post,post,placebo,none,live,,
82,7,communication,0.5667032959982352,0.23016860621664217,-0.12161193287230704,0.2989857364551894,25,0,0.0,25,0,0,0.0,0.0,0.0,False,0.03143752899057825,logistic,False,False,False,post,post,placebo,none,live,,
82,8,communication,0.6048842459622913,0.3866049612140205,-0.12669489906355777,0.6302707664202536,25,0,0.0,25,0,0,0.0,0.0,0.0,False,0.15486794908375778,logistic,False,False,False,post,post,placebo,none,live,,
82,9,communication,-0.017062963104832213,0.19046510463525024,-0.16691357811338248,0.23527720142246977,25,1,0.04,25,0,0,0.04,0.0,0.0,True,0.4268406517583221,logistic,False,False,False,post,post,placebo,none,live,,
83,0,communication,1.1975665128158102,1.0,-0.10702806877144126,-0.28105282226452283,25,0,0.0,25,0,0,0.0,0.0,0.0,False,0.0,logistic,False,False,False,post,post,placebo,none,live,,
83,1,communication,0.46201766350899137,1.0,-0.28098951195328054,-0.1739992674146973,25,0,0.0,25,0,0,0.0,0.0,0.0,False,0.0,logistic,False,False,False,post,post,placebo,none,live,,
83,2,communication,-1.3494142325215408,1.0,-0.23467266065912612,-0.23357786483758486,25,23,0.92,25,0,0,0.92,0.0,0.0,True,0.0,logistic,False,False,False,post,post,placebo,none,live,,
83,3,communication,-0.0596595075512219,1.0,-0.1914301570528856,-0.02848631734464964,25,2,0.08,25,0,0,0.08,0.0,0.0,True,0.0,logistic,False,False,False,post,post,placebo,none,live,,
83,4,communication,-0.0040925887804849626,1.0,-0.26594229021358845,-0.14323363834806188,25,0,0.0,25,0,0,0.0,0.0,0.0,True,0.0,logistic,False,False,False,post,post,placebo,none,live,,
83,5,communication,-0.25285569973727234,1.0,-0.228779408005811,-0.12254974937652655,25,2,0.08,25,0,0,0.08,0.0,0.0,True,0.0,logistic,False,False,False,post,post,placebo,none,live,,
83,6,communication,1.8481989553037672,1.0,-0.2932644719719031,-0.4096407754664544,25,0,0.0,25,0,0,0.0,0.0,0.0,False,0.0,logistic,False,False,False,post,post,placebo,none,live,,
83,7,communication,-2.4112038044862882,1.0,-0.25125750616727605,-0.10434930691471386,25,25,1.0,25,0,0,1.0,0.0,0.0,True,0.0,logistic,False,False,False,post,post,placebo,none,live,,
83,8,communication,1.5864073011128679,0.13409260991516408,-0.21825283142115187,0.15485791142402255,25,0,0.0,25,0,0,0.0,0.0,0.0,False,1.3547047286980378e-09,logistic,False,False,False,post,post,placebo,none,live,,
83,9,communication,-0.8896344489290636,0.002637144848150024,-0.21860556989726787,0.0026441177697043017,25,22,0.88,25,0,0,0.88,0.0,0.0,True,0.5731708295505891,logistic,False,False,False,post,post,placebo,none,live,,
84,0,communication,1.5966622605441412,0.15457540598409394,0.24927256371736795,0.18283760264157364,25,0,0.0,25,0,0,0.0,0.0,0.0,False,2.8734378563164385e-09,logistic,False,False,False,post,post,placebo,none,live,,
84,1,communication,-1.386837194042212,0.013507060807495601,0.2818894047863726,0.013691999477007742,25,25,1.0,25,0,0,1.0,0.0,0.0,True,0.9929851194094641,logistic,False,False,False,post,post,placebo,none,live,,
84,2,communication,0.859441030722577,0.019512216610521806,0.25290375418609984,0.01990051986478549,25,0,0.0,25,0,0,0.0,0.0,0.0,False,5.760811324305974e-07,logistic,False,False,False,post,post,placebo,none,live,,
84,3,communication,-0.6472862987213521,1.0,0.3329132148498342,-0.010911201958015905,25,25,1.0,25,0,0,1.0,0.0,0.0,True,0.0,logistic,False,False,False,post,post,placebo,none,live,,
84,4,communication,-0.9449415783101559,1.0,0.2286635328795229,-0.2048097436284815,25,25,1.0,25,0,0,1.0,0.0,0.0,True,0.0,logistic,False,False,False,post,post,placebo,none,live,,
84,5,communication,1.0828241053118095,0.05433213382140886,0.22728411992596956,0.05745371685406104,25,0,0.0,25,0,0,0.0,0.0,0.0,False,2.420212925789897e-07,logistic,False,False,False,post,post,placebo,none,live,,
84,6,communication,-1.064800874207894,1.0,0.3463053844314771,-0.048107246818530514,25,25,1.0,25,0,0,1.0,0.0,0.0,True,0.0,logistic,False,False,False,post,post,placebo,none,live,,
84,7,communication,-0.4580140137236678,0.0855942491241161,0.2540778112280936,0.09360642039065015,25,25,1.0,25,0,0,1.0,0.0,0.0,True,0.671345897605983,logistic,False,False,False,post,post,placebo,none,live,,
84,8,communication,1.1059388759584496,0.13726494695289224,0.2805721685411914,0.15910440461191877,25,0,0.0,25,0,0,0.0,0.0,0.0,False,7.74497917835411e-06,logistic,False,False,False,post,post,placebo,none,live,,
84,9,communication,1.04921819971652,0.07317746248306221,0.31536210711611184,0.07895520395858402,25,0,0.0,25,0,0,0.0,0.0,0.0,False,1.2631420759267318e-06,logistic,False,False,False,post,post,placebo,none,live,,
85,0,communication,0.20359088207113127,0.6209772618931351,-0.12053641564274839,1.6383641387711456,25,0,0.0,25,0,0,0.0,0.0,0.0,False,0.9553720881606055,logistic,False,False,False,post,post,placebo,none,live,,
85,1,communication,-0.14129732650827181,0.564543608090389,-0.09675692908619454,1.29644120187257,25,5,0.2,25,0,0,0.2,0.0,0.0,True,0.9940534817864212,logistic,False,False,False,post,post,placebo,none,live,,
85,2,communication,0.11307370447200815,0.5490124288311391,-0.1637965231696218,1.2173560069698137,25,0,0.0,25,0,0,0.0,0.0,0.0,False,0.9425211662841335,logistic,False,False,False,post,post,placebo,none,live,,
85,3,communication,-1.2159479755917735,0.5671404936570251,-0.25141874868410063,1.3102184088517008,25,25,1.0,25,0,0,1.0,0.0,0.0,True,0.9999999995102855,logistic,False,False,False,post,post,placebo,none,live,,
85,4,communication,0.35834250763814435,0.5962512439870772,-0.16727559175344622,1.4767878169462219,25,0,0.0,25,0,0,0.0,0.0,0.0,False,0.8500586079295642,logistic,False,False,False,post,post,placebo,none,live,,
85,5,communication,-0.38242222270198406,0.5664990563350705,-0.1498387349726194,1.3068000534110504,25,18,0.72,25,0,0,0.72,0.0,0.0,True,0.9995666096638003,logistic,False,False,False,post,post,placebo,none,live,,
85,6,communication,-1.278734604528108,0.5855552017418288,-0.2073068328428161,1.412866572829001,25,25,1.0,25,0,0,1.0,0.0,0.0,True,0.9999999999363763,logistic,False,False,False,post,post,placebo,none,live,,
85,7,communication,1.849156943838067,0.5655896540231304,-0.11692074525891794,1.3019709573244043,25,0,0.0,25,0,0,0.0,0.0,0.0,False,1.9493614770476653e-05,logistic,False,False,False,post,post,placebo,none,live,,
85,8,communication,-0.1477879738110706,0.5907924578202778,-0.18518087366745303,1.443747724377974,25,5,0.2,25,0,0,0.2,0.0,0.0,True,0.9964436246402806,logistic,False,False,False,post,post,placebo,none,live,,
85,9,communication,-0.7069711989510492,0.5394393208555776,-0.1386076761120358,1.171266556792662,25,22,0.88,25,0,0,0.88,0.0,0.0,True,0.9999894877337138,logistic,False,False,False,post,post,placebo,none,live,,
86,0,communication,-0.2734971690213245,0.2430788776735067,-0.35686587200621434,0.32114162295586735,25,7,0.28,25,0,0,0.28,0.0,0.0,True,0.8474333283966016,logistic,False,False,False,post,post,placebo,none,live,,
86,1,communication,-0.30890361889930074,1.0,-0.34794529008499897,-0.014506821054457664,25,3,0.12,25,0,0,0.12,0.0,0.0,True,0.0,logistic,False,False,False,post,post,placebo,none,live,,
86,2,communication,-0.9081611268492147,0.16361245468151672,-0.32655938892761094,0.19561799502790977,25,23,0.92,25,0,0,0.92,0.0,0.0,True,0.9952409209727923,logistic,False,False,False,post,post,placebo,none,live,,
86,3,communication,-1.7875950857801866,1.0,-0.35598433720058253,-0.04712000150207894,25,25,1.0,25,0,0,1.0,0.0,0.0,True,0.0,logistic,False,False,False,post,post,placebo,none,live,,
86,4,communication,0.5976046013071441,1.0,-0.35888445167166283,-0.022730935895907592,25,0,0.0,25,0,0,0.0,0.0,0.0,False,0.0,logistic,False,False,False,post,post,placebo,none,live,,
86,5,communication,0.17982684194972892,0.055704550052057246,-0.37282788000734185,0.0589905945804654,25,0,0.0,25,0,0,0.0,0.0,0.0,False,0.02244774072273512,logistic,False,False,False,post,post,placebo,none,live,,
86,6,communication,0.6458074368392679,1.0,-0.41275119471358207,-0.06744987106826845,25,0,0.0,25,0,0,0.0,0.0,0.0,False,0.0,logistic,False,False,False,post,post,placebo,none,live,,
86,7,communication,-0.06375914844135,1.0,-0.3994069004611354,-0.2996200588867737,25,0,0.0,25,0,0,0.0,0.0,0.0,True,0.0,logistic,False,False,False,post,post,placebo,none,live,,
86,8,communication,-1.3422629285916328,0.22900122203679288,-0.3611243947270711,0.29701891699719535,25,25,1.0,25,0,0,1.0,0.0,0.0,True,0.9999965281506838,logistic,False,False,False,post,post,placebo,none,live,,
86,9,communication,-1.063705138030618,0.1328509556852934,-0.3104563625359707,0.15320429233740696,25,23,0.92,25,0,0,0.92,0.0,0.0,True,0.9979830920823032,logistic,False,False,False,post,post,placebo,none,live,,
87,0,communication,0.05018007309168099,0.21326718240155518,0.5340932253606974,0.2710795553852293,25,20,0.8,25,0,0,0.8,0.0,0.0,True,0.40070900558603584,logistic,False,False,False,post,post,placebo,none,live,,
87,1,communication,-1.0393360371636717,0.1637856745373908,0.5024835038227756,0.19586566451941795,25,25,1.0,25,0,0,1.0,0.0,0.0,True,0.9987828398987072,logistic,False,False,False,post,post,placebo,none,live,,
87,2,communication,2.408399174879733,0.07230601645626449,0.46925600898335795,0.07794166798415554,25,0,0.0,25,0,0,0.0,0.0,0.0,False,1.1673638716350392e-20,logistic,False,False,False,post,post,placebo,none,live,,
87,3,communication,-1.0470430080763218,1.0,0.47948152466035066,-0.04225560028879108,25,25,1.0,25,0,0,1.0,0.0,0.0,True,0.0,logistic,False,False,False,post,post,placebo,none,live,,
87,4,communication,-1.7534027420861436,0.16210114025927488,0.5937766126441236,0.1934614642027733,25,25,1.0,25,0,0,1.0,0.0,0.0,True,0.9999999665220376,logistic,False,False,False,post,post,placebo,none,live,,
87,5,communication,1.2450601142418876,1.0,0.541411653262355,-0.11982288782019165,25,0,0.0,25,0,0,0.0,0.0,0.0,False,0.0,logistic,False,False,False,post,post,placebo,none,live,,
87,6,communication,-0.0578025682310257,0.18362776881285847,0.5364557091959489,0.22493142441387676,25,25,1.0,25,0,0,1.0,0.0,0.0,True,0.4614194705182107,logistic,False,False,False,post,post,placebo,none,live,,
87,7,communication,1.5985966434621677,0.20280544549676813,0.455060272245,0.254398934803494,25,0,0.0,25,0,0,0.0,0.0,0.0,False,2.0757885165405268e-08,logistic,False,False,False,post,post,placebo,none,live,,
87,8,communication,1.0230641493214176,1.0,0.5620699531201477,-0.0894240568992816,25,0,0.0,25,0,0,0.0,0.0,0.0,False,0.0,logistic,False,False,False,post,post,placebo,none,live,,
87,9,communication,-1.225631782535498,0.10932921746787705,0.48669158640973587,0.12274930267394729,25,24,0.96,25,0,0,0.96,0.0,0.0,True,0.9993585252615854,logistic,False,False,False,post,post,placebo,none,live,,
88,0,communication,-0.5705432996514164,0.5447909657330059,0.009480249929041343,1.1967929560323034,25,19,0.76,25,0,0,0.76,0.0,0.0,True,0.9999360043864326,logistic,False,False,False,post,post,placebo,none,live,,
88,1,communication,-0.09289798461539439,0.5240905071455151,0.024071189084437405,1.1012398681145077,25,11,0.44,25,0,0,0.44,0.0,0.0,True,0.982872240097685,logistic,False,False,False,post,post,placebo,none,live,,
88,2,communication,-0.7955829999755003,0.5030756238724612,-0.023002768923662834,1.0123786395685763,25,24,0.96,25,0,0,0.96,0.0,0.0,True,0.9999927638851134,logistic,False,False,False,post,post,placebo,none,live,,
88,3,communication,-0.5737607983073114,0.550882017491048,-0.029090298471206734,1.226586418146968,25,25,1.0,25,0,0,1.0,0.0,0.0,True,0.9999470584935772,logistic,False,False,False,post,post,placebo,none,live,,
88,4,communication,-0.030990001181683227,0.5368325855239077,0.06164810408417737,1.1590465320863323,25,6,0.24,25,0,0,0.24,0.0,0.0,True,0.9764388385095498,logistic,False,False,False,post,post,placebo,none,live,,
88,5,communication,-1.5386036913489298,0.5802325010906804,-0.0007398784702820132,1.3822711443794393,25,25,1.0,25,0,0,1.0,0.0,0.0,True,0.9999999999998138,logistic,False,False,False,post,post,placebo,none,live,,
88,6,communication,-1.923083369101736,0.5742860276189088,0.05473204164807625,1.3489950174922112,25,25,1.0,25,0,0,1.0,0.0,0.0,True,1.0,logistic,False,False,False,post,post,placebo,none,live,,
88,7,communication,1.4268095196977526,0.5200321403806437,0.029823866176238296,1.0834728408545122,25,0,0.0,25,0,0,0.0,0.0,0.0,False,0.0014776141192492601,logistic,False,False,False,post,post,placebo,none,live,,
88,8,communication,-1.1362747730425273,0.5680841857330378,0.004112178866282847,1.315266000845969,25,24,0.96,25,0,0,0.96,0.0,0.0,True,0.9999999975816506,logistic,False,False,False,post,post,placebo,none,live,,
88,9,communication,0.16338485445213924,0.46970139741304034,0.02208443561521337,0.8857300304426459,25,0,0.0,25,0,0,0.0,0.0,0.0,False,0.82767940700744,logistic,False,False,False,post,post,placebo,none,live,,
89,0,communication,-1.2020538458969516,0.24203848070037273,-0.009670712063243686,0.31932819086122144,25,24,0.96,25,0,0,0.96,0.0,0.0,True,0.9999805468726836,logistic,False,False,False,post,post,placebo,none,live,,
89,1,communication,-0.1355655542696291,0.26510954022563604,-0.0049634795137849415,0.3607470156940581,25,12,0.48,25,0,0,0.48,0.0,0.0,True,0.7605000551705522,logistic,False,False,False,post,post,placebo,none,live,,
89,2,communication,-0.4270124666599386,0.10748526090806564,-0.0030933172369627775,0.12042967606050259,25,22,0.88,25,0,0,0.88,0.0,0.0,True,0.7059687738372831,logistic,False,False,False,post,post,placebo,none,live,,
89,3,communication,-0.18747846468920015,0.1679857835037578,0.0030548813458032738,0.20190253985223405,25,18,0.72,25,0,0,0.72,0.0,0.0,True,0.5881254089065584,logistic,False,False,False,post,post,placebo,none,live,,
89,4,communication,0.45866854404044843,0.1177440298702783,-0.031252162457160323,0.13345790094564722,25,0,0.0,25,0,0,0.0,0.0,0.0,False,0.010096157862143561,logistic,False,False,False,post,post,placebo,none,live,,
89,5,communication,0.3440432230918083,1.0,-0.16640196382952682,-0.11788377765543945,25,0,0.0,25,0,0,0.0,0.0,0.0,False,0.0,logistic,False,False,False,post,post,placebo,none,live,,
89,6,communication,0.8363084672228954,0.32641661885227696,0.03232102536747186,0.48459719759726505,25,0,0.0,25,0,0,0.0,0.0,0.0,False,0.015798612582707972,logistic,False,False,False,post,post,placebo,none,live,,
89,7,communication,2.206811287198425,0.18908388567202614,0.003710015069644728,0.23317317578369323,25,0,0.0,25,0,0,0.0,0.0,0.0,False,1.4022740442357077e-14,logistic,False,False,False,post,post,placebo,none,live,,
89,8,communication,-1.06851126779491,0.15836260157637033,0.075394763818564,0.18816012913991276,25,25,1.0,25,0,0,1.0,0.0,0.0,True,0.9989937092690384,logistic,False,False,False,post,post,placebo,none,live,,
89,9,communication,-1.7620514217756549,0.32418286392616524,-0.021975977135209757,0.4796902100019368,25,24,0.96,25,0,0,0.96,0.0,0.0,True,0.9999999999593244,logistic,False,False,False,post,post,placebo,none,live,,
90,0,communication,-0.2874800164775869,1.0,0.44437850348700425,-0.15988918635326146,25,24,0.96,25,0,0,0.96,0.0,0.0,True,0.0,logistic,False,False,False,post,post,placebo,none,live,,
90,1,communication,-0.1407583368302216,1.0,0.3851944858349617,-0.24336959389487692,25,22,0.88,25,0,0,0.88,0.0,0.0,True,0.0,logistic,False,False,False,post,post,placebo,none,live,,
90,2,communication,0.8717974062377037,1.0,0.5126577359837755,-0.3688450313563403,25,0,0.0,25,0,0,0.0,0.0,0.0,False,0.0,logistic,False,False,False,post,post,placebo,none,live,,
90,3,communication,-1.7344004195575315,1.0,0.4271314460690287,-0.15921742416601325,25,25,1.0,25,0,0,1.0,0.0,0.0,True,0.0,logistic,False,False,False,post,post,placebo,none,live,,
90,4,communication,1.4366495660581773,1.0,0.3942745933260735,-0.5507100884878335,25,0,0.0,25,0,0,0.0,0.0,0.0,False,0.0,logistic,False,False,False,post,post,placebo,none,live,,
90,5,communication,-0.25592113884529566,0.16483927244037086,0.41170603546043616,0.19737431011876885,25,25,1.0,25,0,0,1.0,0.0,0.0,True,0.6655918515308955,logistic,False,False,False,post,post,placebo,none,live,,
90,6,communication,0.8919745048860755,1.0,0.42209433986229045,-0.30905523247828803,25,0,0.0,25,0,0,0.0,0.0,0.0,False,0.0,logistic,False,False,False,post,post,placebo,none,live,,
90,7,communication,-0.5551263036950287,1.0,0.46805403547743496,-0.23682036900425363,25,25,1.0,25,0,0,1.0,0.0,0.0,True,0.0,logistic,False,False,False,post,post,placebo,none,live,,
90,8,communication,1.4196787004255083,1.0,0.4197068192007632,-0.307063101984842,25,0,0.0,25,0,0,0.0,0.0,0.0,False,0.0,logistic,False,False,False,post,post,placebo,none,live,,
90,9,communication,-1.7339732739181455,1.0,0.39376444647852643,-0.11380086072105179,25,24,0.96,25,0,0,0.96,0.0,0.0,True,0.0,logistic,False,False,False,post,post,placebo,none,live,,
91,0,communication,-0.4997983522326074,0.3575462295482571,0.09089928638633574,0.5565322300106474,25,19,0.76,25,0,0,0.76,0.0,0.0,True,0.993662808909758,logistic,False,False,False,post,post,placebo,none,live,,
91,1,communication,-2.4766550668566407,0.2451274393312676,0.04516406635655659,0.3247269169700806,25,25,1.0,25,0,0,1.0,0.0,0.0,True,1.0,logistic,False,False,False,post,post,placebo,none,live,,
91,2,communication,-1.1447438325364423,0.3866067684681302,0.02396481591293531,0.6302755697232426,25,25,1.0,25,0,0,1.0,0.0,0.0,True,0.9999992688794871,logistic,False,False,False,post,post,placebo,none,live,,
91,3,communication,-0.07078175915347062,0.34598116701876447,0.08425283581275042,0.5290079575257293,25,6,0.24,25,0,0,0.24,0.0,0.0,True,0.8396489990737714,logistic,False,False,False,post,post,placebo,none,live,,
91,4,communication,0.13038524709712698,0.3940798243059002,0.09998872163874839,0.6503824102811396,25,2,0.08,25,0,0,0.08,0.0,0.0,False,0.7291620769278591,logistic,False,False,False,post,post,placebo,none,live,,
91,5,communication,-0.7527066428809066,0.4321182377885373,0.0619789255182131,0.7609299444760633,25,25,1.0,25,0,0,1.0,0.0,0.0,True,0.9999210906707583,logistic,False,False,False,post,post,placebo,none,live,,
91,6,communication,1.2864892574099245,0.30482640645486414,0.07335706038020423,0.4384896222832039,25,0,0.0,25,0,0,0.0,0.0,0.0,False,7.754367355884486e-05,logistic,False,False,False,post,post,placebo,none,live,,
91,7,communication,-0.16394166410189245,0.2999755616186512,0.08643890421655528,0.42852155606492554,25,14,0.56,25,0,0,0.56,0.0,0.0,True,0.8465906055857606,logistic,False,False,False,post,post,placebo,none,live,,
91,8,communication,0.19778438872675164,0.2982482911778097,0.10790717219252913,0.42500543629367893,25,3,0.12,25,0,0,0.12,0.0,0.0,False,0.4228665089907251,logistic,False,False,False,post,post,placebo,none,live,,
91,9,communication,0.981380917371314,0.35743426817570967,0.012061748829822916,0.556261018092154,25,0,0.0,25,0,0,0.0,0.0,0.0,False,0.007239644741698853,logistic,False,False,False,post,post,placebo,none,live,,
92,0,communication,-0.010794164140050345,0.4804952961680832,-0.012519152033518808,0.9249103860348202,25,6,0.24,25,0,0,0.24,0.0,0.0,True,0.9439383019751004,logistic,False,False,False,post,post,placebo,none,live,,
92,1,communication,-0.46902348475467653,0.534715131817017,0.015790969766162552,1.149220979193179,25,19,0.76,25,0,0,0.76,0.0,0.0,True,0.9997014446486316,logistic,False,False,False,post,post,placebo,none,live,,
92,2,communication,0.1857635981011296,0.43436094551106064,-0.002472109056269222,0.7679118725341731,25,0,0.0,25,0,0,0.0,0.0,0.0,False,0.7464550025810807,logistic,False,False,False,post,post,placebo,none,live,,
92,3,communication,0.7048402350502385,0.46488355442671225,0.043738162521073334,0.8687521347408175,25,0,0.0,25,0,0,0.0,0.0,0.0,False,0.18727213519491792,logistic,False,False,False,post,post,placebo,none,live,,
92,4,communication,-0.14899576614615773,0.48087420082876386,0.02426274777512253,0.9263153586210905,25,15,0.6,25,0,0,0.6,0.0,0.0,True,0.9798960598682583,logistic,False,False,False,post,post,placebo,none,live,,
92,5,communication,1.5614466845220378,0.4714306342329817,0.12390833510552834,0.8918992752235625,25,0,0.0,25,0,0,0.0,0.0,0.0,False,0.00010566996035620665,logistic,False,False,False,post,post,placebo,none,live,,
92,6,communication,-1.384257628596795,0.38207136000421327,0.017764401993256188,0.6183098423902449,25,25,1.0,25,0,0,1.0,0.0,0.0,True,0.9999999884963675,logistic,False,False,False,post,post,placebo,none,live,,
92,7,communication,-1.361808930772851,0.512804791907224,-0.0009976455571198348,1.0525653442173655,25,25,1.0,25,0,0,1.0,0.0,0.0,True,0.9999999998315984,logistic,False,False,False,post,post,placebo,none,live,,
92,8,communication,-0.8648929329212577,0.533605929057246,0.05743273433135679,1.144109589512217,25,25,1.0,25,0,0,1.0,0.0,0.0,True,0.999998962608075,logistic,False,False,False,post,post,placebo,none,live,,
92,9,communication,1.0159176173297404,0.4823207740252999,-0.012622865858605597,0.9316981439948138,25,0,0.0,25,0,0,0.0,0.0,0.0,False,0.03415276272075123,logistic,False,False,False,post,post,placebo,none,live,,
93,0,communication,-0.8062611829220838,0.4604906411798768,-0.08302955392385375,0.8535359649496055,25,23,0.92,25,0,0,0.92,0.0,0.0,True,0.9999813265400526,logistic,False,False,False,post,post,placebo,none,live,,
93,1,communication,1.884158276643362,0.42952009664991164,-0.14842078289159208,0.7529101272938733,25,0,0.0,25,0,0,0.0,0.0,0.0,False,2.498994417035505e-07,logistic,False,False,False,post,post,placebo,none,live,,
93,2,communication,-0.37078453991323135,0.4442468215713845,-0.169950234813088,0.7993599295778862,25,9,0.36,25,0,0,0.36,0.0,0.0,True,0.9950105653180584,logistic,False,False,False,post,post,placebo,none,live,,
93,3,communication,-0.9911479269015117,0.4357974948145198,-0.18145051729022862,0.7724132573130854,25,25,1.0,25,0,0,1.0,0.0,0.0,True,0.9999978347162722,logistic,False,False,False,post,post,placebo,none,live,,
93,4,communication,-1.5237505313637634,0.393796417515915,-0.16659834935547252,0.6496108384945969,25,25,1.0,25,0,0,1.0,0.0,0.0,True,0.9999999995390765,logistic,False,False,False,post,post,placebo,none,live,,
93,5,communication,-0.4212416130159886,0.3563407275087499,-0.14310223909097766,0.5536170187210252,25,16,0.64,25,0,0,0.64,0.0,0.0,True,0.9869151412221399,logistic,False,False,False,post,post,placebo,none,live,,
93,6,communication,-0.11586428895972072,0.3717752409863295,-0.13889479617708733,0.5917869928750126,25,2,0.08,25,0,0,0.08,0.0,0.0,True,0.9029095622248713,logistic,False,False,False,post,post,placebo,none,live,,
93,7,communication,1.4088058970030326,0.41756862342855455,-0.1790652348694051,0.7169404675390671,25,0,0.0,25,0,0,0.0,0.0,0.0,False,0.00022217183536993868,logistic,False,False,False,post,post,placebo,none,live,,
93,8,communication,0.5227202202087646,0.3708540256332286,-0.08730464999866992,0.5894562482204375,25,0,0.0,25,0,0,0.0,0.0,0.0,False,0.20163007405133898,logistic,False,False,False,post,post,placebo,none,live,,
93,9,communication,0.5604371064866335,0.4370039138331865,-0.12275914515368395,0.7762112820509093,25,0,0.0,25,0,0,0.0,0.0,0.0,False,0.28433417911456477,logistic,False,False,False,post,post,placebo,none,live,,
94,0,communication,0.34144062824190996,0.12072311816064152,-0.433318215168267,0.1372981829206074,25,0,0.0,25,0,0,0.0,0.0,0.0,False,0.028253520946321838,logistic,False,False,False,post,post,placebo,none,live,,
94,1,communication,0.4644536938492594,1.0,-0.41597681160001476,-0.13791227928358718,25,0,0.0,25,0,0,0.0,0.0,0.0,False,0.0,logistic,False,False,False,post,post,placebo,none,live,,
94,2,communication,-0.6890573962082576,1.0,-0.4395029255857718,-0.1641796603487744,25,10,0.4,25,0,0,0.4,0.0,0.0,True,0.0,logistic,False,False,False,post,post,placebo,none,live,,
94,3,communication,-0.07401747265912884,1.0,-0.45305873170777833,-0.13261631432873383,25,0,0.0,25,0,0,0.0,0.0,0.0,True,0.0,logistic,False,False,False,post,post,placebo,none,live,,
94,4,communication,-0.18611142800572972,0.07649468041034634,-0.40744714970320506,0.08283079565187092,25,0,0.0,25,0,0,0.0,0.0,0.0,True,0.289892754163947,logistic,False,False,False,post,post,placebo,none,live,,
94,5,communication,-0.25300694824301734,0.1827129424817188,-0.3512329054548767,0.22356030332418647,25,2,0.08,25,0,0,0.08,0.0,0.0,True,0.7079222880178243,logistic,False,False,False,post,post,placebo,none,live,,
94,6,communication,-0.5405611749126373,0.2635252582375027,-0.3207422984552897,0.3578198182423015,25,19,0.76,25,0,0,0.76,0.0,0.0,True,0.9797088898523544,logistic,False,False,False,post,post,placebo,none,live,,
94,7,communication,-0.6101201029210047,1.0,-0.4116390063476239,-0.09037583359761313,25,13,0.52,25,0,0,0.52,0.0,0.0,True,0.0,logistic,False,False,False,post,post,placebo,none,live,,
94,8,communication,-0.8906860102354248,0.13008648600583667,-0.4020559850566173,0.14953956216699202,25,22,0.88,25,0,0,0.88,0.0,0.0,True,0.9885947172378053,logistic,False,False,False,post,post,placebo,none,live,,
94,9,communication,-0.9952973613614814,0.021941396920628416,-0.397302994244234,0.022433621923621916,25,21,0.84,25,0,0,0.84,0.0,0.0,True,0.9155252691559361,logistic,False,False,False,post,post,placebo,none,live,,
95,0,communication,0.41160550474940927,0.006099818765580948,0.24411201497331447,0.006137254908239381,25,4,0.16,25,0,0,0.16,0.0,0.0,False,5.715883679459521e-05,logistic,False,False,False,post,post,placebo,none,live,,
95,1,communication,0.38559604793751634,0.13404367216139973,0.12187365144274802,0.15479264698713907,25,0,0.0,25,0,0,0.0,0.0,0.0,False,0.025828219055325417,logistic,False,False,False,post,post,placebo,none,live,,
95,2,communication,1.5767881614437667,1.0,0.1368356157566304,-0.010702350961120155,25,0,0.0,25,0,0,0.0,0.0,0.0,False,0.0,logistic,False,False,False,post,post,placebo,none,live,,
95,3,communication,1.3805857295083135,0.05352917246968975,0.18761089645704093,0.056556600491709824,25,0,0.0,25,0,0,0.0,0.0,0.0,False,7.944247366592821e-10,logistic,False,False,False,post,post,placebo,none,live,,
95,4,communication,-0.5308357784694369,0.31184099898291867,0.23976793319315254,0.4531525396340462,25,25,1.0,25,0,0,1.0,0.0,0.0,True,0.9897830509065478,logistic,False,False,False,post,post,placebo,none,live,,
95,5,communication,0.8831623247177274,0.18696510920239928,0.23706328278160999,0.22995951504489973,25,0,0.0,25,0,0,0.0,0.0,0.0,False,0.0006641530382717224,logistic,False,False,False,post,post,placebo,none,live,,
95,6,communication,1.3924006812260534,0.16738031540816442,0.15280104455778312,0.20102853500300935,25,0,0.0,25,0,0,0.0,0.0,0.0,False,2.2326412696153172e-07,logistic,False,False,False,post,post,placebo,none,live,,
95,7,communication,-0.3994547749325476,0.2801263843064819,0.1883515845532056,0.3891327285784899,25,24,0.96,25,0,0,0.96,0.0,0.0,True,0.9537935213830004,logistic,False,False,False,post,post,placebo,none,live,,
95,8,communication,-0.6807473701371819,0.18866095674578517,0.25237990042621006,0.2325303562233138,25,25,1.0,25,0,0,1.0,0.0,0.0,True,0.9780574313766538,logistic,False,False,False,post,post,placebo,none,live,,
95,9,communication,-0.645849208306963,0.17851604746469008,0.24429760464841369,0.21730923277776004,25,24,0.96,25,0,0,0.96,0.0,0.0,True,0.9661387673874654,logistic,False,False,False,post,post,placebo,none,live,,
96,0,communication,1.1482762644173512,0.32066398813226443,0.18484458185849698,0.472025599306366,25,0,0.0,25,0,0,0.0,0.0,0.0,False,0.0006308530996713174,logistic,False,False,False,post,post,placebo,none,live,,
96,1,communication,-0.5091518769493026,0.30264660670061094,0.14603694067022063,0.4339931656010142,25,24,0.96,25,0,0,0.96,0.0,0.0,True,0.985708529513374,logistic,False,False,False,post,post,placebo,none,live,,
96,2,communication,-0.04055817226571842,0.3367649695717803,0.15104013320106574,0.5077611316072177,25,12,0.48,25,0,0,0.48,0.0,0.0,True,0.7985450155953644,logistic,False,False,False,post,post,placebo,none,live,,
96,3,communication,0.8510204620602808,0.29135389562017183,0.15459653963795966,0.41114160343144807,25,0,0.0,25,0,0,0.0,0.0,0.0,False,0.007867842225635609,logistic,False,False,False,post,post,placebo,none,live,,
96,4,communication,-0.1718786159034323,0.2840024122522114,0.15545163441488094,0.3966527501098953,25,21,0.84,25,0,0,0.84,0.0,0.0,True,0.8285907709835405,logistic,False,False,False,post,post,placebo,none,live,,
96,5,communication,0.20643722213890534,0.28510928507816646,0.2152088056503132,0.39881520227793205,25,5,0.2,25,0,0,0.2,0.0,0.0,False,0.37999671397823387,logistic,False,False,False,post,post,placebo,none,live,,
96,6,communication,-0.8319584905192592,0.2886438596782741,0.14986521301541905,0.4057656120712318,25,24,0.96,25,0,0,0.96,0.0,0.0,True,0.9992585014079606,logistic,False,False,False,post,post,placebo,none,live,,
96,7,communication,0.8273758527598252,0.17932649710757703,0.15497092469620105,0.21851137690634548,25,0,0.0,25,0,0,0.0,0.0,0.0,False,0.0010416273086129315,logistic,False,False,False,post,post,placebo,none,live,,
96,8,communication,0.8356651808698387,0.36387378033544604,0.13876988969576343,0.5720150641288237,25,0,0.0,25,0,0,0.0,0.0,0.0,False,0.027380901451313097,logistic,False,False,False,post,post,placebo,none,live,,
96,9,communication,-0.7527931866424443,0.24490204623005857,0.23086532573390683,0.32433149236777536,25,25,1.0,25,0,0,1.0,0.0,0.0,True,0.9957935116841168,logistic,False,False,False,post,post,placebo,none,live,,
97,0,communication,0.3863437734818145,0.23907859899282155,0.014102392918808992,0.3141961819924764,25,0,0.0,25,0,0,0.0,0.0,0.0,False,0.11503986510552416,logistic,False,False,False,post,post,placebo,none,live,,
97,1,communication,0.6631418684472338,0.1810020731448159,0.14372942719548554,0.2210043117445166,25,0,0.0,25,0,0,0.0,0.0,0.0,False,0.005889690676031095,logistic,False,False,False,post,post,placebo,none,live,,
97,2,communication,0.2556496093261946,0.2887787360754739,-0.006782241516481963,0.406032202246021,25,0,0.0,25,0,0,0.0,0.0,0.0,False,0.3276088100512927,logistic,False,False,False,post,post,placebo,none,live,,
97,3,communication,1.4940216299283389,0.35635640104198024,0.03443578073122189,0.5536548512544484,25,0,0.0,25,0,0,0.0,0.0,0.0,False,1.5882267759774766e-05,logistic,False,False,False,post,post,placebo,none,live,,
97,4,communication,-1.087073878512227,0.19079790588180742,0.07059823448213297,0.23578523494767348,25,25,1.0,25,0,0,1.0,0.0,0.0,True,0.9996436064718939,logistic,False,False,False,post,post,placebo,none,live,,
97,5,communication,-1.0798912801474514,0.1779435038493862,0.12935542255187654,0.2164614046390117,25,25,1.0,25,0,0,1.0,0.0,0.0,True,0.9994614102048409,logistic,False,False,False,post,post,placebo,none,live,,
97,6,communication,-1.3771594316853015,0.3931534615410724,0.07037999277234384,0.6478630701914792,25,25,1.0,25,0,0,1.0,0.0,0.0,True,0.9999999909860504,logistic,False,False,False,post,post,placebo,none,live,,
97,7,communication,-0.037968426815525785,0.07555150699531088,0.12648348488097846,0.08172603186333244,25,11,0.44,25,0,0,0.44,0.0,0.0,True,0.14519954764244802,logistic,False,False,False,post,post,placebo,none,live,,
97,8,communication,1.231708418484477,0.27827919891037595,-0.004982540857136619,0.38557735690898975,25,0,0.0,25,0,0,0.0,0.0,0.0,False,8.292247226273198e-05,logistic,False,False,False,post,post,placebo,none,live,,
97,9,communication,-1.6500204384027004,0.25368217734249887,0.03790049445216371,0.3399117234520584,25,24,0.96,25,0,0,0.96,0.0,0.0,True,0.9999999933718556,logistic,False,False,False,post,post,placebo,none,live,,
98,0,communication,-0.026205498771647268,0.5920575911191094,0.10329534148867864,1.4513264084097126,25,9,0.36,25,0,0,0.36,0.0,0.0,True,0.9890966500554574,logistic,False,False,False,post,post,placebo,none,live,,
98,1,communication,0.5504339377353078,0.5573092926113703,0.12929088479949602,1.258913465563485,25,0,0.0,25,0,0,0.0,0.0,0.0,False,0.5663419714991964,logistic,False,False,False,post,post,placebo,none,live,,
98,2,communication,0.44432743426400834,0.45777039567185007,0.13735756221495798,0.8442371866417195,25,0,0.0,25,0,0,0.0,0.0,0.0,False,0.4755830371697711,logistic,False,False,False,post,post,placebo,none,live,,
98,3,communication,2.0960721103372473,0.534951197061334,0.0784858008845094,1.1503119536722841,25,0,0.0,25,0,0,0.0,0.0,0.0,False,1.560296708079352e-07,logistic,False,False,False,post,post,placebo,none,live,,
98,4,communication,-1.2897959941495716,0.5310969555589679,0.04101951344927341,1.1326370384139337,25,25,1.0,25,0,0,1.0,0.0,0.0,True,0.9999999996068549,logistic,False,False,False,post,post,placebo,none,live,,
98,5,communication,0.15608072219305316,0.5154780876495147,0.13661454498309686,1.0638901451306024,25,6,0.24,25,0,0,0.24,0.0,0.0,True,0.8919191003914027,logistic,False,False,False,post,post,placebo,none,live,,
98,6,communication,0.27463165552649077,0.5391402233644583,0.009516122734334456,1.1698574071714283,25,2,0.08,25,0,0,0.08,0.0,0.0,False,0.8364478439138323,logistic,False,False,False,post,post,placebo,none,live,,
98,7,communication,0.5545019827983813,0.4857135106125871,0.13802286249479656,0.9444415138945993,25,0,0.0,25,0,0,0.0,0.0,0.0,False,0.3954610204349238,logistic,False,False,False,post,post,placebo,none,live,,
98,8,communication,0.7360794624811116,0.5280196823554857,-0.035581372763190025,1.118732418738654,25,0,0.0,25,0,0,0.0,0.0,0.0,False,0.26656346623971405,logistic,False,False,False,post,post,placebo,none,live,,
98,9,communication,-0.17842429329962417,0.5000640740865411,0.07680810581626006,1.000256329194282,25,16,0.64,25,0,0,0.64,0.0,0.0,True,0.9881447631839223,logistic,False,False,False,post,post,placebo,none,live,,
99,0,communication,-0.47707644148517336,0.08917218167755411,-0.22729877463693587,0.09790234760483117,25,16,0.64,25,0,0,0.64,0.0,0.0,True,0.705961620860645,logistic,False,False,False,post,post,placebo,none,live,,
99,1,communication,-2.0397259208738863,1.0,-0.21772117394484453,-0.028729906527279393,25,25,1.0,25,0,0,1.0,0.0,0.0,True,0.0,logistic,False,False,False,post,post,placebo,none,live,,
99,2,communication,-0.8947098540226663,1.0,-0.09690530117185323,-0.009117986315064205,25,21,0.84,25,0,0,0.84,0.0,0.0,True,0.0,logistic,False,False,False,post,post,placebo,none,live,,
99,3,communication,0.07029099248811671,0.07378277526670982,-0.15222422132804317,0.0796603359303278,25,0,0.0,25,0,0,0.0,0.0,0.0,False,0.07542367560593302,logistic,False,False,False,post,post,placebo,none,live,,
99,4,communication,-2.3033424560424134,0.020432994042692772,-0.17480017330738212,0.020859210159619557,25,25,1.0,25,0,0,1.0,0.0,0.0,True,0.9999999940457529,logistic,False,False,False,post,post,placebo,none,live,,
99,5,communication,0.14770711868506808,0.1734928671447159,-0.2553631288085202,0.20991091334609613,25,3,0.12,25,0,0,0.12,0.0,0.0,False,0.196414127920913,logistic,False,False,False,post,post,placebo,none,live,,
99,6,communication,-0.6013576434622839,1.0,-0.23565675136084308,-0.03827852706561751,25,9,0.36,25,0,0,0.36,0.0,0.0,True,0.0,logistic,False,False,False,post,post,placebo,none,live,,
99,7,communication,0.47308042623954705,1.0,-0.22496213921326214,-0.016845455675509664,25,0,0.0,25,0,0,0.0,0.0,0.0,False,0.0,logistic,False,False,False,post,post,placebo,none,live,,
99,8,communication,-0.16741001172235953,0.045656910242338485,-0.19189647016277472,0.047841191215553566,25,3,0.12,25,0,0,0.12,0.0,0.0,True,0.16396679634261663,logistic,False,False,False,post,post,placebo,none,live,,
99,9,communication,-0.48965910016383174,1.0,-0.17170372990646007,-0.11227143914322639,25,20,0.8,25,0,0,0.8,0.0,0.0,True,0.0,logistic,False,False,False,post,post,placebo,none,live,,
