country,period,treatment,theta,theta_star,z,benefit,n_agents,n_join,join_fraction,n_valid,n_api_error,n_unparseable,join_fraction_valid,api_error_rate,unparseable_rate,coup_success,theoretical_attack,direction_transform,degrade_messages,no_peer_messages,beliefs_include_messages,belief_order,second_order_order,message_stage_context,decision_context,message_bundle_mode,message_source_country,message_source_period
0,0,communication,-1.5690379156212926,0.5430661838642469,0.02481260212133443,1.1885007515024986,25,22,0.88,25,0,0,0.88,0.0,0.0,True,0.9999999999995614,logistic,False,False,False,post,post,full,none,live,,
0,1,communication,0.27413995296177207,0.5052839828099566,-0.04417378248669119,1.0213616807475503,25,0,0.0,25,0,0,0.0,0.0,0.0,False,0.7833993922170609,logistic,False,False,False,post,post,full,none,live,,
0,2,communication,-0.6921698666414775,0.4802610662052737,-0.14928959424293253,0.9240428895691607,25,20,0.8,25,0,0,0.8,0.0,0.0,True,0.9999429819015426,logistic,False,False,False,post,post,full,none,live,,
0,3,communication,-0.05931788553484087,0.5274901519415617,-0.12699129873537982,1.116358006312545,25,3,0.12,25,0,0,0.12,0.0,0.0,True,0.978565753446258,logistic,False,False,False,post,post,full,none,live,,
0,4,communication,0.7879336174018815,0.5189048065643461,-0.0672271240003965,1.078590710621492,25,0,0.0,25,0,0,0.0,0.0,0.0,False,0.19784116073966723,logistic,False,False,False,post,post,full,none,live,,
0,5,communication,1.690847318114246,0.518472663039974,-0.16111230334916,1.0767252931332845,25,0,0.0,25,0,0,0.0,0.0,0.0,False,5.63246293204109e-05,logistic,False,False,False,post,post,full,none,live,,
0,6,communication,-1.0228733453805763,0.4717785779603876,-0.020547806503192878,0.8931454845937846,25,19,0.76,25,0,0,0.76,0.0,0.0,True,0.999999547796543,logistic,False,False,False,post,post,full,none,live,,
0,7,communication,0.26474965699684816,0.532296304090835,-0.06594115645229179,1.1381058322750879,25,2,0.08,25,0,0,0.08,0.0,0.0,False,0.8346899517273453,logistic,False,False,False,post,post,full,none,live,,
0,8,communication,1.4514390127670076,0.5694789192634964,-0.1431316388582483,1.3227666303570405,25,0,0.0,25,0,0,0.0,0.0,0.0,False,0.002847716904980911,logistic,False,False,False,post,post,full,none,live,,
0,9,communication,-0.15891057641466977,0.5351152497134072,-0.09646564183913495,1.151070774817885,25,5,0.2,25,0,0,0.2,0.0,0.0,True,0.991837206302061,logistic,False,False,False,post,post,full,none,live,,
0,10,communication,-2.8514440492388764,0.5461253164100672,-0.18349821835810923,1.203251329398846,25,25,1.0,25,0,0,1.0,0.0,0.0,True,1.0,logistic,False,False,False,post,post,full,none,live,,
0,11,communication,-0.17761207514838723,0.49114571070606267,-0.04347621746506677,0.9651991169958568,25,5,0.2,25,0,0,0.2,0.0,0.0,True,0.9863428440566435,logistic,False,False,False,post,post,full,none,live,,
0,12,communication,0.39635098434182814,0.5292350391399975,-0.11735896535841528,1.124202273196333,25,0,0.0,25,0,0,0.0,0.0,0.0,False,0.6971754350520499,logistic,False,False,False,post,post,full,none,live,,
0,13,communication,-0.8930585297314593,0.5115649787618756,-0.19683508751962092,1.0473552397310075,25,20,0.8,25,0,0,0.8,0.0,0.0,True,0.9999987679113704,logistic,False,False,False,post,post,full,none,live,,
0,14,communication,2.0074252072990673,0.4426170884124928,-0.060059376492507914,0.7940987770002768,25,0,0.0,25,0,0,0.0,0.0,0.0,False,4.152714786786798e-08,logistic,False,False,False,post,post,full,none,live,,
0,15,communication,-0.3746785692418634,0.5139703108388153,-0.08171517401354812,1.0574874792645939,25,12,0.48,25,0,0,0.48,0.0,0.0,True,0.9986375890130773,logistic,False,False,False,post,post,full,none,live,,
0,16,communication,0.2964098962195181,0.5576468667945231,-0.11597662513704396,1.260637316511312,25,0,0.0,25,0,0,0.0,0.0,0.0,False,0.8451366662568922,logistic,False,False,False,post,post,full,none,live,,
0,17,communication,-0.2527282626446281,0.5189441927237252,-0.02169877844535706,1.0787608940051538,25,12,0.48,25,0,0,0.48,0.0,0.0,True,0.9956002285745799,logistic,False,False,False,post,post,full,none,live,,
0,18,communication,1.7694653864749827,0.4440501446076638,-0.08136125277276256,0.7987233746005666,25,0,0.0,25,0,0,0.0,0.0,0.0,False,2.572836081841882e-06,logistic,False,False,False,post,post,full,none,live,,
0,19,communication,-1.4277805074623344,0.5118559781768987,-0.11490104391911787,1.0485757384987295,25,22,0.88,25,0,0,0.88,0.0,0.0,True,0.9999999999585323,logistic,False,False,False,post,post,full,none,live,,
0,20,communication,-0.7665054199611054,0.5789683454906761,-0.09332460794131554,1.375118329678594,25,17,0.68,25,0,0,0.68,0.0,0.0,True,0.9999985944997242,logistic,False,False,False,post,post,full,none,live,,
0,21,communication,-0.9857283322434358,0.5165874293181414,-0.08954854235240813,1.06862638799295,25,20,0.8,25,0,0,0.8,0.0,0.0,True,0.9999997782953173,logistic,False,False,False,post,post,full,none,live,,
0,22,communication,0.461174717853195,0.45630028792293775,-0.14696433268499504,0.8392505601663133,25,0,0.0,25,0,0,0.0,0.0,0.0,False,0.44986318625262767,logistic,False,False,False,post,post,full,none,live,,
0,23,communication,0.3403385328121334,0.5141649512433335,-0.06619657077559972,1.0583117717817352,25,1,0.04,25,0,0,0.04,0.0,0.0,False,0.7307012177728325,logistic,False,False,False,post,post,full,none,live,,
0,24,communication,-0.9763610863043007,0.49208884114441825,-0.13955115624859202,0.9688482573471824,25,21,0.84,25,0,0,0.84,0.0,0.0,True,0.9999994559617402,logistic,False,False,False,post,post,full,none,live,,
0,25,communication,2.92538629606796,0.5385567054283229,-0.04436878533580724,1.1671135148430845,25,0,0.0,25,0,0,0.0,0.0,0.0,False,1.9314248424976445e-15,logistic,False,False,False,post,post,full,none,live,,
0,26,communication,-1.381275231058007,0.5322236860543377,-0.0920550203744214,1.1377739107075904,25,19,0.76,25,0,0,0.76,0.0,0.0,True,0.9999999999473678,logistic,False,False,False,post,post,full,none,live,,
0,27,communication,0.09467516706652017,0.463558247243063,0.009505501286772383,0.8641352856310988,25,3,0.12,25,0,0,0.12,0.0,0.0,True,0.8724683461081897,logistic,False,False,False,post,post,full,none,live,,
0,28,communication,-1.5072403235405762,0.501173087275043,-0.012211946440275664,1.0047033840601534,25,22,0.88,25,0,0,0.88,0.0,0.0,True,0.9999999999894102,logistic,False,False,False,post,post,full,none,live,,
0,29,communication,0.3689343178407862,0.5552519798229519,0.01727598707103932,1.24846419687695,25,0,0.0,25,0,0,0.0,0.0,0.0,False,0.776372946348687,logistic,False,False,False,post,post,full,none,live,,
0,30,communication,0.14927110332851345,0.5135425857506044,-0.041741500894164396,1.0556784020714356,25,1,0.04,25,0,0,0.04,0.0,0.0,False,0.8940194451068043,logistic,False,False,False,post,post,full,none,live,,
0,31,communication,0.32117046802430793,0.5423385468559278,-0.09042165459624404,1.1850212490698864,25,2,0.08,25,0,0,0.08,0.0,0.0,False,0.8005406424337433,logistic,False,False,False,post,post,full,none,live,,
0,32,communication,-0.5250476615988334,0.560909362897636,-0.0230796623133388,1.2774341229391162,25,15,0.6,25,0,0,0.6,0.0,0.0,True,0.9999193945069742,logistic,False,False,False,post,post,full,none,live,,
0,33,communication,-0.8283027469335477,0.4886787168910672,-0.04749779706240071,0.9557175361835236,25,15,0.6,25,0,0,0.6,0.0,0.0,True,0.9999935429679259,logistic,False,False,False,post,post,full,none,live,,
0,34,communication,-0.19641443478209278,0.5271378893446645,-0.08064430119964554,1.1147814076583742,25,7,0.28,25,0,0,0.28,0.0,0.0,True,0.9934293742105894,logistic,False,False,False,post,post,full,none,live,,
0,35,communication,1.5852483184685613,0.47000682106353686,-0.04882525292838078,0.8868167360317716,25,0,0.0,25,0,0,0.0,0.0,0.0,False,7.450175684538592e-05,logistic,False,False,False,post,post,full,none,live,,
0,36,communication,0.23853137419688883,0.5036879736270252,-0.14184669013220044,1.0148615122384872,25,0,0.0,25,0,0,0.0,0.0,0.0,False,0.8140981462210561,logistic,False,False,False,post,post,full,none,live,,
0,37,communication,-0.010820192566592751,0.5459475774263025,-0.13970479657970167,1.20238886587526,25,7,0.28,25,0,0,0.28,0.0,0.0,True,0.9756564649157407,logistic,False,False,False,post,post,full,none,live,,
0,38,communication,-0.42307615377282126,0.5569060544137437,-0.1781442701114454,1.2568577385477544,25,7,0.28,25,0,0,0.28,0.0,0.0,True,0.9996748720953965,logistic,False,False,False,post,post,full,none,live,,
0,39,communication,0.5899429458324532,0.5099503222993661,-0.1192369930910116,1.0406094432958477,25,0,0.0,25,0,0,0.0,0.0,0.0,False,0.40450719328226753,logistic,False,False,False,post,post,full,none,live,,
0,40,communication,0.2172365040016686,0.5515258255884957,-0.019059202523810936,1.229782799226327,25,4,0.16,25,0,0,0.16,0.0,0.0,False,0.8932161750892798,logistic,False,False,False,post,post,full,none,live,,
0,41,communication,-0.9145352910176325,0.49380491129283327,-0.13393678321121003,0.975522920528569,25,19,0.76,25,0,0,0.76,0.0,0.0,True,0.9999985581764459,logistic,False,False,False,post,post,full,none,live,,
0,42,communication,1.0257063444799466,0.5793069716090822,-0.1518168714970438,1.3770301205723257,25,0,0.0,25,0,0,0.0,0.0,0.0,False,0.09889438344179086,logistic,False,False,False,post,post,full,none,live,,
0,43,communication,-0.4643991929485848,0.4316928127956381,-0.10886581128452703,0.7596117425845652,25,12,0.48,25,0,0,0.48,0.0,0.0,True,0.9975604349488392,logistic,False,False,False,post,post,full,none,live,,
0,44,communication,0.7887529830650717,0.5412389728698808,-0.06924697489044013,1.1797841160477829,25,0,0.0,25,0,0,0.0,0.0,0.0,False,0.23530369541382873,logistic,False,False,False,post,post,full,none,live,,
0,45,communication,0.07173313772629476,0.531675141805447,-0.11291700151576974,1.1352699573862397,25,1,0.04,25,0,0,0.04,0.0,0.0,False,0.9465866095770492,logistic,False,False,False,post,post,full,none,live,,
0,46,communication,-0.07351007756029697,0.4786515180604054,-0.07260505579632014,0.9181028326382732,25,4,0.16,25,0,0,0.16,0.0,0.0,True,0.9630312862676481,logistic,False,False,False,post,post,full,none,live,,
0,47,communication,-0.9101164676919695,0.4957812516483008,-0.10316930744943284,0.9832661979924769,25,19,0.76,25,0,0,0.76,0.0,0.0,True,0.9999985355988331,logistic,False,False,False,post,post,full,none,live,,
0,48,communication,0.9034130624847089,0.49214519651994626,-0.015107845004757467,0.9690667355069637,25,0,0.0,25,0,0,0.0,0.0,0.0,False,0.08217592208826846,logistic,False,False,False,post,post,full,none,live,,
0,49,communication,0.19311031782714647,0.5039695921879007,-0.1064766379204655,1.0160054388819018,25,0,0.0,25,0,0,0.0,0.0,0.0,False,0.8522536552758395,logistic,False,False,False,post,post,full,none,live,,
0,50,communication,1.4986043677930994,0.49899309120380375,-0.03839029703059019,0.9959804594367148,25,0,0.0,25,0,0,0.0,0.0,0.0,False,0.00042716997260606185,logistic,False,False,False,post,post,full,none,live,,
0,51,communication,-1.163772163972986,0.5489918220013271,-0.15428244192078922,1.2172546946652982,25,20,0.8,25,0,0,0.8,0.0,0.0,True,0.9999999972670311,logistic,False,False,False,post,post,full,none,live,,
0,52,communication,1.2766321653502928,0.5068432126650941,-0.1295664805824807,1.0277526857212123,25,0,0.0,25,0,0,0.0,0.0,0.0,False,0.005404574959736305,logistic,False,False,False,post,post,full,none,live,,
0,53,communication,-0.8518180223554206,0.5444239643313826,-0.0641940588672254,1.1950232709944222,25,22,0.88,25,0,0,0.88,0.0,0.0,True,0.9999990591232548,logistic,False,False,False,post,post,full,none,live,,
0,54,communication,-0.11872415122547013,0.4936440485720856,-0.08393752236166177,0.9748953225098244,25,4,0.16,25,0,0,0.16,0.0,0.0,True,0.9785814412729831,logistic,False,False,False,post,post,full,none,live,,
0,55,communication,1.4591620144458968,0.4967985092675001,-0.05255230353522364,0.9872755117325284,25,0,0.0,25,0,0,0.0,0.0,0.0,False,0.0006501730112295554,logistic,False,False,False,post,post,full,none,live,,
0,56,communication,-0.48302797292514726,0.530342163037366,-0.10541823499778859,1.1292096528553401,25,14,0.56,25,0,0,0.56,0.0,0.0,True,0.9997238624945779,logistic,False,False,False,post,post,full,none,live,,
0,57,communication,0.5992233671774452,0.4943226996397779,-0.041583716834236874,0.9775457575169861,25,0,0.0,25,0,0,0.0,0.0,0.0,False,0.35796624757477286,logistic,False,False,False,post,post,full,none,live,,
0,58,communication,-0.6176372142820097,0.4911271724885176,-0.11881425282419755,0.9651275248675675,25,18,0.72,25,0,0,0.72,0.0,0.0,True,0.999880439550037,logistic,False,False,False,post,post,full,none,live,,
0,59,communication,1.217510247744266,0.5625984663535398,0.018158177761488287,1.286228837981791,25,0,0.0,25,0,0,0.0,0.0,0.0,False,0.0214091172259742,logistic,False,False,False,post,post,full,none,live,,
0,60,communication,0.12805500351284133,0.5077451031179726,-0.07833473926030671,1.031467856051938,25,1,0.04,25,0,0,0.04,0.0,0.0,False,0.9006124155861106,logistic,False,False,False,post,post,full,none,live,,
0,61,communication,0.05341884334955335,0.48024521293067857,-0.12636647683333296,0.9239842034713701,25,3,0.12,25,0,0,0.12,0.0,0.0,True,0.9151574591663039,logistic,False,False,False,post,post,full,none,live,,
0,62,communication,0.48766930165836686,0.5139408830418828,-0.060883144230435296,1.0573629114463623,25,0,0.0,25,0,0,0.0,0.0,0.0,False,0.5487578472108042,logistic,False,False,False,post,post,full,none,live,,
0,63,communication,-1.5962311943872303,0.5272619951501337,-0.0841340314992624,1.1153365918138596,25,20,0.8,25,0,0,0.8,0.0,0.0,True,0.9999999999995556,logistic,False,False,False,post,post,full,none,live,,
0,64,communication,1.7215178399274242,0.4842050638378583,-0.08733632253368233,0.9387549777837425,25,0,0.0,25,0,0,0.0,0.0,0.0,False,1.5637492382591916e-05,logistic,False,False,False,post,post,full,none,live,,
0,65,communication,0.864047511693225,0.5039087759676961,-0.05515111139039879,1.0157582951616237,25,0,0.0,25,0,0,0.0,0.0,0.0,False,0.11689267012926902,logistic,False,False,False,post,post,full,none,live,,
0,66,communication,0.002047245116519861,0.49567749206079237,-0.002163476956972693,0.982858159724536,25,4,0.16,25,0,0,0.16,0.0,0.0,True,0.948933433786699,logistic,False,False,False,post,post,full,none,live,,
0,67,communication,0.19912591120277973,0.47545267247861284,-0.1480107970255679,0.9064056712008077,25,0,0.0,25,0,0,0.0,0.0,0.0,False,0.8049729618713838,logistic,False,False,False,post,post,full,none,live,,
0,68,communication,1.4719620454036835,0.4296353326522016,-0.00019378714268565578,0.753264283795857,25,0,0.0,25,0,0,0.0,0.0,0.0,False,0.0001302423533187241,logistic,False,False,False,post,post,full,none,live,,
0,69,communication,0.7955696001443214,0.49233612954446815,-0.047035342679367174,0.9698073039995735,25,0,0.0,25,0,0,0.0,0.0,0.0,False,0.15150737541836218,logistic,False,False,False,post,post,full,none,live,,
0,70,communication,1.429913761802758,0.5414142774366142,-0.04552035528649165,1.1806173868873115,25,0,0.0,25,0,0,0.0,0.0,0.0,False,0.0021338360260123954,logistic,False,False,False,post,post,full,none,live,,
0,71,communication,-1.5734294016770818,0.5475537560313744,-0.12746597039357224,1.2102073192795557,25,22,0.88,25,0,0,0.88,0.0,0.0,True,0.9999999999996747,logistic,False,False,False,post,post,full,none,live,,
0,72,communication,0.1459290444649118,0.49529284971014376,-0.06958710883467795,0.9813470037539475,25,1,0.04,25,0,0,0.04,0.0,0.0,False,0.8754928097559562,logistic,False,False,False,post,post,full,none,live,,
0,73,communication,-0.07512034177843246,0.4583810394693528,-0.01742782998966956,0.8463164565366349,25,4,0.16,25,0,0,0.16,0.0,0.0,True,0.9529174736289938,logistic,False,False,False,post,post,full,none,live,,
0,74,communication,2.490356602540859,0.5220545698355059,-0.005251940675764594,1.0922890708586352,25,0,0.0,25,0,0,0.0,0.0,0.0,False,3.866724471321319e-11,logistic,False,False,False,post,post,full,none,live,,
0,75,communication,-0.7643899297534613,0.47426449822288386,-0.06006955831433715,0.9020971507911345,25,11,0.44,25,0,0,0.44,0.0,0.0,True,0.9999759109609665,logistic,False,False,False,post,post,full,none,live,,
0,76,communication,-1.3061947604344117,0.5179405973764069,-0.0458164476188748,1.0744331394793494,25,17,0.68,25,0,0,0.68,0.0,0.0,True,0.9999999995478241,logistic,False,False,False,post,post,full,none,live,,
0,77,communication,-1.8656342399485644,0.4767658777376206,-0.08808139115241369,0.9111903399498534,25,23,0.92,25,0,0,0.92,0.0,0.0,True,0.9999999999999954,logistic,False,False,False,post,post,full,none,live,,
0,78,communication,1.1541978800774801,0.5581484915704368,-0.06656705134582357,1.2632037707740742,25,0,0.0,25,0,0,0.0,0.0,0.0,False,0.03284342297088108,logistic,False,False,False,post,post,full,none,live,,
0,79,communication,0.11829332190703977,0.5660413064629792,-0.08479971703503404,1.3043667862703865,25,0,0.0,25,0,0,0.0,0.0,0.0,False,0.9514217182926182,logistic,False,False,False,post,post,full,none,live,,
0,80,communication,1.2485995405709296,0.5373194949450653,-0.11807470529067879,1.1613186401300148,25,0,0.0,25,0,0,0.0,0.0,0.0,False,0.011385634630837773,logistic,False,False,False,post,post,full,none,live,,
0,81,communication,0.204764055985576,0.510903215849651,-0.03326123324718622,1.0445851054555262,25,1,0.04,25,0,0,0.04,0.0,0.0,False,0.8526340608224361,logistic,False,False,False,post,post,full,none,live,,
0,82,communication,-1.310283653307676,0.5426499947650667,-0.10575468890335255,1.1865092129742432,25,22,0.88,25,0,0,0.88,0.0,0.0,True,0.9999999998345442,logistic,False,False,False,post,post,full,none,live,,
0,83,communication,-0.32139605896739215,0.4985099413577202,-0.010481179752212452,0.9940574748527858,25,13,0.52,25,0,0,0.52,0.0,0.0,True,0.9968264085753352,logistic,False,False,False,post,post,full,none,live,,
0,84,communication,-0.8092965590636443,0.5142404912070039,-0.13050369540497966,1.058631857737127,25,22,0.88,25,0,0,0.88,0.0,0.0,True,0.9999956560930015,logistic,False,False,False,post,post,full,none,live,,
0,85,communication,-0.7532756500138402,0.5260748960083964,-0.1736165951509137,1.110038045204959,25,16,0.64,25,0,0,0.64,0.0,0.0,True,0.9999925414343541,logistic,False,False,False,post,post,full,none,live,,
0,86,communication,-1.2287946307763984,0.4981095166557377,-0.181979475144801,0.9924665503451456,25,18,0.72,25,0,0,0.72,0.0,0.0,True,0.9999999955800815,logistic,False,False,False,post,post,full,none,live,,
0,87,communication,2.242126297997797,0.5793381326851769,-0.04763080340297207,1.37720620217663,25,0,0.0,25,0,0,0.0,0.0,0.0,False,4.585523920948309e-08,logistic,False,False,False,post,post,full,none,live,,
0,88,communication,-1.579680559694999,0.49395408125096957,-0.081208455691539,0.9761052563610186,25,24,0.96,25,0,0,0.96,0.0,0.0,True,0.9999999999973437,logistic,False,False,False,post,post,full,none,live,,
0,89,communication,-0.40415632493435105,0.5148210658939667,-0.05007523955735446,1.061095257242672,25,12,0.48,25,0,0,0.48,0.0,0.0,True,0.9990337595478651,logistic,False,False,False,post,post,full,none,live,,
0,90,communication,-0.307022305227687,0.4990600579156359,0.019216594375052923,0.9962472863295624,25,10,0.4,25,0,0,0.4,0.0,0.0,True,0.9963690055888094,logistic,False,False,False,post,post,full,none,live,,
0,91,communication,-0.4963830335622428,0.5848180350788341,-0.10922485541815201,1.408582463811689,25,15,0.6,25,0,0,0.6,0.0,0.0,True,0.9999327959957925,logistic,False,False,False,post,post,full,none,live,,
0,92,communication,0.44135803298105475,0.47236720715146796,-0.017665675961864066,0.8952574850423879,25,0,0.0,25,0,0,0.0,0.0,0.0,False,0.5135786871613751,logistic,False,False,False,post,post,full,none,live,,
0,93,communication,-0.5521216719170478,0.46867373020148617,-0.06340300904620458,0.8820827368072985,25,12,0.48,25,0,0,0.48,0.0,0.0,True,0.9995563940396567,logistic,False,False,False,post,post,full,none,live,,
0,94,communication,-0.41764773947202244,0.48211134095718716,-0.07576572447149338,0.9309169693892292,25,13,0.52,25,0,0,0.52,0.0,0.0,True,0.9984333156034136,logistic,False,False,False,post,post,full,none,live,,
0,95,communication,1.5755790199983988,0.5061287774857207,-0.06285691900272881,1.0248193342973875,25,0,0.0,25,0,0,0.0,0.0,0.0,False,0.00019300301144412185,logistic,False,False,False,post,post,full,none,live,,
0,96,communication,-1.0799665557780882,0.5378097168571175,-0.10620117450589071,1.1636110417554109,25,20,0.8,25,0,0,0.8,0.0,0.0,True,0.9999999796174541,logistic,False,False,False,post,post,full,none,live,,
0,97,communication,0.9744692512080797,0.5604252395508362,-0.1413944657415056,1.2749258828650347,25,0,0.0,25,0,0,0.0,0.0,0.0,False,0.10970485288390835,logistic,False,False,False,post,post,full,none,live,,
0,98,communication,-1.8711165681398567,0.5419379602360972,-0.04092212114835492,1.1831103937698622,25,18,0.72,25,0,0,0.72,0.0,0.0,True,0.9999999999999998,logistic,False,False,False,post,post,full,none,live,,
0,99,communication,-0.21119285039281482,0.5234997701795061,-0.02219006501569753,1.0986348744820498,25,7,0.28,25,0,0,0.28,0.0,0.0,True,0.9939277009198265,logistic,False,False,False,post,post,full,none,live,,
1,0,communication,0.9202418948379884,0.38138654764751573,-0.6418052234190167,0.6165183543894268,25,0,0.0,25,0,0,0.0,0.0,0.0,False,0.017951436465217106,logistic,False,False,False,post,post,full,none,live,,
1,1,communication,-0.28763331396354114,0.2862002396875829,-0.588274879322969,0.4009531182278883,25,0,0.0,25,0,0,0.0,0.0,0.0,True,0.9112124185778461,logistic,False,False,False,post,post,full,none,live,,
1,2,communication,-0.9542048292137383,0.016728006315322962,-0.5277374230237029,0.017012593079801908,25,17,0.68,25,0,0,0.68,0.0,0.0,True,0.8664735554304555,logistic,False,False,False,post,post,full,none,live,,
1,3,communication,-1.05495443531176,0.22315182215310134,-0.5625470974908626,0.28725281015858944,25,16,0.64,25,0,0,0.64,0.0,0.0,True,0.9997662885009165,logistic,False,False,False,post,post,full,none,live,,
1,4,communication,1.0207017871774922,0.24853108864297674,-0.5252456675638753,0.3307270399172901,25,0,0.0,25,0,0,0.0,0.0,0.0,False,0.000570923719667525,logistic,False,False,False,post,post,full,none,live,,
1,5,communication,-1.5942219551353038,0.32474614904621946,-0.49024379465194234,0.48092454206299307,25,25,1.0,25,0,0,1.0,0.0,0.0,True,0.9999999985929693,logistic,False,False,False,post,post,full,none,live,,
1,6,communication,0.37940751418722973,0.2545411043744032,-0.622904142978109,0.34145558644221374,25,0,0.0,25,0,0,0.0,0.0,0.0,False,0.1408543480433025,logistic,False,False,False,post,post,full,none,live,,
1,7,communication,-1.0491223786160986,0.23863883392908722,-0.676622542590459,0.3134370973510626,25,11,0.44,25,0,0,0.44,0.0,0.0,True,0.9998294148293289,logistic,False,False,False,post,post,full,none,live,,
1,8,communication,0.01946446077046149,0.24709623403840253,-0.702729927715227,0.32819099227484255,25,0,0.0,25,0,0,0.0,0.0,0.0,False,0.5299390550857594,logistic,False,False,False,post,post,full,none,live,,
1,9,communication,-1.216858172756792,0.3702502173940649,-0.6883805963823479,0.5879322671013106,25,13,0.52,25,0,0,0.52,0.0,0.0,True,0.9999996460260905,logistic,False,False,False,post,post,full,none,live,,
1,10,communication,2.246480369806103,0.2523849908818676,-0.6805469067738955,0.33758684323308935,25,0,0.0,25,0,0,0.0,0.0,0.0,False,1.296641903799957e-13,logistic,False,False,False,post,post,full,none,live,,
1,11,communication,-1.2748054588773843,0.04925121086539036,-0.6452412508893731,0.05180254913626531,25,9,0.36,25,0,0,0.36,0.0,0.0,True,0.9971219811287475,logistic,False,False,False,post,post,full,none,live,,
1,12,communication,-0.3778821752673235,0.3106051720211441,-0.6661727615427211,0.45054758088592817,25,3,0.12,25,0,0,0.12,0.0,0.0,True,0.9641345394122421,logistic,False,False,False,post,post,full,none,live,,
1,13,communication,-1.8676095421829912,0.3530056095447106,-0.6286680394407007,0.5456084546518261,25,22,0.88,25,0,0,0.88,0.0,0.0,True,0.9999999999989284,logistic,False,False,False,post,post,full,none,live,,
1,14,communication,-0.66683804725667,0.26551141187458466,-0.6922887176437167,0.36149154141690776,25,6,0.24,25,0,0,0.24,0.0,0.0,True,0.9934563736961872,logistic,False,False,False,post,post,full,none,live,,
1,15,communication,-0.40083159500592114,0.40425250490794173,-0.6874603105711943,0.678563499197717,25,2,0.08,25,0,0,0.08,0.0,0.0,True,0.9926819140503248,logistic,False,False,False,post,post,full,none,live,,
1,16,communication,0.13576912498017035,0.2827077431103611,-0.7655437970529906,0.3941318763655049,25,0,0.0,25,0,0,0.0,0.0,0.0,False,0.46612235246089057,logistic,False,False,False,post,post,full,none,live,,
1,17,communication,-0.4566685982043852,0.3732823514455,-0.6459836562746855,0.5956148710770492,25,1,0.04,25,0,0,0.04,0.0,0.0,True,0.9927238040694689,logistic,False,False,False,post,post,full,none,live,,
1,18,communication,-0.5082032929625171,0.32353095711445373,-0.6769796083231242,0.47826424655650185,25,0,0.0,25,0,0,0.0,0.0,0.0,True,0.9896825800237367,logistic,False,False,False,post,post,full,none,live,,
1,19,communication,-1.1055731021709527,0.28250094388353947,-0.6079499067682076,0.3937300564722771,25,16,0.64,25,0,0,0.64,0.0,0.0,True,0.9999745532608116,logistic,False,False,False,post,post,full,none,live,,
1,20,communication,0.5135375428960786,0.12379797925035003,-0.6942433144227979,0.14128931036296002,25,0,0.0,25,0,0,0.0,0.0,0.0,False,0.007037565855924229,logistic,False,False,False,post,post,full,none,live,,
1,21,communication,-0.9858792348182672,0.29040881726270046,-0.6807401059195112,0.40926215591127746,25,14,0.56,25,0,0,0.56,0.0,0.0,True,0.9998930899873019,logistic,False,False,False,post,post,full,none,live,,
1,22,communication,-1.6313864054431502,0.3103884426505437,-0.521778797499261,0.45009170647245456,25,20,0.8,25,0,0,0.8,0.0,0.0,True,0.9999999988693747,logistic,False,False,False,post,post,full,none,live,,
1,23,communication,-2.9646308158798558,0.22469210071812876,-0.6527889517441728,0.28981015274866895,25,19,0.76,25,0,0,0.76,0.0,0.0,True,1.0,logistic,False,False,False,post,post,full,none,live,,
1,24,communication,-0.3256260414085059,0.27580141462566093,-0.6778359812418127,0.3808367210260414,25,0,0.0,25,0,0,0.0,0.0,0.0,True,0.9206412638589385,logistic,False,False,False,post,post,full,none,live,,
1,25,communication,0.856886040032141,0.31431204944180774,-0.5835551229151881,0.4583893434118806,25,0,0.0,25,0,0,0.0,0.0,0.0,False,0.010945774489201865,logistic,False,False,False,post,post,full,none,live,,
1,26,communication,-2.106435751815877,0.004393577017047577,-0.6189084902476649,0.004412965721819984,25,20,0.8,25,0,0,0.8,0.0,0.0,True,0.9999949698168044,logistic,False,False,False,post,post,full,none,live,,
1,27,communication,0.37272283123230654,0.2685495263000611,-0.6115064283357999,0.3671465614638833,25,0,0.0,25,0,0,0.0,0.0,0.0,False,0.16741016839383022,logistic,False,False,False,post,post,full,none,live,,
1,28,communication,-0.5223749558524755,0.3538417729176985,-0.6187096889320929,0.5476085548201641,25,3,0.12,25,0,0,0.12,0.0,0.0,True,0.9945478914980814,logistic,False,False,False,post,post,full,none,live,,
1,29,communication,-0.860520631735681,0.30250089980620454,-0.7133763587531091,0.43369360580129307,25,10,0.4,25,0,0,0.4,0.0,0.0,True,0.99960960619153,logistic,False,False,False,post,post,full,none,live,,
1,30,communication,-1.2472629031542746,0.2932151968310957,-0.6596475783064,0.4148578117645583,25,21,0.84,25,0,0,0.84,0.0,0.0,True,0.9999977934214164,logistic,False,False,False,post,post,full,none,live,,
1,31,communication,0.8432047312685189,0.37420144188332605,-0.680956443815568,0.5979582998872297,25,0,0.0,25,0,0,0.0,0.0,0.0,False,0.02977638110688636,logistic,False,False,False,post,post,full,none,live,,
1,32,communication,-0.8178687254614239,0.21607237755169514,-0.6115306400352165,0.27562796789437505,25,9,0.36,25,0,0,0.36,0.0,0.0,True,0.996103898764529,logistic,False,False,False,post,post,full,none,live,,
1,33,communication,-0.7450033651110579,0.07551107262788584,-0.641265613007637,0.0816787204174832,25,5,0.2,25,0,0,0.2,0.0,0.0,True,0.9030482335118625,logistic,False,False,False,post,post,full,none,live,,
1,34,communication,-0.2461228574997305,0.16169303186896275,-0.5752101287714433,0.19288045789414007,25,0,0.0,25,0,0,0.0,0.0,0.0,True,0.6450024940747793,logistic,False,False,False,post,post,full,none,live,,
1,35,communication,0.5798565630410358,0.3258592302012928,-0.656306468521653,0.4833697126767628,25,0,0.0,25,0,0,0.0,0.0,0.0,False,0.09713783639724871,logistic,False,False,False,post,post,full,none,live,,
1,36,communication,1.31418450675682,0.3757605356838271,-0.6380883849777924,0.6019493434229706,25,0,0.0,25,0,0,0.0,0.0,0.0,False,0.00028583169229293414,logistic,False,False,False,post,post,full,none,live,,
1,37,communication,0.0104126918954347,0.20927870303953486,-0.6700862182941025,0.26466809967557825,25,0,0.0,25,0,0,0.0,0.0,0.0,False,0.4419449732291719,logistic,False,False,False,post,post,full,none,live,,
1,38,communication,-0.2993730878284156,0.3676541736372055,-0.7153922116679444,0.5814131418434823,25,1,0.04,25,0,0,0.04,0.0,0.0,True,0.9703087966582176,logistic,False,False,False,post,post,full,none,live,,
1,39,communication,0.21072481288007028,0.09790149904728238,-0.7448257171597435,0.10852639589123292,25,0,0.0,25,0,0,0.0,0.0,0.0,False,0.04749139397517132,logistic,False,False,False,post,post,full,none,live,,
1,40,communication,-0.6842371223698841,0.353574317918397,-0.6521558356936973,0.5469682404631979,25,4,0.16,25,0,0,0.16,0.0,0.0,True,0.9989777239586486,logistic,False,False,False,post,post,full,none,live,,
1,41,communication,-0.15674835392742392,0.3185968090946285,-0.6537714149062166,0.46755990190083074,25,0,0.0,25,0,0,0.0,0.0,0.0,True,0.8671152189649973,logistic,False,False,False,post,post,full,none,live,,
1,42,communication,-2.7228711984386225,0.14012082835888814,-0.535258062397285,0.1629540905049046,25,20,0.8,25,0,0,0.8,0.0,0.0,True,1.0,logistic,False,False,False,post,post,full,none,live,,
1,43,communication,-1.2141645561477337,0.3261539384726502,-0.6765986026725955,0.48401846815485516,25,17,0.68,25,0,0,0.68,0.0,0.0,True,0.9999985922276518,logistic,False,False,False,post,post,full,none,live,,
1,44,communication,-1.4818886119440162,0.26085472563384443,-0.6302944960845662,0.3529140139027975,25,17,0.68,25,0,0,0.68,0.0,0.0,True,0.9999998819668612,logistic,False,False,False,post,post,full,none,live,,
1,45,communication,-1.7726008950021719,0.28354497488357033,-0.652475172165661,0.39576102468887286,25,19,0.76,25,0,0,0.76,0.0,0.0,True,0.9999999998323144,logistic,False,False,False,post,post,full,none,live,,
1,46,communication,0.0773370810444598,0.30090997144898735,-0.6304129101412429,0.430430930437781,25,0,0.0,25,0,0,0.0,0.0,0.0,False,0.5884104023466372,logistic,False,False,False,post,post,full,none,live,,
1,47,communication,-2.2384113237859613,0.0781788904595373,-0.6467829756443159,0.0848091778875733,25,22,0.88,25,0,0,0.88,0.0,0.0,True,0.9999999998554737,logistic,False,False,False,post,post,full,none,live,,
1,48,communication,-0.6697525837291546,0.23299214403674723,-0.5717940612245437,0.3037676110163725,25,6,0.24,25,0,0,0.24,0.0,0.0,True,0.988699734245933,logistic,False,False,False,post,post,full,none,live,,
1,49,communication,0.6823929951308491,0.1641982181091802,-0.5966638894031523,0.19645593209638468,25,0,0.0,25,0,0,0.0,0.0,0.0,False,0.0034186666845432206,logistic,False,False,False,post,post,full,none,live,,
1,50,communication,0.7702427613282387,0.18218387374699285,-0.698982332567495,0.22276874703083413,25,0,0.0,25,0,0,0.0,0.0,0.0,False,0.0020701472141181013,logistic,False,False,False,post,post,full,none,live,,
1,51,communication,-1.2445656994850236,0.2902974459649051,-0.7007049402172627,0.4090410050159547,25,19,0.76,25,0,0,0.76,0.0,0.0,True,0.9999974869400127,logistic,False,False,False,post,post,full,none,live,,
1,52,communication,-0.6820193726896835,0.34174686815710875,-0.715990797199112,0.5191724150257068,25,3,0.12,25,0,0,0.12,0.0,0.0,True,0.9986714576023894,logistic,False,False,False,post,post,full,none,live,,
1,53,communication,-0.006871751601938314,0.2731590274605448,-0.7746073147800703,0.37581677117922363,25,0,0.0,25,0,0,0.0,0.0,0.0,True,0.6293564398402369,logistic,False,False,False,post,post,full,none,live,,
1,54,communication,-2.4773337466911483,0.22694086247346879,-0.64039734941922,0.29356209823686386,25,22,0.88,25,0,0,0.88,0.0,0.0,True,0.9999999999999999,logistic,False,False,False,post,post,full,none,live,,
1,55,communication,1.202595219367606,0.07606695298000685,-0.6992587828794532,0.08232950777694265,25,0,0.0,25,0,0,0.0,0.0,0.0,False,1.0678047788174766e-07,logistic,False,False,False,post,post,full,none,live,,
1,56,communication,0.8015732394300542,0.28482940747792757,-0.6703214622437691,0.3982677845763587,25,0,0.0,25,0,0,0.0,0.0,0.0,False,0.010980738369145227,logistic,False,False,False,post,post,full,none,live,,
1,57,communication,1.1010240188834226,0.18731321805485,-0.6533445005842432,0.2304863598328983,25,0,0.0,25,0,0,0.0,0.0,0.0,False,4.185136062580551e-05,logistic,False,False,False,post,post,full,none,live,,
1,58,communication,-1.943924974567835,0.19592365460020209,-0.6128796011651618,0.24366300006349037,25,25,1.0,25,0,0,1.0,0.0,0.0,True,0.9999999998269234,logistic,False,False,False,post,post,full,none,live,,
1,59,communication,1.2200896711990867,0.0979312847318246,-0.6207196893429049,0.10856299866547381,25,0,0.0,25,0,0,0.0,0.0,0.0,False,2.4022823447479175e-07,logistic,False,False,False,post,post,full,none,live,,
1,60,communication,0.71166011342406,0.3816819198607412,-0.6829050249870555,0.6172905695637722,25,0,0.0,25,0,0,0.0,0.0,0.0,False,0.08060797238687767,logistic,False,False,False,post,post,full,none,live,,
1,61,communication,-0.49800629914025746,0.2849119422039943,-0.6311884776824404,0.39842917120183763,25,2,0.08,25,0,0,0.08,0.0,0.0,True,0.9793952810419028,logistic,False,False,False,post,post,full,none,live,,
1,62,communication,-1.0639905099982452,0.17002397340109787,-0.645144647657327,0.20485407765068425,25,15,0.6,25,0,0,0.6,0.0,0.0,True,0.9992092870679745,logistic,False,False,False,post,post,full,none,live,,
1,63,communication,-0.9850006633785209,0.21620127581859638,-0.7275070203272969,0.27583774909100056,25,8,0.32,25,0,0,0.32,0.0,0.0,True,0.9993566268673504,logistic,False,False,False,post,post,full,none,live,,
1,64,communication,-1.3098574655263633,0.2282656672698452,-0.5889662438648082,0.295782703436703,25,22,0.88,25,0,0,0.88,0.0,0.0,True,0.9999941339164862,logistic,False,False,False,post,post,full,none,live,,
1,65,communication,-2.537391889522762,0.3164739603341786,-0.6152897451473284,0.46300205400938926,25,19,0.76,25,0,0,0.76,0.0,0.0,True,1.0,logistic,False,False,False,post,post,full,none,live,,
1,66,communication,-0.5143902949810881,0.2443913617125783,-0.6459296415020815,0.3234364316777645,25,2,0.08,25,0,0,0.08,0.0,0.0,True,0.9668969698265476,logistic,False,False,False,post,post,full,none,live,,
1,67,communication,-1.0013062601095304,0.36290277175035457,-0.6728207358469867,0.5696191345038341,25,15,0.6,25,0,0,0.6,0.0,0.0,True,0.9999864555718195,logistic,False,False,False,post,post,full,none,live,,
1,68,communication,0.34830548154204466,0.1926058069924017,-0.5921542205424575,0.23855238080785787,25,0,0.0,25,0,0,0.0,0.0,0.0,False,0.08267016310782638,logistic,False,False,False,post,post,full,none,live,,
1,69,communication,1.3247802935040074,0.2009641954773145,-0.6974298991222837,0.25150837339180704,25,0,0.0,25,0,0,0.0,0.0,0.0,False,2.2782485605130534e-06,logistic,False,False,False,post,post,full,none,live,,
1,70,communication,-0.5703108878366444,0.3028944356345571,-0.5791587697741626,0.43450296643417846,25,4,0.16,25,0,0,0.16,0.0,0.0,True,0.9916805333197132,logistic,False,False,False,post,post,full,none,live,,
1,71,communication,-0.9013273662955517,0.11710534148264998,-0.6329236882033076,0.13263795442970017,25,10,0.4,25,0,0,0.4,0.0,0.0,True,0.9862797435310764,logistic,False,False,False,post,post,full,none,live,,
1,72,communication,1.1235721705874946,0.28296918239007923,-0.5602756451857093,0.394640195986695,25,0,0.0,25,0,0,0.0,0.0,0.0,False,0.0003676681462396266,logistic,False,False,False,post,post,full,none,live,,
1,73,communication,-0.39180027518496763,0.039908720756627485,-0.6861868624357041,0.041567631765261626,25,0,0.0,25,0,0,0.0,0.0,0.0,True,0.37724809979388935,logistic,False,False,False,post,post,full,none,live,,
1,74,communication,0.18946977745384774,0.4328602985299034,-0.6326416507268774,0.763233992273642,25,0,0.0,25,0,0,0.0,0.0,0.0,False,0.7396299752983123,logistic,False,False,False,post,post,full,none,live,,
1,75,communication,-1.1171385361464508,0.1844937571069373,-0.7195412413373339,0.2262321824201289,25,19,0.76,25,0,0,0.76,0.0,0.0,True,0.9997095754745168,logistic,False,False,False,post,post,full,none,live,,
1,76,communication,0.1296548184299524,0.2810789721226292,-0.6067223183657328,0.39097336316969433,25,0,0.0,25,0,0,0.0,0.0,0.0,False,0.47015030776465716,logistic,False,False,False,post,post,full,none,live,,
1,77,communication,-1.723357625990406,0.3358112299519686,-0.614733412618425,0.5055960671055671,25,22,0.88,25,0,0,0.88,0.0,0.0,True,0.9999999999402529,logistic,False,False,False,post,post,full,none,live,,
1,78,communication,0.9562903943667493,0.2996478724404722,-0.7527131492332959,0.4278531622151788,25,0,0.0,25,0,0,0.0,0.0,0.0,False,0.003321582132944273,logistic,False,False,False,post,post,full,none,live,,
1,79,communication,-0.543037277935163,0.24597859519684823,-0.650738919795085,0.32622229770926,25,2,0.08,25,0,0,0.08,0.0,0.0,True,0.9739830801713124,logistic,False,False,False,post,post,full,none,live,,
1,80,communication,0.2918379165754036,0.3548516868370046,-0.6425319069911621,0.5500311782530415,25,0,0.0,25,0,0,0.0,0.0,0.0,False,0.43557079512778846,logistic,False,False,False,post,post,full,none,live,,
1,81,communication,0.7007996031097755,0.2716413341494718,-0.6413068371407408,0.3729499584277855,25,0,0.0,25,0,0,0.0,0.0,0.0,False,0.020755770601757175,logistic,False,False,False,post,post,full,none,live,,
1,82,communication,-0.7218760190473843,0.2891333424980947,-0.6122874288197735,0.4067335827989931,25,6,0.24,25,0,0,0.24,0.0,0.0,True,0.9975543974511882,logistic,False,False,False,post,post,full,none,live,,
1,83,communication,0.4999254424733883,0.21437916256752332,-0.7317291118487388,0.2728786615031058,25,0,0.0,25,0,0,0.0,0.0,0.0,False,0.04065465640074251,logistic,False,False,False,post,post,full,none,live,,
1,84,communication,0.03625952837367541,0.07144707246542321,-0.6053693075565053,0.07694453417439978,25,0,0.0,25,0,0,0.0,0.0,0.0,False,0.08886034181438007,logistic,False,False,False,post,post,full,none,live,,
1,85,communication,-0.660614574352121,0.12706361645911607,-0.6566202425672849,0.14555885039836358,25,6,0.24,25,0,0,0.24,0.0,0.0,True,0.931256172927299,logistic,False,False,False,post,post,full,none,live,,
1,86,communication,-0.5442648523627606,0.32955388719721473,-0.6229979345983295,0.4915441836473955,25,0,0.0,25,0,0,0.0,0.0,0.0,True,0.9932741986456757,logistic,False,False,False,post,post,full,none,live,,
1,87,communication,-0.1312668054810563,0.25348892540803525,-0.6967143235742052,0.3395648558148849,25,0,0.0,25,0,0,0.0,0.0,0.0,True,0.7320313773276285,logistic,False,False,False,post,post,full,none,live,,
1,88,communication,-0.4642206431032305,0.22151672249353097,-0.6666237812729945,0.28454910836757213,25,2,0.08,25,0,0,0.08,0.0,0.0,True,0.9355822918133774,logistic,False,False,False,post,post,full,none,live,,
1,89,communication,-0.21896900623981863,0.28062063885002747,-0.5489976235726675,0.3900871417848824,25,2,0.08,25,0,0,0.08,0.0,0.0,True,0.8608841061673782,logistic,False,False,False,post,post,full,none,live,,
1,90,communication,-1.8481884499989936,0.18653586217749707,-0.6986906814666743,0.22931049262579664,25,19,0.76,25,0,0,0.76,0.0,0.0,True,0.9999999980885561,logistic,False,False,False,post,post,full,none,live,,
1,91,communication,-0.9668522551876402,0.16149637133824657,-0.6836817418743241,0.19260068271379313,25,15,0.6,25,0,0,0.6,0.0,0.0,True,0.9972214900674513,logistic,False,False,False,post,post,full,none,live,,
1,92,communication,-1.2989005317490552,0.21032751962636206,-0.5917098540266209,0.2663477895631419,25,16,0.64,25,0,0,0.64,0.0,0.0,True,0.999988078126239,logistic,False,False,False,post,post,full,none,live,,
1,93,communication,-0.09091708218143274,0.23458497188598618,-0.5717871469661755,0.30648075001088576,25,0,0.0,25,0,0,0.0,0.0,0.0,True,0.6410162748275327,logistic,False,False,False,post,post,full,none,live,,
1,94,communication,-0.8456560498987238,0.21706668276533497,-0.5907628376432739,0.27724798266603157,25,4,0.16,25,0,0,0.16,0.0,0.0,True,0.9971123277088055,logistic,False,False,False,post,post,full,none,live,,
1,95,communication,-0.1331257861804177,0.317980167284381,-0.6345394682934143,0.4662330214332181,25,0,0.0,25,0,0,0.0,0.0,0.0,True,0.848572927664321,logistic,False,False,False,post,post,full,none,live,,
1,96,communication,-1.2561559282373682,0.269333827791003,-0.6430106774651082,0.36861406485637016,25,16,0.64,25,0,0,0.64,0.0,0.0,True,0.9999960915218467,logistic,False,False,False,post,post,full,none,live,,
1,97,communication,-0.1064911802772146,0.2953564527869689,-0.6626619556628072,0.41915725185471026,25,0,0.0,25,0,0,0.0,0.0,0.0,True,0.7886335267202556,logistic,False,False,False,post,post,full,none,live,,
1,98,communication,-1.934226943210288,0.09435270636066938,-0.6600110672746828,0.1041826183585382,25,19,0.76,25,0,0,0.76,0.0,0.0,True,0.999999974460606,logistic,False,False,False,post,post,full,none,live,,
1,99,communication,-1.8457621657090604,0.2884598014363524,-0.6800963094499243,0.40540197450355225,25,20,0.8,25,0,0,0.8,0.0,0.0,True,0.9999999999723989,logistic,False,False,False,post,post,full,none,live,,
2,0,communication,-0.5082132579689644,0.4267893565250204,0.3196000149449807,0.7445593716433662,25,14,0.56,25,0,0,0.56,0.0,0.0,True,0.9983167232301092,logistic,False,False,False,post,post,full,none,live,,
2,1,communication,0.7456247007783575,0.44656623895001235,0.4650016772067866,0.8069009705927161,25,0,0.0,25,0,0,0.0,0.0,0.0,False,0.1289848053833514,logistic,False,False,False,post,post,full,none,live,,
2,2,communication,-1.6483220011859543,0.43514726471099135,0.4632649264180152,0.77037294417694,25,20,0.8,25,0,0,0.8,0.0,0.0,True,0.999999999994058,logistic,False,False,False,post,post,full,none,live,,
2,3,communication,0.9206131995876199,0.44472151521328557,0.4982791139155197,0.8008981572266491,25,2,0.08,25,0,0,0.08,0.0,0.0,False,0.04223539402856183,logistic,False,False,False,post,post,full,none,live,,
2,4,communication,-0.0706560826153661,0.41774481291096227,0.43679827776015584,0.717460010960935,25,14,0.56,25,0,0,0.56,0.0,0.0,True,0.9222451743798252,logistic,False,False,False,post,post,full,none,live,,
2,5,communication,-0.573362261997864,0.4387650341367201,0.3706152342593707,0.7817849222238333,25,17,0.68,25,0,0,0.68,0.0,0.0,True,0.9993582788352902,logistic,False,False,False,post,post,full,none,live,,
2,6,communication,1.3370876593962417,0.50315860360404,0.4010871958059343,1.0127147360383095,25,0,0.0,25,0,0,0.0,0.0,0.0,False,0.0027869700589929014,logistic,False,False,False,post,post,full,none,live,,
2,7,communication,-0.29629532701690287,0.44216055689572553,0.3461814722471055,0.7926305003374859,25,22,0.88,25,0,0,0.88,0.0,0.0,True,0.9897215739006787,logistic,False,False,False,post,post,full,none,live,,
2,8,communication,1.7684971490212251,0.48843916366337586,0.49593001087481714,0.9548017146135999,25,0,0.0,25,0,0,0.0,0.0,0.0,False,8.701546788084776e-06,logistic,False,False,False,post,post,full,none,live,,
2,9,communication,-0.2786642867764168,0.4300162954292289,0.4018983620395486,0.7544361215607993,25,18,0.72,25,0,0,0.72,0.0,0.0,True,0.9855898534253097,logistic,False,False,False,post,post,full,none,live,,
2,10,communication,1.1222125142075048,0.5189808638698962,0.4686718382362762,1.0789193711609941,25,0,0.0,25,0,0,0.0,0.0,0.0,False,0.024812849968746536,logistic,False,False,False,post,post,full,none,live,,
2,11,communication,0.35377329687538095,0.5079284078368915,0.44169289334380085,1.0322246110653892,25,3,0.12,25,0,0,0.12,0.0,0.0,False,0.7032341813404117,logistic,False,False,False,post,post,full,none,live,,
2,12,communication,-0.3638141671597435,0.5184591828377993,0.4106547454093898,1.0766671575073625,25,13,0.52,25,0,0,0.52,0.0,0.0,True,0.9985922634411534,logistic,False,False,False,post,post,full,none,live,,
2,13,communication,0.528946422616593,0.536932708386857,0.4258319214454184,1.1595133539153588,25,5,0.2,25,0,0,0.2,0.0,0.0,False,0.5474931044191114,logistic,False,False,False,post,post,full,none,live,,
2,14,communication,1.002104095159858,0.5133687640591872,0.4678960782599728,1.0549441263602453,25,1,0.04,25,0,0,0.04,0.0,0.0,False,0.05528895496152308,logistic,False,False,False,post,post,full,none,live,,
2,15,communication,0.4297637630418227,0.43136891750258916,0.34652192603788695,0.7586094583645158,25,4,0.16,25,0,0,0.16,0.0,0.0,False,0.43347276237091664,logistic,False,False,False,post,post,full,none,live,,
2,16,communication,-0.41894968510765723,0.5197809741385122,0.40764177070631585,1.0823831338336758,25,14,0.56,25,0,0,0.56,0.0,0.0,True,0.9992603299235837,logistic,False,False,False,post,post,full,none,live,,
2,17,communication,1.2313656235808994,0.37025474154518684,0.4796237550396927,0.5879436749609988,25,0,0.0,25,0,0,0.0,0.0,0.0,False,0.0006834556899145325,logistic,False,False,False,post,post,full,none,live,,
2,18,communication,0.9257153129913089,0.4306438419882216,0.47608514176185573,0.756369867838178,25,0,0.0,25,0,0,0.0,0.0,0.0,False,0.03400251671553501,logistic,False,False,False,post,post,full,none,live,,
2,19,communication,1.9290913263679292,0.36968663590951273,0.4858426322863809,0.5865124507441679,25,0,0.0,25,0,0,0.0,0.0,0.0,False,1.5947856979053466e-08,logistic,False,False,False,post,post,full,none,live,,
2,20,communication,0.3764416494594697,0.4427118073109008,0.3865747448222326,0.794403709101875,25,4,0.16,25,0,0,0.16,0.0,0.0,False,0.5306099467443024,logistic,False,False,False,post,post,full,none,live,,
2,21,communication,0.6154357721310123,0.44718071360194683,0.44021284732069027,0.8089093933672168,25,4,0.16,25,0,0,0.16,0.0,0.0,False,0.2439547187579465,logistic,False,False,False,post,post,full,none,live,,
2,22,communication,2.2560156026309026,0.4739512586045973,0.4780778900879756,0.9009645329582749,25,0,0.0,25,0,0,0.0,0.0,0.0,False,9.533898716629304e-10,logistic,False,False,False,post,post,full,none,live,,
2,23,communication,1.391436303248668,0.4640853724468258,0.4465654486951619,0.8659688476235492,25,0,0.0,25,0,0,0.0,0.0,0.0,False,0.0007330372462168858,logistic,False,False,False,post,post,full,none,live,,
2,24,communication,0.08906799809997612,0.4416008476638996,0.453192311437563,0.7908336640849699,25,14,0.56,25,0,0,0.56,0.0,0.0,True,0.8480715966931952,logistic,False,False,False,post,post,full,none,live,,
2,25,communication,0.4551327308280778,0.3761407976504608,0.4707166633276667,0.6029257823461818,25,8,0.32,25,0,0,0.32,0.0,0.0,False,0.28131524308082156,logistic,False,False,False,post,post,full,none,live,,
2,26,communication,0.9144037653013999,0.40168336555628603,0.3549190659309706,0.6713558380835457,25,0,0.0,25,0,0,0.0,0.0,0.0,False,0.0251114682909641,logistic,False,False,False,post,post,full,none,live,,
2,27,communication,0.8269810514821434,0.47407905344114876,0.39331886376766445,0.9014264530498192,25,2,0.08,25,0,0,0.08,0.0,0.0,False,0.10723640271657303,logistic,False,False,False,post,post,full,none,live,,
2,28,communication,0.22074725303244974,0.4697405794905383,0.35232319227222847,0.8858693713337933,25,9,0.36,25,0,0,0.36,0.0,0.0,True,0.7745921301392316,logistic,False,False,False,post,post,full,none,live,,
2,29,communication,-0.19501938002503816,0.5314478599702842,0.43902325552229093,1.1342341962979394,25,16,0.64,25,0,0,0.64,0.0,0.0,True,0.993798522223985,logistic,False,False,False,post,post,full,none,live,,
2,30,communication,0.5969448793397747,0.44396096222148906,0.43810840707582804,0.7984348796717643,25,4,0.16,25,0,0,0.16,0.0,0.0,False,0.2575617860089038,logistic,False,False,False,post,post,full,none,live,,
2,31,communication,1.2786542929561686,0.3864566932045729,0.40584253211070753,0.629876797488117,25,0,0.0,25,0,0,0.0,0.0,0.0,False,0.0005520575528529641,logistic,False,False,False,post,post,full,none,live,,
2,32,communication,1.6466804225032186,0.35213361207323934,0.41045974418379705,0.5435281388807702,25,0,0.0,25,0,0,0.0,0.0,0.0,False,1.334844138466343e-06,logistic,False,False,False,post,post,full,none,live,,
2,33,communication,-1.5149618558151496,0.4002694667063663,0.4662774831221424,0.6674155216145893,25,24,0.96,25,0,0,0.96,0.0,0.0,True,0.9999999995646044,logistic,False,False,False,post,post,full,none,live,,
2,34,communication,0.7529816361121067,0.4393837425765856,0.4747387024216332,0.7837513392779367,25,2,0.08,25,0,0,0.08,0.0,0.0,False,0.11548612329815455,logistic,False,False,False,post,post,full,none,live,,
2,35,communication,0.8097983719430487,0.5185354803609192,0.4473937986512295,1.0769962462646838,25,0,0.0,25,0,0,0.0,0.0,0.0,False,0.177639563248301,logistic,False,False,False,post,post,full,none,live,,
2,36,communication,-0.7617947773775446,0.4966889029313228,0.46978201344399056,0.986842741644437,25,15,0.6,25,0,0,0.6,0.0,0.0,True,0.9999858446459862,logistic,False,False,False,post,post,full,none,live,,
2,37,communication,0.5935826142998626,0.48331357938122066,0.5238916694798137,0.9354098735600759,25,5,0.2,25,0,0,0.2,0.0,0.0,False,0.341122223576806,logistic,False,False,False,post,post,full,none,live,,
2,38,communication,0.1685234523011029,0.49363217568563583,0.40259652125922024,0.974849016826903,25,8,0.32,25,0,0,0.32,0.0,0.0,True,0.8571795831984979,logistic,False,False,False,post,post,full,none,live,,
2,39,communication,0.4681297162184761,0.5001822260590464,0.4931104145460224,1.0007291699837304,25,5,0.2,25,0,0,0.2,0.0,0.0,False,0.5427239018324811,logistic,False,False,False,post,post,full,none,live,,
2,40,communication,1.0820306686961518,0.5164631728362247,0.4157836769666165,1.0680948044135163,25,0,0.0,25,0,0,0.0,0.0,0.0,False,0.03259548970961509,logistic,False,False,False,post,post,full,none,live,,
2,41,communication,-0.39037479007388576,0.3777045569880041,0.3959464817881332,0.6069537568198504,25,20,0.8,25,0,0,0.8,0.0,0.0,True,0.9877357795696048,logistic,False,False,False,post,post,full,none,live,,
2,42,communication,-0.33286494518011633,0.2743562620850352,0.47207917860892257,0.37808672183041137,25,14,0.56,25,0,0,0.56,0.0,0.0,True,0.9228317780910935,logistic,False,False,False,post,post,full,none,live,,
2,43,communication,0.1143999673120683,0.3813634347638022,0.41499033685634973,0.61645795963935,25,10,0.4,25,0,0,0.4,0.0,0.0,True,0.7217259177306301,logistic,False,False,False,post,post,full,none,live,,
2,44,communication,0.33587922223102523,0.4181958775406158,0.40085397715831017,0.7187915337774359,25,7,0.28,25,0,0,0.28,0.0,0.0,False,0.5270585555840391,logistic,False,False,False,post,post,full,none,live,,
2,45,communication,0.45676965007610315,0.4597539578748332,0.42599003071755126,0.8510084702634715,25,5,0.2,25,0,0,0.2,0.0,0.0,False,0.4637042216442102,logistic,False,False,False,post,post,full,none,live,,
2,46,communication,0.8401189025432618,0.49442230447677454,0.3891742608239016,0.9779353576211345,25,0,0.0,25,0,0,0.0,0.0,0.0,False,0.12174584729784205,logistic,False,False,False,post,post,full,none,live,,
2,47,communication,0.39396541113490247,0.4890307416805589,0.4258092376903288,0.9570648991466976,25,6,0.24,25,0,0,0.24,0.0,0.0,False,0.6138566583832672,logistic,False,False,False,post,post,full,none,live,,
2,48,communication,0.05619354774067603,0.4810311261587145,0.48541510408986344,0.926897836084533,25,16,0.64,25,0,0,0.64,0.0,0.0,True,0.9144314812581684,logistic,False,False,False,post,post,full,none,live,,
2,49,communication,0.6079707467095707,0.4835929291940507,0.47441708287412965,0.9364568313119996,25,6,0.24,25,0,0,0.24,0.0,0.0,False,0.3242918023977788,logistic,False,False,False,post,post,full,none,live,,
2,50,communication,1.914506653078874,0.49525089673710315,0.41794837034037313,0.9811823211484805,25,0,0.0,25,0,0,0.0,0.0,0.0,False,1.0541453350303598e-06,logistic,False,False,False,post,post,full,none,live,,
2,51,communication,1.115043213147,0.39238179534333295,0.3977312243861021,0.6457703082893101,25,0,0.0,25,0,0,0.0,0.0,0.0,False,0.0036593043853768914,logistic,False,False,False,post,post,full,none,live,,
2,52,communication,0.07487988603187345,0.44004729564642625,0.48269691285898914,0.7858651136517505,25,9,0.36,25,0,0,0.36,0.0,0.0,True,0.8568730097974557,logistic,False,False,False,post,post,full,none,live,,
2,53,communication,0.11087722858129023,0.42698476348304165,0.4174929054141008,0.7451542930663503,25,12,0.48,25,0,0,0.48,0.0,0.0,True,0.8077502630313118,logistic,False,False,False,post,post,full,none,live,,
2,54,communication,1.7697959641606993,0.368755462142599,0.3291703808319297,0.5841721235232318,25,0,0.0,25,0,0,0.0,0.0,0.0,False,2.7889524748902913e-07,logistic,False,False,False,post,post,full,none,live,,
2,55,communication,2.322288012538812,0.4102219184580644,0.2996644349600562,0.6955530076424109,25,0,0.0,25,0,0,0.0,0.0,0.0,False,2.0484826810324934e-11,logistic,False,False,False,post,post,full,none,live,,
2,56,communication,1.3857388098771977,0.3823281420963183,0.442161187549181,0.6189826154520022,25,0,0.0,25,0,0,0.0,0.0,0.0,False,0.0001341780278419088,logistic,False,False,False,post,post,full,none,live,,
2,57,communication,1.5189436451745757,0.5048352761049265,0.4352154729661944,1.0195299700143867,25,0,0.0,25,0,0,0.0,0.0,0.0,False,0.0003782476068714016,logistic,False,False,False,post,post,full,none,live,,
2,58,communication,0.46667118941434327,0.4716734008433213,0.5046875948424678,0.8927686048671638,25,8,0.32,25,0,0,0.32,0.0,0.0,False,0.47831222919204974,logistic,False,False,False,post,post,full,none,live,,
2,59,communication,1.2224082256326385,0.37731587054159504,0.44473963094708957,0.6059506781869886,25,0,0.0,25,0,0,0.0,0.0,0.0,False,0.0008754832688706809,logistic,False,False,False,post,post,full,none,live,,
2,60,communication,0.11345338137809585,0.3967359261680789,0.5111432699362167,0.6576488529277409,25,13,0.52,25,0,0,0.52,0.0,0.0,True,0.7525291720737725,logistic,False,False,False,post,post,full,none,live,,
2,61,communication,0.7432699756672471,0.4418426126171834,0.415143119959632,0.7916093607377845,25,0,0.0,25,0,0,0.0,0.0,0.0,False,0.12485438474174815,logistic,False,False,False,post,post,full,none,live,,
2,62,communication,0.06124330539612466,0.4562703667868096,0.4870654252685159,0.8391493472416851,25,16,0.64,25,0,0,0.64,0.0,0.0,True,0.8862690046313303,logistic,False,False,False,post,post,full,none,live,,
2,63,communication,0.930033964561356,0.41553090117506,0.40584922115844096,0.7109544405520737,25,0,0.0,25,0,0,0.0,0.0,0.0,False,0.026905792223866076,logistic,False,False,False,post,post,full,none,live,,
2,64,communication,-0.02215981526837485,0.4879019948426251,0.37392626706953785,0.9527512115433567,25,16,0.64,25,0,0,0.64,0.0,0.0,True,0.9525280682241545,logistic,False,False,False,post,post,full,none,live,,
2,65,communication,0.6299589623288728,0.41539681401376694,0.4040555845067103,0.7105620085066543,25,0,0.0,25,0,0,0.0,0.0,0.0,False,0.17647279317221926,logistic,False,False,False,post,post,full,none,live,,
2,66,communication,-0.8103604942273627,0.3929286061279178,0.39053149080223826,0.6472527121096946,25,23,0.92,25,0,0,0.92,0.0,0.0,True,0.9999077221193644,logistic,False,False,False,post,post,full,none,live,,
2,67,communication,-0.021979422070031118,0.4132112546241252,0.40879722212256325,0.7041908316756104,25,17,0.68,25,0,0,0.68,0.0,0.0,True,0.8909027870092032,logistic,False,False,False,post,post,full,none,live,,
2,68,communication,-0.30248341166044734,0.3829659341127846,0.5280322671508004,0.6206560630686233,25,14,0.56,25,0,0,0.56,0.0,0.0,True,0.9765460476203887,logistic,False,False,False,post,post,full,none,live,,
2,69,communication,0.2920053153765646,0.3963940774542354,0.5126756567588479,0.6567100531128093,25,9,0.36,25,0,0,0.36,0.0,0.0,True,0.5339769326178041,logistic,False,False,False,post,post,full,none,live,,
2,70,communication,-0.13242428212494806,0.4880749425189229,0.3578372353570536,0.9534109248734405,25,16,0.64,25,0,0,0.64,0.0,0.0,True,0.979246755987197,logistic,False,False,False,post,post,full,none,live,,
2,71,communication,0.1518718306235447,0.45035477091521736,0.426810800212499,0.8193553715823307,25,7,0.28,25,0,0,0.28,0.0,0.0,True,0.8078984493681163,logistic,False,False,False,post,post,full,none,live,,
2,72,communication,0.17952405489817908,0.3964222893074957,0.4860356173053682,0.6567874894728427,25,15,0.6,25,0,0,0.6,0.0,0.0,True,0.6773766542266859,logistic,False,False,False,post,post,full,none,live,,
2,73,communication,0.15629039808910933,0.4401406535207638,0.38429452055914454,0.7861629108965631,25,11,0.44,25,0,0,0.44,0.0,0.0,True,0.7868546054000838,logistic,False,False,False,post,post,full,none,live,,
2,74,communication,0.734922239709583,0.4663617867783762,0.3529825410147009,0.8739287690116989,25,1,0.04,25,0,0,0.04,0.0,0.0,False,0.16363682305501331,logistic,False,False,False,post,post,full,none,live,,
2,75,communication,-0.5253246472936527,0.4524281254785616,0.4340460644022086,0.8262442731814347,25,21,0.84,25,0,0,0.84,0.0,0.0,True,0.9991542420576153,logistic,False,False,False,post,post,full,none,live,,
2,76,communication,-0.5582264844292132,0.37500403353607287,0.34679747689074625,0.6000103259189865,25,23,0.92,25,0,0,0.92,0.0,0.0,True,0.9973819625026445,logistic,False,False,False,post,post,full,none,live,,
2,77,communication,0.6717191778685245,0.4957395239611898,0.4256173271535013,0.9831020821926075,25,0,0.0,25,0,0,0.0,0.0,0.0,False,0.27516073519067163,logistic,False,False,False,post,post,full,none,live,,
2,78,communication,0.9499799463557954,0.4196257276346511,0.45611505891402965,0.723026067169453,25,1,0.04,25,0,0,0.04,0.0,0.0,False,0.024379189224393038,logistic,False,False,False,post,post,full,none,live,,
2,79,communication,1.0237758152079641,0.3335250484099989,0.46098685695701186,0.5004314830051936,25,0,0.0,25,0,0,0.0,0.0,0.0,False,0.003156778935042947,logistic,False,False,False,post,post,full,none,live,,
2,80,communication,-0.007343945125635909,0.401477930964461,0.4027686806166647,0.6707821678345197,25,21,0.84,25,0,0,0.84,0.0,0.0,True,0.8671921814565946,logistic,False,False,False,post,post,full,none,live,,
2,81,communication,-0.4471785861288712,0.45696840750352036,0.43251834552595747,0.8415134843309927,25,22,0.88,25,0,0,0.88,0.0,0.0,True,0.9981681244506987,logistic,False,False,False,post,post,full,none,live,,
2,82,communication,-0.7159035080448561,0.3599912959993735,0.4582967987812161,0.5624787502874666,25,19,0.76,25,0,0,0.76,0.0,0.0,True,0.9993763432346632,logistic,False,False,False,post,post,full,none,live,,
2,83,communication,1.6172115179705535,0.43229795971939716,0.4673360382688893,0.7614874160144317,25,0,0.0,25,0,0,0.0,0.0,0.0,False,1.8924013665058228e-05,logistic,False,False,False,post,post,full,none,live,,
2,84,communication,1.3312442734241163,0.45836565730984896,0.4716714952313677,0.8462640220213343,25,0,0.0,25,0,0,0.0,0.0,0.0,False,0.001288512954417346,logistic,False,False,False,post,post,full,none,live,,
2,85,communication,2.874045025082194,0.29638262376401703,0.4781349891606812,0.42122698184277735,25,0,0.0,25,0,0,0.0,0.0,0.0,False,3.519848575014484e-20,logistic,False,False,False,post,post,full,none,live,,
2,86,communication,0.7745466663069751,0.45835611997751347,0.4890756187009207,0.8462315127764106,25,0,0.0,25,0,0,0.0,0.0,0.0,False,0.12332094885035444,logistic,False,False,False,post,post,full,none,live,,
2,87,communication,0.6844605735853094,0.3841648056822792,0.4330912293049856,0.6238110605352662,25,4,0.16,25,0,0,0.16,0.0,0.0,False,0.09756589750196815,logistic,False,False,False,post,post,full,none,live,,
2,88,communication,0.9027841031543717,0.4598456777496493,0.43324626937089544,0.8513227772275791,25,0,0.0,25,0,0,0.0,0.0,0.0,False,0.057365104119609066,logistic,False,False,False,post,post,full,none,live,,
2,89,communication,0.7459232194736651,0.5415944265768744,0.4608536108977613,1.1814743493028221,25,0,0.0,25,0,0,0.0,0.0,0.0,False,0.2820897846790449,logistic,False,False,False,post,post,full,none,live,,
2,90,communication,0.24038326191693804,0.49418064903588715,0.3645286985661679,0.9769903980422222,25,8,0.32,25,0,0,0.32,0.0,0.0,True,0.7971272300567105,logistic,False,False,False,post,post,full,none,live,,
2,91,communication,-1.083001160269794,0.438670664633967,0.434672924291789,0.7814853723045092,25,22,0.88,25,0,0,0.88,0.0,0.0,True,0.9999995626098727,logistic,False,False,False,post,post,full,none,live,,
2,92,communication,0.19103558328477038,0.48512516573507514,0.4345311403387381,0.9422196103790493,25,8,0.32,25,0,0,0.32,0.0,0.0,True,0.8271606443096962,logistic,False,False,False,post,post,full,none,live,,
2,93,communication,1.5054991878348698,0.46553826295772527,0.37199386890821173,0.8710413312916024,25,0,0.0,25,0,0,0.0,0.0,0.0,False,0.00019041276505478398,logistic,False,False,False,post,post,full,none,live,,
2,94,communication,-0.8833901664910933,0.4251740101289048,0.38923372920550836,0.7396569007331247,25,21,0.84,25,0,0,0.84,0.0,0.0,True,0.9999849828551457,logistic,False,False,False,post,post,full,none,live,,
2,95,communication,1.2978889830391367,0.41527041714100865,0.38673758819014975,0.7101922483732998,25,0,0.0,25,0,0,0.0,0.0,0.0,False,0.0007995527578926852,logistic,False,False,False,post,post,full,none,live,,
2,96,communication,0.017026801051746143,0.43632809880312623,0.5057370341112623,0.7740816916306242,25,16,0.64,25,0,0,0.64,0.0,0.0,True,0.8920280029634747,logistic,False,False,False,post,post,full,none,live,,
2,97,communication,1.1378326739909577,0.4476489052101702,0.4204715268067295,0.810442686604072,25,0,0.0,25,0,0,0.0,0.0,0.0,False,0.00750337340998529,logistic,False,False,False,post,post,full,none,live,,
2,98,communication,0.6136148889110775,0.4554222625024643,0.41642699152980756,0.8362851272533431,25,1,0.04,25,0,0,0.04,0.0,0.0,False,0.26131970892919065,logistic,False,False,False,post,post,full,none,live,,
2,99,communication,0.4649215252342954,0.3732368620516164,0.3940492721113239,0.5954990640856002,25,4,0.16,25,0,0,0.16,0.0,0.0,False,0.2647046257460387,logistic,False,False,False,post,post,full,none,live,,
3,0,communication,0.11064729966372772,0.11629350516964472,-0.24984171931204008,0.1315974317830147,25,0,0.0,25,0,0,0.0,0.0,0.0,False,0.12001724216448911,logistic,False,False,False,post,post,full,none,live,,
3,1,communication,-0.5283985101028551,1.0,-0.18112145013079956,-0.17869755672955134,25,7,0.28,25,0,0,0.28,0.0,0.0,True,0.0,logistic,False,False,False,post,post,full,none,live,,
3,2,communication,-2.4503640610056068,1.0,-0.15375319986180314,-0.47002458944328673,25,20,0.8,25,0,0,0.8,0.0,0.0,True,0.0,logistic,False,False,False,post,post,full,none,live,,
3,3,communication,1.4127889956375803,1.0,-0.1698374546816699,-0.3985771335787429,25,0,0.0,25,0,0,0.0,0.0,0.0,False,0.0,logistic,False,False,False,post,post,full,none,live,,
3,4,communication,0.4409455754190864,1.0,-0.1256861682952275,-0.266794329975259,25,0,0.0,25,0,0,0.0,0.0,0.0,False,0.0,logistic,False,False,False,post,post,full,none,live,,
3,5,communication,-1.1626077357447362,1.0,-0.1997348682826191,-0.029898886159249294,25,23,0.92,25,0,0,0.92,0.0,0.0,True,0.0,logistic,False,False,False,post,post,full,none,live,,
3,6,communication,0.31179443042828053,1.0,-0.0737228191904485,-0.3251546118654045,25,0,0.0,25,0,0,0.0,0.0,0.0,False,0.0,logistic,False,False,False,post,post,full,none,live,,
3,7,communication,-0.3225817761838644,1.0,-0.16794738950959062,-0.4882919600478231,25,13,0.52,25,0,0,0.52,0.0,0.0,True,0.0,logistic,False,False,False,post,post,full,none,live,,
3,8,communication,-1.2995411467165225,1.0,-0.1241774089288839,-0.16061839163035488,25,21,0.84,25,0,0,0.84,0.0,0.0,True,0.0,logistic,False,False,False,post,post,full,none,live,,
3,9,communication,-1.9842936740432517,1.0,-0.18312369761046973,-0.06173420160962009,25,18,0.72,25,0,0,0.72,0.0,0.0,True,0.0,logistic,False,False,False,post,post,full,none,live,,
3,10,communication,-0.47349364550007195,1.0,-0.15158799774704562,-0.1891028569458981,25,15,0.6,25,0,0,0.6,0.0,0.0,True,0.0,logistic,False,False,False,post,post,full,none,live,,
3,11,communication,-0.2950063138239325,1.0,-0.09056195574084684,-0.19340040174710835,25,4,0.16,25,0,0,0.16,0.0,0.0,True,0.0,logistic,False,False,False,post,post,full,none,live,,
3,12,communication,-0.9644878452482509,1.0,-0.2142693057384253,-0.3200092779190715,25,15,0.6,25,0,0,0.6,0.0,0.0,True,0.0,logistic,False,False,False,post,post,full,none,live,,
3,13,communication,-0.043667793111591885,1.0,-0.23406693026440023,-0.21982184225551613,25,0,0.0,25,0,0,0.0,0.0,0.0,True,0.0,logistic,False,False,False,post,post,full,none,live,,
3,14,communication,0.3479877379996765,1.0,-0.19781808784878152,-0.00840160224957133,25,0,0.0,25,0,0,0.0,0.0,0.0,False,0.0,logistic,False,False,False,post,post,full,none,live,,
3,15,communication,0.8976201609392124,1.0,-0.08564757743383775,-0.5713655668386928,25,0,0.0,25,0,0,0.0,0.0,0.0,False,0.0,logistic,False,False,False,post,post,full,none,live,,
3,16,communication,-0.982306639222512,1.0,-0.18546820505243655,-0.34260594951972256,25,22,0.88,25,0,0,0.88,0.0,0.0,True,0.0,logistic,False,False,False,post,post,full,none,live,,
3,17,communication,-0.23969567765423588,1.0,-0.12697133255265525,-0.2611523921418028,25,10,0.4,25,0,0,0.4,0.0,0.0,True,0.0,logistic,False,False,False,post,post,full,none,live,,
3,18,communication,-1.0402540751909535,1.0,-0.24655662842990436,-0.1489896009894308,25,16,0.64,25,0,0,0.64,0.0,0.0,True,0.0,logistic,False,False,False,post,post,full,none,live,,
3,19,communication,0.3711146293768902,1.0,-0.12774085146643244,-0.12169258078241288,25,0,0.0,25,0,0,0.0,0.0,0.0,False,0.0,logistic,False,False,False,post,post,full,none,live,,
3,20,communication,-0.6949830370642947,0.07153983805400686,-0.19993361279620198,0.0770521353377876,25,11,0.44,25,0,0,0.44,0.0,0.0,True,0.8622882780803863,logistic,False,False,False,post,post,full,none,live,,
3,21,communication,-0.09305664507358449,0.03167337975352252,-0.11024791841855436,0.032709396903144505,25,9,0.36,25,0,0,0.36,0.0,0.0,True,0.07479473637760667,logistic,False,False,False,post,post,full,none,live,,
3,22,communication,-1.1864207009909455,1.0,-0.20077097528577864,-0.19008266621865794,25,19,0.76,25,0,0,0.76,0.0,0.0,True,0.0,logistic,False,False,False,post,post,full,none,live,,
3,23,communication,0.3449079296624418,1.0,-0.060167651768677236,-0.04523675921376728,25,0,0.0,25,0,0,0.0,0.0,0.0,False,0.0,logistic,False,False,False,post,post,full,none,live,,
3,24,communication,-0.5276930625526397,1.0,-0.1968793214339825,-0.3076707560323467,25,10,0.4,25,0,0,0.4,0.0,0.0,True,0.0,logistic,False,False,False,post,post,full,none,live,,
3,25,communication,-0.06998678485083454,1.0,-0.14696048439372317,-0.4687701718095793,25,2,0.08,25,0,0,0.08,0.0,0.0,True,0.0,logistic,False,False,False,post,post,full,none,live,,
3,26,communication,1.0153183749522512,0.007168686031203397,-0.14179765525592705,0.007220447149825393,25,0,0.0,25,0,0,0.0,0.0,0.0,False,3.1386657178732374e-09,logistic,False,False,False,post,post,full,none,live,,
3,27,communication,0.8810968916183629,1.0,-0.17309572951967903,-0.3006643016423468,25,0,0.0,25,0,0,0.0,0.0,0.0,False,0.0,logistic,False,False,False,post,post,full,none,live,,
3,28,communication,-1.4987185122417659,1.0,-0.11853843534021262,-0.10712934169403947,25,20,0.8,25,0,0,0.8,0.0,0.0,True,0.0,logistic,False,False,False,post,post,full,none,live,,
3,29,communication,-1.2652195535469641,0.03698985387558334,-0.19064404573459565,0.03841065852156081,25,22,0.88,25,0,0,0.88,0.0,0.0,True,0.9946747129113196,logistic,False,False,False,post,post,full,none,live,,
3,30,communication,1.2645903248857493,0.19784740948175247,-0.24082863100188953,0.2466456031188891,25,0,0.0,25,0,0,0.0,0.0,0.0,False,5.28565996436784e-06,logistic,False,False,False,post,post,full,none,live,,
3,31,communication,0.9073698392275011,1.0,-0.12436114874909857,-0.2552787357212985,25,0,0.0,25,0,0,0.0,0.0,0.0,False,0.0,logistic,False,False,False,post,post,full,none,live,,
3,32,communication,-0.41221128222921416,1.0,-0.08364796038366312,-0.24895289214755573,25,15,0.6,25,0,0,0.6,0.0,0.0,True,0.0,logistic,False,False,False,post,post,full,none,live,,
3,33,communication,0.14658206312445585,1.0,-0.17432544047457085,-0.06322923659142198,25,0,0.0,25,0,0,0.0,0.0,0.0,False,0.0,logistic,False,False,False,post,post,full,none,live,,
3,34,communication,0.988571890673523,1.0,-0.19762243525729173,-0.05902272003880493,25,0,0.0,25,0,0,0.0,0.0,0.0,False,0.0,logistic,False,False,False,post,post,full,none,live,,
3,35,communication,-1.1440053760563136,1.0,-0.21740765818096605,-0.5248853926108231,25,20,0.8,25,0,0,0.8,0.0,0.0,True,0.0,logistic,False,False,False,post,post,full,none,live,,
3,36,communication,-2.0245367923401623,0.10207384688346859,-0.1174032776563253,0.11367732917589005,25,20,0.8,25,0,0,0.8,0.0,0.0,True,0.9999999970378227,logistic,False,False,False,post,post,full,none,live,,
3,37,communication,-2.252058583100781,1.0,-0.223453511665473,-0.2801898714021217,25,22,0.88,25,0,0,0.88,0.0,0.0,True,0.0,logistic,False,False,False,post,post,full,none,live,,
3,38,communication,-0.9334551020085571,0.031021563001269715,-0.04540655876169786,0.03201470932351652,25,20,0.8,25,0,0,0.8,0.0,0.0,True,0.9113210453569931,logistic,False,False,False,post,post,full,none,live,,
3,39,communication,2.4914188512571513,1.0,-0.1232857156234057,-0.3409380738152037,25,0,0.0,25,0,0,0.0,0.0,0.0,False,0.0,logistic,False,False,False,post,post,full,none,live,,
3,40,communication,-1.231236685079103,1.0,-0.03778358244977256,-0.10382209430274837,25,24,0.96,25,0,0,0.96,0.0,0.0,True,0.0,logistic,False,False,False,post,post,full,none,live,,
3,41,communication,-0.5427955096986041,1.0,-0.2039103863682371,-0.07517063275088065,25,13,0.52,25,0,0,0.52,0.0,0.0,True,0.0,logistic,False,False,False,post,post,full,none,live,,
3,42,communication,-0.17805916851588438,1.0,-0.22766465170925418,-0.1818620923730982,25,3,0.12,25,0,0,0.12,0.0,0.0,True,0.0,logistic,False,False,False,post,post,full,none,live,,
3,43,communication,-1.3064659450358256,1.0,-0.16115789314364698,-0.22377841139203614,25,22,0.88,25,0,0,0.88,0.0,0.0,True,0.0,logistic,False,False,False,post,post,full,none,live,,
3,44,communication,0.13879069015459988,1.0,-0.20035117085064308,-0.3067152692626433,25,0,0.0,25,0,0,0.0,0.0,0.0,False,0.0,logistic,False,False,False,post,post,full,none,live,,
3,45,communication,0.9190663682993568,1.0,-0.1977183866988216,-0.054993993686819995,25,0,0.0,25,0,0,0.0,0.0,0.0,False,0.0,logistic,False,False,False,post,post,full,none,live,,
3,46,communication,-2.076870311493465,1.0,-0.11808907215310352,-0.2693595713249981,25,20,0.8,25,0,0,0.8,0.0,0.0,True,0.0,logistic,False,False,False,post,post,full,none,live,,
3,47,communication,-1.4916684810720042,0.060532624158533124,-0.157904020953466,0.06443291775226889,25,20,0.8,25,0,0,0.8,0.0,0.0,True,0.9998547828295568,logistic,False,False,False,post,post,full,none,live,,
3,48,communication,-1.215116025778287,1.0,-0.10693009143776463,-0.2602452748621228,25,19,0.76,25,0,0,0.76,0.0,0.0,True,0.0,logistic,False,False,False,post,post,full,none,live,,
3,49,communication,1.5514830460363473,0.013729241454121313,-0.25569110975567566,0.013920357402021327,25,0,0.0,25,0,0,0.0,0.0,0.0,False,1.1440553922361161e-13,logistic,False,False,False,post,post,full,none,live,,
3,50,communication,-0.3245200756313259,1.0,-0.13062274018265174,-0.04183953905368784,25,8,0.32,25,0,0,0.32,0.0,0.0,True,0.0,logistic,False,False,False,post,post,full,none,live,,
3,51,communication,0.045133062428964726,1.0,-0.11263870300628662,-0.2380209646706251,25,1,0.04,25,0,0,0.04,0.0,0.0,False,0.0,logistic,False,False,False,post,post,full,none,live,,
3,52,communication,1.0840447861642866,1.0,-0.14418193125234421,-0.2784385562857787,25,0,0.0,25,0,0,0.0,0.0,0.0,False,0.0,logistic,False,False,False,post,post,full,none,live,,
3,53,communication,-0.5821753652054189,0.0921945125106731,-0.1434199693156653,0.10155756247481046,25,17,0.68,25,0,0,0.68,0.0,0.0,True,0.8213540997160975,logistic,False,False,False,post,post,full,none,live,,
3,54,communication,-0.2556795013544723,1.0,-0.10896591119887583,-0.07852200098338818,25,6,0.24,25,0,0,0.24,0.0,0.0,True,0.0,logistic,False,False,False,post,post,full,none,live,,
3,55,communication,-0.24395732772225792,1.0,-0.1076552143394645,-0.200949111592228,25,6,0.24,25,0,0,0.24,0.0,0.0,True,0.0,logistic,False,False,False,post,post,full,none,live,,
3,56,communication,-0.6364304553938557,1.0,-0.1685661618394283,-0.0783353703464733,25,15,0.6,25,0,0,0.6,0.0,0.0,True,0.0,logistic,False,False,False,post,post,full,none,live,,
3,57,communication,-0.09219359574652888,1.0,-0.17706142842209005,-0.05145847726185608,25,2,0.08,25,0,0,0.08,0.0,0.0,True,0.0,logistic,False,False,False,post,post,full,none,live,,
3,58,communication,-0.9821745542792626,1.0,-0.21379721389381268,-0.18069986285577455,25,23,0.92,25,0,0,0.92,0.0,0.0,True,0.0,logistic,False,False,False,post,post,full,none,live,,
3,59,communication,0.6972592799015318,1.0,-0.1538878073405594,-0.2741616418063919,25,0,0.0,25,0,0,0.0,0.0,0.0,False,0.0,logistic,False,False,False,post,post,full,none,live,,
3,60,communication,0.7687130318037979,1.0,-0.1665562644493593,-0.1262769883321189,25,0,0.0,25,0,0,0.0,0.0,0.0,False,0.0,logistic,False,False,False,post,post,full,none,live,,
3,61,communication,-0.7310481931671906,1.0,-0.22768737629199853,-0.16720997857297148,25,15,0.6,25,0,0,0.6,0.0,0.0,True,0.0,logistic,False,False,False,post,post,full,none,live,,
3,62,communication,-1.5213015870984394,1.0,-0.15787649451335622,-0.010943869169110138,25,24,0.96,25,0,0,0.96,0.0,0.0,True,0.0,logistic,False,False,False,post,post,full,none,live,,
3,63,communication,-0.0389635738429452,1.0,-0.12964850630718816,-0.18124252970806576,25,3,0.12,25,0,0,0.12,0.0,0.0,True,0.0,logistic,False,False,False,post,post,full,none,live,,
3,64,communication,-0.5058606266443726,1.0,-0.20906364032295782,-0.25844706962413,25,10,0.4,25,0,0,0.4,0.0,0.0,True,0.0,logistic,False,False,False,post,post,full,none,live,,
3,65,communication,0.2892335209119923,1.0,-0.12926604042940526,-0.11390469081854378,25,0,0.0,25,0,0,0.0,0.0,0.0,False,0.0,logistic,False,False,False,post,post,full,none,live,,
3,66,communication,-0.47268636265073943,1.0,-0.13975238659382921,-0.08089240640992468,25,11,0.44,25,0,0,0.44,0.0,0.0,True,0.0,logistic,False,False,False,post,post,full,none,live,,
3,67,communication,0.7731668112244711,1.0,-0.1296229285949828,-0.19536589298538476,25,0,0.0,25,0,0,0.0,0.0,0.0,False,0.0,logistic,False,False,False,post,post,full,none,live,,
3,68,communication,-0.4396467361564177,1.0,-0.20084250204505177,-0.3131549326079489,25,6,0.24,25,0,0,0.24,0.0,0.0,True,0.0,logistic,False,False,False,post,post,full,none,live,,
3,69,communication,-1.5082303554671697,1.0,-0.16712612322433626,-0.26143333490767806,25,19,0.76,25,0,0,0.76,0.0,0.0,True,0.0,logistic,False,False,False,post,post,full,none,live,,
3,70,communication,-0.7516839418059265,0.019364507246712057,-0.17514104083323337,0.019746896160512367,25,14,0.56,25,0,0,0.56,0.0,0.0,True,0.6925554600493758,logistic,False,False,False,post,post,full,none,live,,
3,71,communication,0.9577136102204697,1.0,-0.18876727021553802,-0.19184653882404834,25,0,0.0,25,0,0,0.0,0.0,0.0,False,0.0,logistic,False,False,False,post,post,full,none,live,,
3,72,communication,0.4342875976996572,1.0,-0.05990688417226617,-0.10856257520602094,25,1,0.04,25,0,0,0.04,0.0,0.0,False,0.0,logistic,False,False,False,post,post,full,none,live,,
3,73,communication,-0.9184268853764732,1.0,-0.10059476648293683,-0.03681896809449696,25,21,0.84,25,0,0,0.84,0.0,0.0,True,0.0,logistic,False,False,False,post,post,full,none,live,,
3,74,communication,0.8532593450032439,1.0,-0.11830499730729138,-0.28412796139916213,25,0,0.0,25,0,0,0.0,0.0,0.0,False,0.0,logistic,False,False,False,post,post,full,none,live,,
3,75,communication,-0.4187301749592748,1.0,-0.11371214597936323,-0.27885086616446864,25,8,0.32,25,0,0,0.32,0.0,0.0,True,0.0,logistic,False,False,False,post,post,full,none,live,,
3,76,communication,-2.2626494242395845,1.0,-0.24505915085863728,-0.008041474094587511,25,21,0.84,25,0,0,0.84,0.0,0.0,True,0.0,logistic,False,False,False,post,post,full,none,live,,
3,77,communication,0.30941291837822393,1.0,-0.14427771271903952,-0.023620162218177462,25,0,0.0,25,0,0,0.0,0.0,0.0,False,0.0,logistic,False,False,False,post,post,full,none,live,,
3,78,communication,1.7707892290896172,1.0,-0.08792259851080429,-0.2844611005634673,25,0,0.0,25,0,0,0.0,0.0,0.0,False,0.0,logistic,False,False,False,post,post,full,none,live,,
3,79,communication,-0.5776361115847981,1.0,-0.1810162015553058,-0.361788285488761,25,11,0.44,25,0,0,0.44,0.0,0.0,True,0.0,logistic,False,False,False,post,post,full,none,live,,
3,80,communication,-1.057399538286727,1.0,-0.1947612023544025,-0.27548507183664916,25,21,0.84,25,0,0,0.84,0.0,0.0,True,0.0,logistic,False,False,False,post,post,full,none,live,,
3,81,communication,-1.2685290745274413,1.0,-0.09921937337443396,-0.18049021651929076,25,21,0.84,25,0,0,0.84,0.0,0.0,True,0.0,logistic,False,False,False,post,post,full,none,live,,
3,82,communication,-0.6240652723169028,0.0682683751060684,-0.12317764482283278,0.07327042818133395,25,16,0.64,25,0,0,0.64,0.0,0.0,True,0.7935971870037813,logistic,False,False,False,post,post,full,none,live,,
3,83,communication,0.48227006131403494,1.0,-0.1958144130520251,-0.08687457568074718,25,0,0.0,25,0,0,0.0,0.0,0.0,False,0.0,logistic,False,False,False,post,post,full,none,live,,
3,84,communication,-0.22973530756872873,1.0,-0.11407686454078102,-0.14150572736182238,25,8,0.32,25,0,0,0.32,0.0,0.0,True,0.0,logistic,False,False,False,post,post,full,none,live,,
3,85,communication,1.0172706087799732,1.0,-0.24863570756042774,-0.1842802767245697,25,0,0.0,25,0,0,0.0,0.0,0.0,False,0.0,logistic,False,False,False,post,post,full,none,live,,
3,86,communication,-0.03869230987653598,1.0,-0.14952723385109046,-0.39683099213007583,25,2,0.08,25,0,0,0.08,0.0,0.0,True,0.0,logistic,False,False,False,post,post,full,none,live,,
3,87,communication,0.5904713347555937,1.0,-0.22641597520143592,-0.18772600983581136,25,0,0.0,25,0,0,0.0,0.0,0.0,False,0.0,logistic,False,False,False,post,post,full,none,live,,
3,88,communication,-1.074499885871155,1.0,-0.10867736499166405,-0.350742088626107,25,24,0.96,25,0,0,0.96,0.0,0.0,True,0.0,logistic,False,False,False,post,post,full,none,live,,
3,89,communication,-1.999175360274623,1.0,-0.1249642258610246,-0.27265973036094604,25,20,0.8,25,0,0,0.8,0.0,0.0,True,0.0,logistic,False,False,False,post,post,full,none,live,,
3,90,communication,0.5868782100737591,0.028019435416108896,-0.1363022745827241,0.028827156053376574,25,0,0.0,25,0,0,0.0,0.0,0.0,False,8.04556873242049e-05,logistic,False,False,False,post,post,full,none,live,,
3,91,communication,0.6978137889284162,1.0,-0.07197324751180331,-0.15294800258394986,25,0,0.0,25,0,0,0.0,0.0,0.0,False,0.0,logistic,False,False,False,post,post,full,none,live,,
3,92,communication,-0.32985163049407273,1.0,-0.25707452113317364,-0.050908343397922814,25,3,0.12,25,0,0,0.12,0.0,0.0,True,0.0,logistic,False,False,False,post,post,full,none,live,,
3,93,communication,0.6124477930576037,0.06931428680690176,-0.09289210618251147,0.07447657767205937,25,0,0.0,25,0,0,0.0,0.0,0.0,False,0.0004985167806603684,logistic,False,False,False,post,post,full,none,live,,
3,94,communication,-0.5421217543550686,1.0,-0.16435505832814032,-0.15642761163404809,25,15,0.6,25,0,0,0.6,0.0,0.0,True,0.0,logistic,False,False,False,post,post,full,none,live,,
3,95,communication,-0.2516502492196695,1.0,-0.09343931479710778,-0.37143060043169185,25,8,0.32,25,0,0,0.32,0.0,0.0,True,0.0,logistic,False,False,False,post,post,full,none,live,,
3,96,communication,-0.5443317061509289,1.0,-0.1592526227127347,-0.2598454684023287,25,18,0.72,25,0,0,0.72,0.0,0.0,True,0.0,logistic,False,False,False,post,post,full,none,live,,
3,97,communication,0.6749942937443512,1.0,-0.11914542655396554,-0.07603424564844677,25,0,0.0,25,0,0,0.0,0.0,0.0,False,0.0,logistic,False,False,False,post,post,full,none,live,,
3,98,communication,1.4069873547355793,1.0,-0.15577629115441186,-0.36786361165848,25,0,0.0,25,0,0,0.0,0.0,0.0,False,0.0,logistic,False,False,False,post,post,full,none,live,,
3,99,communication,0.4944457548763822,1.0,-0.1434337852495072,-0.17685480347900975,25,0,0.0,25,0,0,0.0,0.0,0.0,False,0.0,logistic,False,False,False,post,post,full,none,live,,
4,0,communication,0.061264199080609816,0.336487662627674,0.022287480685264455,0.5071309811061674,25,4,0.16,25,0,0,0.16,0.0,0.0,True,0.6898211524895039,logistic,False,False,False,post,post,full,none,live,,
4,1,communication,1.1691047210719887,0.3073196959450782,0.09962457075560399,0.4436674381327741,25,0,0.0,25,0,0,0.0,0.0,0.0,False,0.0003676341647692079,logistic,False,False,False,post,post,full,none,live,,
4,2,communication,0.4590777235635941,0.3285787926824867,0.15929085651043975,0.4893780373653027,25,1,0.04,25,0,0,0.04,0.0,0.0,False,0.18974472819005384,logistic,False,False,False,post,post,full,none,live,,
4,3,communication,-1.7480571900621786,0.3691113141293873,0.1381735620932528,0.5850656738597582,25,22,0.88,25,0,0,0.88,0.0,0.0,True,0.9999999999911002,logistic,False,False,False,post,post,full,none,live,,
4,4,communication,-0.4989306343953079,0.24810560339691076,0.14864183504944223,0.32997400235698393,25,22,0.88,25,0,0,0.88,0.0,0.0,True,0.9648255475838888,logistic,False,False,False,post,post,full,none,live,,
4,5,communication,0.7065269899189323,0.31366372701211354,0.10508195134457941,0.45701172931836226,25,0,0.0,25,0,0,0.0,0.0,0.0,False,0.03632397311761588,logistic,False,False,False,post,post,full,none,live,,
4,6,communication,0.10006774061258819,0.17711147904247246,0.11613872057786465,0.21523143722600777,25,3,0.12,25,0,0,0.12,0.0,0.0,True,0.2515510599947135,logistic,False,False,False,post,post,full,none,live,,
4,7,communication,0.9257672610354439,0.34597988670208457,0.10235662652839841,0.5290049643236061,25,0,0.0,25,0,0,0.0,0.0,0.0,False,0.009934262296910811,logistic,False,False,False,post,post,full,none,live,,
4,8,communication,-0.8377931074739294,0.1731677112776832,0.16940274040985426,0.20943510992449865,25,20,0.8,25,0,0,0.8,0.0,0.0,True,0.9924119306678634,logistic,False,False,False,post,post,full,none,live,,
4,9,communication,0.031727686595123324,0.19104288723538468,0.0120215222022447,0.23615947523162825,25,9,0.36,25,0,0,0.36,0.0,0.0,True,0.3657958548656415,logistic,False,False,False,post,post,full,none,live,,
4,10,communication,-1.1208361378661729,0.1645345978260315,0.08285857605686442,0.1969376558238022,25,23,0.92,25,0,0,0.92,0.0,0.0,True,0.9995311458141671,logistic,False,False,False,post,post,full,none,live,,
4,11,communication,-1.197731225507578,0.2861245476656273,0.04687991099947253,0.4008045755460565,25,14,0.56,25,0,0,0.56,0.0,0.0,True,0.9999941052235812,logistic,False,False,False,post,post,full,none,live,,
4,12,communication,0.6588100060053815,0.3658455979796547,0.0605691494916919,0.576903033100632,25,1,0.04,25,0,0,0.04,0.0,0.0,False,0.09351357429109591,logistic,False,False,False,post,post,full,none,live,,
4,13,communication,-0.05170992752148429,0.20394926407038821,0.19446416106261746,0.2562013385142097,25,10,0.4,25,0,0,0.4,0.0,0.0,True,0.5098129433839764,logistic,False,False,False,post,post,full,none,live,,
4,14,communication,-0.3690228001305177,0.29642296386519634,0.08663172392204661,0.42130846892564355,25,16,0.64,25,0,0,0.64,0.0,0.0,True,0.9538546474303076,logistic,False,False,False,post,post,full,none,live,,
4,15,communication,0.6961276196193629,0.2747773378920218,0.025488005516694737,0.3788868608895047,25,0,0.0,25,0,0,0.0,0.0,0.0,False,0.022592481389588928,logistic,False,False,False,post,post,full,none,live,,
4,16,communication,1.2540295165612687,0.184792969996694,0.1361757755567435,0.22668225762962887,25,0,0.0,25,0,0,0.0,0.0,0.0,False,4.071847121709879e-06,logistic,False,False,False,post,post,full,none,live,,
4,17,communication,-1.9370061763705828,0.33948245963848606,0.08288758181063344,0.5139643368935832,25,21,0.84,25,0,0,0.84,0.0,0.0,True,0.999999999999637,logistic,False,False,False,post,post,full,none,live,,
4,18,communication,1.6511434416260542,0.23738777036039685,0.12256085196727445,0.3112824068826985,25,0,0.0,25,0,0,0.0,0.0,0.0,False,2.8614554985558133e-08,logistic,False,False,False,post,post,full,none,live,,
4,19,communication,0.18021023948483927,0.3129244386348763,0.01596269199874646,0.455443995145365,25,1,0.04,25,0,0,0.04,0.0,0.0,False,0.48197506253244554,logistic,False,False,False,post,post,full,none,live,,
4,20,communication,0.07416335063394715,0.29138315726183356,0.08933186508229325,0.4111998751481828,25,5,0.2,25,0,0,0.2,0.0,0.0,True,0.5693492034442554,logistic,False,False,False,post,post,full,none,live,,
4,21,communication,1.4110611838147777,0.3775298063900009,0.08661524460478094,0.6065026249699234,25,0,0.0,25,0,0,0.0,0.0,0.0,False,8.595395716876167e-05,logistic,False,False,False,post,post,full,none,live,,
4,22,communication,0.5656591305199106,0.2926218158923013,0.1826741207438357,0.4136709647915145,25,0,0.0,25,0,0,0.0,0.0,0.0,False,0.07271484762033537,logistic,False,False,False,post,post,full,none,live,,
4,23,communication,0.04532240633021847,0.3413394316962997,0.1267737208295332,0.5182326802640967,25,4,0.16,25,0,0,0.16,0.0,0.0,True,0.7183386029257814,logistic,False,False,False,post,post,full,none,live,,
4,24,communication,1.0208709553388757,0.2758104479256633,0.17936281298658796,0.3808539451247867,25,0,0.0,25,0,0,0.0,0.0,0.0,False,0.0010389435118197733,logistic,False,False,False,post,post,full,none,live,,
4,25,communication,-1.4582687150156077,0.16569626000308965,0.07793268148266638,0.19860423975050537,25,23,0.92,25,0,0,0.92,0.0,0.0,True,0.9999955416776816,logistic,False,False,False,post,post,full,none,live,,
4,26,communication,0.6555059841637736,0.39195724181759495,0.11218428086018456,0.6446211825452131,25,1,0.04,25,0,0,0.04,0.0,0.0,False,0.1245132381060789,logistic,False,False,False,post,post,full,none,live,,
4,27,communication,-0.6737298617833061,0.08549397418701285,0.11504461150615923,0.09348650722231111,25,18,0.72,25,0,0,0.72,0.0,0.0,True,0.8773233353013923,logistic,False,False,False,post,post,full,none,live,,
4,28,communication,0.8226156904126982,0.17556612895019347,0.17867724316582223,0.21295356136524743,25,0,0.0,25,0,0,0.0,0.0,0.0,False,0.001003389542087266,logistic,False,False,False,post,post,full,none,live,,
4,29,communication,-1.4384085984971917,0.35134837818636844,0.11465064771169288,0.5416596002704772,25,21,0.84,25,0,0,0.84,0.0,0.0,True,0.9999999882593182,logistic,False,False,False,post,post,full,none,live,,
4,30,communication,2.2842042889597174,0.37395273964897424,0.14662511078214277,0.5973234982919632,25,0,0.0,25,0,0,0.0,0.0,0.0,False,1.1242135940981515e-11,logistic,False,False,False,post,post,full,none,live,,
4,31,communication,0.015633117402699306,0.2465118668121486,0.08301778108003269,0.32716091462410724,25,4,0.16,25,0,0,0.16,0.0,0.0,True,0.5335069015616831,logistic,False,False,False,post,post,full,none,live,,
4,32,communication,0.8069425881149297,0.3960901081575933,0.07249935881625943,0.6558761721044223,25,0,0.0,25,0,0,0.0,0.0,0.0,False,0.05123567484827707,logistic,False,False,False,post,post,full,none,live,,
4,33,communication,0.2872954524807749,0.28284255303715694,0.1858488537591152,0.3943939426899815,25,6,0.24,25,0,0,0.24,0.0,0.0,False,0.2778431667885458,logistic,False,False,False,post,post,full,none,live,,
4,34,communication,2.5387372972885296,0.28574583393120323,0.033585810963333435,0.4000618372363547,25,0,0.0,25,0,0,0.0,0.0,0.0,False,3.3510270571685986e-16,logistic,False,False,False,post,post,full,none,live,,
4,35,communication,0.18706915915584837,0.2329068390528672,0.13750459952529911,0.30362262487817804,25,8,0.32,25,0,0,0.32,0.0,0.0,True,0.28213353919502415,logistic,False,False,False,post,post,full,none,live,,
4,36,communication,-1.6334236878820527,0.21748948567295,0.12983445434714966,0.27793810011612236,25,19,0.76,25,0,0,0.76,0.0,0.0,True,0.9999999645766855,logistic,False,False,False,post,post,full,none,live,,
4,37,communication,-1.0505567338151884,0.3612056648867465,0.16079147756556095,0.5654490734059303,25,22,0.88,25,0,0,0.88,0.0,0.0,True,0.9999932128602291,logistic,False,False,False,post,post,full,none,live,,
4,38,communication,-0.20935736819480283,0.30196515072659796,0.08571708413253824,0.4325932308980266,25,11,0.44,25,0,0,0.44,0.0,0.0,True,0.8821200285978352,logistic,False,False,False,post,post,full,none,live,,
4,39,communication,-0.01608755252094815,0.214943859017151,0.1550158033391501,0.2737942521512571,25,9,0.36,25,0,0,0.36,0.0,0.0,True,0.4923092280768592,logistic,False,False,False,post,post,full,none,live,,
4,40,communication,-0.37550430601370294,0.2993685941329684,0.07951143221552315,0.4272840064348809,25,17,0.68,25,0,0,0.68,0.0,0.0,True,0.9575881847353619,logistic,False,False,False,post,post,full,none,live,,
4,41,communication,-0.16855141903281493,0.24500262137764017,0.13267550186134855,0.324507909980688,25,11,0.44,25,0,0,0.44,0.0,0.0,True,0.7543406652615245,logistic,False,False,False,post,post,full,none,live,,
4,42,communication,1.8697879281504473,0.40283390566955496,0.14631110971948164,0.6745759839584005,25,0,0.0,25,0,0,0.0,0.0,0.0,False,1.4042433196960277e-07,logistic,False,False,False,post,post,full,none,live,,
4,43,communication,1.6687374833595037,0.24694563334127478,0.1568768670405315,0.32792537202455063,25,0,0.0,25,0,0,0.0,0.0,0.0,False,2.9231579987545064e-08,logistic,False,False,False,post,post,full,none,live,,
4,44,communication,1.736779250961089,0.3715617973489044,0.10777965395040334,0.5912463560958798,25,0,0.0,25,0,0,0.0,0.0,0.0,False,5.3462854076512e-07,logistic,False,False,False,post,post,full,none,live,,
4,45,communication,-0.6287037905489418,0.25070577227817264,0.13563150335682458,0.3345892214336479,25,20,0.8,25,0,0,0.8,0.0,0.0,True,0.9880612547737803,logistic,False,False,False,post,post,full,none,live,,
4,46,communication,-0.5329446546089096,0.23526809159349452,0.18576355578756076,0.3076478031153815,25,23,0.92,25,0,0,0.92,0.0,0.0,True,0.9670499247205783,logistic,False,False,False,post,post,full,none,live,,
4,47,communication,0.8927804980668281,0.09155343642850458,0.16304488872941478,0.10078021107655305,25,0,0.0,25,0,0,0.0,0.0,0.0,False,3.140378081859695e-05,logistic,False,False,False,post,post,full,none,live,,
4,48,communication,-0.017022129342279507,0.2158806326619005,0.16639756690339624,0.2753160317857782,25,6,0.24,25,0,0,0.24,0.0,0.0,True,0.49607495607085705,logistic,False,False,False,post,post,full,none,live,,
4,49,communication,1.0857523162903635,0.3482225978100479,0.10471121619160831,0.5342661415385539,25,0,0.0,25,0,0,0.0,0.0,0.0,False,0.002195906613671722,logistic,False,False,False,post,post,full,none,live,,
4,50,communication,-0.8810641975523058,0.28682483320224755,0.0791797725851949,0.40218006256461186,25,19,0.76,25,0,0,0.76,0.0,0.0,True,0.9995662047087603,logistic,False,False,False,post,post,full,none,live,,
4,51,communication,1.301124169773909,0.26804922428988365,0.09331833812855245,0.36621209128418564,25,0,0.0,25,0,0,0.0,0.0,0.0,False,2.429508234092452e-05,logistic,False,False,False,post,post,full,none,live,,
4,52,communication,-1.157049540993615,0.32994935431195543,0.057112194691478005,0.4924245002004967,25,23,0.92,25,0,0,0.92,0.0,0.0,True,0.9999968581254102,logistic,False,False,False,post,post,full,none,live,,
4,53,communication,0.27371555755758736,0.2345031766107986,0.12608040641789814,0.30634114923239886,25,3,0.12,25,0,0,0.12,0.0,0.0,False,0.19632964774427986,logistic,False,False,False,post,post,full,none,live,,
4,54,communication,0.7853398721610856,0.17345690206922515,0.11378583031549075,0.2098582669233693,25,0,0.0,25,0,0,0.0,0.0,0.0,False,0.001440290628717389,logistic,False,False,False,post,post,full,none,live,,
4,55,communication,0.6290270544324331,0.3438508338816678,0.1543034764607515,0.5240436956063381,25,1,0.04,25,0,0,0.04,0.0,0.0,False,0.08809757087646414,logistic,False,False,False,post,post,full,none,live,,
4,56,communication,-0.05889526543642284,0.3070213564681525,-0.0017541262972605304,0.4430459139453156,25,6,0.24,25,0,0,0.24,0.0,0.0,True,0.7628224041427195,logistic,False,False,False,post,post,full,none,live,,
4,57,communication,0.937427104171007,0.22911594486246067,0.09798259315089039,0.2972119391178513,25,0,0.0,25,0,0,0.0,0.0,0.0,False,0.000958500141396391,logistic,False,False,False,post,post,full,none,live,,
4,58,communication,-1.2382189083810573,0.24076443442075288,0.13843314365859283,0.3171142730083586,25,25,1.0,25,0,0,1.0,0.0,0.0,True,0.9999881111173826,logistic,False,False,False,post,post,full,none,live,,
4,59,communication,-0.5690374484078388,0.3558206586463019,0.18438646889382226,0.5523627285199328,25,22,0.88,25,0,0,0.88,0.0,0.0,True,0.9966682337624135,logistic,False,False,False,post,post,full,none,live,,
4,60,communication,0.7063599712688271,0.23639497617078675,0.05290326808631715,0.3095775548795479,25,0,0.0,25,0,0,0.0,0.0,0.0,False,0.01117116914900359,logistic,False,False,False,post,post,full,none,live,,
4,61,communication,-0.3438121904048228,0.2480949584352191,0.07993707521621016,0.32995517348694925,25,12,0.48,25,0,0,0.48,0.0,0.0,True,0.9019126458775908,logistic,False,False,False,post,post,full,none,live,,
4,62,communication,0.12066578983322147,0.28687703687557836,0.0870362499305831,0.402282708186366,25,5,0.2,25,0,0,0.2,0.0,0.0,True,0.49661149469752114,logistic,False,False,False,post,post,full,none,live,,
4,63,communication,0.8552918729334102,0.3050256600736908,0.13571031088040428,0.43890204652165127,25,0,0.0,25,0,0,0.0,0.0,0.0,False,0.009533437155435547,logistic,False,False,False,post,post,full,none,live,,
4,64,communication,-0.7540148340599229,0.2420524801422123,0.07135151239151027,0.3193525591160034,25,18,0.72,25,0,0,0.72,0.0,0.0,True,0.9956100671260487,logistic,False,False,False,post,post,full,none,live,,
4,65,communication,0.040697365909368274,0.30450456544822857,0.10999150875929549,0.43782396018814096,25,4,0.16,25,0,0,0.16,0.0,0.0,True,0.6435145281096011,logistic,False,False,False,post,post,full,none,live,,
4,66,communication,0.6662883502370616,0.25954235423038646,0.009148283862099357,0.35051613784151625,25,0,0.0,25,0,0,0.0,0.0,0.0,False,0.02271900091428786,logistic,False,False,False,post,post,full,none,live,,
4,67,communication,0.4327402177381652,0.293147571799521,0.042449540910649716,0.4147224513974194,25,0,0.0,25,0,0,0.0,0.0,0.0,False,0.15636230369158532,logistic,False,False,False,post,post,full,none,live,,
4,68,communication,-0.334652043117569,0.3433602995805932,0.1416557759429819,0.5229051782298318,25,16,0.64,25,0,0,0.64,0.0,0.0,True,0.9683253327151647,logistic,False,False,False,post,post,full,none,live,,
4,69,communication,0.026779658181107835,0.3156186290265573,0.17360637527954995,0.46117361227648734,25,10,0.4,25,0,0,0.4,0.0,0.0,True,0.6853848324173235,logistic,False,False,False,post,post,full,none,live,,
4,70,communication,-0.8900550212131089,0.2884431645577949,0.14299947480844805,0.4053691148628185,25,20,0.8,25,0,0,0.8,0.0,0.0,True,0.9996246889068654,logistic,False,False,False,post,post,full,none,live,,
4,71,communication,-0.4278949114217452,0.2051013264761665,0.1886981748851091,0.2580219760173206,25,24,0.96,25,0,0,0.96,0.0,0.0,True,0.9008570411822829,logistic,False,False,False,post,post,full,none,live,,
4,72,communication,0.4075080588164729,0.2044143742583934,0.09697821203446506,0.2569357309187784,25,0,0.0,25,0,0,0.0,0.0,0.0,False,0.06642784088818394,logistic,False,False,False,post,post,full,none,live,,
4,73,communication,0.3290648958745121,0.1269371745817814,0.08458103530507441,0.14539294411141074,25,1,0.04,25,0,0,0.04,0.0,0.0,False,0.03478128901798051,logistic,False,False,False,post,post,full,none,live,,
4,74,communication,0.3055384783832902,0.3657283795772541,0.06717356090032889,0.5766116089720268,25,1,0.04,25,0,0,0.04,0.0,0.0,False,0.4433206780821777,logistic,False,False,False,post,post,full,none,live,,
4,75,communication,-1.1374315173406708,0.15206863208908641,0.09865763895372798,0.17934073186105226,25,21,0.84,25,0,0,0.84,0.0,0.0,True,0.9994636528377365,logistic,False,False,False,post,post,full,none,live,,
4,76,communication,0.9974176213929414,0.22190759353997477,0.18891349984513708,0.28519439554686793,25,0,0.0,25,0,0,0.0,0.0,0.0,False,0.0004028923320321543,logistic,False,False,False,post,post,full,none,live,,
4,77,communication,-0.18076258644278512,0.3134733734729482,0.11204352574703294,0.4566077430364546,25,13,0.52,25,0,0,0.52,0.0,0.0,True,0.877265324532523,logistic,False,False,False,post,post,full,none,live,,
4,78,communication,-1.0535344245417644,0.21422276021744938,0.08234174518291612,0.2726253057122545,25,20,0.8,25,0,0,0.8,0.0,0.0,True,0.9997026309556036,logistic,False,False,False,post,post,full,none,live,,
4,79,communication,0.17678960445614028,0.2761939033287105,0.05766759638498208,0.3815854889850999,25,0,0.0,25,0,0,0.0,0.0,0.0,False,0.3963376452283161,logistic,False,False,False,post,post,full,none,live,,
4,80,communication,0.7838814060465805,0.3725521594983969,0.10624083653137464,0.5937579754845693,25,0,0.0,25,0,0,0.0,0.0,0.0,False,0.0449241091461532,logistic,False,False,False,post,post,full,none,live,,
4,81,communication,2.4409551856829674,0.37209558014594407,0.11024198078616855,0.5925990777902636,25,0,0.0,25,0,0,0.0,0.0,0.0,False,2.5518903724204425e-13,logistic,False,False,False,post,post,full,none,live,,
4,82,communication,-2.305126116390869,0.32273212653943684,0.07143132897712726,0.47652064889835544,25,19,0.76,25,0,0,0.76,0.0,0.0,True,1.0,logistic,False,False,False,post,post,full,none,live,,
4,83,communication,0.284202690414833,0.3983446613980215,0.20931115082980883,0.6620811548412838,25,1,0.04,25,0,0,0.04,0.0,0.0,False,0.5488827654283008,logistic,False,False,False,post,post,full,none,live,,
4,84,communication,-0.4735608482994529,0.21964733198681116,0.1156698109379646,0.2814718793055999,25,16,0.64,25,0,0,0.64,0.0,0.0,True,0.9378911832344516,logistic,False,False,False,post,post,full,none,live,,
4,85,communication,1.6081286806546897,0.43860399517552234,0.17794485650423064,0.7812738092296424,25,0,0.0,25,0,0,0.0,0.0,0.0,False,2.529059381700522e-05,logistic,False,False,False,post,post,full,none,live,,
4,86,communication,-1.175382063409914,0.28538427811394457,0.11826532939782411,0.3993534838006947,25,18,0.72,25,0,0,0.72,0.0,0.0,True,0.9999915483331743,logistic,False,False,False,post,post,full,none,live,,
4,87,communication,1.4110245659677945,0.2418183238421684,0.22040860452205724,0.3189450911918752,25,0,0.0,25,0,0,0.0,0.0,0.0,False,2.1346767120437347e-06,logistic,False,False,False,post,post,full,none,live,,
4,88,communication,0.8643596854410511,0.33824202564481115,0.22325764986776972,0.51112648241888,25,0,0.0,25,0,0,0.0,0.0,0.0,False,0.014965916383869743,logistic,False,False,False,post,post,full,none,live,,
4,89,communication,0.3046548958741817,0.40948419840990974,0.10687457980133944,0.6934347858385599,25,3,0.12,25,0,0,0.12,0.0,0.0,False,0.5479798272477621,logistic,False,False,False,post,post,full,none,live,,
4,90,communication,-0.3841662320869681,0.26532124132959334,0.05617476895306511,0.36113912128038317,25,18,0.72,25,0,0,0.72,0.0,0.0,True,0.9379674630373203,logistic,False,False,False,post,post,full,none,live,,
4,91,communication,-0.6951430364319856,0.3032891066992491,0.05647522566060603,0.43531558012876875,25,23,0.92,25,0,0,0.92,0.0,0.0,True,0.9975470100765366,logistic,False,False,False,post,post,full,none,live,,
4,92,communication,2.384772513870946,0.23489231799778118,0.07852743215925526,0.3070055673511065,25,0,0.0,25,0,0,0.0,0.0,0.0,False,1.5219064852727875e-15,logistic,False,False,False,post,post,full,none,live,,
4,93,communication,-0.3395056694584694,0.2918718673321973,0.09402183916403863,0.412173805653786,25,16,0.64,25,0,0,0.64,0.0,0.0,True,0.9402252487890166,logistic,False,False,False,post,post,full,none,live,,
4,94,communication,-0.9237710382848838,0.3423945937396512,0.17295811836764569,0.5206687634865577,25,19,0.76,25,0,0,0.76,0.0,0.0,True,0.9999318024361187,logistic,False,False,False,post,post,full,none,live,,
4,95,communication,1.2836536806093803,0.38557834736440255,0.09894865644178652,0.6275468087923688,25,0,0.0,25,0,0,0.0,0.0,0.0,False,0.0005109141793094473,logistic,False,False,False,post,post,full,none,live,,
4,96,communication,2.054242263237315,0.3555516382466242,0.05787872588166866,0.5517147057046758,25,0,0.0,25,0,0,0.0,0.0,0.0,False,8.063285310144786e-10,logistic,False,False,False,post,post,full,none,live,,
4,97,communication,0.044010109614169,0.37210532551459574,0.1281563808744356,0.5926237960523513,25,2,0.08,25,0,0,0.08,0.0,0.0,True,0.7785687001807919,logistic,False,False,False,post,post,full,none,live,,
4,98,communication,0.3181857434068376,0.23052725071993402,0.10359233028267788,0.2995911823201275,25,2,0.08,25,0,0,0.08,0.0,0.0,False,0.15166782332328765,logistic,False,False,False,post,post,full,none,live,,
4,99,communication,-0.17245031522155885,0.2854801100141817,0.1878368444136952,0.39954116605466067,25,10,0.4,25,0,0,0.4,0.0,0.0,True,0.8314212662412804,logistic,False,False,False,post,post,full,none,live,,
5,0,communication,0.4089045236713591,0.4208270920487019,-0.14135823893279875,0.7266000986428887,25,0,0.0,25,0,0,0.0,0.0,0.0,False,0.4364263043691191,logistic,False,False,False,post,post,full,none,live,,
5,1,communication,-0.16026469126200754,0.39262347620559196,-0.15185733774271817,0.6464251758576229,25,6,0.24,25,0,0,0.24,0.0,0.0,True,0.9418474136235796,logistic,False,False,False,post,post,full,none,live,,
5,2,communication,1.0814902926609442,0.43498229981490294,-0.2998572102775357,0.7698560587967508,25,0,0.0,25,0,0,0.0,0.0,0.0,False,0.0102048378197465,logistic,False,False,False,post,post,full,none,live,,
5,3,communication,0.2653147623281008,0.384935282563001,-0.24053075199244267,0.6258451698660961,25,1,0.04,25,0,0,0.04,0.0,0.0,False,0.5422845389032579,logistic,False,False,False,post,post,full,none,live,,
5,4,communication,-0.09134792523136076,0.3775465545689651,-0.1946385874577536,0.6065458506820902,25,1,0.04,25,0,0,0.04,0.0,0.0,True,0.8945420265533303,logistic,False,False,False,post,post,full,none,live,,
5,5,communication,-0.038492248965277684,0.48598946489790706,-0.11451038710794606,0.9454854165613155,25,1,0.04,25,0,0,0.04,0.0,0.0,True,0.9566571541854434,logistic,False,False,False,post,post,full,none,live,,
5,6,communication,1.3562279863404387,0.42743810863312526,-0.17989350004948512,0.7465360777202688,25,0,0.0,25,0,0,0.0,0.0,0.0,False,0.0005211244635476773,logistic,False,False,False,post,post,full,none,live,,
5,7,communication,4.01298942809037,0.42441634677769274,-0.2463485037717239,0.7373669220827763,25,0,0.0,25,0,0,0.0,0.0,0.0,False,2.7812691390993978e-34,logistic,False,False,False,post,post,full,none,live,,
5,8,communication,-0.08465537962600284,0.35361336193614823,-0.3086653119638296,0.5470616827651957,25,4,0.16,25,0,0,0.16,0.0,0.0,True,0.8611083701602114,logistic,False,False,False,post,post,full,none,live,,
5,9,communication,0.06305598631690926,0.5353041386186318,-0.22301660324425218,1.1519451389719106,25,0,0.0,25,0,0,0.0,0.0,0.0,False,0.9518208261971675,logistic,False,False,False,post,post,full,none,live,,
5,10,communication,2.146481423378265,0.4118828773482046,-0.2082866647315508,0.7003415841576625,25,0,0.0,25,0,0,0.0,0.0,0.0,False,9.58433977935496e-10,logistic,False,False,False,post,post,full,none,live,,
5,11,communication,-1.0433237844633954,0.4376313386137079,-0.22845731482710757,0.7781929695991686,25,11,0.44,25,0,0,0.44,0.0,0.0,True,0.9999991215151084,logistic,False,False,False,post,post,full,none,live,,
5,12,communication,-0.5891641440175353,0.5140529023157344,-0.21607510918142922,1.0578371694478765,25,11,0.44,25,0,0,0.44,0.0,0.0,True,0.9998974387778773,logistic,False,False,False,post,post,full,none,live,,
5,13,communication,-0.10005776182146991,0.4046952387373999,-0.19497788990129902,0.6798118628835915,25,2,0.08,25,0,0,0.08,0.0,0.0,True,0.9252496834925584,logistic,False,False,False,post,post,full,none,live,,
5,14,communication,-0.10649846464037294,0.41533811680098764,-0.20586152058656867,0.7103902763909292,25,6,0.24,25,0,0,0.24,0.0,0.0,True,0.9364478501091896,logistic,False,False,False,post,post,full,none,live,,
5,15,communication,-1.8753168656582868,0.4066906524612655,-0.14710839625919694,0.6854613940406771,25,15,0.6,25,0,0,0.6,0.0,0.0,True,0.9999999999999151,logistic,False,False,False,post,post,full,none,live,,
5,16,communication,-1.4100871144249119,0.37063296150424985,-0.08210305012371494,0.5888979543480692,25,19,0.76,25,0,0,0.76,0.0,0.0,True,0.9999999896206367,logistic,False,False,False,post,post,full,none,live,,
5,17,communication,-1.551095815493927,0.4432108056419703,-0.17862949699717334,0.7960118661300285,25,24,0.96,25,0,0,0.96,0.0,0.0,True,0.9999999999611159,logistic,False,False,False,post,post,full,none,live,,
5,18,communication,-0.10247292008020649,0.3200652699680963,-0.163154827500422,0.470729403619489,25,4,0.16,25,0,0,0.16,0.0,0.0,True,0.8266333091048144,logistic,False,False,False,post,post,full,none,live,,
5,19,communication,-0.8892452839003695,0.482863691006951,-0.1783363137543273,0.9337261426241128,25,18,0.72,25,0,0,0.72,0.0,0.0,True,0.9999970609751011,logistic,False,False,False,post,post,full,none,live,,
5,20,communication,0.34177196137274307,0.43168178382617167,-0.19008864028573652,0.7595775949826947,25,0,0.0,25,0,0,0.0,0.0,0.0,False,0.5507693432597702,logistic,False,False,False,post,post,full,none,live,,
5,21,communication,0.528893908451151,0.4778855790283319,-0.21631443417810053,0.9152889861555152,25,0,0.0,25,0,0,0.0,0.0,0.0,False,0.4107995121058598,logistic,False,False,False,post,post,full,none,live,,
5,22,communication,-1.1483267234242236,0.4256439920384408,-0.20705553226771997,0.7410804207465146,25,20,0.8,25,0,0,0.8,0.0,0.0,True,0.9999997893731306,logistic,False,False,False,post,post,full,none,live,,
5,23,communication,-0.5061359730605473,0.487651593564659,-0.18831053203931822,0.9517968387127231,25,9,0.36,25,0,0,0.36,0.0,0.0,True,0.9994840237758021,logistic,False,False,False,post,post,full,none,live,,
5,24,communication,-1.609229012137848,0.41425200148244634,-0.24810973514223955,0.707218808311527,25,23,0.92,25,0,0,0.92,0.0,0.0,True,0.9999999999667434,logistic,False,False,False,post,post,full,none,live,,
5,25,communication,-1.1727789981841623,0.45779186582959575,-0.1727760272487914,0.844310214065733,25,22,0.88,25,0,0,0.88,0.0,0.0,True,0.9999999506871451,logistic,False,False,False,post,post,full,none,live,,
5,26,communication,-2.2615211510552142,0.4899912026898776,-0.1874600386656939,0.960750491509517,25,24,0.96,25,0,0,0.96,0.0,0.0,True,1.0,logistic,False,False,False,post,post,full,none,live,,
5,27,communication,-0.9475008921120425,0.3794663386863773,-0.19507405649688486,0.611516122885382,25,22,0.88,25,0,0,0.88,0.0,0.0,True,0.9999807533025292,logistic,False,False,False,post,post,full,none,live,,
5,28,communication,-1.2886770886939252,0.4018162119279105,-0.10311576158065341,0.6717270175825729,25,24,0.96,25,0,0,0.96,0.0,0.0,True,0.9999999640443252,logistic,False,False,False,post,post,full,none,live,,
5,29,communication,-0.9264003979180468,0.4722804315116937,-0.26983609847682666,0.8949458381173503,25,21,0.84,25,0,0,0.84,0.0,0.0,True,0.9999978125834895,logistic,False,False,False,post,post,full,none,live,,
5,30,communication,-2.312248179028814,0.4147074031647091,-0.2450863173651288,0.7085471530086913,25,22,0.88,25,0,0,0.88,0.0,0.0,True,1.0,logistic,False,False,False,post,post,full,none,live,,
5,31,communication,0.3466281230655631,0.49757946189497476,-0.22241067778039014,0.9903644937997369,25,0,0.0,25,0,0,0.0,0.0,0.0,False,0.6904420382492231,logistic,False,False,False,post,post,full,none,live,,
5,32,communication,0.7515329127877522,0.4132228155925358,-0.1975282821053441,0.7042244084691432,25,0,0.0,25,0,0,0.0,0.0,0.0,False,0.08899611535257868,logistic,False,False,False,post,post,full,none,live,,
5,33,communication,0.11616031208489735,0.3850460560262424,-0.15349675638184046,0.626138038140095,25,2,0.08,25,0,0,0.08,0.0,0.0,False,0.727088617370226,logistic,False,False,False,post,post,full,none,live,,
5,34,communication,-0.334080624279813,0.47424358398250804,-0.2232072472312055,0.9020214866321858,25,11,0.44,25,0,0,0.44,0.0,0.0,True,0.9957283366587023,logistic,False,False,False,post,post,full,none,live,,
5,35,communication,-0.9806204992970621,0.44220631401710386,-0.2170793333468786,0.7927775540124408,25,23,0.92,25,0,0,0.92,0.0,0.0,True,0.9999978607980016,logistic,False,False,False,post,post,full,none,live,,
5,36,communication,-0.11621622531410425,0.4128380319283584,-0.2305915206624346,0.7031075825367262,25,2,0.08,25,0,0,0.08,0.0,0.0,True,0.9386165944710103,logistic,False,False,False,post,post,full,none,live,,
5,37,communication,-0.6699122645345384,0.4697000176180802,-0.16636250260741983,0.8857251239352376,25,18,0.72,25,0,0,0.72,0.0,0.0,True,0.999901441780853,logistic,False,False,False,post,post,full,none,live,,
5,38,communication,-0.9194857885765513,0.42182576951207057,-0.21975928100055236,0.7295824463779469,25,18,0.72,25,0,0,0.72,0.0,0.0,True,0.9999903921159394,logistic,False,False,False,post,post,full,none,live,,
5,39,communication,-1.596466363181956,0.4538902915405358,-0.17605592292963793,0.831133899488671,25,24,0.96,25,0,0,0.96,0.0,0.0,True,0.9999999999908313,logistic,False,False,False,post,post,full,none,live,,
5,40,communication,1.118293007091643,0.5124358591799452,-0.2402621659454631,1.0510121977347584,25,0,0.0,25,0,0,0.0,0.0,0.0,False,0.023386679616445288,logistic,False,False,False,post,post,full,none,live,,
5,41,communication,0.9634806718197029,0.5233052533345126,-0.17654077214780114,1.0977785196817649,25,0,0.0,25,0,0,0.0,0.0,0.0,False,0.07944708037046505,logistic,False,False,False,post,post,full,none,live,,
5,42,communication,-0.4305695109590528,0.45085885578531887,-0.23491020854945482,0.8210254513529224,25,11,0.44,25,0,0,0.44,0.0,0.0,True,0.9975581223451261,logistic,False,False,False,post,post,full,none,live,,
5,43,communication,0.9359335409245255,0.4451305876328206,-0.14375556563483455,0.8022258529872968,25,0,0.0,25,0,0,0.0,0.0,0.0,False,0.0380329332304407,logistic,False,False,False,post,post,full,none,live,,
5,44,communication,2.424099562440839,0.45932667843309744,-0.2178776722846832,0.849545668541481,25,0,0.0,25,0,0,0.0,0.0,0.0,False,1.4518556321395502e-11,logistic,False,False,False,post,post,full,none,live,,
5,45,communication,-0.8440265437288207,0.45954677364351937,-0.14122248724992012,0.8502988810735757,25,18,0.72,25,0,0,0.72,0.0,0.0,True,0.9999890052582878,logistic,False,False,False,post,post,full,none,live,,
5,46,communication,-0.7629775857479836,0.46901603275919407,-0.1269691044746042,0.8832960347115173,25,13,0.52,25,0,0,0.52,0.0,0.0,True,0.9999719809982331,logistic,False,False,False,post,post,full,none,live,,
5,47,communication,-0.33526940442408415,0.41184816357540277,-0.253147434870275,0.7002412269577311,25,6,0.24,25,0,0,0.24,0.0,0.0,True,0.9883231560670075,logistic,False,False,False,post,post,full,none,live,,
5,48,communication,-0.9342596911234884,0.4781597752692119,-0.06284918763899758,0.9162953574839683,25,19,0.76,25,0,0,0.76,0.0,0.0,True,0.9999983666158968,logistic,False,False,False,post,post,full,none,live,,
5,49,communication,0.6241253807710068,0.4153895425609268,-0.21675397557044043,0.7105407323375117,25,0,0.0,25,0,0,0.0,0.0,0.0,False,0.1815461370495401,logistic,False,False,False,post,post,full,none,live,,
5,50,communication,-0.6591058186783039,0.2924897987645019,-0.11203767702705472,0.41340718233283147,25,18,0.72,25,0,0,0.72,0.0,0.0,True,0.9956784793294093,logistic,False,False,False,post,post,full,none,live,,
5,51,communication,0.2563504312119952,0.44068693799690134,-0.08857608756954302,0.7879074670965934,25,1,0.04,25,0,0,0.04,0.0,0.0,False,0.679115623235891,logistic,False,False,False,post,post,full,none,live,,
5,52,communication,-0.08862224008324636,0.46401756935398586,-0.15021033072198164,0.8657327979850202,25,2,0.08,25,0,0,0.08,0.0,0.0,True,0.9600972293173737,logistic,False,False,False,post,post,full,none,live,,
5,53,communication,0.1250213603159685,0.45861501478731853,-0.2725209383623277,0.8471143960654044,25,1,0.04,25,0,0,0.04,0.0,0.0,False,0.8432860454974306,logistic,False,False,False,post,post,full,none,live,,
5,54,communication,-0.6100765241653628,0.40186444534127086,-0.2475041139483326,0.6718618249847357,25,13,0.52,25,0,0,0.52,0.0,0.0,True,0.9991098026235223,logistic,False,False,False,post,post,full,none,live,,
5,55,communication,0.6799250755094788,0.4315647202820876,-0.29040338432359447,0.7592152276267103,25,0,0.0,25,0,0,0.0,0.0,0.0,False,0.15859241027677684,logistic,False,False,False,post,post,full,none,live,,
5,56,communication,-0.2823563327900926,0.5027261982891638,-0.1974906297724992,1.0109645763753667,25,6,0.24,25,0,0,0.24,0.0,0.0,True,0.9956519443981223,logistic,False,False,False,post,post,full,none,live,,
5,57,communication,0.06260770629394635,0.4380413425934668,-0.16984896729929322,0.7794903358461439,25,2,0.08,25,0,0,0.08,0.0,0.0,True,0.8633530295179116,logistic,False,False,False,post,post,full,none,live,,
5,58,communication,0.10923919427439421,0.43457282648445356,-0.2190248713032233,0.7685743572996231,25,0,0.0,25,0,0,0.0,0.0,0.0,False,0.8211356566108723,logistic,False,False,False,post,post,full,none,live,,
5,59,communication,-1.6429521617492981,0.3795257739712277,-0.188641856374915,0.6116704901673523,25,19,0.76,25,0,0,0.76,0.0,0.0,True,0.9999999999382091,logistic,False,False,False,post,post,full,none,live,,
5,60,communication,-1.6176642758459776,0.42967925036672716,-0.1924517601521694,0.7533992944198842,25,19,0.76,25,0,0,0.76,0.0,0.0,True,0.9999999999850728,logistic,False,False,False,post,post,full,none,live,,
5,61,communication,1.2039277132551134,0.44747897074224274,-0.22535922625682614,0.8098858632464626,25,0,0.0,25,0,0,0.0,0.0,0.0,False,0.003982744831752911,logistic,False,False,False,post,post,full,none,live,,
5,62,communication,1.49838393301971,0.4209298030030021,-0.2560307054856074,0.7269063494994273,25,0,0.0,25,0,0,0.0,0.0,0.0,False,7.501216964005457e-05,logistic,False,False,False,post,post,full,none,live,,
5,63,communication,0.8429854510643,0.438763385310643,-0.18894228618305403,0.7817796876162427,25,0,0.0,25,0,0,0.0,0.0,0.0,False,0.06661157865969423,logistic,False,False,False,post,post,full,none,live,,
5,64,communication,0.9131410907671428,0.41592571473824574,-0.1677629551704115,0.7121109852522401,25,0,0.0,25,0,0,0.0,0.0,0.0,False,0.030761895006128952,logistic,False,False,False,post,post,full,none,live,,
5,65,communication,-1.6158391137748398,0.4662117822777481,-0.12719935375357566,0.8734021598811945,25,21,0.84,25,0,0,0.84,0.0,0.0,True,0.9999999999964437,logistic,False,False,False,post,post,full,none,live,,
5,66,communication,-0.41198997035286467,0.47077810612934623,-0.15999279670950964,0.8895665723240248,25,11,0.44,25,0,0,0.44,0.0,0.0,True,0.9979427430757256,logistic,False,False,False,post,post,full,none,live,,
5,67,communication,-0.61398106185483,0.4234481172684646,-0.1459485926603657,0.7344492836660083,25,13,0.52,25,0,0,0.52,0.0,0.0,True,0.9994527127748081,logistic,False,False,False,post,post,full,none,live,,
5,68,communication,-0.44114008836561935,0.4442091323802884,-0.15214328259968976,0.7992379117035607,25,8,0.32,25,0,0,0.32,0.0,0.0,True,0.9975295215782488,logistic,False,False,False,post,post,full,none,live,,
5,69,communication,-1.6980105947553767,0.43144741156320693,-0.21095430985478347,0.7588522510282647,25,21,0.84,25,0,0,0.84,0.0,0.0,True,0.9999999999978278,logistic,False,False,False,post,post,full,none,live,,
5,70,communication,-0.7622031749263068,0.4289080046720689,-0.2548108865763945,0.7510313717946308,25,15,0.6,25,0,0,0.6,0.0,0.0,True,0.9999250441317318,logistic,False,False,False,post,post,full,none,live,,
5,71,communication,0.13137347074121586,0.4240328923754398,-0.1941898422482708,0.7362102570826706,25,0,0.0,25,0,0,0.0,0.0,0.0,False,0.783463655699338,logistic,False,False,False,post,post,full,none,live,,
5,72,communication,-1.0681772338226387,0.48045595192415436,-0.15911428945699696,0.9247646156346977,25,20,0.8,25,0,0,0.8,0.0,0.0,True,0.9999998415439182,logistic,False,False,False,post,post,full,none,live,,
5,73,communication,-0.3483326968853574,0.46170964464921344,-0.15829557255642893,0.8577334519551851,25,12,0.48,25,0,0,0.48,0.0,0.0,True,0.995393045129386,logistic,False,False,False,post,post,full,none,live,,
5,74,communication,0.12365801764715409,0.4061604730017561,-0.16882302576832017,0.6839566154426047,25,1,0.04,25,0,0,0.04,0.0,0.0,False,0.7593589359810395,logistic,False,False,False,post,post,full,none,live,,
5,75,communication,1.383277072290084,0.4698854859112633,-0.16675367728285,0.8863848723685547,25,0,0.0,25,0,0,0.0,0.0,0.0,False,0.0009036526418452948,logistic,False,False,False,post,post,full,none,live,,
5,76,communication,-0.6119829209858167,0.4086324413173982,-0.14584542788493005,0.6909957019416395,25,14,0.56,25,0,0,0.56,0.0,0.0,True,0.9992403901621882,logistic,False,False,False,post,post,full,none,live,,
5,77,communication,-0.667053069541673,0.42588204593209444,-0.1519374033720742,0.7418023472607198,25,17,0.68,25,0,0,0.68,0.0,0.0,True,0.9997261254650631,logistic,False,False,False,post,post,full,none,live,,
5,78,communication,0.6812031821994317,0.4258444938155298,-0.11446304471027588,0.7416884262688066,25,0,0.0,25,0,0,0.0,0.0,0.0,False,0.14959791056807364,logistic,False,False,False,post,post,full,none,live,,
5,79,communication,0.41484396920974786,0.4115464910044445,-0.1729889491387769,0.6993695928620131,25,0,0.0,25,0,0,0.0,0.0,0.0,False,0.40727504572247947,logistic,False,False,False,post,post,full,none,live,,
5,80,communication,0.463413652541372,0.4701771947885974,-0.2023942929614616,0.8874234747237687,25,0,0.0,25,0,0,0.0,0.0,0.0,False,0.4791530705875239,logistic,False,False,False,post,post,full,none,live,,
5,81,communication,-1.975093840706628,0.48676180948147574,-0.15740438394313805,0.9484130730600944,25,23,0.92,25,0,0,0.92,0.0,0.0,True,0.9999999999999999,logistic,False,False,False,post,post,full,none,live,,
5,82,communication,-0.7244869230737007,0.42777993738512493,-0.24719827133692582,0.7475794110229169,25,16,0.64,25,0,0,0.64,0.0,0.0,True,0.9998733303653811,logistic,False,False,False,post,post,full,none,live,,
5,83,communication,-0.31356769444221844,0.42868731179089997,-0.12474310097690815,0.7503549643448506,25,5,0.2,25,0,0,0.2,0.0,0.0,True,0.9891181327262589,logistic,False,False,False,post,post,full,none,live,,
5,84,communication,0.360792653790956,0.40232330047578746,-0.17316565426587854,0.6731453657070146,25,1,0.04,25,0,0,0.04,0.0,0.0,False,0.4566398811078912,logistic,False,False,False,post,post,full,none,live,,
5,85,communication,0.020964147175621034,0.3916176104769708,-0.1276691123380354,0.6437030677104221,25,1,0.04,25,0,0,0.04,0.0,0.0,True,0.831574562766507,logistic,False,False,False,post,post,full,none,live,,
5,86,communication,-1.2170876495323866,0.4594351081163048,-0.1603304486798873,0.8499166612824611,25,19,0.76,25,0,0,0.76,0.0,0.0,True,0.9999999795072867,logistic,False,False,False,post,post,full,none,live,,
5,87,communication,-1.0053632456198867,0.4245779644340408,-0.2683583078484715,0.7378548929160229,25,20,0.8,25,0,0,0.8,0.0,0.0,True,0.9999976333608227,logistic,False,False,False,post,post,full,none,live,,
5,88,communication,0.5291084438917385,0.37002012654251776,-0.1911040610785982,0.5873522982754316,25,0,0.0,25,0,0,0.0,0.0,0.0,False,0.19431777744068562,logistic,False,False,False,post,post,full,none,live,,
5,89,communication,1.0172175324683743,0.29298901468745714,-0.24054814457005383,0.41440518008067123,25,0,0.0,25,0,0,0.0,0.0,0.0,False,0.0015443544196522927,logistic,False,False,False,post,post,full,none,live,,
5,90,communication,-1.350980624702627,0.5313146542516547,-0.2222615417387859,1.1336276226074657,25,21,0.84,25,0,0,0.84,0.0,0.0,True,0.9999999998943484,logistic,False,False,False,post,post,full,none,live,,
5,91,communication,0.5995989341437962,0.36151982969761803,-0.10658372813906615,0.5662193541992127,25,0,0.0,25,0,0,0.0,0.0,0.0,False,0.12548504266135135,logistic,False,False,False,post,post,full,none,live,,
5,92,communication,1.6110748176698877,0.33306970446715806,-0.18930433042028488,0.49940706952149017,25,0,0.0,25,0,0,0.0,0.0,0.0,False,1.3562485061215977e-06,logistic,False,False,False,post,post,full,none,live,,
5,93,communication,1.1305286045094485,0.495315897656716,-0.16732237354716745,0.9814374880384171,25,0,0.0,25,0,0,0.0,0.0,0.0,False,0.01662227993967971,logistic,False,False,False,post,post,full,none,live,,
5,94,communication,-1.6433690299870194,0.47571884356571736,-0.21882989126431618,0.9073735298845278,25,24,0.96,25,0,0,0.96,0.0,0.0,True,0.9999999999987449,logistic,False,False,False,post,post,full,none,live,,
5,95,communication,0.6449609205456548,0.35775231906506405,-0.2080269710933454,0.5570317023866479,25,0,0.0,25,0,0,0.0,0.0,0.0,False,0.09311150628446063,logistic,False,False,False,post,post,full,none,live,,
5,96,communication,0.8940846158988535,0.473809381333043,-0.12268923020822504,0.9004519741028152,25,0,0.0,25,0,0,0.0,0.0,0.0,False,0.07124043267645556,logistic,False,False,False,post,post,full,none,live,,
5,97,communication,-0.8338462316632886,0.5100286649051544,-0.2087853100713692,1.0409357208752346,25,19,0.76,25,0,0,0.76,0.0,0.0,True,0.999996677033311,logistic,False,False,False,post,post,full,none,live,,
5,98,communication,-0.2503873705312116,0.43504533480201024,-0.24210702805041984,0.7700535310201351,25,5,0.2,25,0,0,0.2,0.0,0.0,True,0.9830488736231284,logistic,False,False,False,post,post,full,none,live,,
5,99,communication,0.26834180652554573,0.5368548156434955,-0.20212325335081618,1.159150162360866,25,0,0.0,25,0,0,0.0,0.0,0.0,False,0.8383150460776195,logistic,False,False,False,post,post,full,none,live,,
6,0,communication,0.7417568708921953,0.04909696830714281,0.4229346925585725,0.05163194003045432,25,0,0.0,25,0,0,0.0,0.0,0.0,False,3.707836451246791e-05,logistic,False,False,False,post,post,full,none,live,,
6,1,communication,0.983292252712523,0.16667333614715713,0.48020973276821943,0.20000960412877172,25,0,0.0,25,0,0,0.0,0.0,0.0,False,0.00011236619395999051,logistic,False,False,False,post,post,full,none,live,,
6,2,communication,1.988927368372067,1.0,0.41444440283555883,-0.002497264529610327,25,0,0.0,25,0,0,0.0,0.0,0.0,False,0.0,logistic,False,False,False,post,post,full,none,live,,
6,3,communication,1.100272309197129,0.11042220232693357,0.38708584202264723,0.12412877503887013,25,0,0.0,25,0,0,0.0,0.0,0.0,False,3.037153881674289e-06,logistic,False,False,False,post,post,full,none,live,,
6,4,communication,0.153019493415264,1.0,0.5249073034040588,-0.1973418689060549,25,14,0.56,25,0,0,0.56,0.0,0.0,True,0.0,logistic,False,False,False,post,post,full,none,live,,
6,5,communication,-1.3288323738784418,0.2675308067484029,0.49156331647239104,0.365245131417436,25,22,0.88,25,0,0,0.88,0.0,0.0,True,0.999998704993232,logistic,False,False,False,post,post,full,none,live,,
6,6,communication,0.19065611944817096,0.017745063853933575,0.4549423347245559,0.018065639785489244,25,10,0.4,25,0,0,0.4,0.0,0.0,True,0.0036911096346431004,logistic,False,False,False,post,post,full,none,live,,
6,7,communication,-0.11643082549083256,0.05807730106887312,0.48598821633885153,0.06165824555961753,25,16,0.64,25,0,0,0.64,0.0,0.0,True,0.16122713458578097,logistic,False,False,False,post,post,full,none,live,,
6,8,communication,2.1449565733004343,0.14425802312986952,0.34412891670919005,0.16857654179533427,25,0,0.0,25,0,0,0.0,0.0,0.0,False,5.361393866569711e-15,logistic,False,False,False,post,post,full,none,live,,
6,9,communication,0.31263002982114163,1.0,0.4339131851011565,-0.06525172769245227,25,5,0.2,25,0,0,0.2,0.0,0.0,False,0.0,logistic,False,False,False,post,post,full,none,live,,
6,10,communication,-0.6861706737901234,1.0,0.466494495986312,-0.1044104742738014,25,22,0.88,25,0,0,0.88,0.0,0.0,True,0.0,logistic,False,False,False,post,post,full,none,live,,
6,11,communication,-1.4947393857916442,0.2256100105944261,0.4587010794210542,0.29133900706491,25,18,0.72,25,0,0,0.72,0.0,0.0,True,0.9999996839058187,logistic,False,False,False,post,post,full,none,live,,
6,12,communication,2.1938456749919917,0.07294490531948913,0.4409912905766974,0.07868454176893121,25,0,0.0,25,0,0,0.0,0.0,0.0,False,7.715238356496932e-18,logistic,False,False,False,post,post,full,none,live,,
6,13,communication,-1.7726770106083136,0.025522093527348647,0.4384839161401484,0.02619053070144174,25,22,0.88,25,0,0,0.88,0.0,0.0,True,0.9999736016802124,logistic,False,False,False,post,post,full,none,live,,
6,14,communication,0.6802335952303309,0.1593819753325586,0.4158846792355416,0.18960094912979297,25,1,0.04,25,0,0,0.04,0.0,0.0,False,0.003136366683335732,logistic,False,False,False,post,post,full,none,live,,
6,15,communication,2.289943636578098,1.0,0.47462714338815837,-0.23989177496590122,25,0,0.0,25,0,0,0.0,0.0,0.0,False,0.0,logistic,False,False,False,post,post,full,none,live,,
6,16,communication,1.5818103160125525,0.11353236024969279,0.4390362758476331,0.12807276335735351,25,0,0.0,25,0,0,0.0,0.0,0.0,False,5.230443906043542e-10,logistic,False,False,False,post,post,full,none,live,,
6,17,communication,0.226058819213764,0.0012125380579929102,0.4173338577357671,0.0012140100914315582,25,12,0.48,25,0,0,0.48,0.0,0.0,True,7.777908681409232e-05,logistic,False,False,False,post,post,full,none,live,,
6,18,communication,0.3500408761435888,0.017036206101538182,0.39611785697611424,0.017331468572176108,25,1,0.04,25,0,0,0.04,0.0,0.0,False,0.0006206217474685091,logistic,False,False,False,post,post,full,none,live,,
6,19,communication,0.01584230116391927,0.044898537059139786,0.393370923088637,0.047009180491559874,25,11,0.44,25,0,0,0.44,0.0,0.0,True,0.054842009744805194,logistic,False,False,False,post,post,full,none,live,,
6,20,communication,2.787824569596653,0.2603932974712189,0.5087874469381168,0.35206995364010507,25,0,0.0,25,0,0,0.0,0.0,0.0,False,6.12232064081586e-20,logistic,False,False,False,post,post,full,none,live,,
6,21,communication,1.5190011071169727,0.058837853289053756,0.4541509989069615,0.06251617056069754,25,0,0.0,25,0,0,0.0,0.0,0.0,False,6.304449097263609e-11,logistic,False,False,False,post,post,full,none,live,,
6,22,communication,1.3708544636124653,0.0038350446160590975,0.4882400466018536,0.0038498088045879897,25,0,0.0,25,0,0,0.0,0.0,0.0,False,2.5428561860440785e-13,logistic,False,False,False,post,post,full,none,live,,
6,23,communication,0.960495822453135,0.08882756204921019,0.49113620882534154,0.09748710381207508,25,0,0.0,25,0,0,0.0,0.0,0.0,False,1.0519409486013562e-05,logistic,False,False,False,post,post,full,none,live,,
6,24,communication,0.18640356583001438,0.19905460779230713,0.4374119519368712,0.24852456825257618,25,12,0.48,25,0,0,0.48,0.0,0.0,True,0.21103569992617427,logistic,False,False,False,post,post,full,none,live,,
6,25,communication,-0.14242846748388793,0.08142637324331384,0.3583711066227857,0.0886443621626884,25,17,0.68,25,0,0,0.68,0.0,0.0,True,0.25805342396225117,logistic,False,False,False,post,post,full,none,live,,
6,26,communication,0.40386918797566873,0.08112556120222184,0.4813667383959981,0.08828797252034083,25,4,0.16,25,0,0,0.16,0.0,0.0,False,0.006692602186891599,logistic,False,False,False,post,post,full,none,live,,
6,27,communication,-1.1183244266517447,1.0,0.3446766009954765,-0.10685201348307447,25,19,0.76,25,0,0,0.76,0.0,0.0,True,0.0,logistic,False,False,False,post,post,full,none,live,,
6,28,communication,0.7307163495081724,0.07757383126040746,0.41548197123668423,0.08409760465317752,25,3,0.12,25,0,0,0.12,0.0,0.0,False,0.00015989140229435332,logistic,False,False,False,post,post,full,none,live,,
6,29,communication,-0.1323337606100533,0.03972709666425641,0.3883673257349033,0.04137063175088518,25,18,0.72,25,0,0,0.72,0.0,0.0,True,0.1189353715000735,logistic,False,False,False,post,post,full,none,live,,
6,30,communication,0.49869782738986485,1.0,0.3034481628840946,-0.013786477135363864,25,1,0.04,25,0,0,0.04,0.0,0.0,False,0.0,logistic,False,False,False,post,post,full,none,live,,
6,31,communication,-0.4824575440982606,0.1084833410148742,0.45717237820529255,0.12168403127583527,25,17,0.68,25,0,0,0.68,0.0,0.0,True,0.7688816418808526,logistic,False,False,False,post,post,full,none,live,,
6,32,communication,-0.5557901798216935,0.032592195758113146,0.4602450167398793,0.03369023447526781,25,24,0.96,25,0,0,0.96,0.0,0.0,True,0.546682169918357,logistic,False,False,False,post,post,full,none,live,,
6,33,communication,-2.1118731619970994,0.03991027475003055,0.3631455044115399,0.04156931763814001,25,25,1.0,25,0,0,1.0,0.0,0.0,True,0.9999999703473533,logistic,False,False,False,post,post,full,none,live,,
6,34,communication,-1.4973618825296722,1.0,0.4917755679540926,-0.043183205799987245,25,22,0.88,25,0,0,0.88,0.0,0.0,True,0.0,logistic,False,False,False,post,post,full,none,live,,
6,35,communication,0.5421099225525581,0.16367192192826968,0.41961614595685515,0.1957030096438205,25,4,0.16,25,0,0,0.16,0.0,0.0,False,0.012515044964973606,logistic,False,False,False,post,post,full,none,live,,
6,36,communication,0.5520095440246067,0.12337244038008964,0.4092520267814771,0.14073529747750763,25,2,0.08,25,0,0,0.08,0.0,0.0,False,0.004839622392727314,logistic,False,False,False,post,post,full,none,live,,
6,37,communication,-0.015380770648733999,0.1297011792964995,0.3843112881300366,0.14903062742479228,25,19,0.76,25,0,0,0.76,0.0,0.0,True,0.25972342099322676,logistic,False,False,False,post,post,full,none,live,,
6,38,communication,1.0520809620776561,0.018262042410184785,0.4399551363339298,0.01860174832703671,25,0,0.0,25,0,0,0.0,0.0,0.0,False,1.537539488504624e-08,logistic,False,False,False,post,post,full,none,live,,
6,39,communication,0.8931170073946062,1.0,0.5540660444681328,-0.02648729290597998,25,1,0.04,25,0,0,0.04,0.0,0.0,False,0.0,logistic,False,False,False,post,post,full,none,live,,
6,40,communication,1.1823548381062658,0.08072170947323568,0.37911680773759804,0.08780987248918995,25,0,0.0,25,0,0,0.0,0.0,0.0,False,1.9647272890975649e-07,logistic,False,False,False,post,post,full,none,live,,
6,41,communication,-0.39306256461133254,0.08379193324834669,0.3540863617048999,0.09145513589006553,25,16,0.64,25,0,0,0.64,0.0,0.0,True,0.5829733619886955,logistic,False,False,False,post,post,full,none,live,,
6,42,communication,1.865412528264929,0.04052214496184369,0.5212506484606914,0.04223353853250966,25,0,0.0,25,0,0,0.0,0.0,0.0,False,2.4858279744024785e-15,logistic,False,False,False,post,post,full,none,live,,
6,43,communication,1.2081278144099477,1.0,0.449151766930823,-0.12435433974972532,25,0,0.0,25,0,0,0.0,0.0,0.0,False,0.0,logistic,False,False,False,post,post,full,none,live,,
6,44,communication,1.2130147548080736,0.06781661616365117,0.4994497580286393,0.07275029499512818,25,0,0.0,25,0,0,0.0,0.0,0.0,False,5.493949377269127e-08,logistic,False,False,False,post,post,full,none,live,,
6,45,communication,1.5461092271848016,0.03445943208433692,0.43971273491100465,0.035689263848048734,25,0,0.0,25,0,0,0.0,0.0,0.0,False,3.496846597198979e-12,logistic,False,False,False,post,post,full,none,live,,
6,46,communication,0.6263152433200995,0.12013371680518097,0.3984728254764244,0.13653633409950894,25,1,0.04,25,0,0,0.04,0.0,0.0,False,0.002107606632136158,logistic,False,False,False,post,post,full,none,live,,
6,47,communication,0.2975505715424404,0.15822946139825955,0.39110996091655176,0.18797220161814343,25,2,0.08,25,0,0,0.08,0.0,0.0,False,0.07130167907408652,logistic,False,False,False,post,post,full,none,live,,
6,48,communication,-0.8761635083744941,0.02630603272709983,0.4332137354657026,0.027016735864942416,25,23,0.92,25,0,0,0.92,0.0,0.0,True,0.8577219295193275,logistic,False,False,False,post,post,full,none,live,,
6,49,communication,0.1812386856853841,1.0,0.4860618078998409,-0.17678734692114287,25,6,0.24,25,0,0,0.24,0.0,0.0,True,0.0,logistic,False,False,False,post,post,full,none,live,,
6,50,communication,1.8267541757918642,0.1613225612595764,0.4709751464264371,0.19235352449907364,25,0,0.0,25,0,0,0.0,0.0,0.0,False,3.066176236717029e-11,logistic,False,False,False,post,post,full,none,live,,
6,51,communication,0.48116044583803386,0.12554221733477935,0.38488634265131927,0.1435657842190447,25,1,0.04,25,0,0,0.04,0.0,0.0,False,0.00982109562730919,logistic,False,False,False,post,post,full,none,live,,
6,52,communication,-0.8306629115487871,1.0,0.4015517370226469,-0.09630575178134382,25,21,0.84,25,0,0,0.84,0.0,0.0,True,0.0,logistic,False,False,False,post,post,full,none,live,,
6,53,communication,1.9323094302542034,1.0,0.4289392004517223,-0.009470209931566373,25,0,0.0,25,0,0,0.0,0.0,0.0,False,0.0,logistic,False,False,False,post,post,full,none,live,,
6,54,communication,1.8610670511738325,1.0,0.5137193093253342,-0.0920443313324463,25,0,0.0,25,0,0,0.0,0.0,0.0,False,0.0,logistic,False,False,False,post,post,full,none,live,,
6,55,communication,0.7123353240212956,1.0,0.380298031958213,-0.23876245139951033,25,0,0.0,25,0,0,0.0,0.0,0.0,False,0.0,logistic,False,False,False,post,post,full,none,live,,
6,56,communication,0.08114844339374772,0.16555005575275572,0.4583882896320723,0.19839423190578329,25,16,0.64,25,0,0,0.64,0.0,0.0,True,0.24492052088626165,logistic,False,False,False,post,post,full,none,live,,
6,57,communication,1.7650741336577875,0.1276014398609583,0.3582865823964456,0.1462650738907929,25,0,0.0,25,0,0,0.0,0.0,0.0,False,2.1113539146381736e-11,logistic,False,False,False,post,post,full,none,live,,
6,58,communication,1.6644677437119806,0.2577486570580393,0.4655798859747448,0.3472525304385924,25,0,0.0,25,0,0,0.0,0.0,0.0,False,4.663624579464885e-08,logistic,False,False,False,post,post,full,none,live,,
6,59,communication,-0.05672944988285711,0.166897851899734,0.4206321903538028,0.20033299911699112,25,19,0.76,25,0,0,0.76,0.0,0.0,True,0.41251805035886463,logistic,False,False,False,post,post,full,none,live,,
6,60,communication,0.7077444954934452,0.21033789419799964,0.4155151781830604,0.2663644268257944,25,0,0.0,25,0,0,0.0,0.0,0.0,False,0.006883783264062027,logistic,False,False,False,post,post,full,none,live,,
6,61,communication,-0.35980721117490844,0.2009452439301136,0.5047198328950748,0.2514786907951758,25,23,0.92,25,0,0,0.92,0.0,0.0,True,0.8487120428292461,logistic,False,False,False,post,post,full,none,live,,
6,62,communication,-0.6170357660808132,0.15189996591508823,0.4387405572636514,0.17910619008403433,25,23,0.92,25,0,0,0.92,0.0,0.0,True,0.9375835670754691,logistic,False,False,False,post,post,full,none,live,,
6,63,communication,-1.5709805163268713,0.07855421129153108,0.5551796938321616,0.08525103945793214,25,25,1.0,25,0,0,1.0,0.0,0.0,True,0.9999778269254164,logistic,False,False,False,post,post,full,none,live,,
6,64,communication,0.8595425228515674,0.21880475589832468,0.4247015967941126,0.2800897183519546,25,0,0.0,25,0,0,0.0,0.0,0.0,False,0.00179544764455679,logistic,False,False,False,post,post,full,none,live,,
6,65,communication,0.014934916684567034,0.07038630057628129,0.43083150508932283,0.07571564470264884,25,7,0.28,25,0,0,0.28,0.0,0.0,True,0.09885869612688042,logistic,False,False,False,post,post,full,none,live,,
6,66,communication,0.7954991068841021,0.13150141612487887,0.4067678733668578,0.15141235526042846,25,0,0.0,25,0,0,0.0,0.0,0.0,False,0.00043011921969270816,logistic,False,False,False,post,post,full,none,live,,
6,67,communication,1.0945658882749223,0.04142253722743799,0.33297594361796107,0.0432125089897572,25,0,0.0,25,0,0,0.0,0.0,0.0,False,7.818802710430833e-08,logistic,False,False,False,post,post,full,none,live,,
6,68,communication,-0.5152990885264632,0.07009689737347884,0.5199929096692029,0.07538086191506341,25,21,0.84,25,0,0,0.84,0.0,0.0,True,0.6830519347444232,logistic,False,False,False,post,post,full,none,live,,
6,69,communication,1.1452466837613509,0.153079536884618,0.36366185914089766,0.18074842154777748,25,0,0.0,25,0,0,0.0,0.0,0.0,False,7.437255864775396e-06,logistic,False,False,False,post,post,full,none,live,,
6,70,communication,-3.215054169646822,0.025731973351049438,0.2773425081112642,0.026411595831134886,25,21,0.84,25,0,0,0.84,0.0,0.0,True,1.0,logistic,False,False,False,post,post,full,none,live,,
6,71,communication,-0.4729802495825849,1.0,0.3613252720588346,-0.2562228068644832,25,20,0.8,25,0,0,0.8,0.0,0.0,True,0.0,logistic,False,False,False,post,post,full,none,live,,
6,72,communication,0.27401080950545975,1.0,0.4594122911914319,-0.029189165195019615,25,13,0.52,25,0,0,0.52,0.0,0.0,True,0.0,logistic,False,False,False,post,post,full,none,live,,
6,73,communication,0.5337009779515514,0.027961640102558867,0.5095792574277612,0.028765984199953874,25,2,0.08,25,0,0,0.08,0.0,0.0,False,0.00016068796806274272,logistic,False,False,False,post,post,full,none,live,,
6,74,communication,2.3837296210967245,0.27521430101695815,0.5054114491075999,0.3797181724240912,25,0,0.0,25,0,0,0.0,0.0,0.0,False,1.2154289577528224e-14,logistic,False,False,False,post,post,full,none,live,,
6,75,communication,-0.5628511602175854,1.0,0.41931351218100416,-0.2776497226642538,25,23,0.92,25,0,0,0.92,0.0,0.0,True,0.0,logistic,False,False,False,post,post,full,none,live,,
6,76,communication,0.2261878457882398,1.0,0.40732877852748584,-0.13431256283892498,25,14,0.56,25,0,0,0.56,0.0,0.0,True,0.0,logistic,False,False,False,post,post,full,none,live,,
6,77,communication,2.321619821903103,0.0029098410257512772,0.39862022866291497,0.0029183329105812866,25,0,0.0,25,0,0,0.0,0.0,0.0,False,4.9665295786297165e-26,logistic,False,False,False,post,post,full,none,live,,
6,78,communication,1.5693204995917813,1.0,0.4136952432856595,-0.17897141397592228,25,0,0.0,25,0,0,0.0,0.0,0.0,False,0.0,logistic,False,False,False,post,post,full,none,live,,
6,79,communication,0.20043362767055517,0.09039857339095916,0.4872723281533504,0.09938262050441321,25,12,0.48,25,0,0,0.48,0.0,0.0,True,0.044088991386830936,logistic,False,False,False,post,post,full,none,live,,
6,80,communication,0.871933278732882,0.11488275608788383,0.44283688125191817,0.12979382887188515,25,0,0.0,25,0,0,0.0,0.0,0.0,False,9.786498985651466e-05,logistic,False,False,False,post,post,full,none,live,,
6,81,communication,-0.6188165791233387,1.0,0.3336857376247825,-0.16080300552378304,25,24,0.96,25,0,0,0.96,0.0,0.0,True,0.0,logistic,False,False,False,post,post,full,none,live,,
6,82,communication,1.1269765285150448,0.09693799458986628,0.46048486929210214,0.1073436751951944,25,0,0.0,25,0,0,0.0,0.0,0.0,False,1.1079837414233858e-06,logistic,False,False,False,post,post,full,none,live,,
6,83,communication,0.4724771827305086,1.0,0.5090240636500224,-0.05811303891010017,25,4,0.16,25,0,0,0.16,0.0,0.0,False,0.0,logistic,False,False,False,post,post,full,none,live,,
6,84,communication,0.2911119403628846,0.14883083941552172,0.42492101866084286,0.1748545956638314,25,9,0.36,25,0,0,0.36,0.0,0.0,True,0.06479365961522571,logistic,False,False,False,post,post,full,none,live,,
6,85,communication,0.6276082203315038,1.0,0.4845350206152527,-0.14575535489186442,25,0,0.0,25,0,0,0.0,0.0,0.0,False,0.0,logistic,False,False,False,post,post,full,none,live,,
6,86,communication,-0.644341360543557,0.03411252796470464,0.39299012831233926,0.03531729000773095,25,17,0.68,25,0,0,0.68,0.0,0.0,True,0.6693052298631705,logistic,False,False,False,post,post,full,none,live,,
6,87,communication,0.40972050243631375,0.11836454983333505,0.5038996000087917,0.1342556606712665,25,5,0.2,25,0,0,0.2,0.0,0.0,False,0.01560485840931852,logistic,False,False,False,post,post,full,none,live,,
6,88,communication,2.127095276466741,0.040298109634353374,0.367133334288174,0.041990236800512906,25,0,0.0,25,0,0,0.0,0.0,0.0,False,1.6128796083441723e-18,logistic,False,False,False,post,post,full,none,live,,
6,89,communication,-0.43201949796383443,0.10442121561345012,0.47133660754027396,0.11659634800859664,25,16,0.64,25,0,0,0.64,0.0,0.0,True,0.7024225705461289,logistic,False,False,False,post,post,full,none,live,,
6,90,communication,-0.6206285934817678,0.19836074032152884,0.4785768822384874,0.24744389440343675,25,20,0.8,25,0,0,0.8,0.0,0.0,True,0.9701141164898278,logistic,False,False,False,post,post,full,none,live,,
6,91,communication,1.5511696520733005,0.28922671972416497,0.4490869031853619,0.4069183912089698,25,0,0.0,25,0,0,0.0,0.0,0.0,False,9.578408206893578e-07,logistic,False,False,False,post,post,full,none,live,,
6,92,communication,1.5923428386037672,0.18695055081849465,0.4669426194054508,0.22993749151013784,25,0,0.0,25,0,0,0.0,0.0,0.0,False,1.245989416650851e-08,logistic,False,False,False,post,post,full,none,live,,
6,93,communication,-2.3360721491200755,0.21377125328213986,0.37047497975756233,0.2718944762253168,25,21,0.84,25,0,0,0.84,0.0,0.0,True,0.9999999999999936,logistic,False,False,False,post,post,full,none,live,,
6,94,communication,1.305712049154299,0.13575282383291362,0.46207234625084115,0.15707638691395423,25,0,0.0,25,0,0,0.0,0.0,0.0,False,2.87446680020687e-07,logistic,False,False,False,post,post,full,none,live,,
6,95,communication,-0.3901979359641111,1.0,0.4285247843050638,-0.04124302683064143,25,18,0.72,25,0,0,0.72,0.0,0.0,True,0.0,logistic,False,False,False,post,post,full,none,live,,
6,96,communication,0.48633565505767107,0.11744964399605017,0.5030757117949609,0.13307982167481502,25,5,0.2,25,0,0,0.2,0.0,0.0,False,0.007814779590977238,logistic,False,False,False,post,post,full,none,live,,
6,97,communication,-0.25450999728627627,0.09994260958291913,0.4363495375814878,0.11104026326210861,25,19,0.76,25,0,0,0.76,0.0,0.0,True,0.46002530944969316,logistic,False,False,False,post,post,full,none,live,,
6,98,communication,1.5337387839842749,0.0968906727698756,0.46014627061982716,0.10728565174611088,25,0,0.0,25,0,0,0.0,0.0,0.0,False,5.682055540720752e-10,logistic,False,False,False,post,post,full,none,live,,
6,99,communication,0.007277618488708004,1.0,0.46683123164870416,-0.04363855606803778,25,15,0.6,25,0,0,0.6,0.0,0.0,True,0.0,logistic,False,False,False,post,post,full,none,live,,
7,0,communication,1.7488084017233778,0.5272375507040302,0.12744610419672647,1.1152272171556434,25,0,0.0,25,0,0,0.0,0.0,0.0,False,3.119616575571843e-05,logistic,False,False,False,post,post,full,none,live,,
7,1,communication,-1.8994965018796621,0.52954883552317,0.09152896959101567,1.125619140749838,25,25,1.0,25,0,0,1.0,0.0,0.0,True,0.9999999999999999,logistic,False,False,False,post,post,full,none,live,,
7,2,communication,-1.0572193947534907,0.5287324452155113,0.08344274226889092,1.1219368697200074,25,22,0.88,25,0,0,0.88,0.0,0.0,True,0.9999999580630401,logistic,False,False,False,post,post,full,none,live,,
7,3,communication,1.5085237210681695,0.48050464933454773,0.07472026649901714,0.9249450427593644,25,0,0.0,25,0,0,0.0,0.0,0.0,False,0.0002548395195191776,logistic,False,False,False,post,post,full,none,live,,
7,4,communication,0.675684953226188,0.4662064075775983,0.16922056362226778,0.873383296831858,25,1,0.04,25,0,0,0.04,0.0,0.0,False,0.21679260678306417,logistic,False,False,False,post,post,full,none,live,,
7,5,communication,-1.2253950457582536,0.511213189408429,0.18604681002917228,1.0458817184320408,25,22,0.88,25,0,0,0.88,0.0,0.0,True,0.9999999970008497,logistic,False,False,False,post,post,full,none,live,,
7,6,communication,0.5501369480419784,0.49272475836369317,0.09150705333670967,0.9713163937871707,25,0,0.0,25,0,0,0.0,0.0,0.0,False,0.41698552859391635,logistic,False,False,False,post,post,full,none,live,,
7,7,communication,0.34208554489944965,0.5335778290614502,0.18994399213262664,1.143980415827506,25,4,0.16,25,0,0,0.16,0.0,0.0,False,0.7650292908455262,logistic,False,False,False,post,post,full,none,live,,
7,8,communication,-1.0149428459944447,0.5871844733566952,0.13814232905912643,1.4223895068366812,25,22,0.88,25,0,0,0.88,0.0,0.0,True,0.9999999865677807,logistic,False,False,False,post,post,full,none,live,,
7,9,communication,-1.0995193048250733,0.5118362492252639,0.06379405130251073,1.0484929460922874,25,17,0.68,25,0,0,0.68,0.0,0.0,True,0.9999999668386576,logistic,False,False,False,post,post,full,none,live,,
7,10,communication,1.076183429464088,0.5689212070319271,0.10603138583543471,1.319761529243363,25,0,0.0,25,0,0,0.0,0.0,0.0,False,0.06460232217796955,logistic,False,False,False,post,post,full,none,live,,
7,11,communication,0.9568605374408743,0.5297376842221754,0.1767713703347423,1.1264727503116578,25,0,0.0,25,0,0,0.0,0.0,0.0,False,0.08864722808937009,logistic,False,False,False,post,post,full,none,live,,
7,12,communication,-0.7991391806089913,0.487942887469071,0.11361589615284452,0.9529071572843322,25,14,0.56,25,0,0,0.56,0.0,0.0,True,0.9999897807700525,logistic,False,False,False,post,post,full,none,live,,
7,13,communication,-0.6779836916106662,0.5451345020459502,0.13015056147041695,1.1984520797860538,25,19,0.76,25,0,0,0.76,0.0,0.0,True,0.9999860792063987,logistic,False,False,False,post,post,full,none,live,,
7,14,communication,1.1495175276195517,0.5365133560384062,0.1314303735534783,1.1575594745355031,25,0,0.0,25,0,0,0.0,0.0,0.0,False,0.025487292370740874,logistic,False,False,False,post,post,full,none,live,,
7,15,communication,-0.06681770784041913,0.5745683059079024,0.0633537959540042,1.3505535997595883,25,7,0.28,25,0,0,0.28,0.0,0.0,True,0.9899899323758091,logistic,False,False,False,post,post,full,none,live,,
7,16,communication,0.11475089329371208,0.521952677817349,0.10036452100090727,1.0918431159372182,25,10,0.4,25,0,0,0.4,0.0,0.0,True,0.9210830507793417,logistic,False,False,False,post,post,full,none,live,,
7,17,communication,-0.3483196785280839,0.5066675369143231,0.17503641906720543,1.0270306027404696,25,19,0.76,25,0,0,0.76,0.0,0.0,True,0.9979259313400075,logistic,False,False,False,post,post,full,none,live,,
7,18,communication,1.7614784152365546,0.5303715488076163,0.1932992907896261,1.129342882572396,25,0,0.0,25,0,0,0.0,0.0,0.0,False,2.8188249594072666e-05,logistic,False,False,False,post,post,full,none,live,,
7,19,communication,-0.04892125347242107,0.559813004641145,0.20101609399630277,1.271761797925827,25,10,0.4,25,0,0,0.4,0.0,0.0,True,0.9853567835487002,logistic,False,False,False,post,post,full,none,live,,
7,20,communication,-0.016118791393221837,0.5569237974259893,0.053543430885194226,1.2569481145468688,25,8,0.32,25,0,0,0.32,0.0,0.0,True,0.9799790501218073,logistic,False,False,False,post,post,full,none,live,,
7,21,communication,0.02643562179966076,0.5378583969847529,0.07785293033681309,1.1638389477932538,25,5,0.2,25,0,0,0.2,0.0,0.0,True,0.9640524975077464,logistic,False,False,False,post,post,full,none,live,,
7,22,communication,-0.12371374547352018,0.5922935245229832,0.14420046151062763,1.4527449529223189,25,9,0.36,25,0,0,0.36,0.0,0.0,True,0.9956053118858817,logistic,False,False,False,post,post,full,none,live,,
7,23,communication,0.24117955475169495,0.516730485255268,0.13334078733470384,1.0692387363357905,25,1,0.04,25,0,0,0.04,0.0,0.0,False,0.8315862391920388,logistic,False,False,False,post,post,full,none,live,,
7,24,communication,1.1871781123744958,0.5653614344505018,0.20537792509798164,1.3007622407729407,25,0,0.0,25,0,0,0.0,0.0,0.0,False,0.028186206144183226,logistic,False,False,False,post,post,full,none,live,,
7,25,communication,-0.7363877290092993,0.5386439330200175,0.12620801021826375,1.1675232462985865,25,22,0.88,25,0,0,0.88,0.0,0.0,True,0.9999931032718578,logistic,False,False,False,post,post,full,none,live,,
7,26,communication,0.894684174887455,0.5359050444734612,0.14972214129319822,1.154731457629076,25,0,0.0,25,0,0,0.0,0.0,0.0,False,0.1344048186446407,logistic,False,False,False,post,post,full,none,live,,
7,27,communication,-0.9530369669742389,0.5773256096124671,0.11581250228952449,1.365887365646026,25,20,0.8,25,0,0,0.8,0.0,0.0,True,0.9999999409023639,logistic,False,False,False,post,post,full,none,live,,
7,28,communication,0.9723641780948368,0.5545187610728404,0.17659421514927534,1.244763443704774,25,0,0.0,25,0,0,0.0,0.0,0.0,False,0.10460664438286454,logistic,False,False,False,post,post,full,none,live,,
7,29,communication,1.0415706877655257,0.4937853760317487,0.1041455326391671,0.9754466833868433,25,0,0.0,25,0,0,0.0,0.0,0.0,False,0.0327720065794884,logistic,False,False,False,post,post,full,none,live,,
7,30,communication,-0.9890086779547252,0.5484217541091749,0.07006014968502225,1.2144556543624179,25,23,0.92,25,0,0,0.92,0.0,0.0,True,0.9999999224681068,logistic,False,False,False,post,post,full,none,live,,
7,31,communication,0.6315840683075361,0.4940563330484342,0.1512595041871033,0.9765046295079536,25,0,0.0,25,0,0,0.0,0.0,0.0,False,0.3179907003845984,logistic,False,False,False,post,post,full,none,live,,
7,32,communication,1.9658651001664635,0.5330920530486911,0.04926776403826884,1.1417497957135523,25,0,0.0,25,0,0,0.0,0.0,0.0,False,1.3470242435570452e-06,logistic,False,False,False,post,post,full,none,live,,
7,33,communication,0.9349332983378355,0.5280522638631638,0.09295846076424882,1.1188786881055426,25,0,0.0,25,0,0,0.0,0.0,0.0,False,0.09923977229960246,logistic,False,False,False,post,post,full,none,live,,
7,34,communication,0.28117430044387687,0.46634574852140426,0.07608718076314785,0.8738724506162936,25,1,0.04,25,0,0,0.04,0.0,0.0,False,0.7029067682065142,logistic,False,False,False,post,post,full,none,live,,
7,35,communication,-1.690888528272178,0.536009619238164,0.07089106533864661,1.1552170938502606,25,25,1.0,25,0,0,1.0,0.0,0.0,True,0.9999999999999712,logistic,False,False,False,post,post,full,none,live,,
7,36,communication,-1.1315248588544287,0.5927535942495575,0.15541100792975301,1.4555158397463979,25,20,0.8,25,0,0,0.8,0.0,0.0,True,0.9999999988994764,logistic,False,False,False,post,post,full,none,live,,
7,37,communication,-0.23758786239116264,0.5918853298789479,0.1534164779673457,1.450291727330917,25,15,0.6,25,0,0,0.6,0.0,0.0,True,0.9986381234847839,logistic,False,False,False,post,post,full,none,live,,
7,38,communication,-0.08192315680227447,0.5642390633700172,0.16896059345854986,1.2948362644289266,25,11,0.44,25,0,0,0.44,0.0,0.0,True,0.9897099339356835,logistic,False,False,False,post,post,full,none,live,,
7,39,communication,-0.7551781802106543,0.5656769190501878,0.1311043735116903,1.3024334737475172,25,19,0.76,25,0,0,0.76,0.0,0.0,True,0.9999975406843081,logistic,False,False,False,post,post,full,none,live,,
7,40,communication,0.6909300132558349,0.5233619247263739,0.07346254555853379,1.0980279416954357,25,0,0.0,25,0,0,0.0,0.0,0.0,False,0.30854911308499616,logistic,False,False,False,post,post,full,none,live,,
7,41,communication,-0.2931281003920666,0.5554191795302578,0.0759128539719893,1.2493098081545764,25,9,0.36,25,0,0,0.36,0.0,0.0,True,0.9985005762805401,logistic,False,False,False,post,post,full,none,live,,
7,42,communication,0.34699380666191637,0.4674286012634406,0.10450591595404266,0.8776825086220181,25,1,0.04,25,0,0,0.04,0.0,0.0,False,0.62540743075377,logistic,False,False,False,post,post,full,none,live,,
7,43,communication,-0.6608192212646936,0.5549791409162318,0.15390446386135262,1.2470856805652921,25,22,0.88,25,0,0,0.88,0.0,0.0,True,0.9999861082677997,logistic,False,False,False,post,post,full,none,live,,
7,44,communication,0.5705658179794397,0.5277283472355541,0.16104893759485495,1.11742541426421,25,0,0.0,25,0,0,0.0,0.0,0.0,False,0.4708112073798891,logistic,False,False,False,post,post,full,none,live,,
7,45,communication,-0.9741113570948512,0.49014677329402423,0.1057163676461783,0.961348771803859,25,21,0.84,25,0,0,0.84,0.0,0.0,True,0.9999994015785952,logistic,False,False,False,post,post,full,none,live,,
7,46,communication,-0.8277369762631801,0.5624818223661796,0.18693358761427953,1.2856193207975626,25,23,0.92,25,0,0,0.92,0.0,0.0,True,0.9999991715916712,logistic,False,False,False,post,post,full,none,live,,
7,47,communication,-0.5190336947792906,0.5979476218354978,0.21103084156263585,1.487238116996895,25,13,0.52,25,0,0,0.52,0.0,0.0,True,0.9999642606588485,logistic,False,False,False,post,post,full,none,live,,
7,48,communication,1.1954609074513212,0.5887201451214885,0.16719035436204985,1.431434431174343,25,0,0.0,25,0,0,0.0,0.0,0.0,False,0.0360714509362789,logistic,False,False,False,post,post,full,none,live,,
7,49,communication,1.7938580714363805,0.5545304966816209,0.13454716574654013,1.2448225805601227,25,0,0.0,25,0,0,0.0,0.0,0.0,False,3.248725037832168e-05,logistic,False,False,False,post,post,full,none,live,,
7,50,communication,1.4222698870372774,0.46856117413494824,0.10611579610706287,0.8816841211634205,25,0,0.0,25,0,0,0.0,0.0,0.0,False,0.0005611676438370701,logistic,False,False,False,post,post,full,none,live,,
7,51,communication,0.47061442147045457,0.5266582428342824,0.08531332272807222,1.1126384580726913,25,0,0.0,25,0,0,0.0,0.0,0.0,False,0.6001304805395076,logistic,False,False,False,post,post,full,none,live,,
7,52,communication,-0.05393784698492665,0.5717850793474301,0.033245202062509416,1.3352759368498164,25,2,0.08,25,0,0,0.08,0.0,0.0,True,0.9882946131177343,logistic,False,False,False,post,post,full,none,live,,
7,53,communication,0.43801145929803714,0.5038168644518386,0.10965339139718823,1.015384901978266,25,0,0.0,25,0,0,0.0,0.0,0.0,False,0.5905340468313147,logistic,False,False,False,post,post,full,none,live,,
7,54,communication,0.623829226914951,0.5381857919708632,0.1498977704609426,1.1653729630096359,25,0,0.0,25,0,0,0.0,0.0,0.0,False,0.4248058464552419,logistic,False,False,False,post,post,full,none,live,,
7,55,communication,0.5864164830402828,0.576972489103947,0.10838490425916841,1.3639124507099063,25,0,0.0,25,0,0,0.0,0.0,0.0,False,0.564612588266302,logistic,False,False,False,post,post,full,none,live,,
7,56,communication,-0.6738714889671332,0.5578412787495597,0.10014011240254374,1.2616312919757977,25,11,0.44,25,0,0,0.44,0.0,0.0,True,0.9999893689490128,logistic,False,False,False,post,post,full,none,live,,
7,57,communication,0.9133726295272758,0.5875590284827544,0.14769670309774396,1.4245893814120898,25,0,0.0,25,0,0,0.0,0.0,0.0,False,0.19358114846184377,logistic,False,False,False,post,post,full,none,live,,
7,58,communication,-1.2817451422424964,0.5217895708435158,0.13751080278440436,1.0911296346336508,25,23,0.92,25,0,0,0.92,0.0,0.0,True,0.9999999993460681,logistic,False,False,False,post,post,full,none,live,,
7,59,communication,0.011363474203839402,0.5617819868258002,0.14267526065864053,1.281969179579301,25,6,0.24,25,0,0,0.24,0.0,0.0,True,0.9767164884113673,logistic,False,False,False,post,post,full,none,live,,
7,60,communication,-0.02156684642135817,0.5742170682520896,0.148276054115842,1.3486145766689899,25,13,0.52,25,0,0,0.52,0.0,0.0,True,0.9851123720877359,logistic,False,False,False,post,post,full,none,live,,
7,61,communication,-0.3894347820968824,0.48979142111750396,0.19883966578689946,0.9599827235172886,25,16,0.64,25,0,0,0.64,0.0,0.0,True,0.9981646853075881,logistic,False,False,False,post,post,full,none,live,,
7,62,communication,-1.6373409139474475,0.5651787499922842,0.14185439272613995,1.2997956056247375,25,22,0.88,25,0,0,0.88,0.0,0.0,True,0.9999999999999695,logistic,False,False,False,post,post,full,none,live,,
7,63,communication,0.7611309239114061,0.5838160422096041,0.0645562426091934,1.4027836279639434,25,1,0.04,25,0,0,0.04,0.0,0.0,False,0.3522013685428194,logistic,False,False,False,post,post,full,none,live,,
7,64,communication,0.9724293418773869,0.5584567216960972,0.09647562475354958,1.2647836557297236,25,0,0.0,25,0,0,0.0,0.0,0.0,False,0.10881565476128874,logistic,False,False,False,post,post,full,none,live,,
7,65,communication,0.5542273784323071,0.5835247154699825,0.07737595668772879,1.4011028676731117,25,1,0.04,25,0,0,0.04,0.0,0.0,False,0.6211782162098152,logistic,False,False,False,post,post,full,none,live,,
7,66,communication,0.9419100234959514,0.520773743939314,0.08754147110587515,1.0866970191077483,25,0,0.0,25,0,0,0.0,0.0,0.0,False,0.08823693426856377,logistic,False,False,False,post,post,full,none,live,,
7,67,communication,-0.09189215566700368,0.5242266955753214,0.14186498968848152,1.1018413406133296,25,11,0.44,25,0,0,0.44,0.0,0.0,True,0.9827634600866184,logistic,False,False,False,post,post,full,none,live,,
7,68,communication,-0.20134168137474168,0.5126646068462746,0.11001384323175928,1.0519749110127927,25,17,0.68,25,0,0,0.68,0.0,0.0,True,0.9920623919245584,logistic,False,False,False,post,post,full,none,live,,
7,69,communication,1.4962491702006808,0.5359670756725142,0.18109110864531647,1.1550194987764744,25,0,0.0,25,0,0,0.0,0.0,0.0,False,0.0009333431681843361,logistic,False,False,False,post,post,full,none,live,,
7,70,communication,1.0663380432886103,0.5015779529734417,0.11383301900912934,1.0063317944414991,25,0,0.0,25,0,0,0.0,0.0,0.0,False,0.030151049415269086,logistic,False,False,False,post,post,full,none,live,,
7,71,communication,-0.23783225599005742,0.5576191908017026,0.033942395243667364,1.260495887722267,25,11,0.44,25,0,0,0.44,0.0,0.0,True,0.9974165542018998,logistic,False,False,False,post,post,full,none,live,,
7,72,communication,-0.8077937841715586,0.5747974732533859,0.1409737895333691,1.3518204551872712,25,23,0.92,25,0,0,0.92,0.0,0.0,True,0.99999919566255,logistic,False,False,False,post,post,full,none,live,,
7,73,communication,0.37956153131797166,0.5260125826021055,0.13316342484969215,1.1097606461576974,25,1,0.04,25,0,0,0.04,0.0,0.0,False,0.7100121852844381,logistic,False,False,False,post,post,full,none,live,,
7,74,communication,1.0357707294767908,0.571225872734353,0.17969816051895132,1.332230273260984,25,0,0.0,25,0,0,0.0,0.0,0.0,False,0.08550169248994932,logistic,False,False,False,post,post,full,none,live,,
7,75,communication,0.26668041182759594,0.5103639059668997,0.04869664196733814,1.042333096326837,25,1,0.04,25,0,0,0.04,0.0,0.0,False,0.7990575668277147,logistic,False,False,False,post,post,full,none,live,,
7,76,communication,1.0156386264234571,0.5823306007757046,0.19054218475710955,1.3942381267510178,25,0,0.0,25,0,0,0.0,0.0,0.0,False,0.10813624421965295,logistic,False,False,False,post,post,full,none,live,,
7,77,communication,-0.5498315071337173,0.5196341314523379,0.03944936173913624,1.0817465716775416,25,17,0.68,25,0,0,0.68,0.0,0.0,True,0.999849315741528,logistic,False,False,False,post,post,full,none,live,,
7,78,communication,-0.9232787571768346,0.5699702751047779,0.09271086242001637,1.3254206444534795,25,19,0.76,25,0,0,0.76,0.0,0.0,True,0.9999998723666819,logistic,False,False,False,post,post,full,none,live,,
7,79,communication,0.7420026393528196,0.5372599725093227,0.05611765770546426,1.161040628844555,25,0,0.0,25,0,0,0.0,0.0,0.0,False,0.277949937951221,logistic,False,False,False,post,post,full,none,live,,
7,80,communication,-1.82979371009152,0.5481153718200906,0.09865930648906958,1.212954231321781,25,24,0.96,25,0,0,0.96,0.0,0.0,True,0.9999999999999996,logistic,False,False,False,post,post,full,none,live,,
7,81,communication,0.670794857112863,0.4954472312367229,0.17001002777783286,0.9819532503034856,25,0,0.0,25,0,0,0.0,0.0,0.0,False,0.27561953584713594,logistic,False,False,False,post,post,full,none,live,,
7,82,communication,1.6308057586262816,0.5304916282666063,0.10646110505831749,1.1298874742277047,25,0,0.0,25,0,0,0.0,0.0,0.0,False,0.00016457439118648128,logistic,False,False,False,post,post,full,none,live,,
7,83,communication,-1.057768164253222,0.551596909965553,0.09672405651567285,1.230136281895779,25,24,0.96,25,0,0,0.96,0.0,0.0,True,0.9999999803809744,logistic,False,False,False,post,post,full,none,live,,
7,84,communication,1.2753401283671117,0.543167443396953,0.12334535285361517,1.188985845133022,25,0,0.0,25,0,0,0.0,0.0,0.0,False,0.009846167650678965,logistic,False,False,False,post,post,full,none,live,,
7,85,communication,1.074756359400273,0.5448573813172971,0.03831627573693726,1.1971135177238539,25,0,0.0,25,0,0,0.0,0.0,0.0,False,0.04909920548433216,logistic,False,False,False,post,post,full,none,live,,
7,86,communication,0.8252156089179731,0.5313708847212371,0.08648905215860628,1.1338836350472001,25,0,0.0,25,0,0,0.0,0.0,0.0,False,0.18385636058663524,logistic,False,False,False,post,post,full,none,live,,
7,87,communication,3.0714450714237143,0.5629198494832494,0.12933326678385343,1.2879098920820844,25,0,0.0,25,0,0,0.0,0.0,0.0,False,1.1686586372100694e-16,logistic,False,False,False,post,post,full,none,live,,
7,88,communication,1.511535118942391,0.5632969448311526,0.11490975320358349,1.2898855141129226,25,0,0.0,25,0,0,0.0,0.0,0.0,False,0.0013434399623506116,logistic,False,False,False,post,post,full,none,live,,
7,89,communication,0.5066876782880894,0.5753182971965132,0.13934613613550642,1.3547046962433662,25,0,0.0,25,0,0,0.0,0.0,0.0,False,0.662282107530332,logistic,False,False,False,post,post,full,none,live,,
7,90,communication,3.4753864551861553,0.5517067755235867,0.061653914301951135,1.2306828330228636,25,0,0.0,25,0,0,0.0,0.0,0.0,False,3.4345706581658747e-22,logistic,False,False,False,post,post,full,none,live,,
7,91,communication,-1.4234273971563989,0.5477996691637725,0.003747603425310206,1.211409262241712,25,22,0.88,25,0,0,0.88,0.0,0.0,True,0.999999999988907,logistic,False,False,False,post,post,full,none,live,,
7,92,communication,0.8085037749908562,0.4639932884716691,0.09997868632525674,0.8656482810610189,25,0,0.0,25,0,0,0.0,0.0,0.0,False,0.10771967435629215,logistic,False,False,False,post,post,full,none,live,,
7,93,communication,0.472851337836116,0.5537448056613755,0.07441687002870884,1.2408702748705407,25,2,0.08,25,0,0,0.08,0.0,0.0,False,0.6571779039260097,logistic,False,False,False,post,post,full,none,live,,
7,94,communication,0.808297084064066,0.584420815683769,0.14613027062849265,1.4062802896284132,25,0,0.0,25,0,0,0.0,0.0,0.0,False,0.2970036124258164,logistic,False,False,False,post,post,full,none,live,,
7,95,communication,-1.7091839989286017,0.5586375299719418,0.14529394037980398,1.2657114455980552,25,20,0.8,25,0,0,0.8,0.0,0.0,True,0.9999999999999936,logistic,False,False,False,post,post,full,none,live,,
7,96,communication,0.12530646200605516,0.5895017522200512,0.09267883962321807,1.4360639915229518,25,5,0.2,25,0,0,0.2,0.0,0.0,True,0.9619337685896714,logistic,False,False,False,post,post,full,none,live,,
7,97,communication,-0.7142569254993604,0.506606357062148,0.1391552755941553,1.0267792548878871,25,19,0.76,25,0,0,0.76,0.0,0.0,True,0.999978066207012,logistic,False,False,False,post,post,full,none,live,,
7,98,communication,-0.36569969670522917,0.5169777327629684,-0.01356967661684752,1.0702979299902011,25,12,0.48,25,0,0,0.48,0.0,0.0,True,0.9985813100535261,logistic,False,False,False,post,post,full,none,live,,
7,99,communication,-0.0925329205256798,0.5540786561170364,0.1295475027257412,1.24254795989864,25,7,0.28,25,0,0,0.28,0.0,0.0,True,0.9890282615342414,logistic,False,False,False,post,post,full,none,live,,
8,0,communication,-2.6623832091536843,0.412191792008727,-0.047968867142531436,0.7012351757001097,25,21,0.84,25,0,0,0.84,0.0,0.0,True,1.0,logistic,False,False,False,post,post,full,none,live,,
8,1,communication,0.7381638710014853,0.4337556633186957,-0.0776890370499986,0.7660220777851658,25,0,0.0,25,0,0,0.0,0.0,0.0,False,0.11869920298744097,logistic,False,False,False,post,post,full,none,live,,
8,2,communication,0.3805771433782888,0.4328882945000056,-0.0244567556639968,0.7633210358766082,25,0,0.0,25,0,0,0.0,0.0,0.0,False,0.5021323404275482,logistic,False,False,False,post,post,full,none,live,,
8,3,communication,0.016637807117590914,0.4631679147534119,-0.046351654446787446,0.8627798663350397,25,4,0.16,25,0,0,0.16,0.0,0.0,True,0.91863940892264,logistic,False,False,False,post,post,full,none,live,,
8,4,communication,-0.7194781706507023,0.45798766241890626,-0.08943583331957071,0.8449764528660456,25,18,0.72,25,0,0,0.72,0.0,0.0,True,0.9999331066144156,logistic,False,False,False,post,post,full,none,live,,
8,5,communication,-0.36255638854228267,0.42253745912063806,-0.11580741748393872,0.7317140579840842,25,11,0.44,25,0,0,0.44,0.0,0.0,True,0.9922732565576827,logistic,False,False,False,post,post,full,none,live,,
8,6,communication,3.122095582162648,0.3815421882968219,-0.06704672776651133,0.6169251662390495,25,0,0.0,25,0,0,0.0,0.0,0.0,False,1.9251579965793866e-21,logistic,False,False,False,post,post,full,none,live,,
8,7,communication,-0.5370861489023442,0.3992373376695448,-0.17123565589542927,0.6645508496164505,25,15,0.6,25,0,0,0.6,0.0,0.0,True,0.9979199303718064,logistic,False,False,False,post,post,full,none,live,,
8,8,communication,0.5731172311748872,0.42408745839805606,0.0033763908430024803,0.7363747579075549,25,0,0.0,25,0,0,0.0,0.0,0.0,False,0.2456591635661764,logistic,False,False,False,post,post,full,none,live,,
8,9,communication,0.4022292526013402,0.36524283475600616,-0.06987376068889785,0.575405611397251,25,0,0.0,25,0,0,0.0,0.0,0.0,False,0.31997539151138643,logistic,False,False,False,post,post,full,none,live,,
8,10,communication,0.3512290181120802,0.35901525977836973,0.0038617920569784664,0.5600995425479782,25,0,0.0,25,0,0,0.0,0.0,0.0,False,0.36876046915680105,logistic,False,False,False,post,post,full,none,live,,
8,11,communication,-1.975550319290761,0.3845919043463625,-0.08699684781787394,0.624937999780259,25,21,0.84,25,0,0,0.84,0.0,0.0,True,0.9999999999999819,logistic,False,False,False,post,post,full,none,live,,
8,12,communication,0.7386124660367002,0.41279711436497457,-0.17385807579518744,0.7029889063275955,25,0,0.0,25,0,0,0.0,0.0,0.0,False,0.09570713358108407,logistic,False,False,False,post,post,full,none,live,,
8,13,communication,-1.0251437683459959,0.31462731786662446,-0.06104892997555025,0.4590601961071408,25,20,0.8,25,0,0,0.8,0.0,0.0,True,0.9999659928644355,logistic,False,False,False,post,post,full,none,live,,
8,14,communication,-0.3246258943539225,0.4490637570391837,-0.10912218572285846,0.8150920597015834,25,10,0.4,25,0,0,0.4,0.0,0.0,True,0.9928757830259731,logistic,False,False,False,post,post,full,none,live,,
8,15,communication,0.8362473741560517,0.2662850196295454,0.030866141331059638,0.3629270585358601,25,0,0.0,25,0,0,0.0,0.0,0.0,False,0.005802021223589472,logistic,False,False,False,post,post,full,none,live,,
8,16,communication,0.05247188801552666,0.4253521554980967,-0.16013993660003353,0.740196208108613,25,2,0.08,25,0,0,0.08,0.0,0.0,True,0.8542220118690985,logistic,False,False,False,post,post,full,none,live,,
8,17,communication,0.635491372072619,0.35637359795233886,-0.011915683524293785,0.553696363012077,25,0,0.0,25,0,0,0.0,0.0,0.0,False,0.09704720863002936,logistic,False,False,False,post,post,full,none,live,,
8,18,communication,-1.5035254956794464,0.4390902432516606,-0.10346202992071797,0.7828179809121506,25,23,0.92,25,0,0,0.92,0.0,0.0,True,0.9999999998709919,logistic,False,False,False,post,post,full,none,live,,
8,19,communication,0.25343366478128576,0.42945029353058534,-0.15467559574794626,0.752695669914619,25,0,0.0,25,0,0,0.0,0.0,0.0,False,0.6587111799913711,logistic,False,False,False,post,post,full,none,live,,
8,20,communication,-0.06460546218080711,0.40051061912735225,-0.07963231991970622,0.668086261251781,25,5,0.2,25,0,0,0.2,0.0,0.0,True,0.9029183924969073,logistic,False,False,False,post,post,full,none,live,,
8,21,communication,1.2994009126220898,0.4903385163766215,-0.23029125244740867,0.9620866636627461,25,0,0.0,25,0,0,0.0,0.0,0.0,False,0.0032533052494603406,logistic,False,False,False,post,post,full,none,live,,
8,22,communication,-0.0381342409913082,0.42986131855769977,-0.05228049776416004,0.7539592252717606,25,7,0.28,25,0,0,0.28,0.0,0.0,True,0.9167071068300471,logistic,False,False,False,post,post,full,none,live,,
8,23,communication,1.2852127931897985,0.4347369050464612,-0.09778784005298341,0.7690877202627106,25,0,0.0,25,0,0,0.0,0.0,0.0,False,0.0013532411066020864,logistic,False,False,False,post,post,full,none,live,,
8,24,communication,-0.17457380546427978,0.3166483622940962,-0.021525571978024703,0.4633754348743847,25,7,0.28,25,0,0,0.28,0.0,0.0,True,0.8770397886119017,logistic,False,False,False,post,post,full,none,live,,
8,25,communication,1.3191777845883326,0.4161218975009495,-0.059100497723844986,0.7126862537230126,25,0,0.0,25,0,0,0.0,0.0,0.0,False,0.0006364712530212054,logistic,False,False,False,post,post,full,none,live,,
8,26,communication,-0.18850511208324777,0.47263544642753064,-0.11287889900753427,0.8962214908563855,25,5,0.2,25,0,0,0.2,0.0,0.0,True,0.9836258334009661,logistic,False,False,False,post,post,full,none,live,,
8,27,communication,-0.43580812262856383,0.47166345173598334,-0.12565723019445108,0.8927329621351255,25,12,0.48,25,0,0,0.48,0.0,0.0,True,0.9984306457163676,logistic,False,False,False,post,post,full,none,live,,
8,28,communication,1.3647628299197525,0.3256783865592422,-0.12850965199234568,0.4829718936301818,25,0,0.0,25,0,0,0.0,0.0,0.0,False,4.5109840302726325e-05,logistic,False,False,False,post,post,full,none,live,,
8,29,communication,0.5101327048714055,0.40526043656304084,-0.090372808300542,0.681408235599913,25,1,0.04,25,0,0,0.04,0.0,0.0,False,0.27782051457951856,logistic,False,False,False,post,post,full,none,live,,
8,30,communication,-0.3698760987677546,0.4054861694001317,-0.13016760566526928,0.6820466548120395,25,15,0.6,25,0,0,0.6,0.0,0.0,True,0.9904958729350796,logistic,False,False,False,post,post,full,none,live,,
8,31,communication,-1.4194034487251646,0.45602442549549677,-0.17724560991600513,0.8383178342352606,25,20,0.8,25,0,0,0.8,0.0,0.0,True,0.9999999995899088,logistic,False,False,False,post,post,full,none,live,,
8,32,communication,0.6684827372120569,0.4536506897464571,-0.02189853613602115,0.8303308546979453,25,0,0.0,25,0,0,0.0,0.0,0.0,False,0.20254930542639166,logistic,False,False,False,post,post,full,none,live,,
8,33,communication,0.29534724251989275,0.4695751770005482,-0.06106363748609435,0.8852813002702054,25,2,0.08,25,0,0,0.08,0.0,0.0,False,0.6930175630239055,logistic,False,False,False,post,post,full,none,live,,
8,34,communication,-0.6605880210541958,0.4098936000291746,-0.06159168326129913,0.6946096501401096,25,16,0.64,25,0,0,0.64,0.0,0.0,True,0.9995817913968814,logistic,False,False,False,post,post,full,none,live,,
8,35,communication,1.8282645232037091,0.3898143251603905,-0.08553573328212886,0.6388454223591126,25,0,0.0,25,0,0,0.0,0.0,0.0,False,1.941182228266797e-07,logistic,False,False,False,post,post,full,none,live,,
8,36,communication,-1.3972377867841916,0.4232052056029399,-0.0915694816127041,0.7337188367750932,25,20,0.8,25,0,0,0.8,0.0,0.0,True,0.9999999978786606,logistic,False,False,False,post,post,full,none,live,,
8,37,communication,-1.1192781885667522,0.39844961722634104,-0.12322535824827066,0.662371147349536,25,21,0.84,25,0,0,0.84,0.0,0.0,True,0.9999992134987016,logistic,False,False,False,post,post,full,none,live,,
8,38,communication,0.3959282029829897,0.30396356220195453,-0.05966086438197479,0.4367063930784459,25,1,0.04,25,0,0,0.04,0.0,0.0,False,0.20622682193223207,logistic,False,False,False,post,post,full,none,live,,
8,39,communication,1.2941626103443766,0.18656895868834425,-0.07765333335185255,0.22936051024989434,25,0,0.0,25,0,0,0.0,0.0,0.0,False,2.296261923442176e-06,logistic,False,False,False,post,post,full,none,live,,
8,40,communication,-0.8299317401574402,0.4258731980835787,-0.07843277914079955,0.7417755044042958,25,19,0.76,25,0,0,0.76,0.0,0.0,True,0.9999682115648956,logistic,False,False,False,post,post,full,none,live,,
8,41,communication,-1.390539773009693,0.48999588223647167,-0.05654874597920734,0.9607684823903053,25,19,0.76,25,0,0,0.76,0.0,0.0,True,0.9999999997858829,logistic,False,False,False,post,post,full,none,live,,
8,42,communication,0.4286554783902913,0.43500358607789535,-0.03213882774752139,0.7699227381961201,25,1,0.04,25,0,0,0.04,0.0,0.0,False,0.4433468769602465,logistic,False,False,False,post,post,full,none,live,,
8,43,communication,1.6111058500795157,0.40552961223273976,-0.05738916675520666,0.682169575772894,25,0,0.0,25,0,0,0.0,0.0,0.0,False,1.0329479459971914e-05,logistic,False,False,False,post,post,full,none,live,,
8,44,communication,-0.9490158100942495,0.3952730285425389,-0.11317482226415887,0.6536388274362656,25,20,0.8,25,0,0,0.8,0.0,0.0,True,0.9999875310634372,logistic,False,False,False,post,post,full,none,live,,
8,45,communication,-0.3959911895441312,0.38278435625076235,-0.026181909258036415,0.6201792843835955,25,13,0.52,25,0,0,0.52,0.0,0.0,True,0.9892117703459121,logistic,False,False,False,post,post,full,none,live,,
8,46,communication,0.43473912969772216,0.3888606771494009,-0.059582115428852625,0.636288097672391,25,0,0.0,25,0,0,0.0,0.0,0.0,False,0.33170213101302914,logistic,False,False,False,post,post,full,none,live,,
8,47,communication,0.1175871638070419,0.46089377265062054,0.007232118569628146,0.8549219973152495,25,5,0.2,25,0,0,0.2,0.0,0.0,True,0.8522594337458675,logistic,False,False,False,post,post,full,none,live,,
8,48,communication,-1.0566202839826173,0.3093918317575689,-0.03525022473253072,0.4479990912139922,25,23,0.92,25,0,0,0.92,0.0,0.0,True,0.999975018369193,logistic,False,False,False,post,post,full,none,live,,
8,49,communication,1.1371475622082299,0.4317116037989867,-0.05095694530042261,0.7596699258421652,25,0,0.0,25,0,0,0.0,0.0,0.0,False,0.005810125432729762,logistic,False,False,False,post,post,full,none,live,,
8,50,communication,-0.21975655524413634,0.4127901370002554,-0.14800635004415075,0.7029686710157232,25,7,0.28,25,0,0,0.28,0.0,0.0,True,0.9704947743480373,logistic,False,False,False,post,post,full,none,live,,
8,51,communication,0.6275544416366581,0.4048867246549457,0.0015739893170169245,0.680352365556267,25,0,0.0,25,0,0,0.0,0.0,0.0,False,0.16281749298910853,logistic,False,False,False,post,post,full,none,live,,
8,52,communication,1.1450299711737038,0.3638568101153211,-0.09914457359583338,0.5719731279073846,25,0,0.0,25,0,0,0.0,0.0,0.0,False,0.0015782104807640796,logistic,False,False,False,post,post,full,none,live,,
8,53,communication,-0.1957003516308198,0.5010172482050314,0.0011052775840764972,1.004077288048022,25,8,0.32,25,0,0,0.32,0.0,0.0,True,0.9899624655165722,logistic,False,False,False,post,post,full,none,live,,
8,54,communication,1.6660525679426514,0.3841152190588303,-0.09090283653272785,0.6236803229198832,25,0,0.0,25,0,0,0.0,0.0,0.0,False,2.464175388201374e-06,logistic,False,False,False,post,post,full,none,live,,
8,55,communication,-0.1188980674000869,0.30173548699684916,-0.17581137169696365,0.4321220416874997,25,2,0.08,25,0,0,0.08,0.0,0.0,True,0.8112998024096625,logistic,False,False,False,post,post,full,none,live,,
8,56,communication,-0.9057397302093672,0.24801019432913926,-0.06003679927503098,0.3298052612666549,25,20,0.8,25,0,0,0.8,0.0,0.0,True,0.999224767458111,logistic,False,False,False,post,post,full,none,live,,
8,57,communication,-0.6706347172957127,0.4550509905686126,-0.09754110449406468,0.8350340723500415,25,22,0.88,25,0,0,0.88,0.0,0.0,True,0.9998633501352183,logistic,False,False,False,post,post,full,none,live,,
8,58,communication,0.41797044487743196,0.4603742006697466,-0.13675716420716869,0.853136008769654,25,0,0.0,25,0,0,0.0,0.0,0.0,False,0.516692780297472,logistic,False,False,False,post,post,full,none,live,,
8,59,communication,-0.08413125533307242,0.3517855910807792,-0.13980402034388772,0.5426994312997724,25,3,0.12,25,0,0,0.12,0.0,0.0,True,0.8582639051706632,logistic,False,False,False,post,post,full,none,live,,
8,60,communication,1.5098756000975326,0.369309835222926,-0.07636963417050645,0.5855646018413234,25,0,0.0,25,0,0,0.0,0.0,0.0,False,1.770391016605555e-05,logistic,False,False,False,post,post,full,none,live,,
8,61,communication,-1.4363793328028824,0.3790015825992916,-0.07396857132773224,0.6103100619574289,25,22,0.88,25,0,0,0.88,0.0,0.0,True,0.9999999953538635,logistic,False,False,False,post,post,full,none,live,,
8,62,communication,1.3565248694082235,0.4134610552412272,-0.017071379953183308,0.704916628189578,25,0,0.0,25,0,0,0.0,0.0,0.0,False,0.00038662495573177477,logistic,False,False,False,post,post,full,none,live,,
8,63,communication,-0.4514227185979262,0.4699191123673067,-0.10743103342391248,0.8865045379506792,25,12,0.48,25,0,0,0.48,0.0,0.0,True,0.9986307700750601,logistic,False,False,False,post,post,full,none,live,,
8,64,communication,0.8916443937928851,0.3661513158900204,-0.07596940650263664,0.5776636050040127,25,0,0.0,25,0,0,0.0,0.0,0.0,False,0.018143012313690355,logistic,False,False,False,post,post,full,none,live,,
8,65,communication,-0.39868867761573534,0.34089701088372987,-0.093293050522725,0.517213571343087,25,12,0.48,25,0,0,0.48,0.0,0.0,True,0.9800735030044968,logistic,False,False,False,post,post,full,none,live,,
8,66,communication,0.04052611475028983,0.44128526661143963,-0.1832980701866405,0.7898221404241117,25,2,0.08,25,0,0,0.08,0.0,0.0,True,0.8826133209474409,logistic,False,False,False,post,post,full,none,live,,
8,67,communication,-0.7704569079625707,0.35431249005730736,-0.11477032737140631,0.548736787689689,25,21,0.84,25,0,0,0.84,0.0,0.0,True,0.9996316289001681,logistic,False,False,False,post,post,full,none,live,,
8,68,communication,1.3925670859476773,0.4496647786463614,-0.022481685953815632,0.8170743234284334,25,0,0.0,25,0,0,0.0,0.0,0.0,False,0.0005386581860025623,logistic,False,False,False,post,post,full,none,live,,
8,69,communication,-0.5120498061727925,0.4579208869785926,-0.050453281346822074,0.8447491813994847,25,13,0.52,25,0,0,0.52,0.0,0.0,True,0.9991186886234199,logistic,False,False,False,post,post,full,none,live,,
8,70,communication,0.8314467547350722,0.40837473255950013,-0.057728293445217155,0.6902591133847586,25,0,0.0,25,0,0,0.0,0.0,0.0,False,0.05029833470125529,logistic,False,False,False,post,post,full,none,live,,
8,71,communication,1.0015341757674334,0.47369369987237586,-0.1467991330722838,0.900034257156925,25,0,0.0,25,0,0,0.0,0.0,0.0,False,0.03396610548057423,logistic,False,False,False,post,post,full,none,live,,
8,72,communication,-1.3935695826095154,0.48142632837752264,-0.05355136167699522,0.9283663146092036,25,24,0.96,25,0,0,0.96,0.0,0.0,True,0.9999999997237408,logistic,False,False,False,post,post,full,none,live,,
8,73,communication,-0.3390293459399352,0.2861920174298232,-0.06733331800247457,0.400936980838102,25,8,0.32,25,0,0,0.32,0.0,0.0,True,0.9356850910372129,logistic,False,False,False,post,post,full,none,live,,
8,74,communication,0.9306302161515211,0.4332164425092722,-0.021483854021087732,0.7643419375593996,25,0,0.0,25,0,0,0.0,0.0,0.0,False,0.033907278734982706,logistic,False,False,False,post,post,full,none,live,,
8,75,communication,0.7419512551587208,0.48055870555036745,-0.12270528982083323,0.9251453642312696,25,0,0.0,25,0,0,0.0,0.0,0.0,False,0.1787707286272699,logistic,False,False,False,post,post,full,none,live,,
8,76,communication,-0.40207938064956905,0.3702430501446763,-0.08001180893816232,0.5879141948806338,25,13,0.52,25,0,0,0.52,0.0,0.0,True,0.987557988642086,logistic,False,False,False,post,post,full,none,live,,
8,77,communication,-0.09845184151338897,0.42512860008696,-0.046260150134539456,0.7395194823594784,25,7,0.28,25,0,0,0.28,0.0,0.0,True,0.9402027496558171,logistic,False,False,False,post,post,full,none,live,,
8,78,communication,-0.5302541357333458,0.3521139960065532,-0.0975273605064949,0.5434814054265551,25,13,0.52,25,0,0,0.52,0.0,0.0,True,0.994790554191963,logistic,False,False,False,post,post,full,none,live,,
8,79,communication,-0.27215495868572875,0.4856814258810047,-0.05061023968425147,0.9443202138148623,25,7,0.28,25,0,0,0.28,0.0,0.0,True,0.9936168378528255,logistic,False,False,False,post,post,full,none,live,,
8,80,communication,1.1597836550215548,0.42555027404292584,-0.06509673818698467,0.7407963740150257,25,0,0.0,25,0,0,0.0,0.0,0.0,False,0.004204894006400411,logistic,False,False,False,post,post,full,none,live,,
8,81,communication,0.5470440401533447,0.4218252364229486,-0.11254487206219452,0.729580851667064,25,0,0.0,25,0,0,0.0,0.0,0.0,False,0.2694020973234084,logistic,False,False,False,post,post,full,none,live,,
8,82,communication,0.5743390119302529,0.40294278800287936,-0.042782098367438515,0.6748813679932948,25,0,0.0,25,0,0,0.0,0.0,0.0,False,0.20694762097111674,logistic,False,False,False,post,post,full,none,live,,
8,83,communication,-0.09948272666122332,0.31568061224433763,-0.05151094304874166,0.461305960188654,25,5,0.2,25,0,0,0.2,0.0,0.0,True,0.8170197973012101,logistic,False,False,False,post,post,full,none,live,,
8,84,communication,0.02874905814111387,0.3974832839936575,-0.05010001841112389,0.659704989810562,25,1,0.04,25,0,0,0.04,0.0,0.0,True,0.8337891034073248,logistic,False,False,False,post,post,full,none,live,,
8,85,communication,-0.8094582977781426,0.3947369440550809,-0.12461381107187801,0.6521741913337649,25,18,0.72,25,0,0,0.72,0.0,0.0,True,0.9999105154904672,logistic,False,False,False,post,post,full,none,live,,
8,86,communication,-0.45010401505121617,0.38622297450267834,-0.0567871252881297,0.6292561605572246,25,10,0.4,25,0,0,0.4,0.0,0.0,True,0.9937653941862736,logistic,False,False,False,post,post,full,none,live,,
8,87,communication,-0.8318077765850842,0.4313713647232757,-0.09359984588307443,0.7586170269341922,25,11,0.44,25,0,0,0.44,0.0,0.0,True,0.9999730126185526,logistic,False,False,False,post,post,full,none,live,,
8,88,communication,0.14273982228863025,0.4330243475531648,0.007954568727105482,0.7637441672925613,25,3,0.12,25,0,0,0.12,0.0,0.0,False,0.7878360997440272,logistic,False,False,False,post,post,full,none,live,,
8,89,communication,-1.1816207519565405,0.3934907051139981,-0.09370124859550508,0.6487793483658938,25,17,0.68,25,0,0,0.68,0.0,0.0,True,0.9999996823069767,logistic,False,False,False,post,post,full,none,live,,
8,90,communication,0.9842726743509211,0.4728103922557598,-0.12384063388902719,0.896850744609401,25,0,0.0,25,0,0,0.0,0.0,0.0,False,0.038107612950573036,logistic,False,False,False,post,post,full,none,live,,
8,91,communication,-0.1479371015244889,0.44956545347253496,-0.06544648345904593,0.8167464348099434,25,11,0.44,25,0,0,0.44,0.0,0.0,True,0.9689034018980411,logistic,False,False,False,post,post,full,none,live,,
8,92,communication,-1.1150917756936398,0.42959407729670984,-0.06274792263307566,0.7531374766600611,25,17,0.68,25,0,0,0.68,0.0,0.0,True,0.9999996678930214,logistic,False,False,False,post,post,full,none,live,,
8,93,communication,1.3465946588955358,0.41029238006749313,-0.09598867536081458,0.6957556019277008,25,0,0.0,25,0,0,0.0,0.0,0.0,False,0.0004072780863505491,logistic,False,False,False,post,post,full,none,live,,
8,94,communication,1.759974277076086,0.45365129315514435,-0.1361219928178891,0.8303328761862812,25,0,0.0,25,0,0,0.0,0.0,0.0,False,3.895438726403043e-06,logistic,False,False,False,post,post,full,none,live,,
8,95,communication,1.3316064719498255,0.4375699179603001,-0.16882097375602836,0.7779987805300457,25,0,0.0,25,0,0,0.0,0.0,0.0,False,0.0008526884040395921,logistic,False,False,False,post,post,full,none,live,,
8,96,communication,0.6940003535668385,0.471205384066397,-0.12716911811535003,0.8910933845921816,25,0,0.0,25,0,0,0.0,0.0,0.0,False,0.20756761589894251,logistic,False,False,False,post,post,full,none,live,,
8,97,communication,0.12455794121080202,0.42237480342080475,-0.08794369565913865,0.7312264179647764,25,3,0.12,25,0,0,0.12,0.0,0.0,False,0.7872457417547392,logistic,False,False,False,post,post,full,none,live,,
8,98,communication,1.3806793475465908,0.46477237529269233,-0.13250247279453709,0.8683639517800597,25,0,0.0,25,0,0,0.0,0.0,0.0,False,0.0008405937630797652,logistic,False,False,False,post,post,full,none,live,,
8,99,communication,0.35878640434228704,0.45145439035929813,-0.01449605404310049,0.8230024676617163,25,0,0.0,25,0,0,0.0,0.0,0.0,False,0.5741326810969365,logistic,False,False,False,post,post,full,none,live,,
9,0,communication,-0.7937889248709477,0.5131582553653552,-0.09378468028764866,1.054055575596665,25,20,0.8,25,0,0,0.8,0.0,0.0,True,0.9999943188839692,logistic,False,False,False,post,post,full,none,live,,
9,1,communication,-0.15229005879889812,0.5147741309255078,-0.09052743312680392,1.0608958914481934,25,6,0.24,25,0,0,0.24,0.0,0.0,True,0.9881076409231369,logistic,False,False,False,post,post,full,none,live,,
9,2,communication,-2.0424950547230516,0.5504819221654472,-0.18700586100381592,1.2246046361856318,25,19,0.76,25,0,0,0.76,0.0,0.0,True,1.0,logistic,False,False,False,post,post,full,none,live,,
9,3,communication,0.24286644992060258,0.47626627115693754,-0.003435767110098159,0.9093671935336656,25,0,0.0,25,0,0,0.0,0.0,0.0,False,0.763767041642507,logistic,False,False,False,post,post,full,none,live,,
9,4,communication,-0.9901887549591202,0.507368866531925,-0.04143307353531188,1.0299163655372288,25,20,0.8,25,0,0,0.8,0.0,0.0,True,0.99999972831723,logistic,False,False,False,post,post,full,none,live,,
9,5,communication,-1.7142143682376887,0.4939366165558434,-0.058736569679228634,0.9760370592201693,25,21,0.84,25,0,0,0.84,0.0,0.0,True,0.9999999999998973,logistic,False,False,False,post,post,full,none,live,,
9,6,communication,-1.032468555374944,0.4709212880073423,-0.15863921145893378,0.8900779361046707,25,21,0.84,25,0,0,0.84,0.0,0.0,True,0.999999606058768,logistic,False,False,False,post,post,full,none,live,,
9,7,communication,-2.188020377465575,0.5470509203962145,-0.09309537287941981,1.2077536858552487,25,23,0.92,25,0,0,0.92,0.0,0.0,True,1.0,logistic,False,False,False,post,post,full,none,live,,
9,8,communication,-0.7512347580055659,0.5303581364723556,-0.16197312024570928,1.1292820714249152,25,17,0.68,25,0,0,0.68,0.0,0.0,True,0.9999931353546547,logistic,False,False,False,post,post,full,none,live,,
9,9,communication,-1.1157467093485602,0.5116374576461288,-0.03872063680739252,1.0476590919116646,25,16,0.64,25,0,0,0.64,0.0,0.0,True,0.9999999753461206,logistic,False,False,False,post,post,full,none,live,,
9,10,communication,0.9952665508660239,0.5007672869815409,-0.0742690143446128,1.0030738649993574,25,0,0.0,25,0,0,0.0,0.0,0.0,False,0.049839937266837914,logistic,False,False,False,post,post,full,none,live,,
9,11,communication,-1.0838689401062043,0.5418033570329661,-0.1808456971792932,1.182469067264527,25,17,0.68,25,0,0,0.68,0.0,0.0,True,0.9999999834208325,logistic,False,False,False,post,post,full,none,live,,
9,12,communication,0.6486131030888118,0.5009252039572454,-0.1121427327833605,1.0037076765430009,25,0,0.0,25,0,0,0.0,0.0,0.0,False,0.31207620074057224,logistic,False,False,False,post,post,full,none,live,,
9,13,communication,0.8597125346666079,0.5370071420260492,-0.04579607529967804,1.1598605308427083,25,0,0.0,25,0,0,0.0,0.0,0.0,False,0.1628558813541569,logistic,False,False,False,post,post,full,none,live,,
9,14,communication,-0.11320514271946328,0.5494846250621791,-0.09633869355972415,1.219680072268383,25,2,0.08,25,0,0,0.08,0.0,0.0,True,0.9901844594657806,logistic,False,False,False,post,post,full,none,live,,
9,15,communication,0.34527406197544497,0.5318998374091124,-0.09456575447928897,1.1362949212944082,25,0,0.0,25,0,0,0.0,0.0,0.0,False,0.7587016860257663,logistic,False,False,False,post,post,full,none,live,,
9,16,communication,-0.4992825931604821,0.5295822089261284,-0.14147905378845288,1.1257699410500526,25,17,0.68,25,0,0,0.68,0.0,0.0,True,0.9997706384774191,logistic,False,False,False,post,post,full,none,live,,
9,17,communication,-0.7960601150827836,0.46089343836811897,-0.04397579366708215,0.8549208471382538,25,24,0.96,25,0,0,0.96,0.0,0.0,True,0.999978585374696,logistic,False,False,False,post,post,full,none,live,,
9,18,communication,-1.0152984032978933,0.47231677733816885,0.013917951840528561,0.8950763584175118,25,24,0.96,25,0,0,0.96,0.0,0.0,True,0.999999493946847,logistic,False,False,False,post,post,full,none,live,,
9,19,communication,0.7693843225830124,0.576538917555558,-0.17861035266811276,1.3614920979927356,25,0,0.0,25,0,0,0.0,0.0,0.0,False,0.32643777676005514,logistic,False,False,False,post,post,full,none,live,,
9,20,communication,-0.8788016871041561,0.5095940369106164,-0.1007341137879016,1.039126917830189,25,14,0.56,25,0,0,0.56,0.0,0.0,True,0.9999983566375688,logistic,False,False,False,post,post,full,none,live,,
9,21,communication,-0.2756452864725336,0.5421862336316315,-0.08686471702932858,1.1842942992574295,25,15,0.6,25,0,0,0.6,0.0,0.0,True,0.997687455632384,logistic,False,False,False,post,post,full,none,live,,
9,22,communication,-0.18620064572720313,0.507553296117418,-0.1317592266437766,1.030676603408514,25,2,0.08,25,0,0,0.08,0.0,0.0,True,0.9901351143437994,logistic,False,False,False,post,post,full,none,live,,
9,23,communication,0.5870889927024124,0.5271063885980087,-0.09158482431720057,1.1146405362408947,25,1,0.04,25,0,0,0.04,0.0,0.0,False,0.4475142892974429,logistic,False,False,False,post,post,full,none,live,,
9,24,communication,-0.94353118553207,0.5427155599198313,-0.18196452375022681,1.1868227132869102,25,19,0.76,25,0,0,0.76,0.0,0.0,True,0.999999791941798,logistic,False,False,False,post,post,full,none,live,,
9,25,communication,-1.2709566452392533,0.5130108021583707,-0.10477938354108014,1.0534336376085365,25,20,0.8,25,0,0,0.8,0.0,0.0,True,0.9999999988786624,logistic,False,False,False,post,post,full,none,live,,
9,26,communication,-0.7649403769821997,0.5171950216578292,-0.036331725980751,1.071229678355316,25,17,0.68,25,0,0,0.68,0.0,0.0,True,0.9999920881935933,logistic,False,False,False,post,post,full,none,live,,
9,27,communication,-1.490829972941606,0.48325889353790913,-0.11399960193608674,0.9352050523841225,25,24,0.96,25,0,0,0.96,0.0,0.0,True,0.9999999999688932,logistic,False,False,False,post,post,full,none,live,,
9,28,communication,-0.4561122493253186,0.5121118179561249,-0.07803587629424738,1.049649974735546,25,14,0.56,25,0,0,0.56,0.0,0.0,True,0.9994385590312498,logistic,False,False,False,post,post,full,none,live,,
9,29,communication,-0.37495972013722123,0.5626093336155142,-0.06474753638002209,1.2862856408576304,25,15,0.6,25,0,0,0.6,0.0,0.0,True,0.9994861256433906,logistic,False,False,False,post,post,full,none,live,,
9,30,communication,-0.37337399477625854,0.5614746479705506,-0.11365353944316715,1.2803698700020523,25,3,0.12,25,0,0,0.12,0.0,0.0,True,0.9994639163143971,logistic,False,False,False,post,post,full,none,live,,
9,31,communication,-1.5449196169520152,0.47917780373918073,-0.17475220413222675,0.920041056582036,25,22,0.88,25,0,0,0.88,0.0,0.0,True,0.9999999999891998,logistic,False,False,False,post,post,full,none,live,,
9,32,communication,-0.4581649829596725,0.5450795773453518,-0.12192003268340608,1.1981866502378329,25,12,0.48,25,0,0,0.48,0.0,0.0,True,0.999727280367457,logistic,False,False,False,post,post,full,none,live,,
9,33,communication,-0.44193364613977026,0.5458931177720626,-0.13236689251063968,1.2021247400915924,25,11,0.44,25,0,0,0.44,0.0,0.0,True,0.9996728528061197,logistic,False,False,False,post,post,full,none,live,,
9,34,communication,1.1568053543646837,0.4952159333205591,-0.0670693868506545,0.9810450963283713,25,0,0.0,25,0,0,0.0,0.0,0.0,False,0.013301632398395253,logistic,False,False,False,post,post,full,none,live,,
9,35,communication,-0.040363908456367406,0.47870120250160564,-0.1329449861962199,0.9182856450058856,25,4,0.16,25,0,0,0.16,0.0,0.0,True,0.953209541600203,logistic,False,False,False,post,post,full,none,live,,
9,36,communication,1.0846849879404137,0.5290911269107537,-0.1154814853959745,1.123553105805421,25,0,0.0,25,0,0,0.0,0.0,0.0,False,0.03762036052716468,logistic,False,False,False,post,post,full,none,live,,
9,37,communication,-0.22331547793636863,0.5765801760975529,-0.08574677075772787,1.3617222046514117,25,8,0.32,25,0,0,0.32,0.0,0.0,True,0.9978782603021874,logistic,False,False,False,post,post,full,none,live,,
9,38,communication,0.24718796334987186,0.5288079687527637,-0.21338018236352413,1.1222769777175967,25,0,0.0,25,0,0,0.0,0.0,0.0,False,0.8439934821155779,logistic,False,False,False,post,post,full,none,live,,
9,39,communication,-1.566981832537169,0.4968306280131095,-0.1513616694974766,0.9874023652338958,25,20,0.8,25,0,0,0.8,0.0,0.0,True,0.999999999996822,logistic,False,False,False,post,post,full,none,live,,
9,40,communication,0.9653159214610099,0.523788152455872,-0.0900041561823744,1.0999057565600265,25,0,0.0,25,0,0,0.0,0.0,0.0,False,0.07896087825368148,logistic,False,False,False,post,post,full,none,live,,
9,41,communication,-0.25045116499106695,0.5175209738227726,-0.17447155574032253,1.0726289553417259,25,10,0.4,25,0,0,0.4,0.0,0.0,True,0.9953907085990007,logistic,False,False,False,post,post,full,none,live,,
9,42,communication,1.9686711557400915,0.5105772361392111,-0.05439408118110071,1.043223310888824,25,0,0.0,25,0,0,0.0,0.0,0.0,False,6.69766735846217e-07,logistic,False,False,False,post,post,full,none,live,,
9,43,communication,-1.1448014576846488,0.5303806697549167,-0.15168405558093845,1.1293842386728916,25,18,0.72,25,0,0,0.72,0.0,0.0,True,0.999999992438722,logistic,False,False,False,post,post,full,none,live,,
9,44,communication,-1.4697296475512214,0.5288162196796975,-0.08406709211555864,1.1223141410347732,25,19,0.76,25,0,0,0.76,0.0,0.0,True,0.9999999999917534,logistic,False,False,False,post,post,full,none,live,,
9,45,communication,1.0924296036307242,0.5446610972742639,-0.1326344726450162,1.1961664026812335,25,0,0.0,25,0,0,0.0,0.0,0.0,False,0.04329087226323024,logistic,False,False,False,post,post,full,none,live,,
9,46,communication,0.8264267290474331,0.5248870013176591,-0.04671039371782673,1.1047624518237968,25,0,0.0,25,0,0,0.0,0.0,0.0,False,0.1729147696010362,logistic,False,False,False,post,post,full,none,live,,
9,47,communication,0.36073093399288936,0.44012342404309235,-0.12959850567010953,0.7861079440425949,25,0,0.0,25,0,0,0.0,0.0,0.0,False,0.5453752905218869,logistic,False,False,False,post,post,full,none,live,,
9,48,communication,-0.38970995055466623,0.541070167187873,-0.1536748721294138,1.17898233782804,25,9,0.36,25,0,0,0.36,0.0,0.0,True,0.9993263996347271,logistic,False,False,False,post,post,full,none,live,,
9,49,communication,1.0310669877911662,0.489903315915118,-0.13540643699999616,0.9604126652852271,25,0,0.0,25,0,0,0.0,0.0,0.0,False,0.0336855568362979,logistic,False,False,False,post,post,full,none,live,,
9,50,communication,-1.3810207214568306,0.500927103727861,-0.11281237107097038,1.0037153038555535,25,23,0.92,25,0,0,0.92,0.0,0.0,True,0.9999999998257251,logistic,False,False,False,post,post,full,none,live,,
9,51,communication,-1.3262680519697951,0.43620743464332196,-0.137212670039857,0.773701998655054,25,19,0.76,25,0,0,0.76,0.0,0.0,True,0.9999999944930301,logistic,False,False,False,post,post,full,none,live,,
9,52,communication,1.2870726919411393,0.5038504208310932,-0.05305945884733257,1.0155212097026987,25,0,0.0,25,0,0,0.0,0.0,0.0,False,0.004646414654498068,logistic,False,False,False,post,post,full,none,live,,
9,53,communication,1.837218545083415,0.4758853524266899,-0.10594574689278487,0.9079794938570684,25,0,0.0,25,0,0,0.0,0.0,0.0,False,2.1301642114136306e-06,logistic,False,False,False,post,post,full,none,live,,
9,54,communication,1.7218828041807206,0.5056497293889989,-0.07391007779021533,1.022857191448549,25,0,0.0,25,0,0,0.0,0.0,0.0,False,2.6731526305037528e-05,logistic,False,False,False,post,post,full,none,live,,
9,55,communication,0.13141414647818406,0.5337495215965166,-0.1735872682925872,1.144769917286006,25,2,0.08,25,0,0,0.08,0.0,0.0,False,0.923039353518331,logistic,False,False,False,post,post,full,none,live,,
9,56,communication,1.1570982501904388,0.5559366052012277,-0.08250321998137755,1.2519307191558782,25,0,0.0,25,0,0,0.0,0.0,0.0,False,0.03121725851139977,logistic,False,False,False,post,post,full,none,live,,
9,57,communication,0.6731093558598081,0.510154858393307,-0.09218234672176061,1.0414615049972693,25,0,0.0,25,0,0,0.0,0.0,0.0,False,0.30232526709336505,logistic,False,False,False,post,post,full,none,live,,
9,58,communication,0.04103566300966903,0.5219432695135973,-0.028607803605845902,1.0918019478201717,25,2,0.08,25,0,0,0.08,0.0,0.0,True,0.9513469926687987,logistic,False,False,False,post,post,full,none,live,,
9,59,communication,0.8333087778406062,0.5381558663634769,-0.08048101651922777,1.1652326557145622,25,0,0.0,25,0,0,0.0,0.0,0.0,False,0.18725580374951173,logistic,False,False,False,post,post,full,none,live,,
9,60,communication,0.7092938416842012,0.5298619866059548,-0.04850329275241103,1.1270349801768786,25,0,0.0,25,0,0,0.0,0.0,0.0,False,0.30042336943142495,logistic,False,False,False,post,post,full,none,live,,
9,61,communication,-0.0003119964733007685,0.5266763127634135,-0.24402138923467415,1.1127191116048232,25,1,0.04,25,0,0,0.04,0.0,0.0,True,0.9658895715774837,logistic,False,False,False,post,post,full,none,live,,
9,62,communication,-0.23994508961881023,0.49848311585934635,-0.039521961710544756,0.9939508152621707,25,10,0.4,25,0,0,0.4,0.0,0.0,True,0.9930070450562614,logistic,False,False,False,post,post,full,none,live,,
9,63,communication,-0.06337751914016568,0.5691764153809223,-0.18454596088333994,1.3211356938227334,25,1,0.04,25,0,0,0.04,0.0,0.0,True,0.988778655417993,logistic,False,False,False,post,post,full,none,live,,
9,64,communication,0.5993249503657218,0.540498566624583,-0.0694080704508511,1.1762717749413212,25,0,0.0,25,0,0,0.0,0.0,0.0,False,0.462396460265587,logistic,False,False,False,post,post,full,none,live,,
9,65,communication,-0.5565872020246292,0.4545633834250778,-0.0031244672796799516,0.8333935962706641,25,15,0.6,25,0,0,0.6,0.0,0.0,True,0.9994357509216378,logistic,False,False,False,post,post,full,none,live,,
9,66,communication,0.5553507643988259,0.5507670699522599,-0.14439669191343218,1.226016690035901,25,0,0.0,25,0,0,0.0,0.0,0.0,False,0.5447153967702416,logistic,False,False,False,post,post,full,none,live,,
9,67,communication,-1.6412453892087575,0.4631386013888655,-0.041712999504543186,0.8626781560138415,25,23,0.92,25,0,0,0.92,0.0,0.0,True,0.9999999999977748,logistic,False,False,False,post,post,full,none,live,,
9,68,communication,-0.3948739896255654,0.5133515961248755,-0.06463131981154058,1.054871632244381,25,12,0.48,25,0,0,0.48,0.0,0.0,True,0.9988966079251517,logistic,False,False,False,post,post,full,none,live,,
9,69,communication,-0.9755281476516736,0.5398812414277819,-0.09050892604275293,1.1733519474473777,25,15,0.6,25,0,0,0.6,0.0,0.0,True,0.9999998707938131,logistic,False,False,False,post,post,full,none,live,,
9,70,communication,-0.354140059641199,0.520350853083367,-0.05981245124167739,1.084857247069822,25,6,0.24,25,0,0,0.24,0.0,0.0,True,0.9984915165693738,logistic,False,False,False,post,post,full,none,live,,
9,71,communication,-0.38771710208179666,0.5181143613268501,-0.16790648759532534,1.0751811628033867,25,11,0.44,25,0,0,0.44,0.0,0.0,True,0.9989111397017325,logistic,False,False,False,post,post,full,none,live,,
9,72,communication,-1.1583894973100577,0.48372711638309507,-0.21826272109697908,0.9369601459487844,25,22,0.88,25,0,0,0.88,0.0,0.0,True,0.9999999722804689,logistic,False,False,False,post,post,full,none,live,,
9,73,communication,-0.06737188099781181,0.5274432754406195,-0.1581431561037457,1.1161480686417407,25,4,0.16,25,0,0,0.16,0.0,0.0,True,0.9798938574047632,logistic,False,False,False,post,post,full,none,live,,
9,74,communication,1.29660236493152,0.5065066075868064,-0.04184197754983132,1.026369583410181,25,0,0.0,25,0,0,0.0,0.0,0.0,False,0.004430873164622086,logistic,False,False,False,post,post,full,none,live,,
9,75,communication,0.6974573666702646,0.47964920993012616,-0.13701158172407887,0.9217804970868168,25,0,0.0,25,0,0,0.0,0.0,0.0,False,0.21856133229444896,logistic,False,False,False,post,post,full,none,live,,
9,76,communication,-1.134037471234501,0.525896375987691,-0.19025488760130962,1.1092435268413752,25,15,0.6,25,0,0,0.6,0.0,0.0,True,0.9999999891625048,logistic,False,False,False,post,post,full,none,live,,
9,77,communication,0.35957739808411304,0.4979892713899002,-0.09939843555618672,0.9919893002459653,25,0,0.0,25,0,0,0.0,0.0,0.0,False,0.6759246381198449,logistic,False,False,False,post,post,full,none,live,,
9,78,communication,-1.3265019619318652,0.5414651043641795,-0.06403107824059023,1.1808591004036126,25,22,0.88,25,0,0,0.88,0.0,0.0,True,0.9999999998779603,logistic,False,False,False,post,post,full,none,live,,
9,79,communication,-1.4303190864136457,0.501107716651026,-0.0005309151879839547,1.0044407046891572,25,20,0.8,25,0,0,0.8,0.0,0.0,True,0.9999999999406032,logistic,False,False,False,post,post,full,none,live,,
9,80,communication,0.03139042644579698,0.5207881509455959,-0.1988587714836786,1.0867597534852935,25,1,0.04,25,0,0,0.04,0.0,0.0,True,0.9538567217624833,logistic,False,False,False,post,post,full,none,live,,
9,81,communication,0.20427475550567675,0.4899161447304421,-0.09578523987883673,0.9604619704568811,25,3,0.12,25,0,0,0.12,0.0,0.0,False,0.8230000733223987,logistic,False,False,False,post,post,full,none,live,,
9,82,communication,-1.0470725388140527,0.5406287539816916,-0.25855574455910035,1.1768885376864546,25,22,0.88,25,0,0,0.88,0.0,0.0,True,0.9999999656150302,logistic,False,False,False,post,post,full,none,live,,
9,83,communication,-0.977419256991059,0.5012601396551335,-0.06923830790766813,1.0050532943336918,25,24,0.96,25,0,0,0.96,0.0,0.0,True,0.9999995932279894,logistic,False,False,False,post,post,full,none,live,,
9,84,communication,-0.976461884072239,0.5323682526131204,-0.2339234429764953,1.1384347953020464,25,24,0.96,25,0,0,0.96,0.0,0.0,True,0.9999998394808162,logistic,False,False,False,post,post,full,none,live,,
9,85,communication,0.10979040275256464,0.5192244079462186,-0.09010121157139751,1.0799724789026648,25,0,0.0,25,0,0,0.0,0.0,0.0,False,0.9211702454051413,logistic,False,False,False,post,post,full,none,live,,
9,86,communication,0.6685529313905672,0.568138275011865,-0.17192241465038854,1.3155559803950534,25,0,0.0,25,0,0,0.0,0.0,0.0,False,0.4352280387477478,logistic,False,False,False,post,post,full,none,live,,
9,87,communication,-1.2843153934978542,0.5404289293178562,-0.10550541992080902,1.1759420115711259,25,21,0.84,25,0,0,0.84,0.0,0.0,True,0.9999999996875042,logistic,False,False,False,post,post,full,none,live,,
9,88,communication,0.11898995112596614,0.5139555075082854,-0.10185899037183807,1.0574248149042582,25,4,0.16,25,0,0,0.16,0.0,0.0,True,0.9117387841119836,logistic,False,False,False,post,post,full,none,live,,
9,89,communication,-0.953688475729854,0.486323008249418,-0.15420637704488618,0.9467486690265351,25,21,0.84,25,0,0,0.84,0.0,0.0,True,0.9999990592304666,logistic,False,False,False,post,post,full,none,live,,
9,90,communication,-1.1667492049011734,0.48864750536748247,-0.13160487062405513,0.9555981646645687,25,23,0.92,25,0,0,0.92,0.0,0.0,True,0.9999999798496193,logistic,False,False,False,post,post,full,none,live,,
9,91,communication,-3.020023685996501,0.5707459100841814,-0.030986219750493288,1.3296225324168978,25,23,0.92,25,0,0,0.92,0.0,0.0,True,1.0,logistic,False,False,False,post,post,full,none,live,,
9,92,communication,-0.12202149423748883,0.5184049994117655,-0.21044449471635476,1.0764335152536268,25,3,0.12,25,0,0,0.12,0.0,0.0,True,0.985404809467047,logistic,False,False,False,post,post,full,none,live,,
9,93,communication,0.33237146188326805,0.5235993201089005,-0.027139882287144562,1.0990734107024995,25,2,0.08,25,0,0,0.08,0.0,0.0,False,0.7569782607415279,logistic,False,False,False,post,post,full,none,live,,
9,94,communication,0.4047284847463787,0.5507784513138753,-0.06708538750224044,1.2260730878222166,25,0,0.0,25,0,0,0.0,0.0,0.0,False,0.7305448191992736,logistic,False,False,False,post,post,full,none,live,,
9,95,communication,-0.2015657987680406,0.4839901530914753,-0.17485780589036407,0.9379475139691944,25,4,0.16,25,0,0,0.16,0.0,0.0,True,0.9876173778645213,logistic,False,False,False,post,post,full,none,live,,
9,96,communication,0.7525044927253582,0.488449129647401,-0.01972489510967268,0.9548397978694189,25,0,0.0,25,0,0,0.0,0.0,0.0,False,0.1816375008841593,logistic,False,False,False,post,post,full,none,live,,
9,97,communication,0.5234294907094448,0.5423599846628675,-0.11074936513176302,1.1851236047689664,25,0,0.0,25,0,0,0.0,0.0,0.0,False,0.5672915076783853,logistic,False,False,False,post,post,full,none,live,,
9,98,communication,0.26689819429326,0.49574032313205385,-0.14994235610799114,0.9831052250919453,25,0,0.0,25,0,0,0.0,0.0,0.0,False,0.7740133974832895,logistic,False,False,False,post,post,full,none,live,,
9,99,communication,1.0730632159266815,0.5170780940760137,-0.1089569698217636,1.070728181374741,25,0,0.0,25,0,0,0.0,0.0,0.0,False,0.03511206879408192,logistic,False,False,False,post,post,full,none,live,,
