country,period,treatment,theta,theta_star,z,benefit,n_agents,n_join,join_fraction,n_valid,n_api_error,n_unparseable,join_fraction_valid,api_error_rate,unparseable_rate,coup_success,theoretical_attack,direction_transform,degrade_messages,no_peer_messages,beliefs_include_messages,belief_order,second_order_order,message_stage_context,decision_context,message_bundle_mode,message_source_country,message_source_period
0,0,communication,2.1678730363541105,0.2954453318567355,-0.05167382084572852,0.41933627753163866,25,0,0.0,25,0,0,0.0,0.0,0.0,False,6.0517210596335936e-12,logistic,False,False,False,post,post,full,none,live,,
0,1,communication,-0.9003028580775392,0.13499759782278312,-0.10167637423392319,0.15606615366962365,25,19,0.76,25,0,0,0.76,0.0,0.0,True,0.9905609123844319,logistic,False,False,False,post,post,full,none,live,,
0,2,communication,-1.6880383935027823,0.2844702238914825,0.03319712363378008,0.3975658783043288,25,23,0.92,25,0,0,0.92,0.0,0.0,True,0.9999999990457907,logistic,False,False,False,post,post,full,none,live,,
0,3,communication,1.1904525520757698,0.285595442728154,-0.07310581926926982,0.3997671064960451,25,0,0.0,25,0,0,0.0,0.0,0.0,False,0.00017016806960311922,logistic,False,False,False,post,post,full,none,live,,
0,4,communication,-0.5546117119233646,0.01651725067204613,-0.0008034374425243546,0.016794652151583656,25,16,0.64,25,0,0,0.64,0.0,0.0,True,0.4098617925320202,logistic,False,False,False,post,post,full,none,live,,
0,5,communication,0.9068441666948505,0.21343867829476695,-0.050120890756607396,0.2713566919767178,25,0,0.0,25,0,0,0.0,0.0,0.0,False,0.0009485103264889647,logistic,False,False,False,post,post,full,none,live,,
0,6,communication,0.012954278935226285,0.36102342864128606,-0.04882044144128024,0.5650026070182967,25,0,0.0,25,0,0,0.0,0.0,0.0,False,0.7894475822831812,logistic,False,False,False,post,post,full,none,live,,
0,7,communication,-0.7858716585003764,0.2391638934746768,0.030867369714855417,0.3143435115966287,25,22,0.88,25,0,0,0.88,0.0,0.0,True,0.9966133618815918,logistic,False,False,False,post,post,full,none,live,,
0,8,communication,-0.36387314575900176,0.13667223699428024,-0.10097806990303966,0.1583086318438884,25,9,0.36,25,0,0,0.36,0.0,0.0,True,0.7167086461574352,logistic,False,False,False,post,post,full,none,live,,
0,9,communication,0.9990597503117002,0.22653933729853834,0.025340326324356552,0.2928905737847167,25,0,0.0,25,0,0,0.0,0.0,0.0,False,0.0004415216213721304,logistic,False,False,False,post,post,full,none,live,,
1,0,communication,0.20772583447140816,0.3841219565043058,0.1159796575467765,0.6236980852963162,25,0,0.0,25,0,0,0.0,0.0,0.0,False,0.6153590624904125,logistic,False,False,False,post,post,full,none,live,,
1,1,communication,1.1893957205515293,0.4464461673529494,0.12564200025393746,0.8065090349353723,25,0,0.0,25,0,0,0.0,0.0,0.0,False,0.004511997046174323,logistic,False,False,False,post,post,full,none,live,,
1,2,communication,-0.46248939570267217,0.49758704233580003,0.10923355043465038,0.9903945245543897,25,11,0.44,25,0,0,0.44,0.0,0.0,True,0.9992989207778948,logistic,False,False,False,post,post,full,none,live,,
1,3,communication,0.14010010183790336,0.3847185012735264,0.34428927680439003,0.6252723380596154,25,2,0.08,25,0,0,0.08,0.0,0.0,False,0.6992634399074084,logistic,False,False,False,post,post,full,none,live,,
1,4,communication,0.9842909186778704,0.4227887727441803,0.2245826436069069,0.7324680338499385,25,0,0.0,25,0,0,0.0,0.0,0.0,False,0.0193935692921345,logistic,False,False,False,post,post,full,none,live,,
1,5,communication,-1.0585863379346643,0.47807998557752585,0.10104515093173261,0.9160023995372947,25,24,0.96,25,0,0,0.96,0.0,0.0,True,0.9999997981959308,logistic,False,False,False,post,post,full,none,live,,
1,6,communication,-0.21571615909954486,0.3855238733363866,0.1748077487598658,0.6274025248623474,25,10,0.4,25,0,0,0.4,0.0,0.0,True,0.9566555738762543,logistic,False,False,False,post,post,full,none,live,,
1,7,communication,0.5085811437825548,0.39284452551419513,0.25155429424116715,0.6470245958778384,25,0,0.0,25,0,0,0.0,0.0,0.0,False,0.25536496280884563,logistic,False,False,False,post,post,full,none,live,,
1,8,communication,0.01995666861015602,0.43477886037197433,0.18609662298996965,0.7692190363900827,25,8,0.32,25,0,0,0.32,0.0,0.0,True,0.8884868497290916,logistic,False,False,False,post,post,full,none,live,,
1,9,communication,0.12067800982406283,0.4005853036561405,0.13537231997474788,0.6682940977248599,25,4,0.16,25,0,0,0.16,0.0,0.0,True,0.7521249655268563,logistic,False,False,False,post,post,full,none,live,,
2,0,communication,0.006652245472151874,0.16534518000507728,0.10632108456960332,0.19810007208259228,25,1,0.04,25,0,0,0.04,0.0,0.0,True,0.328612458666826,logistic,False,False,False,post,post,full,none,live,,
2,1,communication,1.299172834049591,0.15768912271963784,0.10676833973769329,0.18721012273850904,25,0,0.0,25,0,0,0.0,0.0,0.0,False,7.586391398722698e-07,logistic,False,False,False,post,post,full,none,live,,
2,2,communication,-1.8618568016923709,0.35198203054267424,0.05171615606649586,0.5431670835261513,25,23,0.92,25,0,0,0.92,0.0,0.0,True,0.9999999999987155,logistic,False,False,False,post,post,full,none,live,,
2,3,communication,0.5619005537245034,0.06951236596243603,0.10248052280250564,0.07470530872163078,25,0,0.0,25,0,0,0.0,0.0,0.0,False,0.0009020273168242436,logistic,False,False,False,post,post,full,none,live,,
2,4,communication,1.134618215576771,0.06239785519905333,0.13104052922838033,0.06655046124313252,25,0,0.0,25,0,0,0.0,0.0,0.0,False,1.6191747050382877e-07,logistic,False,False,False,post,post,full,none,live,,
2,5,communication,0.3728301854353141,0.2202755487697622,0.055836039433286994,0.2825043493534346,25,0,0.0,25,0,0,0.0,0.0,0.0,False,0.10031154302364326,logistic,False,False,False,post,post,full,none,live,,
2,6,communication,0.2679941558354373,0.16580906718210264,0.08312382504122517,0.198766326339702,25,0,0.0,25,0,0,0.0,0.0,0.0,False,0.09484838180332739,logistic,False,False,False,post,post,full,none,live,,
2,7,communication,0.13926155299178936,0.32009159839175516,0.13633156742085395,0.4707863553893663,25,3,0.12,25,0,0,0.12,0.0,0.0,False,0.5538222014831089,logistic,False,False,False,post,post,full,none,live,,
2,8,communication,-0.23426363636758482,1.0,0.14148322644682407,-0.15829864936234783,25,8,0.32,25,0,0,0.32,0.0,0.0,True,0.0,logistic,False,False,False,post,post,full,none,live,,
2,9,communication,-0.44562488826287483,0.19736968224204507,0.11692539657422717,0.24590359705495804,25,20,0.8,25,0,0,0.8,0.0,0.0,True,0.9018666565590807,logistic,False,False,False,post,post,full,none,live,,
3,0,communication,-0.29107213604267174,1.0,-0.33657188647451175,-0.359520436075857,25,0,0.0,25,0,0,0.0,0.0,0.0,True,0.0,logistic,False,False,False,post,post,full,none,live,,
3,1,communication,-1.5349213916626867,1.0,-0.3204796014715397,-0.42901338872247674,25,24,0.96,25,0,0,0.96,0.0,0.0,True,0.0,logistic,False,False,False,post,post,full,none,live,,
3,2,communication,0.15046525729715382,1.0,-0.45020269728727397,-0.4879691600401973,25,0,0.0,25,0,0,0.0,0.0,0.0,False,0.0,logistic,False,False,False,post,post,full,none,live,,
3,3,communication,1.8512062080320457,1.0,-0.33365589625424136,-0.3474228329877943,25,0,0.0,25,0,0,0.0,0.0,0.0,False,0.0,logistic,False,False,False,post,post,full,none,live,,
3,4,communication,-0.1437830806026511,1.0,-0.34873575977287385,-0.49937601874723686,25,0,0.0,25,0,0,0.0,0.0,0.0,True,0.0,logistic,False,False,False,post,post,full,none,live,,
3,5,communication,-0.3326955387859224,1.0,-0.38753782454772046,-0.24641417471496077,25,2,0.08,25,0,0,0.08,0.0,0.0,True,0.0,logistic,False,False,False,post,post,full,none,live,,
3,6,communication,0.5213079014354364,1.0,-0.2905438213763508,-0.5413438656936818,25,0,0.0,25,0,0,0.0,0.0,0.0,False,0.0,logistic,False,False,False,post,post,full,none,live,,
3,7,communication,1.2274860983013685,1.0,-0.3642876416301282,-0.43407708415807006,25,0,0.0,25,0,0,0.0,0.0,0.0,False,0.0,logistic,False,False,False,post,post,full,none,live,,
3,8,communication,0.022418809138022966,1.0,-0.33580556825064684,-0.32986175888886327,25,0,0.0,25,0,0,0.0,0.0,0.0,False,0.0,logistic,False,False,False,post,post,full,none,live,,
3,9,communication,-0.3162807409742978,1.0,-0.31215353794298517,-0.362058538169751,25,0,0.0,25,0,0,0.0,0.0,0.0,True,0.0,logistic,False,False,False,post,post,full,none,live,,
4,0,communication,-0.6608343785627429,0.5980883558104992,-0.17593147513055707,1.4881090519698938,25,10,0.4,25,0,0,0.4,0.0,0.0,True,0.9999956015465286,logistic,False,False,False,post,post,full,none,live,,
4,1,communication,-1.1212712434901213,0.6322413532990223,-0.19698117583464886,1.7191746787481892,25,24,0.96,25,0,0,0.96,0.0,0.0,True,0.9999999996852024,logistic,False,False,False,post,post,full,none,live,,
4,2,communication,0.4823015409717745,0.5758308565538152,-0.14563167948442984,1.3575500845616602,25,1,0.04,25,0,0,0.04,0.0,0.0,False,0.69251908221649,logistic,False,False,False,post,post,full,none,live,,
4,3,communication,-0.6793064369213386,0.5128382541150447,-0.30443893146383805,1.0527063310019278,25,11,0.44,25,0,0,0.44,0.0,0.0,True,0.999969122427011,logistic,False,False,False,post,post,full,none,live,,
4,4,communication,0.16373176944567377,0.5590991476338483,-0.12646170087386274,1.268083617061228,25,0,0.0,25,0,0,0.0,0.0,0.0,False,0.9287544041549995,logistic,False,False,False,post,post,full,none,live,,
4,5,communication,-1.4372898652804578,0.5414473787851821,-0.23874818476302578,1.1807747982134653,25,25,1.0,25,0,0,1.0,0.0,0.0,True,0.9999999999895699,logistic,False,False,False,post,post,full,none,live,,
4,6,communication,-0.4468685885426755,0.5798663421230029,-0.16341673838557855,1.3801949242847165,25,6,0.24,25,0,0,0.24,0.0,0.0,True,0.9998549599450136,logistic,False,False,False,post,post,full,none,live,,
4,7,communication,0.5803179893185352,0.5747144663130987,-0.1281168820269216,1.3513614284755058,25,0,0.0,25,0,0,0.0,0.0,0.0,False,0.5673814557880589,logistic,False,False,False,post,post,full,none,live,,
4,8,communication,-0.44947228544698203,0.5766359908154169,-0.2428579971523862,1.362033565219779,25,5,0.2,25,0,0,0.2,0.0,0.0,True,0.9998490451138651,logistic,False,False,False,post,post,full,none,live,,
4,9,communication,2.096153026094843,0.6131236375747834,-0.19110820835949566,1.5848051137869672,25,0,0.0,25,0,0,0.0,0.0,0.0,False,1.6123599689121415e-06,logistic,False,False,False,post,post,full,none,live,,
5,0,communication,0.9794463458928064,1.0,-0.053120566892594694,-0.2697773807825699,25,0,0.0,25,0,0,0.0,0.0,0.0,False,0.0,logistic,False,False,False,post,post,full,none,live,,
5,1,communication,0.612848774982249,1.0,0.027251744181959404,-0.3837278344992774,25,0,0.0,25,0,0,0.0,0.0,0.0,False,0.0,logistic,False,False,False,post,post,full,none,live,,
5,2,communication,0.13460306234911396,1.0,0.09663255580449338,-0.2512586490945114,25,1,0.04,25,0,0,0.04,0.0,0.0,False,0.0,logistic,False,False,False,post,post,full,none,live,,
5,3,communication,0.12799545760178746,1.0,0.05728596119651681,-0.18086441947212833,25,2,0.08,25,0,0,0.08,0.0,0.0,False,0.0,logistic,False,False,False,post,post,full,none,live,,
5,4,communication,-1.5072952873438494,1.0,-0.015109321796120768,-0.5377651370209572,25,24,0.96,25,0,0,0.96,0.0,0.0,True,0.0,logistic,False,False,False,post,post,full,none,live,,
5,5,communication,2.6013366074622404,1.0,-0.050860041261649176,-0.2623123366293575,25,0,0.0,25,0,0,0.0,0.0,0.0,False,0.0,logistic,False,False,False,post,post,full,none,live,,
5,6,communication,-0.14776268916941182,1.0,-0.031911528209046726,-0.22534980327935022,25,1,0.04,25,0,0,0.04,0.0,0.0,True,0.0,logistic,False,False,False,post,post,full,none,live,,
5,7,communication,0.2412673182388536,1.0,0.09412777652713013,-0.3706046872146044,25,1,0.04,25,0,0,0.04,0.0,0.0,False,0.0,logistic,False,False,False,post,post,full,none,live,,
5,8,communication,0.06905325596675563,1.0,-0.13124289516879428,-0.19760750271018623,25,0,0.0,25,0,0,0.0,0.0,0.0,False,0.0,logistic,False,False,False,post,post,full,none,live,,
5,9,communication,-0.6175042127318828,1.0,-0.024493050035684125,-0.4106890159642413,25,10,0.4,25,0,0,0.4,0.0,0.0,True,0.0,logistic,False,False,False,post,post,full,none,live,,
6,0,communication,-0.8125621231547628,1.0,-0.29144564697975645,-0.04758746560683039,25,11,0.44,25,0,0,0.44,0.0,0.0,True,0.0,logistic,False,False,False,post,post,full,none,live,,
6,1,communication,-1.146122962433739,0.1569978862077148,-0.2562939564772184,0.18623664595744882,25,23,0.92,25,0,0,0.92,0.0,0.0,True,0.9995763516202234,logistic,False,False,False,post,post,full,none,live,,
6,2,communication,1.59600113442743,0.34326070423743577,-0.2993521582909237,0.5226742277372988,25,0,0.0,25,0,0,0.0,0.0,0.0,False,2.331762454784912e-06,logistic,False,False,False,post,post,full,none,live,,
6,3,communication,0.5936843481460035,0.2272648047769964,-0.2538810158143407,0.29410437907051723,25,0,0.0,25,0,0,0.0,0.0,0.0,False,0.02446028165196219,logistic,False,False,False,post,post,full,none,live,,
6,4,communication,0.2878296204051522,0.26008138101927175,-0.266082893325894,0.3514999816838583,25,0,0.0,25,0,0,0.0,0.0,0.0,False,0.23099053178959805,logistic,False,False,False,post,post,full,none,live,,
6,5,communication,-1.414120473089345,0.17148944150081613,-0.27259284674571044,0.20698522154197152,25,24,0.96,25,0,0,0.96,0.0,0.0,True,0.9999927802862998,logistic,False,False,False,post,post,full,none,live,,
6,6,communication,-0.07115114564684494,0.30918244142406776,-0.3461216922097209,0.44756019528719543,25,0,0.0,25,0,0,0.0,0.0,0.0,True,0.7792342326804934,logistic,False,False,False,post,post,full,none,live,,
6,7,communication,-0.6026277878310817,0.2257656193617615,-0.21986281401743052,0.29159854561825593,25,4,0.16,25,0,0,0.16,0.0,0.0,True,0.9777020768866199,logistic,False,False,False,post,post,full,none,live,,
6,8,communication,0.8122394926136385,0.244866921492353,-0.23475862998570649,0.32426989157497665,25,0,0.0,25,0,0,0.0,0.0,0.0,False,0.004911847642106328,logistic,False,False,False,post,post,full,none,live,,
6,9,communication,-0.4859944842810082,0.14858934561519016,-0.3169924806078128,0.17452136034467877,25,2,0.08,25,0,0,0.08,0.0,0.0,True,0.858314356924929,logistic,False,False,False,post,post,full,none,live,,
7,0,communication,-1.1690833103767029,0.3255059630675292,-0.04893966319064644,0.4825927958502002,25,23,0.92,25,0,0,0.92,0.0,0.0,True,0.9999970453304203,logistic,False,False,False,post,post,full,none,live,,
7,1,communication,0.5981661452060749,0.32165733775397215,-0.014765815006337342,0.47418120023432986,25,0,0.0,25,0,0,0.0,0.0,0.0,False,0.08306211442171346,logistic,False,False,False,post,post,full,none,live,,
7,2,communication,1.689641803386416,0.45782276043409736,-0.07725184087070006,0.8444153074383127,25,0,0.0,25,0,0,0.0,0.0,0.0,False,1.2656881731583944e-05,logistic,False,False,False,post,post,full,none,live,,
7,3,communication,-0.9821487633618436,0.3107534367234231,-0.06561845119867629,0.45085961001553193,25,24,0.96,25,0,0,0.96,0.0,0.0,True,0.9999321722529732,logistic,False,False,False,post,post,full,none,live,,
7,4,communication,-0.5187790336142135,0.32948609048461086,-0.12525382698031223,0.491393371276586,25,14,0.56,25,0,0,0.56,0.0,0.0,True,0.991488665655242,logistic,False,False,False,post,post,full,none,live,,
7,5,communication,-0.05974697949583692,0.19750305739795468,-0.050861336134854204,0.2461106664874804,25,1,0.04,25,0,0,0.04,0.0,0.0,True,0.5027631567289532,logistic,False,False,False,post,post,full,none,live,,
7,6,communication,0.6013574765841674,0.2944323483034259,-0.11071001922211496,0.4172985362855681,25,0,0.0,25,0,0,0.0,0.0,0.0,False,0.058959794802722586,logistic,False,False,False,post,post,full,none,live,,
7,7,communication,0.08838764901410603,0.3518493210738785,-0.04780211063383416,0.5428511185961182,25,0,0.0,25,0,0,0.0,0.0,0.0,False,0.6907132601084544,logistic,False,False,False,post,post,full,none,live,,
7,8,communication,0.6596919007718696,0.27788127441775146,-0.0657428851007234,0.3848138326473866,25,0,0.0,25,0,0,0.0,0.0,0.0,False,0.03131217010711062,logistic,False,False,False,post,post,full,none,live,,
7,9,communication,-0.3810092706676087,0.3871796162977914,-0.09087456939945382,0.6317995069921432,25,5,0.2,25,0,0,0.2,0.0,0.0,True,0.9885155660055998,logistic,False,False,False,post,post,full,none,live,,
8,0,communication,1.5041148775746431,0.2299509102392385,-0.11599584938519686,0.2986185079586024,25,0,0.0,25,0,0,0.0,0.0,0.0,False,3.0785736647682876e-07,logistic,False,False,False,post,post,full,none,live,,
8,1,communication,1.4412355452870873,0.10896508472880717,-0.11529282171503018,0.1222904769064441,25,0,0.0,25,0,0,0.0,0.0,0.0,False,7.017871326578299e-09,logistic,False,False,False,post,post,full,none,live,,
8,2,communication,-1.2579709350248236,0.2705108582574048,-0.09630247278308814,0.370822323155094,25,22,0.88,25,0,0,0.88,0.0,0.0,True,0.9999963315057311,logistic,False,False,False,post,post,full,none,live,,
8,3,communication,0.3317104090411077,0.34979665287986333,-0.05280180534989362,0.5379803940246899,25,0,0.0,25,0,0,0.0,0.0,0.0,False,0.37237030127592863,logistic,False,False,False,post,post,full,none,live,,
8,4,communication,0.5026547703973304,0.2716039887098798,-0.12976269005031593,0.3728795661975418,25,0,0.0,25,0,0,0.0,0.0,0.0,False,0.08408028726648087,logistic,False,False,False,post,post,full,none,live,,
8,5,communication,-0.5710432584424028,0.3656777860126962,-0.10212195925963252,0.5764858583685283,25,11,0.44,25,0,0,0.44,0.0,0.0,True,0.99727435017956,logistic,False,False,False,post,post,full,none,live,,
8,6,communication,-1.2687334600251583,0.11073477763780158,-0.09885439779759563,0.12452390451484363,25,24,0.96,25,0,0,0.96,0.0,0.0,True,0.9996317222796995,logistic,False,False,False,post,post,full,none,live,,
8,7,communication,-1.9006492405789017,0.10605547443841909,-0.12403821761737815,0.11863764630338158,25,25,1.0,25,0,0,1.0,0.0,0.0,True,0.9999999735435988,logistic,False,False,False,post,post,full,none,live,,
8,8,communication,1.0452681025552937,0.1245813045856334,-0.042835406977816085,0.14231053693303258,25,0,0.0,25,0,0,0.0,0.0,0.0,False,1.2142623339765685e-05,logistic,False,False,False,post,post,full,none,live,,
8,9,communication,-0.9668800837185906,0.3665350194369594,-0.1349583493822536,0.578619230239331,25,18,0.72,25,0,0,0.72,0.0,0.0,True,0.9999796678460862,logistic,False,False,False,post,post,full,none,live,,
9,0,communication,-0.11791476079077755,0.37363989905858774,0.05711671213317855,0.5965257022230681,25,1,0.04,25,0,0,0.04,0.0,0.0,True,0.9059611842206439,logistic,False,False,False,post,post,full,none,live,,
9,1,communication,-0.15172549305281707,0.36915137738858605,0.15796678376196294,0.5851663365142568,25,9,0.36,25,0,0,0.36,0.0,0.0,True,0.9195654351473399,logistic,False,False,False,post,post,full,none,live,,
9,2,communication,-0.2848220299184905,0.3248353154954698,0.08125503840832313,0.4811201221726375,25,11,0.44,25,0,0,0.44,0.0,0.0,True,0.9427139038711467,logistic,False,False,False,post,post,full,none,live,,
9,3,communication,0.261800725031152,0.3561058603093553,0.026776706934963937,0.5530503204772828,25,1,0.04,25,0,0,0.04,0.0,0.0,False,0.47825372048961434,logistic,False,False,False,post,post,full,none,live,,
9,4,communication,0.4876004600992025,0.46288463866554697,0.03321429595204818,0.8617974312176042,25,0,0.0,25,0,0,0.0,0.0,0.0,False,0.43032173889162545,logistic,False,False,False,post,post,full,none,live,,
9,5,communication,0.1787688641341608,0.38606456669956135,0.053891866834506016,0.6288357793980509,25,0,0.0,25,0,0,0.0,0.0,0.0,False,0.6559352059804068,logistic,False,False,False,post,post,full,none,live,,
9,6,communication,-0.6066177982389396,0.3725741405358382,0.07508614100660409,0.5938138106931492,25,21,0.84,25,0,0,0.84,0.0,0.0,True,0.9983532617104097,logistic,False,False,False,post,post,full,none,live,,
9,7,communication,2.9385833880774364,0.413132687991508,0.0065155441221652205,0.7039626837923628,25,0,0.0,25,0,0,0.0,0.0,0.0,False,2.8687322114094557e-18,logistic,False,False,False,post,post,full,none,live,,
9,8,communication,-0.7829411587328134,0.41019755190961804,0.09268431078186892,0.6954829591462782,25,23,0.92,25,0,0,0.92,0.0,0.0,True,0.9999116152205092,logistic,False,False,False,post,post,full,none,live,,
9,9,communication,-0.5711185403390645,0.4502428956785281,0.09108885773911861,0.8189851338696796,25,20,0.8,25,0,0,0.8,0.0,0.0,True,0.9994800263042609,logistic,False,False,False,post,post,full,none,live,,
10,0,communication,-0.4897850850126837,0.3638262662225207,-0.23978695494908883,0.5718976545324956,25,1,0.04,25,0,0,0.04,0.0,0.0,True,0.993739693900635,logistic,False,False,False,post,post,full,none,live,,
10,1,communication,-1.0032070827206665,0.2649580326892506,-0.28319883216318453,0.36046653724907096,25,21,0.84,25,0,0,0.84,0.0,0.0,True,0.9998403293099309,logistic,False,False,False,post,post,full,none,live,,
10,2,communication,-0.6341501683306329,0.3427678342279396,-0.24223612983552129,0.5215323474396375,25,8,0.32,25,0,0,0.32,0.0,0.0,True,0.9978241372114557,logistic,False,False,False,post,post,full,none,live,,
10,3,communication,-2.8502053895133814,0.4416486700870138,-0.35361286877594966,0.7909870478070511,25,25,1.0,25,0,0,1.0,0.0,0.0,True,1.0,logistic,False,False,False,post,post,full,none,live,,
10,4,communication,-0.4145034955874482,0.3171118236020104,-0.34135386435087767,0.464368595858067,25,5,0.2,25,0,0,0.2,0.0,0.0,True,0.9751726856255065,logistic,False,False,False,post,post,full,none,live,,
10,5,communication,0.2513260846130484,0.3632162127651917,-0.2323340262681045,0.5703917405661884,25,0,0.0,25,0,0,0.0,0.0,0.0,False,0.5092115491206393,logistic,False,False,False,post,post,full,none,live,,
10,6,communication,0.8375416958103161,0.3394540506748383,-0.37638568053618,0.5138992238490557,25,0,0.0,25,0,0,0.0,0.0,0.0,False,0.019028247444763512,logistic,False,False,False,post,post,full,none,live,,
10,7,communication,-0.7387200478908571,0.32886579430898705,-0.35712299202864795,0.4900149500953842,25,9,0.36,25,0,0,0.36,0.0,0.0,True,0.9990820582071521,logistic,False,False,False,post,post,full,none,live,,
10,8,communication,-1.467209771528098,0.37885948692479055,-0.24772323264492485,0.609941678170519,25,25,1.0,25,0,0,1.0,0.0,0.0,True,0.9999999974684766,logistic,False,False,False,post,post,full,none,live,,
10,9,communication,-0.43955066593277803,0.03941872732382837,-0.22686852799263427,0.04103632711265348,25,4,0.16,25,0,0,0.16,0.0,0.0,True,0.43608333300322955,logistic,False,False,False,post,post,full,none,live,,
11,0,communication,-1.3818751355554737,0.3817977445224897,-0.1901536916483728,0.6175935806438986,25,24,0.96,25,0,0,0.96,0.0,0.0,True,0.9999999878452869,logistic,False,False,False,post,post,full,none,live,,
11,1,communication,-0.07888857861722814,0.4429161112072305,-0.27515211569469,0.7950617853391045,25,1,0.04,25,0,0,0.04,0.0,0.0,True,0.9447298201767342,logistic,False,False,False,post,post,full,none,live,,
11,2,communication,0.9763026805809643,0.3641823658891793,-0.2202006853750236,0.5727780205380458,25,0,0.0,25,0,0,0.0,0.0,0.0,False,0.00847702591149084,logistic,False,False,False,post,post,full,none,live,,
11,3,communication,0.5609710037264954,0.3840942851836448,-0.14596470008365708,0.6236251360294168,25,0,0.0,25,0,0,0.0,0.0,0.0,False,0.18825791283018972,logistic,False,False,False,post,post,full,none,live,,
11,4,communication,0.4136719267800304,0.46167383841358034,-0.2583937115707591,0.8576098866401944,25,0,0.0,25,0,0,0.0,0.0,0.0,False,0.5254307525662605,logistic,False,False,False,post,post,full,none,live,,
11,5,communication,0.6286535930198548,0.36595246721157443,-0.10450910825375884,0.5771688214007902,25,0,0.0,25,0,0,0.0,0.0,0.0,False,0.11156201021389428,logistic,False,False,False,post,post,full,none,live,,
11,6,communication,-2.3991085288413987,0.3805453216883202,-0.19618915382513707,0.6143231054860937,25,25,1.0,25,0,0,1.0,0.0,0.0,True,1.0,logistic,False,False,False,post,post,full,none,live,,
11,7,communication,1.2089083153822444,0.4538730414769896,-0.2629579303761912,0.8310760609666299,25,0,0.0,25,0,0,0.0,0.0,0.0,False,0.004235877890097796,logistic,False,False,False,post,post,full,none,live,,
11,8,communication,1.1828053209504765,0.36608261883124243,-0.3403950517091764,0.5774926350123001,25,0,0.0,25,0,0,0.0,0.0,0.0,False,0.0010896034956739244,logistic,False,False,False,post,post,full,none,live,,
11,9,communication,-0.007185102242979413,0.40960190834076554,-0.21333882329604625,0.6937724124236827,25,1,0.04,25,0,0,0.04,0.0,0.0,True,0.8771222903826592,logistic,False,False,False,post,post,full,none,live,,
12,0,communication,2.426827766879023,0.3593054177239327,0.30778574994021735,0.5608060808747598,25,0,0.0,25,0,0,0.0,0.0,0.0,False,2.0524427868199208e-13,logistic,False,False,False,post,post,full,none,live,,
12,1,communication,-1.6882725847128242,0.2807190514536975,0.36141020772828075,0.39027733463682407,25,25,1.0,25,0,0,1.0,0.0,0.0,True,0.9999999989019732,logistic,False,False,False,post,post,full,none,live,,
12,2,communication,2.092788269832659,0.2723901722690672,0.2822175493099845,0.3743629647204215,25,0,0.0,25,0,0,0.0,0.0,0.0,False,1.2480700289571237e-11,logistic,False,False,False,post,post,full,none,live,,
12,3,communication,0.2936742835503016,0.3549092243184607,0.3828626302158564,0.5501694299434039,25,0,0.0,25,0,0,0.0,0.0,0.0,False,0.43329814538289235,logistic,False,False,False,post,post,full,none,live,,
12,4,communication,2.796481636299331,0.2923458471583175,0.3342939242319325,0.41311966584858245,25,0,0.0,25,0,0,0.0,0.0,0.0,False,2.95631964651403e-19,logistic,False,False,False,post,post,full,none,live,,
12,5,communication,0.1677198773371864,0.4578930748473735,0.3732181370289465,0.8446545388042348,25,7,0.28,25,0,0,0.28,0.0,0.0,True,0.8055188732548648,logistic,False,False,False,post,post,full,none,live,,
12,6,communication,0.12897509305431532,0.3907538960685508,0.26643923434121947,0.6413728270842047,25,4,0.16,25,0,0,0.16,0.0,0.0,True,0.7241589229659616,logistic,False,False,False,post,post,full,none,live,,
12,7,communication,0.9066106660957294,0.3467485424934589,0.43877310522789004,0.5308040854849326,25,0,0.0,25,0,0,0.0,0.0,0.0,False,0.01190067414919203,logistic,False,False,False,post,post,full,none,live,,
12,8,communication,1.9528517613456238,0.2204640393199079,0.28374024118545754,0.282814456856574,25,0,0.0,25,0,0,0.0,0.0,0.0,False,2.9697434524992293e-11,logistic,False,False,False,post,post,full,none,live,,
12,9,communication,-1.2720966784125878,0.3967226776287513,0.3654477966483117,0.6576124493945648,25,24,0.96,25,0,0,0.96,0.0,0.0,True,0.9999999423808473,logistic,False,False,False,post,post,full,none,live,,
13,0,communication,-1.4533563068168651,0.5671557943334775,-0.3568152765009397,1.3103000731178396,25,23,0.92,25,0,0,0.92,0.0,0.0,True,0.9999999999974752,logistic,False,False,False,post,post,full,none,live,,
13,1,communication,-0.3265273269142558,0.5463816867399894,-0.32304953288701793,1.2044965354536021,25,1,0.04,25,0,0,0.04,0.0,0.0,True,0.9987618459506601,logistic,False,False,False,post,post,full,none,live,,
13,2,communication,-0.4522507446882519,0.4896790041211665,-0.28849744686153833,0.9595509651290772,25,6,0.24,25,0,0,0.24,0.0,0.0,True,0.9990768148289966,logistic,False,False,False,post,post,full,none,live,,
13,3,communication,0.09944749453282875,0.48864159839820576,-0.35544341953486236,0.9555755745237984,25,0,0.0,25,0,0,0.0,0.0,0.0,False,0.8977506720802599,logistic,False,False,False,post,post,full,none,live,,
13,4,communication,-0.8061046521058453,0.5042734297109187,-0.3618473316361197,1.0172410758956365,25,9,0.36,25,0,0,0.36,0.0,0.0,True,0.999994028863101,logistic,False,False,False,post,post,full,none,live,,
13,5,communication,-0.4273165352096129,0.5360306593180162,-0.27782494455717,1.1553148286266286,25,2,0.08,25,0,0,0.08,0.0,0.0,True,0.9995193177095527,logistic,False,False,False,post,post,full,none,live,,
13,6,communication,0.9614740291048844,0.5061296468048642,-0.3004428759674254,1.024822898419425,25,0,0.0,25,0,0,0.0,0.0,0.0,False,0.0664905617021764,logistic,False,False,False,post,post,full,none,live,,
13,7,communication,-1.0478377966031038,0.5039810399737645,-0.2155749343230556,1.0160519669391423,25,17,0.68,25,0,0,0.68,0.0,0.0,True,0.9999998906567219,logistic,False,False,False,post,post,full,none,live,,
13,8,communication,-1.2615570722263758,0.5323893222499853,-0.24823818192624877,1.1385311490568681,25,23,0.92,25,0,0,0.92,0.0,0.0,True,0.9999999993240258,logistic,False,False,False,post,post,full,none,live,,
13,9,communication,-0.7253521971806876,0.5545453217216993,-0.2807993058628678,1.2448972898096797,25,12,0.48,25,0,0,0.48,0.0,0.0,True,0.9999946735626346,logistic,False,False,False,post,post,full,none,live,,
14,0,communication,1.040569194043123,0.12174702260527905,-0.16353231366727222,0.13862409321563984,25,0,0.0,25,0,0,0.0,0.0,0.0,False,1.1734613722851202e-05,logistic,False,False,False,post,post,full,none,live,,
14,1,communication,-1.0809035153232036,0.05031070943218714,-0.09773213842161109,0.052975967963276395,25,25,1.0,25,0,0,1.0,0.0,0.0,True,0.9833673112544883,logistic,False,False,False,post,post,full,none,live,,
14,2,communication,0.09066726326888586,1.0,-0.18303898833843169,-0.023394995140895908,25,0,0.0,25,0,0,0.0,0.0,0.0,False,0.0,logistic,False,False,False,post,post,full,none,live,,
14,3,communication,-0.6092985515102003,1.0,-0.1459747389885559,-0.039184544307759736,25,13,0.52,25,0,0,0.52,0.0,0.0,True,0.0,logistic,False,False,False,post,post,full,none,live,,
14,4,communication,-0.6480687620992909,1.0,-0.2762422489683911,-0.1085883335542532,25,10,0.4,25,0,0,0.4,0.0,0.0,True,0.0,logistic,False,False,False,post,post,full,none,live,,
14,5,communication,-1.8397057752518695,1.0,-0.17675704812146267,-0.09684417706390556,25,25,1.0,25,0,0,1.0,0.0,0.0,True,0.0,logistic,False,False,False,post,post,full,none,live,,
14,6,communication,-0.21060739501509174,0.06950341325823776,-0.18526381606591774,0.07469496852386287,25,3,0.12,25,0,0,0.12,0.0,0.0,True,0.2926027602314834,logistic,False,False,False,post,post,full,none,live,,
14,7,communication,0.06709761797881927,0.14188720079751482,-0.20559334552642958,0.16534795999941068,25,0,0.0,25,0,0,0.0,0.0,0.0,False,0.20537333822057352,logistic,False,False,False,post,post,full,none,live,,
14,8,communication,0.0889414443575964,1.0,-0.24777339046392274,-0.14833708799887296,25,1,0.04,25,0,0,0.04,0.0,0.0,False,0.0,logistic,False,False,False,post,post,full,none,live,,
14,9,communication,-0.8238940049211712,0.21171509141190156,-0.19973511321285242,0.2685768674565972,25,13,0.52,25,0,0,0.52,0.0,0.0,True,0.9959937888506448,logistic,False,False,False,post,post,full,none,live,,
15,0,communication,-1.4790704884629,0.3821062833448511,0.4659123207790059,0.618401309230512,25,24,0.96,25,0,0,0.96,0.0,0.0,True,0.9999999982257056,logistic,False,False,False,post,post,full,none,live,,
15,1,communication,-0.9386157839020421,0.3970062274296254,0.5216352176962773,0.658391919600283,25,24,0.96,25,0,0,0.96,0.0,0.0,True,0.999986111753769,logistic,False,False,False,post,post,full,none,live,,
15,2,communication,-1.158672406145722,0.3468440375557974,0.41481411806477025,0.5310278976216609,25,23,0.92,25,0,0,0.92,0.0,0.0,True,0.9999981227845121,logistic,False,False,False,post,post,full,none,live,,
15,3,communication,0.6925396009840179,0.2515793893662181,0.4291123203950487,0.33614706194846,25,0,0.0,25,0,0,0.0,0.0,0.0,False,0.016201834089595763,logistic,False,False,False,post,post,full,none,live,,
15,4,communication,1.040193201027292,0.19879459402191654,0.39295654723445256,0.24811938678725598,25,0,0.0,25,0,0,0.0,0.0,0.0,False,0.00013081589286596834,logistic,False,False,False,post,post,full,none,live,,
15,5,communication,0.3074509888071585,0.28244319569382725,0.436885145793407,0.3936178905960345,25,5,0.2,25,0,0,0.2,0.0,0.0,False,0.25496133378860775,logistic,False,False,False,post,post,full,none,live,,
15,6,communication,1.6523754434836118,0.2813544869110342,0.39082611319657373,0.3915066354504652,25,0,0.0,25,0,0,0.0,0.0,0.0,False,1.3101462544831405e-07,logistic,False,False,False,post,post,full,none,live,,
15,7,communication,0.8455103111268853,0.38921255330469623,0.4043715186580278,0.6372307672833657,25,0,0.0,25,0,0,0.0,0.0,0.0,False,0.035744037810548364,logistic,False,False,False,post,post,full,none,live,,
15,8,communication,0.13081408156923469,0.3625381467353953,0.4978700451123145,0.5687213201523275,25,8,0.32,25,0,0,0.32,0.0,0.0,True,0.6630242124799728,logistic,False,False,False,post,post,full,none,live,,
15,9,communication,0.3064433947134118,0.3219486284063667,0.4621728961329899,0.4748145080065047,25,2,0.08,25,0,0,0.08,0.0,0.0,False,0.3406929888407344,logistic,False,False,False,post,post,full,none,live,,
16,0,communication,-0.338985284505265,0.5395238494262881,0.0997724490976061,1.1716651313082984,25,11,0.44,25,0,0,0.44,0.0,0.0,True,0.9987674711673452,logistic,False,False,False,post,post,full,none,live,,
16,1,communication,0.1152852294546152,0.607335189731801,0.05024337303208112,1.5467013438687751,25,1,0.04,25,0,0,0.04,0.0,0.0,False,0.9720969541019535,logistic,False,False,False,post,post,full,none,live,,
16,2,communication,-1.2257484749115006,0.5373074966301281,0.13997014021475374,1.1612625938756775,25,22,0.88,25,0,0,0.88,0.0,0.0,True,0.9999999988174055,logistic,False,False,False,post,post,full,none,live,,
16,3,communication,0.6816552926412326,0.5601439994851551,0.09166893924863116,1.2734713152247896,25,0,0.0,25,0,0,0.0,0.0,0.0,False,0.39986238131532037,logistic,False,False,False,post,post,full,none,live,,
16,4,communication,0.007389203795631915,0.5538981625753718,0.023902387794840073,1.24164062128293,25,3,0.12,25,0,0,0.12,0.0,0.0,True,0.9748387746586922,logistic,False,False,False,post,post,full,none,live,,
16,5,communication,-0.3310731980103757,0.5967424581717322,0.04837544494074217,1.4798048301000217,25,10,0.4,25,0,0,0.4,0.0,0.0,True,0.9995775390007829,logistic,False,False,False,post,post,full,none,live,,
16,6,communication,0.5968821467203256,0.5692236985586792,0.10659067653178976,1.3213904679856616,25,0,0.0,25,0,0,0.0,0.0,0.0,False,0.5327574668249195,logistic,False,False,False,post,post,full,none,live,,
16,7,communication,-0.20358935914115825,0.5809710218676765,-0.013583295090982606,1.3864697960917962,25,4,0.16,25,0,0,0.16,0.0,0.0,True,0.9975956689663003,logistic,False,False,False,post,post,full,none,live,,
16,8,communication,0.2533350260399383,0.5506771176638474,0.07193272593918454,1.2255710521590315,25,1,0.04,25,0,0,0.04,0.0,0.0,False,0.8683259301476823,logistic,False,False,False,post,post,full,none,live,,
16,9,communication,0.961684645752326,0.5577264435884858,0.07439497274355629,1.2610440653828017,25,0,0.0,25,0,0,0.0,0.0,0.0,False,0.11481356175626417,logistic,False,False,False,post,post,full,none,live,,
17,0,communication,-0.17032006799365945,0.42681861468783344,-0.1523668851900538,0.7446484230386845,25,1,0.04,25,0,0,0.04,0.0,0.0,True,0.9645394771515488,logistic,False,False,False,post,post,full,none,live,,
17,1,communication,0.2956865757329795,0.40552095428800705,-0.16791898330463506,0.6821450767912678,25,0,0.0,25,0,0,0.0,0.0,0.0,False,0.5505426536941546,logistic,False,False,False,post,post,full,none,live,,
17,2,communication,-0.9184078998404811,0.29907341567598505,-0.19384548177145097,0.4266829399321705,25,16,0.64,25,0,0,0.64,0.0,0.0,True,0.9997931634947034,logistic,False,False,False,post,post,full,none,live,,
17,3,communication,-1.0648679963990086,0.3478826170759941,-0.19143124284149804,0.5334662534467884,25,24,0.96,25,0,0,0.96,0.0,0.0,True,0.9999921319995441,logistic,False,False,False,post,post,full,none,live,,
17,4,communication,-0.6298146948920215,0.31692112533488953,-0.09487924245282106,0.4639597813506746,25,15,0.6,25,0,0,0.6,0.0,0.0,True,0.9963129517213087,logistic,False,False,False,post,post,full,none,live,,
17,5,communication,-1.9071723232381297,0.47067790550471933,-0.1403924345444134,0.8892088775427373,25,25,1.0,25,0,0,1.0,0.0,0.0,True,0.999999999999998,logistic,False,False,False,post,post,full,none,live,,
17,6,communication,1.1327284314090433,0.36223266493146844,-0.13510918987718204,0.567969924161363,25,0,0.0,25,0,0,0.0,0.0,0.0,False,0.0017455767214780555,logistic,False,False,False,post,post,full,none,live,,
17,7,communication,0.6324165613878102,0.3917479164053808,-0.10599593981797788,0.6440551984470774,25,0,0.0,25,0,0,0.0,0.0,0.0,False,0.1407412359478286,logistic,False,False,False,post,post,full,none,live,,
17,8,communication,-1.2817651784759105,0.33836856830736656,-0.2300419478525891,0.5114154982657453,25,23,0.92,25,0,0,0.92,0.0,0.0,True,0.9999996878205842,logistic,False,False,False,post,post,full,none,live,,
17,9,communication,1.6893706175057532,0.4883766455600465,-0.1381762299136913,0.9545628465194794,25,0,0.0,25,0,0,0.0,0.0,0.0,False,2.759885278789159e-05,logistic,False,False,False,post,post,full,none,live,,
18,0,communication,0.8240807822879672,0.4639842227066543,0.1078333779186188,0.8656167268985617,25,0,0.0,25,0,0,0.0,0.0,0.0,False,0.09839987105643211,logistic,False,False,False,post,post,full,none,live,,
18,1,communication,-0.9000932795251753,0.5248475888790451,0.09791902324889924,1.1045878682186459,25,22,0.88,25,0,0,0.88,0.0,0.0,True,0.9999992533375563,logistic,False,False,False,post,post,full,none,live,,
18,2,communication,0.156997943379023,0.5023109464358823,0.13313542956184493,1.0092867079126326,25,1,0.04,25,0,0,0.04,0.0,0.0,False,0.876330326882433,logistic,False,False,False,post,post,full,none,live,,
18,3,communication,-0.3784003335828813,0.5064450472174374,0.1520246817319296,1.0261168373697866,25,13,0.52,25,0,0,0.52,0.0,0.0,True,0.9984897339957807,logistic,False,False,False,post,post,full,none,live,,
18,4,communication,1.3288995521475213,0.5586504980052474,0.19291003901918893,1.265778018283318,25,0,0.0,25,0,0,0.0,0.0,0.0,False,0.0077613585555804864,logistic,False,False,False,post,post,full,none,live,,
18,5,communication,0.5718062253943315,0.51891766013425,0.14474096412620882,1.0786462464597186,25,0,0.0,25,0,0,0.0,0.0,0.0,False,0.44873504870186987,logistic,False,False,False,post,post,full,none,live,,
18,6,communication,-1.868813123572482,0.5516613971641665,0.13055424012379965,1.2304570556155443,25,24,0.96,25,0,0,0.96,0.0,0.0,True,0.9999999999999999,logistic,False,False,False,post,post,full,none,live,,
18,7,communication,-1.578268522297045,0.5302338095408833,0.14967991052447902,1.128718541925441,25,25,1.0,25,0,0,1.0,0.0,0.0,True,0.9999999999993949,logistic,False,False,False,post,post,full,none,live,,
18,8,communication,2.080458512354536,0.49704107201889647,0.0170755924179795,0.9882339180537832,25,0,0.0,25,0,0,0.0,0.0,0.0,False,6.268945153418909e-08,logistic,False,False,False,post,post,full,none,live,,
18,9,communication,0.021940590927509343,0.4717260057969993,0.13660111386529314,0.892957084720185,25,1,0.04,25,0,0,0.04,0.0,0.0,True,0.9234048438620265,logistic,False,False,False,post,post,full,none,live,,
19,0,communication,-1.137624814330233,0.30235490183288743,0.2133334560920265,0.4333935730749761,25,25,1.0,25,0,0,1.0,0.0,0.0,True,0.9999907511352215,logistic,False,False,False,post,post,full,none,live,,
19,1,communication,1.4905933260474822,0.25123935189794483,0.23274806444177504,0.3355402724953318,25,0,0.0,25,0,0,0.0,0.0,0.0,False,7.863278899232275e-07,logistic,False,False,False,post,post,full,none,live,,
19,2,communication,1.8023969828329092,0.25212553694893564,0.4588715630076613,0.33712280523706106,25,0,0.0,25,0,0,0.0,0.0,0.0,False,2.6832856018397452e-09,logistic,False,False,False,post,post,full,none,live,,
19,3,communication,1.5297920195382861,0.2580212641771037,0.2668866262022407,0.3477475185201144,25,0,0.0,25,0,0,0.0,0.0,0.0,False,5.075366272735528e-07,logistic,False,False,False,post,post,full,none,live,,
19,4,communication,0.3764770203149842,0.19894567236033064,0.20363081746642286,0.2483547813124361,25,0,0.0,25,0,0,0.0,0.0,0.0,False,0.07533564986867544,logistic,False,False,False,post,post,full,none,live,,
19,5,communication,0.2667702181102171,0.2709189800437483,0.2825724870797344,0.3715896760829197,25,2,0.08,25,0,0,0.08,0.0,0.0,False,0.2755185437462472,logistic,False,False,False,post,post,full,none,live,,
19,6,communication,0.04129117567829557,0.4030064915000445,0.27386338567021934,0.6750600898704321,25,7,0.28,25,0,0,0.28,0.0,0.0,True,0.8315088698458176,logistic,False,False,False,post,post,full,none,live,,
19,7,communication,-0.5368789048114606,0.19824959346278992,0.23103920872553446,0.2472709609453612,25,16,0.64,25,0,0,0.64,0.0,0.0,True,0.9454816810704673,logistic,False,False,False,post,post,full,none,live,,
19,8,communication,-0.7807127921362379,0.3136906772922241,0.23639274429970683,0.45706894386132463,25,23,0.92,25,0,0,0.92,0.0,0.0,True,0.9992181532491616,logistic,False,False,False,post,post,full,none,live,,
19,9,communication,0.883111525062962,0.3304908391906638,0.2968661451861841,0.49363154163738393,25,0,0.0,25,0,0,0.0,0.0,0.0,False,0.011285259079574584,logistic,False,False,False,post,post,full,none,live,,
20,0,communication,1.3001708796628608,1.0,0.11803828508654808,-0.23703442727895938,25,0,0.0,25,0,0,0.0,0.0,0.0,False,0.0,logistic,False,False,False,post,post,full,none,live,,
20,1,communication,0.7255065570926229,1.0,0.09016161620050228,-0.13044386253197413,25,0,0.0,25,0,0,0.0,0.0,0.0,False,0.0,logistic,False,False,False,post,post,full,none,live,,
20,2,communication,1.4308699317442493,1.0,0.1488441565277929,-0.49113555302623757,25,0,0.0,25,0,0,0.0,0.0,0.0,False,0.0,logistic,False,False,False,post,post,full,none,live,,
20,3,communication,1.0772783746958423,1.0,0.17104808246339856,-0.393346474283815,25,0,0.0,25,0,0,0.0,0.0,0.0,False,0.0,logistic,False,False,False,post,post,full,none,live,,
20,4,communication,1.4017197679774702,1.0,0.2278617876601706,-0.21285854794022932,25,0,0.0,25,0,0,0.0,0.0,0.0,False,0.0,logistic,False,False,False,post,post,full,none,live,,
20,5,communication,-0.6721501874626368,1.0,0.14823505794374392,-0.11453342241862399,25,20,0.8,25,0,0,0.8,0.0,0.0,True,0.0,logistic,False,False,False,post,post,full,none,live,,
20,6,communication,-0.20839268856219978,1.0,0.12384736575365118,-0.5170142734183016,25,15,0.6,25,0,0,0.6,0.0,0.0,True,0.0,logistic,False,False,False,post,post,full,none,live,,
20,7,communication,-0.9102777806600753,1.0,0.05511969229311714,-0.39433719688522473,25,23,0.92,25,0,0,0.92,0.0,0.0,True,0.0,logistic,False,False,False,post,post,full,none,live,,
20,8,communication,-1.628488270703062,1.0,0.09027465356341077,-0.189729963730492,25,25,1.0,25,0,0,1.0,0.0,0.0,True,0.0,logistic,False,False,False,post,post,full,none,live,,
20,9,communication,-0.8192702627112687,1.0,0.16748304869040306,-0.43149024102033684,25,22,0.88,25,0,0,0.88,0.0,0.0,True,0.0,logistic,False,False,False,post,post,full,none,live,,
21,0,communication,-0.1706914524737068,0.23683887236480042,-0.14668342527253336,0.31033927671170947,25,0,0.0,25,0,0,0.0,0.0,0.0,True,0.739539527251265,logistic,False,False,False,post,post,full,none,live,,
21,1,communication,-1.6776210991307403,0.2634887728561008,-0.19994792111989657,0.35775255440148296,25,25,1.0,25,0,0,1.0,0.0,0.0,True,0.999999997354313,logistic,False,False,False,post,post,full,none,live,,
21,2,communication,-0.4720911576614785,0.2169726628056149,-0.10412943624764703,0.2770946204548052,25,8,0.32,25,0,0,0.32,0.0,0.0,True,0.9350404738753989,logistic,False,False,False,post,post,full,none,live,,
21,3,communication,0.09887962261530185,0.3589597409628809,-0.10860527322862441,0.5599644264184905,25,0,0.0,25,0,0,0.0,0.0,0.0,False,0.6934639007108373,logistic,False,False,False,post,post,full,none,live,,
21,4,communication,0.8143151920183963,0.3194606780592993,-0.1219333999155083,0.4694228059420433,25,0,0.0,25,0,0,0.0,0.0,0.0,False,0.017056962711962508,logistic,False,False,False,post,post,full,none,live,,
21,5,communication,-1.9766030009233906,0.09974206692447203,-0.14343492826757293,0.11079276645052799,25,25,1.0,25,0,0,1.0,0.0,0.0,True,0.9999999914045423,logistic,False,False,False,post,post,full,none,live,,
21,6,communication,1.199676130273262,0.2807858172155702,-0.057202427130122635,0.39040639622610196,25,0,0.0,25,0,0,0.0,0.0,0.0,False,0.0001344901672804624,logistic,False,False,False,post,post,full,none,live,,
21,7,communication,0.6277524516719618,0.07142042970914456,-0.02564114482536707,0.0769136345383668,25,0,0.0,25,0,0,0.0,0.0,0.0,False,0.000450516972732046,logistic,False,False,False,post,post,full,none,live,,
21,8,communication,0.9151915399608012,0.24220136534834735,-0.2048658052236719,0.3196117731984081,25,0,0.0,25,0,0,0.0,0.0,0.0,False,0.001627661251211458,logistic,False,False,False,post,post,full,none,live,,
21,9,communication,0.7027263960591043,0.31312354728267316,-0.053685763918274426,0.4558658926855573,25,0,0.0,25,0,0,0.0,0.0,0.0,False,0.03707456920700257,logistic,False,False,False,post,post,full,none,live,,
22,0,communication,0.4915782184650328,0.374278802566974,0.34059167176512334,0.5981558625509643,25,0,0.0,25,0,0,0.0,0.0,0.0,False,0.23837486411928133,logistic,False,False,False,post,post,full,none,live,,
22,1,communication,0.33046769790011654,0.3854700698294525,0.3451452750045992,0.627260042033225,25,2,0.08,25,0,0,0.08,0.0,0.0,False,0.45707553211716595,logistic,False,False,False,post,post,full,none,live,,
22,2,communication,1.2695581294082698,0.39701864236286977,0.32223784934520794,0.6584260646442616,25,0,0.0,25,0,0,0.0,0.0,0.0,False,0.0007634112255146363,logistic,False,False,False,post,post,full,none,live,,
22,3,communication,0.04790092482904457,0.456631252575071,0.31270461449937165,0.8403708434448716,25,8,0.32,25,0,0,0.32,0.0,0.0,True,0.8949899355191895,logistic,False,False,False,post,post,full,none,live,,
22,4,communication,-0.7258434319421931,0.4465201303226902,0.3416056640817619,0.8067504434859044,25,23,0.92,25,0,0,0.92,0.0,0.0,True,0.9999194876746033,logistic,False,False,False,post,post,full,none,live,,
22,5,communication,1.827016343065523,0.4759310009870586,0.3930071939679046,0.9081456867005138,25,0,0.0,25,0,0,0.0,0.0,0.0,False,2.5095655272016083e-06,logistic,False,False,False,post,post,full,none,live,,
22,6,communication,-0.031092940595766616,0.3976228112681477,0.3854936640865933,0.6600894235474597,25,13,0.52,25,0,0,0.52,0.0,0.0,True,0.8789084430372195,logistic,False,False,False,post,post,full,none,live,,
22,7,communication,0.054582270610077255,0.4199600040045752,0.41459593050541865,0.7240190450726915,25,9,0.36,25,0,0,0.36,0.0,0.0,True,0.845168634041527,logistic,False,False,False,post,post,full,none,live,,
22,8,communication,-1.080142063639268,0.46191576447099797,0.3630897134161648,0.8584450797315755,25,25,1.0,25,0,0,1.0,0.0,0.0,True,0.9999997727457668,logistic,False,False,False,post,post,full,none,live,,
22,9,communication,-0.8265338736326864,0.40943726310260803,0.3064552234736016,0.6933001991518238,25,25,1.0,25,0,0,1.0,0.0,0.0,True,0.9999500657206226,logistic,False,False,False,post,post,full,none,live,,
23,0,communication,0.1913392589237543,0.49094102393974753,0.06917452006870989,0.9644089330066925,25,0,0.0,25,0,0,0.0,0.0,0.0,False,0.8354586278542484,logistic,False,False,False,post,post,full,none,live,,
23,1,communication,-2.3717875498604992,0.38151689517015513,0.009477257182555716,0.6168590414044001,25,25,1.0,25,0,0,1.0,0.0,0.0,True,1.0,logistic,False,False,False,post,post,full,none,live,,
23,2,communication,0.3728700625787336,0.5140749284651651,0.040377384009536464,1.0579304476746103,25,0,0.0,25,0,0,0.0,0.0,0.0,False,0.6935614335636682,logistic,False,False,False,post,post,full,none,live,,
23,3,communication,0.8929145655621329,0.3934854369775403,0.12740845273954265,0.6487650272017776,25,0,0.0,25,0,0,0.0,0.0,0.0,False,0.026494538365696353,logistic,False,False,False,post,post,full,none,live,,
23,4,communication,0.7511790013670674,0.4336610962810306,0.08014974301740924,0.7657271881435561,25,0,0.0,25,0,0,0.0,0.0,0.0,False,0.11020213623045999,logistic,False,False,False,post,post,full,none,live,,
23,5,communication,-0.4688707731925027,0.4401488810195349,0.053057496481738936,0.7861891601129283,25,13,0.52,25,0,0,0.52,0.0,0.0,True,0.9980083027413469,logistic,False,False,False,post,post,full,none,live,,
23,6,communication,1.2944531692085723,0.45369563727768175,0.0524283372353194,0.8304814463074155,25,0,0.0,25,0,0,0.0,0.0,0.0,False,0.0017565992680752616,logistic,False,False,False,post,post,full,none,live,,
23,7,communication,0.32402319094374055,0.306540403042423,0.05754427826567603,0.44204508004116055,25,0,0.0,25,0,0,0.0,0.0,0.0,False,0.2863918077521762,logistic,False,False,False,post,post,full,none,live,,
23,8,communication,-0.5386720237617015,0.4554993877049348,0.08807075446895235,0.8365452258813979,25,13,0.52,25,0,0,0.52,0.0,0.0,True,0.9993179131369537,logistic,False,False,False,post,post,full,none,live,,
23,9,communication,-0.943882064866317,0.41907970167317515,0.04849824835988889,0.7214065386942318,25,22,0.88,25,0,0,0.88,0.0,0.0,True,0.9999928419900495,logistic,False,False,False,post,post,full,none,live,,
24,0,communication,1.1092852932765334,0.2249465477420801,0.08626675864171099,0.2902335923887003,25,0,0.0,25,0,0,0.0,0.0,0.0,False,0.0001063691091211671,logistic,False,False,False,post,post,full,none,live,,
24,1,communication,1.002053060401565,0.31140452673044294,0.26896786948151985,0.4522314462101332,25,0,0.0,25,0,0,0.0,0.0,0.0,False,0.0026027431662447548,logistic,False,False,False,post,post,full,none,live,,
24,2,communication,0.9274783716095949,0.4540192194787652,0.18946739646823024,0.8315663035708398,25,0,0.0,25,0,0,0.0,0.0,0.0,False,0.04516017577737945,logistic,False,False,False,post,post,full,none,live,,
24,3,communication,1.0504456490090341,0.40136287442526175,0.2230522670165896,0.6704610477339208,25,0,0.0,25,0,0,0.0,0.0,0.0,False,0.00790157533953437,logistic,False,False,False,post,post,full,none,live,,
24,4,communication,1.099824577768743,0.24866776439429913,0.18797073726115404,0.3309691140748551,25,0,0.0,25,0,0,0.0,0.0,0.0,False,0.00021915162810620962,logistic,False,False,False,post,post,full,none,live,,
24,5,communication,-0.8159264999945567,0.25672264747013707,0.1734891114909386,0.345392802022476,25,23,0.92,25,0,0,0.92,0.0,0.0,True,0.9982611243719524,logistic,False,False,False,post,post,full,none,live,,
24,6,communication,1.0835139833390655,0.3776290754849691,0.1874312472795833,0.6067588645456541,25,0,0.0,25,0,0,0.0,0.0,0.0,False,0.0038532714571430835,logistic,False,False,False,post,post,full,none,live,,
24,7,communication,0.9294018006784468,0.4839695747468012,0.1534369174157843,0.9378702321851149,25,0,0.0,25,0,0,0.0,0.0,0.0,False,0.06363363661306315,logistic,False,False,False,post,post,full,none,live,,
24,8,communication,0.19657313547927852,0.3735847157575911,0.08506204138207588,0.5963850582116738,25,1,0.04,25,0,0,0.04,0.0,0.0,False,0.605521276739658,logistic,False,False,False,post,post,full,none,live,,
24,9,communication,0.43179378202664986,0.430162521328321,0.2246172011946405,0.7548863271174305,25,0,0.0,25,0,0,0.0,0.0,0.0,False,0.4280276142898578,logistic,False,False,False,post,post,full,none,live,,
25,0,communication,-1.1699265606962423,0.3217019124697747,-0.1437915989735554,0.4742780768277479,25,24,0.96,25,0,0,0.96,0.0,0.0,True,0.9999967456054398,logistic,False,False,False,post,post,full,none,live,,
25,1,communication,0.6940560258849147,0.26986110568664956,-0.03735278606497698,0.3696024246735094,25,0,0.0,25,0,0,0.0,0.0,0.0,False,0.02132015445029392,logistic,False,False,False,post,post,full,none,live,,
25,2,communication,-0.6957964376591628,0.33353883093039194,-0.10434368624606309,0.5004625121610884,25,16,0.64,25,0,0,0.64,0.0,0.0,True,0.9986543299572731,logistic,False,False,False,post,post,full,none,live,,
25,3,communication,-1.1404283654671294,0.08357817553842782,-0.06541999230517226,0.09120055121726584,25,25,1.0,25,0,0,1.0,0.0,0.0,True,0.9965186490982343,logistic,False,False,False,post,post,full,none,live,,
25,4,communication,3.005845696165875,0.2600046855847086,-0.1859883611960575,0.35135990798827116,25,0,0.0,25,0,0,0.0,0.0,0.0,False,5.848848348907364e-23,logistic,False,False,False,post,post,full,none,live,,
25,5,communication,-0.2172226346659593,0.32128594900662566,-0.09400302573611136,0.47337453606034463,25,5,0.2,25,0,0,0.2,0.0,0.0,True,0.90839278376042,logistic,False,False,False,post,post,full,none,live,,
25,6,communication,0.19958951783019044,0.28864071620556236,-0.047926083829835035,0.40575940004034755,25,1,0.04,25,0,0,0.04,0.0,0.0,False,0.39723028256173604,logistic,False,False,False,post,post,full,none,live,,
25,7,communication,-0.2800370673164304,0.25258327242318773,-0.03684811457032136,0.3379416904971927,25,5,0.2,25,0,0,0.2,0.0,0.0,True,0.8662888940531652,logistic,False,False,False,post,post,full,none,live,,
25,8,communication,-0.11909317727004348,0.38718300686463225,-0.14359790902160519,0.6318085353405103,25,3,0.12,25,0,0,0.12,0.0,0.0,True,0.919380790598544,logistic,False,False,False,post,post,full,none,live,,
25,9,communication,1.025772079827013,0.42448128602608376,-0.10714290391325737,0.7375629596734923,25,0,0.0,25,0,0,0.0,0.0,0.0,False,0.014090950178622979,logistic,False,False,False,post,post,full,none,live,,
26,0,communication,0.4471330866591859,0.4163358031825247,0.031193204848386426,0.7133139319709243,25,0,0.0,25,0,0,0.0,0.0,0.0,False,0.3767855832730874,logistic,False,False,False,post,post,full,none,live,,
26,1,communication,0.13359397659771136,0.49409074251760193,-0.05831984094293977,0.9766390616696565,25,1,0.04,25,0,0,0.04,0.0,0.0,False,0.8823552294119692,logistic,False,False,False,post,post,full,none,live,,
26,2,communication,0.7549760219971196,0.5171357101301735,-0.1478601594652076,1.0709752636078884,25,0,0.0,25,0,0,0.0,0.0,0.0,False,0.2266770528031699,logistic,False,False,False,post,post,full,none,live,,
26,3,communication,0.42008811767423154,0.5100634293827798,-0.02015060085143575,1.0410805397527352,25,0,0.0,25,0,0,0.0,0.0,0.0,False,0.6274645827711179,logistic,False,False,False,post,post,full,none,live,,
26,4,communication,2.3983546791071158,0.44355806725839503,-0.004746511379258217,0.7971327126138248,25,0,0.0,25,0,0,0.0,0.0,0.0,False,1.3884324103152e-11,logistic,False,False,False,post,post,full,none,live,,
26,5,communication,-0.7339137485158623,0.48885925826461163,-0.02336765868910392,0.9564083203480742,25,22,0.88,25,0,0,0.88,0.0,0.0,True,0.9999741692967501,logistic,False,False,False,post,post,full,none,live,,
26,6,communication,0.8418205020109102,0.4239501567856687,0.07115640872194293,0.7359608925853475,25,0,0.0,25,0,0,0.0,0.0,0.0,False,0.056517334464422135,logistic,False,False,False,post,post,full,none,live,,
26,7,communication,-0.9028538169686493,0.4422207575223269,-0.025152878896051424,0.792823977382106,25,23,0.92,25,0,0,0.92,0.0,0.0,True,0.9999928186112624,logistic,False,False,False,post,post,full,none,live,,
26,8,communication,-2.334120488715123,0.42991108617569046,-0.07600276317036792,0.754112342391876,25,25,1.0,25,0,0,1.0,0.0,0.0,True,1.0,logistic,False,False,False,post,post,full,none,live,,
26,9,communication,-0.16294087676261942,0.3798135553141832,-0.04531792090289316,0.6124183438201309,25,0,0.0,25,0,0,0.0,0.0,0.0,True,0.9336076720117797,logistic,False,False,False,post,post,full,none,live,,
27,0,communication,-0.2845199659820475,0.3770913458331437,0.11033422382326429,0.6053718202671392,25,5,0.2,25,0,0,0.2,0.0,0.0,True,0.9707706332527064,logistic,False,False,False,post,post,full,none,live,,
27,1,communication,0.7645602025710243,0.35668257303608775,0.0877993337090145,0.5544425785563187,25,0,0.0,25,0,0,0.0,0.0,0.0,False,0.042089896380760966,logistic,False,False,False,post,post,full,none,live,,
27,2,communication,0.7059614298303041,0.34547831539277757,0.09399185593023882,0.527833261322883,25,0,0.0,25,0,0,0.0,0.0,0.0,False,0.05489168815631341,logistic,False,False,False,post,post,full,none,live,,
27,3,communication,1.0334003713966204,0.39196167625693007,0.13823919838734686,0.6446331768103414,25,0,0.0,25,0,0,0.0,0.0,0.0,False,0.00792527151924477,logistic,False,False,False,post,post,full,none,live,,
27,4,communication,1.1960048124911036,0.397150912105606,0.03564241069125748,0.65878993612275,25,0,0.0,25,0,0,0.0,0.0,0.0,False,0.0017301847311743882,logistic,False,False,False,post,post,full,none,live,,
27,5,communication,0.7242090003310048,0.4815316042447324,0.13264799802871838,0.928757872585988,25,0,0.0,25,0,0,0.0,0.0,0.0,False,0.19621064138871058,logistic,False,False,False,post,post,full,none,live,,
27,6,communication,0.1528851360871316,0.41504966275822436,0.11347991472590872,0.7095468389937404,25,0,0.0,25,0,0,0.0,0.0,0.0,False,0.7451508602676558,logistic,False,False,False,post,post,full,none,live,,
27,7,communication,0.7856513306338287,0.37857399355935767,0.16233036778727383,0.6092020443877552,25,0,0.0,25,0,0,0.0,0.0,0.0,False,0.04784151205314733,logistic,False,False,False,post,post,full,none,live,,
27,8,communication,2.0644886274225995,0.40916005066002203,0.1000226397499494,0.6925057303878844,25,0,0.0,25,0,0,0.0,0.0,0.0,False,4.529484408824214e-09,logistic,False,False,False,post,post,full,none,live,,
27,9,communication,-0.04629221345591991,0.3358919188957707,0.1179863993619037,0.5057789966013886,25,2,0.08,25,0,0,0.08,0.0,0.0,True,0.8024058456902359,logistic,False,False,False,post,post,full,none,live,,
28,0,communication,-1.0144351664632363,0.3823215197547559,0.2590339807745713,0.6189652577874469,25,23,0.92,25,0,0,0.92,0.0,0.0,True,0.9999933910495415,logistic,False,False,False,post,post,full,none,live,,
28,1,communication,1.8176843718786635,0.34927533146407364,0.29729608495827947,0.5367482567549078,25,0,0.0,25,0,0,0.0,0.0,0.0,False,6.389950860011555e-08,logistic,False,False,False,post,post,full,none,live,,
28,2,communication,0.16533318985625564,0.40415345229277383,0.26448310140605386,0.6782844573790462,25,1,0.04,25,0,0,0.04,0.0,0.0,False,0.7100246487571511,logistic,False,False,False,post,post,full,none,live,,
28,3,communication,0.7353814349497025,0.3480643327449841,0.28153937216820146,0.5338936803542499,25,0,0.0,25,0,0,0.0,0.0,0.0,False,0.046322374741370374,logistic,False,False,False,post,post,full,none,live,,
28,4,communication,-0.4079123989146385,0.41434137119663905,0.206924416014487,0.7074793246762818,25,14,0.56,25,0,0,0.56,0.0,0.0,True,0.9942061013329424,logistic,False,False,False,post,post,full,none,live,,
28,5,communication,1.756948473912642,0.4753546524812532,0.22605552800886045,0.9060494955866689,25,0,0.0,25,0,0,0.0,0.0,0.0,False,7.32801716960889e-06,logistic,False,False,False,post,post,full,none,live,,
28,6,communication,1.06065313124531,0.4300420670143796,0.37591543189046966,0.7545154512749439,25,0,0.0,25,0,0,0.0,0.0,0.0,False,0.011354237326301895,logistic,False,False,False,post,post,full,none,live,,
28,7,communication,0.21926222544561155,0.45236714554382074,0.2589018497217652,0.8260409174921379,25,0,0.0,25,0,0,0.0,0.0,0.0,False,0.7445167272014848,logistic,False,False,False,post,post,full,none,live,,
28,8,communication,-0.7955711487973961,0.4321567235219251,0.28868291699640614,0.7610492919847244,25,24,0.96,25,0,0,0.96,0.0,0.0,True,0.9999560076343379,logistic,False,False,False,post,post,full,none,live,,
28,9,communication,3.307542551925358,0.4138919502388958,0.3091951401833884,0.7061700490337863,25,0,0.0,25,0,0,0.0,0.0,0.0,False,3.00973096216299e-23,logistic,False,False,False,post,post,full,none,live,,
29,0,communication,-1.7646215847025446,0.4448214644318753,-0.25631918814735255,0.8012223743064582,25,24,0.96,25,0,0,0.96,0.0,0.0,True,0.9999999999997514,logistic,False,False,False,post,post,full,none,live,,
29,1,communication,-0.5653445166362623,0.32243520244538515,-0.271498271791305,0.47587360442732474,25,4,0.16,25,0,0,0.16,0.0,0.0,True,0.9937616314204177,logistic,False,False,False,post,post,full,none,live,,
29,2,communication,-0.16880782894742988,0.41673727887072826,-0.32469841548608513,0.7144932528241668,25,0,0.0,25,0,0,0.0,0.0,0.0,True,0.9592081067386197,logistic,False,False,False,post,post,full,none,live,,
29,3,communication,0.4815273941493082,0.5192724943427078,-0.22240335640789627,1.0801805351926215,25,0,0.0,25,0,0,0.0,0.0,0.0,False,0.5691241614198079,logistic,False,False,False,post,post,full,none,live,,
29,4,communication,-0.9110449730814605,0.3387272808810585,-0.24586162772549802,0.5122353774587403,25,14,0.56,25,0,0,0.56,0.0,0.0,True,0.9999115715741423,logistic,False,False,False,post,post,full,none,live,,
29,5,communication,-0.3839347038165034,0.3666362901394028,-0.2805753565541079,0.57887164109876,25,6,0.24,25,0,0,0.24,0.0,0.0,True,0.9846572653825814,logistic,False,False,False,post,post,full,none,live,,
29,6,communication,-0.42840040256589085,0.41370855161884007,-0.24430913058181386,0.7056363396756894,25,3,0.12,25,0,0,0.12,0.0,0.0,True,0.9951874470239883,logistic,False,False,False,post,post,full,none,live,,
29,7,communication,-0.14101165249890854,0.42914850297557505,-0.1469393746071283,0.7517690769184637,25,3,0.12,25,0,0,0.12,0.0,0.0,True,0.9574644641988609,logistic,False,False,False,post,post,full,none,live,,
29,8,communication,0.8070879554094113,0.4477156991543859,-0.23108664728645345,0.8106616437745542,25,0,0.0,25,0,0,0.0,0.0,0.0,False,0.0918675366909682,logistic,False,False,False,post,post,full,none,live,,
29,9,communication,-0.2966414971398103,0.38277393687076094,-0.2324549006794824,0.6201519341716669,25,2,0.08,25,0,0,0.08,0.0,0.0,True,0.975380403760823,logistic,False,False,False,post,post,full,none,live,,
30,0,communication,0.13246382909324067,0.32737270004018587,0.043542188394066456,0.4867074233527908,25,0,0.0,25,0,0,0.0,0.0,0.0,False,0.580243578842537,logistic,False,False,False,post,post,full,none,live,,
30,1,communication,-0.38230547360646605,0.38416450285747183,0.13162311303962512,0.6238102620586051,25,14,0.56,25,0,0,0.56,0.0,0.0,True,0.9880998776897955,logistic,False,False,False,post,post,full,none,live,,
30,2,communication,-0.8369128230725829,0.36124171851039166,0.10247656485778017,0.565537432513536,25,21,0.84,25,0,0,0.84,0.0,0.0,True,0.9998629947111064,logistic,False,False,False,post,post,full,none,live,,
30,3,communication,1.0633468349687503,0.3577983699859164,0.21136390931600402,0.5571433538374385,25,0,0.0,25,0,0,0.0,0.0,0.0,False,0.003302018869104791,logistic,False,False,False,post,post,full,none,live,,
30,4,communication,2.3417061634032943,0.3125579080792698,0.19513395163558173,0.45466798113274576,25,0,0.0,25,0,0,0.0,0.0,0.0,False,2.0466424549450405e-13,logistic,False,False,False,post,post,full,none,live,,
30,5,communication,0.6363902032854967,0.30351901324902186,0.18253032303685313,0.43578937404294554,25,0,0.0,25,0,0,0.0,0.0,0.0,False,0.05220106396562632,logistic,False,False,False,post,post,full,none,live,,
30,6,communication,0.684494463723401,0.3648376315543795,0.18674894903718953,0.5744005779927045,25,0,0.0,25,0,0,0.0,0.0,0.0,False,0.07911046749892514,logistic,False,False,False,post,post,full,none,live,,
30,7,communication,-0.6961263735337726,0.32831195940334584,0.11182344493590285,0.48878637039854017,25,20,0.8,25,0,0,0.8,0.0,0.0,True,0.9985120444602414,logistic,False,False,False,post,post,full,none,live,,
30,8,communication,0.553822895868309,0.41822836785586276,0.2180305193458286,0.7188875234677037,25,0,0.0,25,0,0,0.0,0.0,0.0,False,0.25513748817373777,logistic,False,False,False,post,post,full,none,live,,
30,9,communication,-0.7951380684874026,0.4502737793037993,0.15066895763379548,0.8190873244749908,25,24,0.96,25,0,0,0.96,0.0,0.0,True,0.9999716817244568,logistic,False,False,False,post,post,full,none,live,,
31,0,communication,0.7670374854306478,0.26173704597365,0.5574067792158981,0.3545309222766555,25,0,0.0,25,0,0,0.0,0.0,0.0,False,0.010107474622707899,logistic,False,False,False,post,post,full,none,live,,
31,1,communication,-1.1949629176217569,0.13184448811221278,0.5756353214021412,0.15186736282480023,25,25,1.0,25,0,0,1.0,0.0,0.0,True,0.9995250788907022,logistic,False,False,False,post,post,full,none,live,,
31,2,communication,0.9298065811066065,0.18817927555875177,0.5162407602495301,0.23179905352658975,25,0,0.0,25,0,0,0.0,0.0,0.0,False,0.0003943694263422649,logistic,False,False,False,post,post,full,none,live,,
31,3,communication,0.8625076369160225,0.16648478710411568,0.5195995810409193,0.19973815057999617,25,0,0.0,25,0,0,0.0,0.0,0.0,False,0.0005041044565866571,logistic,False,False,False,post,post,full,none,live,,
31,4,communication,2.9937600126743855,0.2406999300997019,0.4814418753054537,0.31700238106300666,25,0,0.0,25,0,0,0.0,0.0,0.0,False,2.518421805683439e-23,logistic,False,False,False,post,post,full,none,live,,
31,5,communication,0.6642595096418983,0.2749623899297945,0.5906410191844897,0.3792387954925122,25,2,0.08,25,0,0,0.08,0.0,0.0,False,0.029011116439917318,logistic,False,False,False,post,post,full,none,live,,
31,6,communication,1.4059028044925506,0.33445679964731395,0.5614867572291531,0.5025320662431498,25,0,0.0,25,0,0,0.0,0.0,0.0,False,3.1788388854574396e-05,logistic,False,False,False,post,post,full,none,live,,
31,7,communication,0.8594922585550032,1.0,0.5573150629356338,-0.17570700836308228,25,3,0.12,25,0,0,0.12,0.0,0.0,False,0.0,logistic,False,False,False,post,post,full,none,live,,
31,8,communication,-0.5120775546957984,0.14636325598582695,0.6038212772650314,0.17145847693664515,25,25,1.0,25,0,0,1.0,0.0,0.0,True,0.8734066806549188,logistic,False,False,False,post,post,full,none,live,,
31,9,communication,1.712966130085316,0.3634216243837455,0.5384591060376002,0.5708984758269973,25,0,0.0,25,0,0,0.0,0.0,0.0,False,6.241610518880063e-07,logistic,False,False,False,post,post,full,none,live,,
32,0,communication,1.8258328013576373,0.4431281128858151,0.23590644959741575,0.7957451671374337,25,0,0.0,25,0,0,0.0,0.0,0.0,False,1.0067798505548923e-06,logistic,False,False,False,post,post,full,none,live,,
32,1,communication,-0.36828671318330664,0.46794552598352496,0.21360885226417103,0.8795067964582796,25,18,0.72,25,0,0,0.72,0.0,0.0,True,0.9966053433358322,logistic,False,False,False,post,post,full,none,live,,
32,2,communication,-1.888979156304226,0.5481445014324079,0.15143177240954447,1.2130968930776707,25,23,0.92,25,0,0,0.92,0.0,0.0,True,0.9999999999999999,logistic,False,False,False,post,post,full,none,live,,
32,3,communication,-1.1402080385335611,0.5046814690706689,0.24780318856821532,1.018902862616044,25,25,1.0,25,0,0,1.0,0.0,0.0,True,0.9999999804312419,logistic,False,False,False,post,post,full,none,live,,
32,4,communication,0.01720520104484735,0.500399812137499,0.1490629293725823,1.0016005283713345,25,0,0.0,25,0,0,0.0,0.0,0.0,False,0.946481034381182,logistic,False,False,False,post,post,full,none,live,,
32,5,communication,2.161542412882871,0.4393015711692588,0.12636722100194434,0.783489927170585,25,0,0.0,25,0,0,0.0,0.0,0.0,False,1.890008094324407e-09,logistic,False,False,False,post,post,full,none,live,,
32,6,communication,-1.4639314414263729,0.4804852777790135,0.24618169787636365,0.9248732658140706,25,25,1.0,25,0,0,1.0,0.0,0.0,True,0.9999999999372198,logistic,False,False,False,post,post,full,none,live,,
32,7,communication,-2.4740563146786907,0.4204961192965204,0.08490018661600235,0.7256139834405695,25,24,0.96,25,0,0,0.96,0.0,0.0,True,1.0,logistic,False,False,False,post,post,full,none,live,,
32,8,communication,0.4299640396484191,0.4371925917079265,0.12780248183205994,0.7768067464404127,25,0,0.0,25,0,0,0.0,0.0,0.0,False,0.44670298300811023,logistic,False,False,False,post,post,full,none,live,,
32,9,communication,1.140009193711704,0.40816126414256476,0.1436901166702993,0.6896494592420265,25,0,0.0,25,0,0,0.0,0.0,0.0,False,0.0037726111116421763,logistic,False,False,False,post,post,full,none,live,,
33,0,communication,1.0633092096851557,1.0,0.5441147131531987,-0.19151169981148022,25,0,0.0,25,0,0,0.0,0.0,0.0,False,0.0,logistic,False,False,False,post,post,full,none,live,,
33,1,communication,1.083471054588434,0.14137668321568805,0.5171091833466078,0.16465507103297333,25,0,0.0,25,0,0,0.0,0.0,0.0,False,1.251831361321513e-05,logistic,False,False,False,post,post,full,none,live,,
33,2,communication,0.9939639326830005,1.0,0.5553492311267048,-0.166640890669465,25,0,0.0,25,0,0,0.0,0.0,0.0,False,0.0,logistic,False,False,False,post,post,full,none,live,,
33,3,communication,-0.13122456502639512,0.0683835294904402,0.5741713607633673,0.073403091996685,25,21,0.84,25,0,0,0.84,0.0,0.0,True,0.2053738957162471,logistic,False,False,False,post,post,full,none,live,,
33,4,communication,0.3092654969687003,1.0,0.5340658336116546,-0.035353600096436635,25,6,0.24,25,0,0,0.24,0.0,0.0,False,0.0,logistic,False,False,False,post,post,full,none,live,,
33,5,communication,0.8712834894392008,1.0,0.5026418781759054,-0.024295875227416566,25,0,0.0,25,0,0,0.0,0.0,0.0,False,0.0,logistic,False,False,False,post,post,full,none,live,,
33,6,communication,0.26278521360958057,0.1606410822342056,0.5906612169629322,0.19138544767213533,25,6,0.24,25,0,0,0.24,0.0,0.0,False,0.09137967285727755,logistic,False,False,False,post,post,full,none,live,,
33,7,communication,1.6083814866673272,1.0,0.5367483780429971,-0.10451066032343581,25,0,0.0,25,0,0,0.0,0.0,0.0,False,0.0,logistic,False,False,False,post,post,full,none,live,,
33,8,communication,0.5863955001759317,1.0,0.549214374896757,-0.011839239356505424,25,1,0.04,25,0,0,0.04,0.0,0.0,False,0.0,logistic,False,False,False,post,post,full,none,live,,
33,9,communication,1.4804642917051305,0.19080706095798472,0.4980281657994323,0.23579921641911109,25,0,0.0,25,0,0,0.0,0.0,0.0,False,1.1470029373454902e-07,logistic,False,False,False,post,post,full,none,live,,
34,0,communication,-0.3763838029428085,0.45828935682268357,0.42468580656773935,0.8460039738829226,25,19,0.76,25,0,0,0.76,0.0,0.0,True,0.9962913026319621,logistic,False,False,False,post,post,full,none,live,,
34,1,communication,1.5089369298758095,0.43351738266526574,0.4163911709879591,0.7652792325825253,25,0,0.0,25,0,0,0.0,0.0,0.0,False,8.7659470335879e-05,logistic,False,False,False,post,post,full,none,live,,
34,2,communication,-0.23974356384079143,0.4467659078442802,0.32579786381942555,0.8075531030696644,25,19,0.76,25,0,0,0.76,0.0,0.0,True,0.9844006192028616,logistic,False,False,False,post,post,full,none,live,,
34,3,communication,0.7654880443436365,0.43746268300442337,0.2894947942526035,0.7776598454673955,25,0,0.0,25,0,0,0.0,0.0,0.0,False,0.10549948318202906,logistic,False,False,False,post,post,full,none,live,,
34,4,communication,3.067476929528413,0.486381772304972,0.3974291084216252,0.9469714003097488,25,0,0.0,25,0,0,0.0,0.0,0.0,False,2.865466950015707e-18,logistic,False,False,False,post,post,full,none,live,,
34,5,communication,-0.7745857042249704,0.3818149587564752,0.39109314456434197,0.6176386248176212,25,24,0.96,25,0,0,0.96,0.0,0.0,True,0.9998102553108392,logistic,False,False,False,post,post,full,none,live,,
34,6,communication,0.09368238772280407,0.5073778402781696,0.4427527391631125,1.029953343074683,25,18,0.72,25,0,0,0.72,0.0,0.0,True,0.9188652713129422,logistic,False,False,False,post,post,full,none,live,,
34,7,communication,1.8703197140008188,0.4230300075061309,0.47198642736006013,0.7331923895689011,25,0,0.0,25,0,0,0.0,0.0,0.0,False,2.6045429908178284e-07,logistic,False,False,False,post,post,full,none,live,,
34,8,communication,0.19614663021833542,0.4222903640560819,0.3800902812273247,0.7309733779428881,25,5,0.2,25,0,0,0.2,0.0,0.0,True,0.7115009257951761,logistic,False,False,False,post,post,full,none,live,,
34,9,communication,0.7701353072216035,0.4580440547515856,0.4175798037116147,0.8451684288501228,25,0,0.0,25,0,0,0.0,0.0,0.0,False,0.1259665328096065,logistic,False,False,False,post,post,full,none,live,,
35,0,communication,-0.11652261404645764,0.27439648950095286,-0.3191345435386755,0.3781631228771642,25,1,0.04,25,0,0,0.04,0.0,0.0,True,0.7591259898667351,logistic,False,False,False,post,post,full,none,live,,
35,1,communication,0.8343936308291737,0.20828771948355837,-0.3031545581461365,0.2630851189370086,25,0,0.0,25,0,0,0.0,0.0,0.0,False,0.0018694086122642683,logistic,False,False,False,post,post,full,none,live,,
35,2,communication,0.7092083918096577,0.35855484356041667,-0.23876953147783092,0.5589797349949877,25,0,0.0,25,0,0,0.0,0.0,0.0,False,0.06286375582894475,logistic,False,False,False,post,post,full,none,live,,
35,3,communication,-0.6683767859014311,0.36452319970269453,-0.3198946643185546,0.5736215697129364,25,6,0.24,25,0,0,0.24,0.0,0.0,True,0.9990212495032483,logistic,False,False,False,post,post,full,none,live,,
35,4,communication,-0.1600712997260031,0.33686487615694266,-0.27541890486005055,0.5079882878239272,25,0,0.0,25,0,0,0.0,0.0,0.0,True,0.8916627405231018,logistic,False,False,False,post,post,full,none,live,,
35,5,communication,-0.7518573452876275,0.2893979741569847,-0.29930474996595646,0.40725745724361034,25,8,0.32,25,0,0,0.32,0.0,0.0,True,0.9982255805160452,logistic,False,False,False,post,post,full,none,live,,
35,6,communication,0.03430873659091943,0.2883539295902958,-0.2943788891981311,0.4051928923380222,25,0,0.0,25,0,0,0.0,0.0,0.0,False,0.613562897710352,logistic,False,False,False,post,post,full,none,live,,
35,7,communication,-0.4051060507258788,0.17719362243182868,-0.38854420217344376,0.2153527576627805,25,0,0.0,25,0,0,0.0,0.0,0.0,True,0.8449198860599898,logistic,False,False,False,post,post,full,none,live,,
35,8,communication,1.5170458218389786,0.4460550309682768,-0.2970994221635661,0.8052334724656236,25,0,0.0,25,0,0,0.0,0.0,0.0,False,0.00010544378002577287,logistic,False,False,False,post,post,full,none,live,,
35,9,communication,-0.570714027366322,0.33014491522118744,-0.26098140754077764,0.4928602062193825,25,6,0.24,25,0,0,0.24,0.0,0.0,True,0.9948166271642118,logistic,False,False,False,post,post,full,none,live,,
36,0,communication,0.8529014155097456,0.2396691636324523,-0.008669967908439862,0.31521694526748756,25,0,0.0,25,0,0,0.0,0.0,0.0,False,0.0029663802462854883,logistic,False,False,False,post,post,full,none,live,,
36,1,communication,1.2226484887011362,0.30632668161418686,-0.09235158413455273,0.4416007845407879,25,0,0.0,25,0,0,0.0,0.0,0.0,False,0.00018493681779223898,logistic,False,False,False,post,post,full,none,live,,
36,2,communication,1.2668528284691591,0.1507810212260053,0.10411831768388485,0.17755258065909657,25,0,0.0,25,0,0,0.0,0.0,0.0,False,1.0004727052542462e-06,logistic,False,False,False,post,post,full,none,live,,
36,3,communication,0.5900237548732585,0.1869237247065506,0.019718032678324494,0.2298969117492544,25,0,0.0,25,0,0,0.0,0.0,0.0,False,0.012775910324494691,logistic,False,False,False,post,post,full,none,live,,
36,4,communication,-2.5435127644812123,0.25388316386649756,0.011133314412316747,0.3402726645094366,25,24,0.96,25,0,0,0.96,0.0,0.0,True,1.0,logistic,False,False,False,post,post,full,none,live,,
36,5,communication,-0.3454211765336412,0.37514549927617175,0.03237717446084494,0.6003725648796722,25,6,0.24,25,0,0,0.24,0.0,0.0,True,0.9814032293601612,logistic,False,False,False,post,post,full,none,live,,
36,6,communication,-0.4743804313068021,0.26748020679816836,-0.03832386948590813,0.36515082497500423,25,9,0.36,25,0,0,0.36,0.0,0.0,True,0.9680170204253603,logistic,False,False,False,post,post,full,none,live,,
36,7,communication,1.367329764748264,0.30913328385472877,-0.004804282923712579,0.447457196345418,25,0,0.0,25,0,0,0.0,0.0,0.0,False,2.8411467602860285e-05,logistic,False,False,False,post,post,full,none,live,,
36,8,communication,2.756386284635533,0.31790694704395855,-0.020780332188115484,0.466075626582355,25,0,0.0,25,0,0,0.0,0.0,0.0,False,3.922945781424547e-18,logistic,False,False,False,post,post,full,none,live,,
36,9,communication,1.8466277584856505,0.3306771831564475,0.0729340294614487,0.49404737868624005,25,0,0.0,25,0,0,0.0,0.0,0.0,False,1.9959172708201622e-08,logistic,False,False,False,post,post,full,none,live,,
37,0,communication,-1.752001789840536,0.18436480341160846,0.045455818580300754,0.2260383124499319,25,24,0.96,25,0,0,0.96,0.0,0.0,True,0.9999999861749104,logistic,False,False,False,post,post,full,none,live,,
37,1,communication,0.7668047658521869,0.34795958814926853,0.05199961723994693,0.5336472737351213,25,0,0.0,25,0,0,0.0,0.0,0.0,False,0.0369699057777425,logistic,False,False,False,post,post,full,none,live,,
37,2,communication,0.29654722368280256,0.2330294929332735,0.15347116466235255,0.3038311001351189,25,1,0.04,25,0,0,0.04,0.0,0.0,False,0.17344672301788877,logistic,False,False,False,post,post,full,none,live,,
37,3,communication,-0.36849111662706496,0.1829540410710902,0.12768798763714584,0.22392135848873201,25,11,0.44,25,0,0,0.44,0.0,0.0,True,0.8248444011100113,logistic,False,False,False,post,post,full,none,live,,
37,4,communication,-0.3080405223040982,0.014670391262211806,0.009359784515892158,0.014888816018636286,25,10,0.4,25,0,0,0.4,0.0,0.0,True,0.13497574384434985,logistic,False,False,False,post,post,full,none,live,,
37,5,communication,-0.7052472166579112,0.1436035999315551,0.14180127841434217,0.1676835632658872,25,19,0.76,25,0,0,0.76,0.0,0.0,True,0.9612378169229894,logistic,False,False,False,post,post,full,none,live,,
37,6,communication,-0.8069698101913837,0.22168510817291648,0.20730148012544725,0.284827016032693,25,25,1.0,25,0,0,1.0,0.0,0.0,True,0.9961199721828218,logistic,False,False,False,post,post,full,none,live,,
37,7,communication,-1.5778825374293621,0.25813760907182637,0.17045543950680775,0.34795888324903507,25,25,1.0,25,0,0,1.0,0.0,0.0,True,0.9999999776209759,logistic,False,False,False,post,post,full,none,live,,
37,8,communication,-0.2740977939280249,0.21079223806792688,0.11199509837409719,0.2670934679505467,25,9,0.36,25,0,0,0.36,0.0,0.0,True,0.7917833746967131,logistic,False,False,False,post,post,full,none,live,,
37,9,communication,-0.42282449374658376,0.34162295095543727,0.07650694982338614,0.5188864822235234,25,17,0.68,25,0,0,0.68,0.0,0.0,True,0.9838274778099609,logistic,False,False,False,post,post,full,none,live,,
38,0,communication,0.9410802094893844,0.5220587617174447,0.45928559281424836,1.0923074217102968,25,0,0.0,25,0,0,0.0,0.0,0.0,False,0.08989257679908108,logistic,False,False,False,post,post,full,none,live,,
38,1,communication,-0.14235831294695572,0.49801088703775537,0.4231039878993356,0.9920750752919446,25,11,0.44,25,0,0,0.44,0.0,0.0,True,0.983396766040042,logistic,False,False,False,post,post,full,none,live,,
38,2,communication,0.8894176377728416,0.5450148253142366,0.4887108025434452,1.1978738113624308,25,0,0.0,25,0,0,0.0,0.0,0.0,False,0.15034999954462414,logistic,False,False,False,post,post,full,none,live,,
38,3,communication,0.014637746605911106,0.5395827518231552,0.44011083542280377,1.1719429581749794,25,14,0.56,25,0,0,0.56,0.0,0.0,True,0.9677854790657897,logistic,False,False,False,post,post,full,none,live,,
38,4,communication,0.3470755364787964,0.5338648851917236,0.5345632661642217,1.1453007255445764,25,4,0.16,25,0,0,0.16,0.0,0.0,False,0.76040937906883,logistic,False,False,False,post,post,full,none,live,,
38,5,communication,-2.4293856474984032,0.5179000184053069,0.542931407206293,1.0742585317929159,25,25,1.0,25,0,0,1.0,0.0,0.0,True,1.0,logistic,False,False,False,post,post,full,none,live,,
38,6,communication,-1.1685759510610954,0.4912414429264482,0.453543215785537,0.9655689051249291,25,25,1.0,25,0,0,1.0,0.0,0.0,True,0.9999999821364755,logistic,False,False,False,post,post,full,none,live,,
38,7,communication,2.5186596392782206,0.5404801231561901,0.42671050386877446,1.176184427251443,25,0,0.0,25,0,0,0.0,0.0,0.0,False,4.227112220668997e-11,logistic,False,False,False,post,post,full,none,live,,
38,8,communication,1.0147670241948,0.5266337998569007,0.3904306995711767,1.1125293688009381,25,0,0.0,25,0,0,0.0,0.0,0.0,False,0.059344496766256666,logistic,False,False,False,post,post,full,none,live,,
38,9,communication,0.43055178801955674,0.5276872231815778,0.48524968156338055,1.117241051017436,25,2,0.08,25,0,0,0.08,0.0,0.0,False,0.6529296859776413,logistic,False,False,False,post,post,full,none,live,,
39,0,communication,0.9230541807804662,1.0,-0.14978532098369696,-0.28199213243548915,25,0,0.0,25,0,0,0.0,0.0,0.0,False,0.0,logistic,False,False,False,post,post,full,none,live,,
39,1,communication,1.8129005799354552,1.0,-0.17918414860012344,-0.3215864592014318,25,0,0.0,25,0,0,0.0,0.0,0.0,False,0.0,logistic,False,False,False,post,post,full,none,live,,
39,2,communication,-0.897636686901776,1.0,-0.10880843427315115,-0.6445317701148361,25,21,0.84,25,0,0,0.84,0.0,0.0,True,0.0,logistic,False,False,False,post,post,full,none,live,,
39,3,communication,0.055504251794564446,1.0,-0.07917436526627758,-0.3989965817908656,25,0,0.0,25,0,0,0.0,0.0,0.0,False,0.0,logistic,False,False,False,post,post,full,none,live,,
39,4,communication,-1.4447653116258368,1.0,-0.07886866393163466,-0.3132621974898132,25,24,0.96,25,0,0,0.96,0.0,0.0,True,0.0,logistic,False,False,False,post,post,full,none,live,,
39,5,communication,-0.9077441670619217,1.0,-0.10793480011060594,-0.60649025393582,25,25,1.0,25,0,0,1.0,0.0,0.0,True,0.0,logistic,False,False,False,post,post,full,none,live,,
39,6,communication,-0.34467631192275705,1.0,-0.05151063498895726,-0.30161090238388816,25,6,0.24,25,0,0,0.24,0.0,0.0,True,0.0,logistic,False,False,False,post,post,full,none,live,,
39,7,communication,2.635947693451161,1.0,-0.017704635551425096,-0.5309569784848489,25,0,0.0,25,0,0,0.0,0.0,0.0,False,0.0,logistic,False,False,False,post,post,full,none,live,,
39,8,communication,0.6605882046946034,1.0,-0.10236992020798788,-0.39599083197117685,25,0,0.0,25,0,0,0.0,0.0,0.0,False,0.0,logistic,False,False,False,post,post,full,none,live,,
39,9,communication,-1.1713229256415576,1.0,-0.1828824740334455,-0.20088243852987095,25,23,0.92,25,0,0,0.92,0.0,0.0,True,0.0,logistic,False,False,False,post,post,full,none,live,,
40,0,communication,-0.035837846328561865,0.5808599031699809,-0.12678040334323773,1.3858371164273195,25,1,0.04,25,0,0,0.04,0.0,0.0,True,0.9880817066898759,logistic,False,False,False,post,post,full,none,live,,
40,1,communication,0.6837566668851939,0.45373439963288453,-0.14890034359332524,0.8306113350867312,25,0,0.0,25,0,0,0.0,0.0,0.0,False,0.18862550126635197,logistic,False,False,False,post,post,full,none,live,,
40,2,communication,-1.6965518778492696,0.4325688799383863,-0.16805284715325475,0.7623284388974233,25,23,0.92,25,0,0,0.92,0.0,0.0,True,0.9999999999978543,logistic,False,False,False,post,post,full,none,live,,
40,3,communication,-0.8985210505238103,0.419887236891298,-0.21378082538842547,0.7238027907560778,25,18,0.72,25,0,0,0.72,0.0,0.0,True,0.9999862058957998,logistic,False,False,False,post,post,full,none,live,,
40,4,communication,-0.27816546712831913,0.5036428365462142,-0.2197482993422482,1.0146782873883253,25,3,0.12,25,0,0,0.12,0.0,0.0,True,0.9955407042058625,logistic,False,False,False,post,post,full,none,live,,
40,5,communication,-1.1579078462019985,0.464507388468458,-0.2170599756382724,0.8674393977910136,25,22,0.88,25,0,0,0.88,0.0,0.0,True,0.9999999478207721,logistic,False,False,False,post,post,full,none,live,,
40,6,communication,0.029847164929426656,0.416369815198089,-0.16480994916539898,0.7134137781777145,25,0,0.0,25,0,0,0.0,0.0,0.0,False,0.8593089200251083,logistic,False,False,False,post,post,full,none,live,,
40,7,communication,-0.6586095066784021,0.49020068174291825,-0.18672723522384382,0.9615561735524326,25,7,0.28,25,0,0,0.28,0.0,0.0,True,0.9999290410448637,logistic,False,False,False,post,post,full,none,live,,
40,8,communication,0.3856379157067452,0.4874626476752346,-0.16574075003295452,0.9510773126372215,25,0,0.0,25,0,0,0.0,0.0,0.0,False,0.6209527908293194,logistic,False,False,False,post,post,full,none,live,,
40,9,communication,0.2347900310884123,0.46857699383706375,-0.18123091090791676,0.8817401362059142,25,0,0.0,25,0,0,0.0,0.0,0.0,False,0.7581744857190029,logistic,False,False,False,post,post,full,none,live,,
41,0,communication,-1.5748483207316966,0.06819386398998385,0.15084839801186253,0.07318460498874718,25,25,1.0,25,0,0,1.0,0.0,0.0,True,0.9999666033780156,logistic,False,False,False,post,post,full,none,live,,
41,1,communication,0.5618281417197726,0.14095409063160722,0.11773416356781888,0.1640821393762793,25,0,0.0,25,0,0,0.0,0.0,0.0,False,0.006588375103772312,logistic,False,False,False,post,post,full,none,live,,
41,2,communication,-0.6404888339961149,0.013037543926757806,0.2256816007255459,0.013209766842225551,25,20,0.8,25,0,0,0.8,0.0,0.0,True,0.481387974796393,logistic,False,False,False,post,post,full,none,live,,
41,3,communication,0.0819561822943779,0.05724200623595824,0.2017012931715486,0.06071760368471091,25,3,0.12,25,0,0,0.12,0.0,0.0,True,0.0483832531439932,logistic,False,False,False,post,post,full,none,live,,
41,4,communication,-0.30613807202018856,0.10605447869395117,0.3150347085996527,0.11863640027974662,25,20,0.8,25,0,0,0.8,0.0,0.0,True,0.5502083894744939,logistic,False,False,False,post,post,full,none,live,,
41,5,communication,1.6001806713598972,0.2023342455245407,0.16745742820085202,0.2536579317706758,25,0,0.0,25,0,0,0.0,0.0,0.0,False,1.9780467232938265e-08,logistic,False,False,False,post,post,full,none,live,,
41,6,communication,0.15226458998608802,0.2111863549547206,0.18169622841302782,0.2677265489526339,25,4,0.16,25,0,0,0.16,0.0,0.0,True,0.2722886677095979,logistic,False,False,False,post,post,full,none,live,,
41,7,communication,0.9938317647179039,0.26380655460022573,0.1754381473418858,0.35833863537995936,25,0,0.0,25,0,0,0.0,0.0,0.0,False,0.0010880909604068759,logistic,False,False,False,post,post,full,none,live,,
41,8,communication,-0.5247345442678639,0.27179082450885583,0.1490121364384594,0.3732318043446036,25,14,0.56,25,0,0,0.56,0.0,0.0,True,0.9797042575820891,logistic,False,False,False,post,post,full,none,live,,
41,9,communication,-0.5429290144983632,0.19170855945497328,0.12423111483591914,0.2371775201846814,25,18,0.72,25,0,0,0.72,0.0,0.0,True,0.942622308736569,logistic,False,False,False,post,post,full,none,live,,
42,0,communication,1.1559904820710951,0.16287536355952356,0.7321229294580907,0.19456524927050667,25,0,0.0,25,0,0,0.0,0.0,0.0,False,8.81007244889448e-06,logistic,False,False,False,post,post,full,none,live,,
42,1,communication,0.4411766920861711,0.24333328560310938,0.7428045227742908,0.3215858197186073,25,7,0.28,25,0,0,0.28,0.0,0.0,False,0.0876930967101685,logistic,False,False,False,post,post,full,none,live,,
42,2,communication,2.4881214099029343,0.21893596613429975,0.7964774794251479,0.2803047594583578,25,0,0.0,25,0,0,0.0,0.0,0.0,False,3.72259993839517e-17,logistic,False,False,False,post,post,full,none,live,,
42,3,communication,-0.1596437676696345,0.2515219100046441,0.8379215522853499,0.33604445255866433,25,23,0.92,25,0,0,0.92,0.0,0.0,True,0.7582998289724108,logistic,False,False,False,post,post,full,none,live,,
42,4,communication,0.21212114352699518,0.2516759343055244,0.7682937619944331,0.33631944480090814,25,11,0.44,25,0,0,0.44,0.0,0.0,True,0.29550401342146376,logistic,False,False,False,post,post,full,none,live,,
42,5,communication,1.4724186029477926,0.09147058903750949,0.7255205589809105,0.1006798326326124,25,0,0.0,25,0,0,0.0,0.0,0.0,False,1.470001222321021e-09,logistic,False,False,False,post,post,full,none,live,,
42,6,communication,1.3061177868473157,0.2425820111387482,0.7912057339970716,0.32027495346850776,25,0,0.0,25,0,0,0.0,0.0,0.0,False,1.1020676202966526e-05,logistic,False,False,False,post,post,full,none,live,,
42,7,communication,0.5366834473448547,0.27844980563162663,0.8493120206744813,0.3859049693353275,25,9,0.36,25,0,0,0.36,0.0,0.0,False,0.07377613776626046,logistic,False,False,False,post,post,full,none,live,,
42,8,communication,2.6717275825012465,0.13184875099194815,0.7854232879139303,0.1518730188346769,25,0,0.0,25,0,0,0.0,0.0,0.0,False,4.669813484346671e-22,logistic,False,False,False,post,post,full,none,live,,
42,9,communication,1.4716883912346945,0.27454085569083597,0.7827713878440901,0.37843737699698327,25,0,0.0,25,0,0,0.0,0.0,0.0,False,2.2201777469702236e-06,logistic,False,False,False,post,post,full,none,live,,
43,0,communication,1.6023602520977316,0.3883267872539336,-0.10910485994683379,0.6348598878649045,25,0,0.0,25,0,0,0.0,0.0,0.0,False,7.439878703091827e-06,logistic,False,False,False,post,post,full,none,live,,
43,1,communication,-2.320450287217142,0.10828588065001118,-0.04339783296322511,0.1214356465825008,25,25,1.0,25,0,0,1.0,0.0,0.0,True,0.9999999999965592,logistic,False,False,False,post,post,full,none,live,,
43,2,communication,-1.737540197237423,0.3700306133804407,-0.14062127059093055,0.5873787222678226,25,22,0.88,25,0,0,0.88,0.0,0.0,True,0.9999999999891025,logistic,False,False,False,post,post,full,none,live,,
43,3,communication,0.050445602417075686,0.18859736525241758,-0.14531695059468114,0.2324337599804417,25,1,0.04,25,0,0,0.04,0.0,0.0,False,0.33630414002793974,logistic,False,False,False,post,post,full,none,live,,
43,4,communication,-2.25689300991584,0.3593726972397545,-0.0943261788698352,0.5609699987673639,25,24,0.96,25,0,0,0.96,0.0,0.0,True,1.0,logistic,False,False,False,post,post,full,none,live,,
43,5,communication,-1.588572761472786,0.36353998887254096,-0.0305828550931109,0.5711906208035709,25,25,1.0,25,0,0,1.0,0.0,0.0,True,0.9999999996317231,logistic,False,False,False,post,post,full,none,live,,
43,6,communication,0.2403948490581938,0.2647019702406383,-0.07808567308645532,0.35999276419558246,25,0,0.0,25,0,0,0.0,0.0,0.0,False,0.291882883181638,logistic,False,False,False,post,post,full,none,live,,
43,7,communication,0.30711226139939807,0.18137841576438377,-0.20868369472426193,0.221565640654033,25,0,0.0,25,0,0,0.0,0.0,0.0,False,0.09188483587405682,logistic,False,False,False,post,post,full,none,live,,
43,8,communication,-0.2952345457785624,0.23091430705881452,-0.16530030994619666,0.30024522517866326,25,2,0.08,25,0,0,0.08,0.0,0.0,True,0.8456587396622308,logistic,False,False,False,post,post,full,none,live,,
43,9,communication,-1.2057241348616925,0.17533561657619068,-0.1624535508290469,0.21261451337117182,25,22,0.88,25,0,0,0.88,0.0,0.0,True,0.9998788406634933,logistic,False,False,False,post,post,full,none,live,,
44,0,communication,-1.242358990364702,0.16376287704369488,-0.39991430833774266,0.19583306283360466,25,20,0.8,25,0,0,0.8,0.0,0.0,True,0.9998955334706428,logistic,False,False,False,post,post,full,none,live,,
44,1,communication,-1.2094508605399634,0.3071481271227512,-0.2763609248897449,0.4433099471135702,25,23,0.92,25,0,0,0.92,0.0,0.0,True,0.9999973352352297,logistic,False,False,False,post,post,full,none,live,,
44,2,communication,1.1687932780192125,0.3024622248625112,-0.27429456696494603,0.4336141147379352,25,0,0.0,25,0,0,0.0,0.0,0.0,False,0.00033069656216884474,logistic,False,False,False,post,post,full,none,live,,
44,3,communication,-0.24016856046952226,0.06880353476932478,-0.2751300742560046,0.07388723791201338,25,0,0.0,25,0,0,0.0,0.0,0.0,True,0.3246070291174338,logistic,False,False,False,post,post,full,none,live,,
44,4,communication,-0.3109421232586248,0.33031613202142385,-0.3595551035821277,0.49324188294765825,25,0,0.0,25,0,0,0.0,0.0,0.0,True,0.9552920690796057,logistic,False,False,False,post,post,full,none,live,,
44,5,communication,-1.0177785804040127,0.12678032523371197,-0.287515475432511,0.14518720649262049,25,16,0.64,25,0,0,0.64,0.0,0.0,True,0.9962462584900907,logistic,False,False,False,post,post,full,none,live,,
44,6,communication,0.983223755683278,0.2937388025083611,-0.3370256503086583,0.41590675454294446,25,0,0.0,25,0,0,0.0,0.0,0.0,False,0.0022501807486828636,logistic,False,False,False,post,post,full,none,live,,
44,7,communication,0.07186391883886328,0.32145136205370345,-0.3127829971817899,0.47373370761838396,25,0,0.0,25,0,0,0.0,0.0,0.0,False,0.6436804439927634,logistic,False,False,False,post,post,full,none,live,,
44,8,communication,-1.7584715080612008,0.18798586507993015,-0.3602516940161976,0.23150565611574536,25,25,1.0,25,0,0,1.0,0.0,0.0,True,0.999999989457116,logistic,False,False,False,post,post,full,none,live,,
44,9,communication,-0.2143962517714385,0.21764530909673796,-0.3772063497584769,0.27819263005307365,25,0,0.0,25,0,0,0.0,0.0,0.0,True,0.7453628806503341,logistic,False,False,False,post,post,full,none,live,,
45,0,communication,-1.0954153033085574,0.45803621169531017,-0.22958930226778232,0.845141726402215,25,21,0.84,25,0,0,0.84,0.0,0.0,True,0.9999998039868266,logistic,False,False,False,post,post,full,none,live,,
45,1,communication,1.7906799634290296,0.4789658349382505,-0.28980535079948383,0.9192599392814994,25,0,0.0,25,0,0,0.0,0.0,0.0,False,4.8192175416185115e-06,logistic,False,False,False,post,post,full,none,live,,
45,2,communication,1.6438482022110046,0.5544534415047718,-0.3500148252611506,1.244434349077595,25,0,0.0,25,0,0,0.0,0.0,0.0,False,0.0002375689877934424,logistic,False,False,False,post,post,full,none,live,,
45,3,communication,0.2666457718446616,0.46255022627413517,-0.32081858460075835,0.860638982257841,25,0,0.0,25,0,0,0.0,0.0,0.0,False,0.7119204675587503,logistic,False,False,False,post,post,full,none,live,,
45,4,communication,0.420014461368401,0.522113406821888,-0.31295876222878877,1.0925466716897252,25,0,0.0,25,0,0,0.0,0.0,0.0,False,0.6538694045796665,logistic,False,False,False,post,post,full,none,live,,
45,5,communication,0.2264098572853601,0.5090733456264037,-0.23546506974069717,1.0369641596990935,25,0,0.0,25,0,0,0.0,0.0,0.0,False,0.8327168485686782,logistic,False,False,False,post,post,full,none,live,,
45,6,communication,0.5353151629024147,0.4928228485220977,-0.26915031369582293,0.9716976545296323,25,0,0.0,25,0,0,0.0,0.0,0.0,False,0.4365853000668302,logistic,False,False,False,post,post,full,none,live,,
45,7,communication,-2.1163034142382084,0.5125932432574873,-0.31069735697692713,1.0516744714072157,25,25,1.0,25,0,0,1.0,0.0,0.0,True,1.0,logistic,False,False,False,post,post,full,none,live,,
45,8,communication,-0.7382314683806281,0.5260805691778797,-0.17631521023837698,1.1100633039360175,25,16,0.64,25,0,0,0.64,0.0,0.0,True,0.9999906466973334,logistic,False,False,False,post,post,full,none,live,,
45,9,communication,-0.25068303610572146,0.47179305970472696,-0.27213979471708827,0.893197388585977,25,0,0.0,25,0,0,0.0,0.0,0.0,True,0.9902931483054553,logistic,False,False,False,post,post,full,none,live,,
46,0,communication,0.666432486607939,0.3208971947965591,0.3156960247084787,0.47253109888189454,25,0,0.0,25,0,0,0.0,0.0,0.0,False,0.05294176143603387,logistic,False,False,False,post,post,full,none,live,,
46,1,communication,0.3973439742953476,0.3283099235958279,0.2736485531482001,0.48878185807568175,25,0,0.0,25,0,0,0.0,0.0,0.0,False,0.249933737458227,logistic,False,False,False,post,post,full,none,live,,
46,2,communication,0.37259498104369887,0.35800954242654004,0.28536043236883846,0.5576555511116373,25,1,0.04,25,0,0,0.04,0.0,0.0,False,0.34002224042945206,logistic,False,False,False,post,post,full,none,live,,
46,3,communication,0.4244539632178199,0.3838799998544294,0.3488546179638707,0.6230604423874084,25,1,0.04,25,0,0,0.04,0.0,0.0,False,0.33339681283873224,logistic,False,False,False,post,post,full,none,live,,
46,4,communication,-0.2548250437168415,0.3043535568413799,0.3500894019598108,0.4375118421643128,25,19,0.76,25,0,0,0.76,0.0,0.0,True,0.9118137548288086,logistic,False,False,False,post,post,full,none,live,,
46,5,communication,0.44742139996272945,0.2530928486605213,0.3462126202282403,0.33885449912567167,25,1,0.04,25,0,0,0.04,0.0,0.0,False,0.09466723515367481,logistic,False,False,False,post,post,full,none,live,,
46,6,communication,2.417321449163794,0.3943375194784512,0.3174946384424412,0.6510846092676548,25,0,0.0,25,0,0,0.0,0.0,0.0,False,1.180473737395194e-12,logistic,False,False,False,post,post,full,none,live,,
46,7,communication,-0.7829945294949741,0.28859076336534967,0.34712086647027623,0.4056606921924991,25,24,0.96,25,0,0,0.96,0.0,0.0,True,0.9987127490187916,logistic,False,False,False,post,post,full,none,live,,
46,8,communication,0.5646778076114061,0.29972643485181727,0.3585763392334656,0.42801335045168115,25,1,0.04,25,0,0,0.04,0.0,0.0,False,0.0795124381571638,logistic,False,False,False,post,post,full,none,live,,
46,9,communication,1.7262693660690027,0.1276746422556372,0.32193877754265476,0.14636126431745045,25,0,0.0,25,0,0,0.0,0.0,0.0,False,5.028183605799781e-11,logistic,False,False,False,post,post,full,none,live,,
47,0,communication,-1.1607494655036488,0.20373643490636456,-0.40036868065122005,0.255865574965001,25,16,0.64,25,0,0,0.64,0.0,0.0,True,0.9999003638855001,logistic,False,False,False,post,post,full,none,live,,
47,1,communication,-0.8450824151006017,0.048198424273516144,-0.47080948414262824,0.05063915158653484,25,8,0.32,25,0,0,0.32,0.0,0.0,True,0.9057491407660706,logistic,False,False,False,post,post,full,none,live,,
47,2,communication,-0.19373240376405554,0.02728003496941499,-0.4616681628954852,0.028045106454206714,25,0,0.0,25,0,0,0.0,0.0,0.0,True,0.11787926788826103,logistic,False,False,False,post,post,full,none,live,,
47,3,communication,-1.2982155873084615,0.3603454674646243,-0.39210069297716277,0.5633438819488013,25,21,0.84,25,0,0,0.84,0.0,0.0,True,0.9999998835785403,logistic,False,False,False,post,post,full,none,live,,
47,4,communication,-1.1634067363096732,0.3314072427136406,-0.4518153253345399,0.49567878069564303,25,20,0.8,25,0,0,0.8,0.0,0.0,True,0.999997275095593,logistic,False,False,False,post,post,full,none,live,,
47,5,communication,-1.1115183649684917,0.3451466432648737,-0.3738715215731927,0.5270594396670061,25,20,0.8,25,0,0,0.8,0.0,0.0,True,0.999995846070534,logistic,False,False,False,post,post,full,none,live,,
47,6,communication,-0.29591462749447617,0.10742295055581637,-0.451504811343224,0.12035145943166439,25,2,0.08,25,0,0,0.08,0.0,0.0,True,0.5414583445606419,logistic,False,False,False,post,post,full,none,live,,
47,7,communication,-1.3676755116014832,0.020150478205562712,-0.3731517164606742,0.0205648701738001,25,23,0.92,25,0,0,0.92,0.0,0.0,True,0.9949943062830418,logistic,False,False,False,post,post,full,none,live,,
47,8,communication,-0.12310873560500307,0.13390710018482896,-0.33153042401047195,0.15461055068504254,25,0,0.0,25,0,0,0.0,0.0,0.0,True,0.4007559870143087,logistic,False,False,False,post,post,full,none,live,,
47,9,communication,-0.5740165269014981,0.3218910017077254,-0.416119923825409,0.47468917610349387,25,2,0.08,25,0,0,0.08,0.0,0.0,True,0.9941976298364869,logistic,False,False,False,post,post,full,none,live,,
48,0,communication,-0.023131832821592146,0.16879775317377824,-0.1544110085649838,0.20307663245413307,25,0,0.0,25,0,0,0.0,0.0,0.0,True,0.3748019324484351,logistic,False,False,False,post,post,full,none,live,,
48,1,communication,0.07412775320437678,0.10543372979556082,-0.2460181514116461,0.11786016677273733,25,0,0.0,25,0,0,0.0,0.0,0.0,False,0.12572584962583527,logistic,False,False,False,post,post,full,none,live,,
48,2,communication,0.9754620180516764,0.3066072305744237,-0.20928828244537298,0.44218406088720064,25,0,0.0,25,0,0,0.0,0.0,0.0,False,0.0031189538489058426,logistic,False,False,False,post,post,full,none,live,,
48,3,communication,0.214065647283689,0.19629988941100965,-0.22731713452601715,0.2442451939780767,25,0,0.0,25,0,0,0.0,0.0,0.0,False,0.18032391513024665,logistic,False,False,False,post,post,full,none,live,,
48,4,communication,-0.8968526274831008,0.25877214709904195,-0.1688384872739392,0.34911282149784345,25,17,0.68,25,0,0,0.68,0.0,0.0,True,0.9993245635846055,logistic,False,False,False,post,post,full,none,live,,
48,5,communication,-0.1318861553087508,0.34488598216389543,-0.15457191333411277,0.5264518431510322,25,5,0.2,25,0,0,0.2,0.0,0.0,True,0.8829917214191194,logistic,False,False,False,post,post,full,none,live,,
48,6,communication,0.4175246530554647,0.3337218108167162,-0.27329833384892466,0.500874583971882,25,0,0.0,25,0,0,0.0,0.0,0.0,False,0.23916163904048077,logistic,False,False,False,post,post,full,none,live,,
48,7,communication,-1.7963952624367288,0.20278129202318684,-0.23753530417701135,0.2543609300612206,25,24,0.96,25,0,0,0.96,0.0,0.0,True,0.999999997264837,logistic,False,False,False,post,post,full,none,live,,
48,8,communication,0.47550270245811016,0.35937070996357207,-0.19302174411934642,0.5609651565309123,25,0,0.0,25,0,0,0.0,0.0,0.0,False,0.22745693513978849,logistic,False,False,False,post,post,full,none,live,,
48,9,communication,-0.9850900273935874,0.0710996078920994,-0.14442511106779715,0.07654169219452811,25,19,0.76,25,0,0,0.76,0.0,0.0,True,0.9799628256691278,logistic,False,False,False,post,post,full,none,live,,
49,0,communication,1.5621707524154984,0.07986992693814893,0.3777658892103837,0.08680286546050112,25,0,0.0,25,0,0,0.0,0.0,0.0,False,1.0981288967597792e-10,logistic,False,False,False,post,post,full,none,live,,
49,1,communication,1.8488554467709786,0.03957893073714998,0.3373480107661903,0.04120997758569365,25,0,0.0,25,0,0,0.0,0.0,0.0,False,3.444134270696896e-15,logistic,False,False,False,post,post,full,none,live,,
49,2,communication,-0.11489641177950943,1.0,0.37230140386186045,-0.0075111285737502476,25,11,0.44,25,0,0,0.44,0.0,0.0,True,0.0,logistic,False,False,False,post,post,full,none,live,,
49,3,communication,0.38090370064829426,0.016874350163461345,0.3282380387355878,0.01716398119229927,25,0,0.0,25,0,0,0.0,0.0,0.0,False,0.0004242133625408367,logistic,False,False,False,post,post,full,none,live,,
49,4,communication,-0.22753954631224127,1.0,0.344674661297525,-0.06700818796328017,25,16,0.64,25,0,0,0.64,0.0,0.0,True,0.0,logistic,False,False,False,post,post,full,none,live,,
49,5,communication,0.6783531794690569,0.17984093771153842,0.3698284074783743,0.21927568197531638,25,0,0.0,25,0,0,0.0,0.0,0.0,False,0.004973318774030413,logistic,False,False,False,post,post,full,none,live,,
49,6,communication,-0.41581275016267294,1.0,0.3725838928868036,-0.05853959105257733,25,20,0.8,25,0,0,0.8,0.0,0.0,True,0.0,logistic,False,False,False,post,post,full,none,live,,
49,7,communication,0.14328405940288147,1.0,0.4044493452795261,-0.06384840057231561,25,9,0.36,25,0,0,0.36,0.0,0.0,True,0.0,logistic,False,False,False,post,post,full,none,live,,
49,8,communication,-0.003326825399543931,0.1170249077481821,0.3761510234330025,0.13253477790606516,25,4,0.16,25,0,0,0.16,0.0,0.0,True,0.2151089464641957,logistic,False,False,False,post,post,full,none,live,,
49,9,communication,0.032550250909663625,1.0,0.39946507679502125,-0.0391920403759055,25,8,0.32,25,0,0,0.32,0.0,0.0,True,0.0,logistic,False,False,False,post,post,full,none,live,,
