country	period	treatment	theta	theta_star	z	benefit	n_agents	n_join	join_fraction	n_valid	n_api_error	n_unparseable	join_fraction_valid	api_error_rate	unparseable_rate	coup_success	theoretical_attack	direction_transform	degrade_messages	no_peer_messages	beliefs_include_messages	belief_order	second_order_order	message_stage_context	decision_context	message_bundle_mode	message_source_country	message_source_period
0	0	communication	-0.44222190755802915	0.5833199473534748	0.10481138674175519	1.3999228992329815	25	20	0.8	25	0	0	0.8	0.0	0.0	True	0.9998576660441925	logistic	False	False	False	post	post	anonymous	none	live		
0	1	communication	0.2802954918979617	0.552302510240506	0.117853003127394	1.2336511212899732	25	3	0.12	25	0	0	0.12	0.0	0.0	False	0.8504047404281012	logistic	False	False	False	post	post	anonymous	none	live		
0	2	communication	1.6158023599215996	0.5166301543696104	0.09993175478956492	1.0688092338400714	25	0	0.0	25	0	0	0.0	0.0	0.0	False	0.00014604861372686305	logistic	False	False	False	post	post	anonymous	none	live		
0	3	communication	0.23569680025993786	0.5312087849523037	0.1731047843030027	1.1331457755629166	25	2	0.08	25	0	0	0.08	0.0	0.0	False	0.8561880836827034	logistic	False	False	False	post	post	anonymous	none	live		
0	4	communication	-0.714891269880322	0.5670693258163529	0.2166236961824763	1.3098386407607718	25	24	0.96	25	0	0	0.96	0.0	0.0	True	0.999995546151445	logistic	False	False	False	post	post	anonymous	none	live		
0	5	communication	-0.3853699283992994	0.5807180105384628	0.1431385931313025	1.3850297058651382	25	24	0.96	25	0	0	0.96	0.0	0.0	True	0.9996914939072045	logistic	False	False	False	post	post	anonymous	none	live		
0	6	communication	-0.7689981918433701	0.5581046610798066	0.17500948342630634	1.2629792892669562	25	24	0.96	25	0	0	0.96	0.0	0.0	True	0.99999755953689	logistic	False	False	False	post	post	anonymous	none	live		
0	7	communication	0.9722445092617593	0.5234361188194558	0.17519781408472468	1.0983545742551863	25	0	0.0	25	0	0	0.0	0.0	0.0	False	0.0753236982220932	logistic	False	False	False	post	post	anonymous	none	live		
0	8	communication	0.00513277626675121	0.5097512197738946	0.16796325820412222	1.0397806997883698	25	13	0.52	25	0	0	0.52	0.0	0.0	True	0.9560431003510389	logistic	False	False	False	post	post	anonymous	none	live		
0	9	communication	-0.1655041435963895	0.5180518129194935	0.08936750254237472	1.0749118407472216	25	9	0.36	25	0	0	0.36	0.0	0.0	True	0.989931476341119	logistic	False	False	False	post	post	anonymous	none	live		
1	0	communication	-0.4853941839002192	0.48425725426280514	0.3553629543558429	0.9389511694839551	25	24	0.96	25	0	0	0.96	0.0	0.0	True	0.9992952535112638	logistic	False	False	False	post	post	anonymous	none	live		
1	1	communication	-0.533071641142524	0.44380364759200364	0.3419925292846277	0.7979262101784743	25	22	0.88	25	0	0	0.88	0.0	0.0	True	0.9990800212568395	logistic	False	False	False	post	post	anonymous	none	live		
1	2	communication	-0.2283401577308209	0.5448326534309362	0.4153942280014901	1.196994155089874	25	25	1.0	25	0	0	1.0	0.0	0.0	True	0.9964258902400521	logistic	False	False	False	post	post	anonymous	none	live		
1	3	communication	1.6449346946151349	0.5596171376976015	0.4179530820336708	1.270751397481331	25	0	0.0	25	0	0	0.0	0.0	0.0	False	0.0002624405058764165	logistic	False	False	False	post	post	anonymous	none	live		
1	4	communication	-0.4068331478824194	0.48194982008836806	0.39074185544031714	0.9303149362298805	25	24	0.96	25	0	0	0.96	0.0	0.0	True	0.9982348993466006	logistic	False	False	False	post	post	anonymous	none	live		
1	5	communication	-0.7824285411275458	0.5267796708419824	0.36789284382928894	1.1131805596333124	25	25	1.0	25	0	0	1.0	0.0	0.0	True	0.9999953145927232	logistic	False	False	False	post	post	anonymous	none	live		
1	6	communication	1.1803020267720663	0.535303265481354	0.2662960109616335	1.1519410955961322	25	0	0.0	25	0	0	0.0	0.0	0.0	False	0.019633024390293782	logistic	False	False	False	post	post	anonymous	none	live		
1	7	communication	0.48069341715961167	0.3804778602843866	0.29956006973001736	0.6141473175745453	25	2	0.08	25	0	0	0.08	0.0	0.0	False	0.2616464131163392	logistic	False	False	False	post	post	anonymous	none	live		
1	8	communication	1.3929823120845675	0.4344652285759079	0.23985320999059118	0.7682378706473989	25	0	0.0	25	0	0	0.0	0.0	0.0	False	0.00038960781001425433	logistic	False	False	False	post	post	anonymous	none	live		
1	9	communication	1.0797505135798584	0.42672295765064466	0.33793143529047015	0.7443573109118148	25	0	0.0	25	0	0	0.0	0.0	0.0	False	0.009101027349961354	logistic	False	False	False	post	post	anonymous	none	live		
2	0	communication	-0.18295704420292458	1.0	-0.16056522564938014	-0.4397394319289073	25	4	0.16	25	0	0	0.16	0.0	0.0	True	0.0	logistic	False	False	False	post	post	anonymous	none	live		
2	1	communication	1.4332757692347753	1.0	-0.20968059436059588	-0.5731558508130253	25	0	0.0	25	0	0	0.0	0.0	0.0	False	0.0	logistic	False	False	False	post	post	anonymous	none	live		
2	2	communication	1.7526983553646391	1.0	-0.09561340199351855	-0.6814028851423957	25	0	0.0	25	0	0	0.0	0.0	0.0	False	0.0	logistic	False	False	False	post	post	anonymous	none	live		
2	3	communication	-1.2963892818077352	1.0	-0.19135935696664488	-0.6407757352133536	25	24	0.96	25	0	0	0.96	0.0	0.0	True	0.0	logistic	False	False	False	post	post	anonymous	none	live		
2	4	communication	-1.5692033984298237	1.0	-0.12945957041746936	-0.6303422180273187	25	25	1.0	25	0	0	1.0	0.0	0.0	True	0.0	logistic	False	False	False	post	post	anonymous	none	live		
2	5	communication	-0.20135749711466552	1.0	-0.14270031381296072	-0.5550344787698908	25	6	0.24	25	0	0	0.24	0.0	0.0	True	0.0	logistic	False	False	False	post	post	anonymous	none	live		
2	6	communication	1.0917550857026659	1.0	-0.2328853928584388	-0.2701813065916992	25	0	0.0	25	0	0	0.0	0.0	0.0	False	0.0	logistic	False	False	False	post	post	anonymous	none	live		
2	7	communication	1.836592854782505	1.0	-0.22965061233107173	-0.44990255102762255	25	0	0.0	25	0	0	0.0	0.0	0.0	False	0.0	logistic	False	False	False	post	post	anonymous	none	live		
2	8	communication	-0.9787766466768306	1.0	-0.19162897610299645	-0.7423132901663101	25	24	0.96	25	0	0	0.96	0.0	0.0	True	0.0	logistic	False	False	False	post	post	anonymous	none	live		
2	9	communication	-0.768267787485649	1.0	-0.2326517254860534	-0.5602191413585785	25	23	0.92	25	0	0	0.92	0.0	0.0	True	0.0	logistic	False	False	False	post	post	anonymous	none	live		
3	0	communication	-0.2955728129027339	1.0	0.10860960676605053	-0.3559083737464628	25	17	0.68	25	0	0	0.68	0.0	0.0	True	0.0	logistic	False	False	False	post	post	anonymous	none	live		
3	1	communication	-0.31988252195742967	1.0	0.20400234473264517	-0.3884668590315403	25	24	0.96	25	0	0	0.96	0.0	0.0	True	0.0	logistic	False	False	False	post	post	anonymous	none	live		
3	2	communication	-0.2013620404107907	0.11812615019047885	0.20124726094072032	0.13394903388505433	25	19	0.76	25	0	0	0.76	0.0	0.0	True	0.4524611753925407	logistic	False	False	False	post	post	anonymous	none	live		
3	3	communication	0.902641219803683	0.10262496046201251	0.14901593400610538	0.11436128256347408	25	0	0.0	25	0	0	0.0	0.0	0.0	False	4.186654165008916e-05	logistic	False	False	False	post	post	anonymous	none	live		
3	4	communication	0.8789923541758728	1.0	0.15796963095886235	-0.3168699431663409	25	0	0.0	25	0	0	0.0	0.0	0.0	False	0.0	logistic	False	False	False	post	post	anonymous	none	live		
3	5	communication	-1.2941118429416623	1.0	0.18037702494141986	-0.0007176279382769268	25	25	1.0	25	0	0	1.0	0.0	0.0	True	0.0	logistic	False	False	False	post	post	anonymous	none	live		
3	6	communication	1.2760443792306355	1.0	0.156268380133172	-0.25951876413084984	25	0	0.0	25	0	0	0.0	0.0	0.0	False	0.0	logistic	False	False	False	post	post	anonymous	none	live		
3	7	communication	0.9751067750735569	1.0	0.16114508232441976	-0.040987952433459374	25	0	0.0	25	0	0	0.0	0.0	0.0	False	0.0	logistic	False	False	False	post	post	anonymous	none	live		
3	8	communication	-0.7970377715381913	1.0	0.22302975362772323	-0.2668773118202926	25	25	1.0	25	0	0	1.0	0.0	0.0	True	0.0	logistic	False	False	False	post	post	anonymous	none	live		
3	9	communication	1.455896508025168	1.0	0.20766085215546876	-0.2178977669601468	25	0	0.0	25	0	0	0.0	0.0	0.0	False	0.0	logistic	False	False	False	post	post	anonymous	none	live		
4	0	communication	-0.2785881731610082	0.3803369167881673	0.12042657188958926	0.6137801768290085	25	10	0.4	25	0	0	0.4	0.0	0.0	True	0.9707425776909879	logistic	False	False	False	post	post	anonymous	none	live		
4	1	communication	1.5270823878344069	0.301691602087836	-0.008069976397474574	0.43203204055664807	25	0	0.0	25	0	0	0.0	0.0	0.0	False	2.0704966638382e-06	logistic	False	False	False	post	post	anonymous	none	live		
4	2	communication	-1.0381210775851157	0.24464031100198189	-0.010212664502253367	0.32387260607790225	25	25	1.0	25	0	0	1.0	0.0	0.0	True	0.9998310845582037	logistic	False	False	False	post	post	anonymous	none	live		
4	3	communication	0.3025593232596772	0.25358481986049536	0.03610386435198424	0.3397369541882849	25	2	0.08	25	0	0	0.08	0.0	0.0	False	0.2042603680397133	logistic	False	False	False	post	post	anonymous	none	live		
4	4	communication	-1.3569990758127897	0.4006666285536903	0.06762011640846702	0.6685204723154371	25	25	1.0	25	0	0	1.0	0.0	0.0	True	0.999999989722481	logistic	False	False	False	post	post	anonymous	none	live		
4	5	communication	1.5914006071434428	0.35455259261884553	-0.05792996528941911	0.5493129084791141	25	0	0.0	25	0	0	0.0	0.0	0.0	False	3.4640614166809038e-06	logistic	False	False	False	post	post	anonymous	none	live		
4	6	communication	-1.8066293202656776	0.3186669385082145	0.019905800137025993	0.46771095741411706	25	25	1.0	25	0	0	1.0	0.0	0.0	True	0.9999999999811557	logistic	False	False	False	post	post	anonymous	none	live		
4	7	communication	-0.5972214199447815	0.3606365550922165	0.0020991418577644173	0.5640556368439733	25	23	0.92	25	0	0	0.92	0.0	0.0	True	0.9977166077193307	logistic	False	False	False	post	post	anonymous	none	live		
4	8	communication	0.2689245159449983	0.2819562084018193	-0.07677313781272083	0.3926727195485631	25	2	0.08	25	0	0	0.08	0.0	0.0	False	0.29680879031708607	logistic	False	False	False	post	post	anonymous	none	live		
4	9	communication	0.7096145929709633	0.24073733251642396	-0.002711481662145857	0.31706725857376816	25	0	0.0	25	0	0	0.0	0.0	0.0	False	0.011699483350659397	logistic	False	False	False	post	post	anonymous	none	live		
5	0	communication	0.7660757481659457	0.4796569823899053	0.3230790979784715	0.9218092030771201	25	0	0.0	25	0	0	0.0	0.0	0.0	False	0.15726943289694756	logistic	False	False	False	post	post	anonymous	none	live		
5	1	communication	1.672017018613265	0.48062585546017006	0.23995703099616406	0.9253942663742123	25	0	0.0	25	0	0	0.0	0.0	0.0	False	2.9113060794460297e-05	logistic	False	False	False	post	post	anonymous	none	live		
5	2	communication	1.0279642897906078	0.4654252269389217	0.16413711028819694	0.8706456989614513	25	0	0.0	25	0	0	0.0	0.0	0.0	False	0.024886767495818515	logistic	False	False	False	post	post	anonymous	none	live		
5	3	communication	0.9249853853907137	0.45614987832000986	0.1798385162319644	0.8387418888699183	25	0	0.0	25	0	0	0.0	0.0	0.0	False	0.047171203602022475	logistic	False	False	False	post	post	anonymous	none	live		
5	4	communication	-0.02525551590502806	0.38070830646979564	0.17171913530018343	0.6147479619815498	25	11	0.44	25	0	0	0.44	0.0	0.0	True	0.8530470607042173	logistic	False	False	False	post	post	anonymous	none	live		
5	5	communication	-0.2235612414486986	0.38336138880548787	0.22755585931379874	0.6216954012381177	25	18	0.72	25	0	0	0.72	0.0	0.0	True	0.9578632585335694	logistic	False	False	False	post	post	anonymous	none	live		
5	6	communication	1.0357360058903844	0.2871775498252747	0.26735427108696125	0.4028738850114534	25	0	0.0	25	0	0	0.0	0.0	0.0	False	0.0011184033336655455	logistic	False	False	False	post	post	anonymous	none	live		
5	7	communication	-0.3851168184646454	0.4319303696135157	0.23903950949389605	0.7603475815449829	25	25	1.0	25	0	0	1.0	0.0	0.0	True	0.9946451185915833	logistic	False	False	False	post	post	anonymous	none	live		
5	8	communication	1.8369863960929025	0.3388433060488546	0.201841220995048	0.5125007568537038	25	0	0.0	25	0	0	0.0	0.0	0.0	False	3.1612419331251196e-08	logistic	False	False	False	post	post	anonymous	none	live		
5	9	communication	1.2142429595749054	0.3098594420754687	0.2091622253219031	0.4489801947118035	25	0	0.0	25	0	0	0.0	0.0	0.0	False	0.00022332934044670176	logistic	False	False	False	post	post	anonymous	none	live		
6	0	communication	-1.5547528260541263	0.4329470834962973	-0.19089682195304838	0.763503847516972	25	25	1.0	25	0	0	1.0	0.0	0.0	True	0.9999999999465266	logistic	False	False	False	post	post	anonymous	none	live		
6	1	communication	1.2194642621090628	0.46876853216446795	-0.25593692606377516	0.8824186076070282	25	0	0.0	25	0	0	0.0	0.0	0.0	False	0.0049302266070673055	logistic	False	False	False	post	post	anonymous	none	live		
6	2	communication	-0.42801280106055	0.5206223847144607	-0.2046861506299987	1.08603816305514	25	15	0.6	25	0	0	0.6	0.0	0.0	True	0.9993451208272657	logistic	False	False	False	post	post	anonymous	none	live		
6	3	communication	0.017694441065879696	0.5009882840094746	-0.19829375430883928	1.0039609651549475	25	1	0.04	25	0	0	0.04	0.0	0.0	True	0.946677342698355	logistic	False	False	False	post	post	anonymous	none	live		
6	4	communication	-0.2807391784622038	0.4580479324291044	-0.21878185638341688	0.8451816310658963	25	4	0.16	25	0	0	0.16	0.0	0.0	True	0.9907950944005048	logistic	False	False	False	post	post	anonymous	none	live		
6	5	communication	-1.06050065630411	0.39637721430375383	-0.23307293115252228	0.6566637703156851	25	24	0.96	25	0	0	0.96	0.0	0.0	True	0.9999978208860404	logistic	False	False	False	post	post	anonymous	none	live		
6	6	communication	-1.8590394204483207	0.5499925914007182	-0.23142272412111556	1.2221856371490767	25	25	1.0	25	0	0	1.0	0.0	0.0	True	0.9999999999999998	logistic	False	False	False	post	post	anonymous	none	live		
6	7	communication	0.7805310917542139	0.5314352825323106	-0.263617092371911	1.134176908164146	25	0	0.0	25	0	0	0.0	0.0	0.0	False	0.2261936243108113	logistic	False	False	False	post	post	anonymous	none	live		
6	8	communication	-0.18248097486589138	0.4727505359973583	-0.27268114402912413	0.8966354036824392	25	3	0.12	25	0	0	0.12	0.0	0.0	True	0.9828168583890196	logistic	False	False	False	post	post	anonymous	none	live		
6	9	communication	0.4367461217417865	0.5022745283185243	-0.22561715868008195	1.0091396902426562	25	0	0.0	25	0	0	0.0	0.0	0.0	False	0.5886717111509737	logistic	False	False	False	post	post	anonymous	none	live		
7	0	communication	-2.1180984393698252	0.4006396473325428	-0.048910873242328914	0.6684453610411389	25	25	1.0	25	0	0	1.0	0.0	0.0	True	0.9999999999999998	logistic	False	False	False	post	post	anonymous	none	live		
7	1	communication	1.4785011215999289	0.487891338453804	-0.07399804003549357	0.9527105770496572	25	0	0.0	25	0	0	0.0	0.0	0.0	False	0.00043051876593050306	logistic	False	False	False	post	post	anonymous	none	live		
7	2	communication	0.4309677687978816	0.4697293339971164	-0.13089161631858498	0.8858293775476581	25	0	0.0	25	0	0	0.0	0.0	0.0	False	0.5212356146521462	logistic	False	False	False	post	post	anonymous	none	live		
7	3	communication	-0.16240841225872063	0.3875737624689865	-0.05842655855619286	0.6328497028988894	25	10	0.4	25	0	0	0.4	0.0	0.0	True	0.9391437727778549	logistic	False	False	False	post	post	anonymous	none	live		
7	4	communication	-0.0045313880396373185	0.48857671042557793	-0.09938079757262006	0.955327456503094	25	2	0.08	25	0	0	0.08	0.0	0.0	True	0.9468506949703932	logistic	False	False	False	post	post	anonymous	none	live		
7	5	communication	0.7551001791597907	0.5074771177700766	-0.0769989904331547	1.0303625193462025	25	0	0.0	25	0	0	0.0	0.0	0.0	False	0.20992925204062968	logistic	False	False	False	post	post	anonymous	none	live		
7	6	communication	-0.25615923189503115	0.4488271999589641	-0.028831371387638347	0.8143130428888146	25	13	0.52	25	0	0	0.52	0.0	0.0	True	0.986835683833644	logistic	False	False	False	post	post	anonymous	none	live		
7	7	communication	-0.20331675351385015	0.4421948973237434	-0.1409227579784007	0.7927408609246589	25	6	0.24	25	0	0	0.24	0.0	0.0	True	0.977587812477895	logistic	False	False	False	post	post	anonymous	none	live		
7	8	communication	1.386541468967872	0.5037378976270743	-0.10713819203920338	1.0150642074387755	25	0	0.0	25	0	0	0.0	0.0	0.0	False	0.0016768501215041393	logistic	False	False	False	post	post	anonymous	none	live		
7	9	communication	-0.5330632716459116	0.4051548601333334	-0.11319675924671874	0.6811098098979982	25	20	0.8	25	0	0	0.8	0.0	0.0	True	0.9980575977057812	logistic	False	False	False	post	post	anonymous	none	live		
8	0	communication	-1.155465133170199	0.5302261838469183	-0.4258854972937071	1.1286839870916463	25	24	0.96	25	0	0	0.96	0.0	0.0	True	0.9999999938245127	logistic	False	False	False	post	post	anonymous	none	live		
8	1	communication	0.7217019548993042	0.5333592165815205	-0.4502405734925233	1.1429760010993477	25	0	0.0	25	0	0	0.0	0.0	0.0	False	0.29318898406904564	logistic	False	False	False	post	post	anonymous	none	live		
8	2	communication	0.6814567643528227	0.528258951145434	-0.4545642789158144	1.1198070475912554	25	0	0.0	25	0	0	0.0	0.0	0.0	False	0.3300535326260825	logistic	False	False	False	post	post	anonymous	none	live		
8	3	communication	-0.6432810361126161	0.5619172852460395	-0.44985233558139337	1.2826739479133022	25	9	0.36	25	0	0	0.36	0.0	0.0	True	0.9999849797930146	logistic	False	False	False	post	post	anonymous	none	live		
8	4	communication	-0.27855060199295434	0.5650849680709107	-0.4080405641998041	1.2992996943896047	25	2	0.08	25	0	0	0.08	0.0	0.0	True	0.9985397919401554	logistic	False	False	False	post	post	anonymous	none	live		
8	5	communication	-0.13270194493615517	0.509359206149357	-0.4490577458650813	1.0381509498054746	25	0	0.0	25	0	0	0.0	0.0	0.0	True	0.9847550054352673	logistic	False	False	False	post	post	anonymous	none	live		
8	6	communication	-1.076399474297906	0.48317373407502795	-0.31246052426491294	0.9348861811624152	25	24	0.96	25	0	0	0.96	0.0	0.0	True	0.9999998741202916	logistic	False	False	False	post	post	anonymous	none	live		
8	7	communication	0.3781494562783405	0.5403669809448159	-0.41789131242388144	1.1756487426764675	25	0	0.0	25	0	0	0.0	0.0	0.0	False	0.7395904773042677	logistic	False	False	False	post	post	anonymous	none	live		
8	8	communication	-0.11102925109941081	0.5187755070732787	-0.5171317286480921	1.078032217184497	25	0	0.0	25	0	0	0.0	0.0	0.0	True	0.9840806479581616	logistic	False	False	False	post	post	anonymous	none	live		
8	9	communication	-0.5428208140035357	0.5262141124667806	-0.421526253723592	1.1106580552800553	25	5	0.2	25	0	0	0.2	0.0	0.0	True	0.9998578529260556	logistic	False	False	False	post	post	anonymous	none	live		
9	0	communication	-0.8867983588255537	0.3674885505334921	-0.12849714222017072	0.5809990488606183	25	23	0.92	25	0	0	0.92	0.0	0.0	True	0.9999390923899013	logistic	False	False	False	post	post	anonymous	none	live		
9	1	communication	-1.9408438744713636	0.3779264259551577	-0.22930669335532497	0.607526893479508	25	24	0.96	25	0	0	0.96	0.0	0.0	True	0.9999999999999407	logistic	False	False	False	post	post	anonymous	none	live		
9	2	communication	-0.25342383799477175	0.3863807320601943	-0.2241654869978465	0.6296750318115779	25	12	0.48	25	0	0	0.48	0.0	0.0	True	0.9674023976132977	logistic	False	False	False	post	post	anonymous	none	live		
9	3	communication	-0.5296590779871642	0.3851766362663478	-0.13035046339156325	0.626483408059311	25	20	0.8	25	0	0	0.8	0.0	0.0	True	0.9970880916089356	logistic	False	False	False	post	post	anonymous	none	live		
9	4	communication	0.6795508597747263	0.479493246459187	-0.1358233690182337	0.9212046591084047	25	0	0.0	25	0	0	0.0	0.0	0.0	False	0.23629104228105163	logistic	False	False	False	post	post	anonymous	none	live		
9	5	communication	-0.49969840632532575	0.4205674046457493	-0.12078240216713355	0.7258262790491186	25	22	0.88	25	0	0	0.88	0.0	0.0	True	0.9979288086891339	logistic	False	False	False	post	post	anonymous	none	live		
9	6	communication	1.9345339071006042	0.4645601066306183	-0.13260571551389053	0.8676232615154325	25	0	0.0	25	0	0	0.0	0.0	0.0	False	3.036761789840138e-07	logistic	False	False	False	post	post	anonymous	none	live		
9	7	communication	-1.6172819869183948	0.4416155923228284	-0.1735823105848694	0.7908809527112498	25	25	1.0	25	0	0	1.0	0.0	0.0	True	0.9999999999906685	logistic	False	False	False	post	post	anonymous	none	live		
9	8	communication	0.27218226812850943	0.5202237223804113	-0.17367741029260048	1.0843048034002487	25	0	0.0	25	0	0	0.0	0.0	0.0	False	0.8098978516704536	logistic	False	False	False	post	post	anonymous	none	live		
9	9	communication	-1.1268838683223639	0.34630994162009393	-0.06058395728950597	0.5297769748531627	25	24	0.96	25	0	0	0.96	0.0	0.0	True	0.999996839294313	logistic	False	False	False	post	post	anonymous	none	live		
10	0	communication	-1.2607534618886846	0.580219786282647	-0.10793334869381671	1.382198987285574	25	25	1.0	25	0	0	1.0	0.0	0.0	True	0.9999999998843944	logistic	False	False	False	post	post	anonymous	none	live		
10	1	communication	-2.088096035804148	0.5176600396330414	0.019273878468960295	1.0732265252068514	25	25	1.0	25	0	0	1.0	0.0	0.0	True	1.0	logistic	False	False	False	post	post	anonymous	none	live		
10	2	communication	-0.6371011430808207	0.5475158270187851	-0.03130540952607456	1.210022050962466	25	21	0.84	25	0	0	0.84	0.0	0.0	True	0.9999763020733247	logistic	False	False	False	post	post	anonymous	none	live		
10	3	communication	0.7587167050102347	0.548441121673803	-0.021421552803315494	1.2145506333675056	25	0	0.0	25	0	0	0.0	0.0	0.0	False	0.2812288688256022	logistic	False	False	False	post	post	anonymous	none	live		
10	4	communication	0.6064477761888559	0.5858707040780272	-0.05444617719073375	1.4147048031791805	25	0	0.0	25	0	0	0.0	0.0	0.0	False	0.5589648606345078	logistic	False	False	False	post	post	anonymous	none	live		
10	5	communication	-1.4067391211991152	0.5487942808757984	0.036671803853696255	1.2162839645317838	25	25	1.0	25	0	0	1.0	0.0	0.0	True	0.9999999999844282	logistic	False	False	False	post	post	anonymous	none	live		
10	6	communication	-0.6653168978420501	0.5900614685769251	-0.13270682963802646	1.4393901118017993	25	25	1.0	25	0	0	1.0	0.0	0.0	True	0.9999948860315905	logistic	False	False	False	post	post	anonymous	none	live		
10	7	communication	-1.1847761881178795	0.6094868334872695	-0.05062655755650334	1.5607331218303506	25	25	1.0	25	0	0	1.0	0.0	0.0	True	0.9999999998060973	logistic	False	False	False	post	post	anonymous	none	live		
10	8	communication	0.1060499018473754	0.6232721219579923	-0.00848406709427451	1.654435889367586	25	2	0.08	25	0	0	0.08	0.0	0.0	False	0.9792330339598362	logistic	False	False	False	post	post	anonymous	none	live		
10	9	communication	-1.0658838659806833	0.5889572189911383	-0.028479601781342758	1.4328367902377555	25	25	1.0	25	0	0	1.0	0.0	0.0	True	0.9999999952940545	logistic	False	False	False	post	post	anonymous	none	live		
11	0	communication	-0.1410288158769586	0.013056617924312728	-0.022724534810507138	0.013229348472708471	25	7	0.28	25	0	0	0.28	0.0	0.0	True	0.04354927986865103	logistic	False	False	False	post	post	anonymous	none	live		
11	1	communication	-0.9690250978215778	0.15265217522839372	-0.10309597987100834	0.18015290859988875	25	23	0.92	25	0	0	0.92	0.0	0.0	True	0.996674179844372	logistic	False	False	False	post	post	anonymous	none	live		
11	2	communication	1.6516882769325942	0.11546787174578786	-0.10704183845324228	0.1305411844945475	25	0	0.0	25	0	0	0.0	0.0	0.0	False	1.3189783174449192e-10	logistic	False	False	False	post	post	anonymous	none	live		
11	3	communication	0.4404655910984627	0.008727967758251708	-0.1659909442028442	0.008804815907610675	25	0	0.0	25	0	0	0.0	0.0	0.0	False	6.77925303735056e-05	logistic	False	False	False	post	post	anonymous	none	live		
11	4	communication	0.44027575253818585	1.0	-0.0928081368142931	-0.06186149679765836	25	0	0.0	25	0	0	0.0	0.0	0.0	False	0.0	logistic	False	False	False	post	post	anonymous	none	live		
11	5	communication	-0.2635702216238617	1.0	-0.04674421444976057	-0.15416745289500638	25	15	0.6	25	0	0	0.6	0.0	0.0	True	0.0	logistic	False	False	False	post	post	anonymous	none	live		
11	6	communication	-1.1057935943385144	0.04031340850926551	-0.1615797293002154	0.0420068477216551	25	24	0.96	25	0	0	0.96	0.0	0.0	True	0.9809276305322893	logistic	False	False	False	post	post	anonymous	none	live		
11	7	communication	-0.8631343593229935	1.0	-0.11250990394546682	-0.06775778605986434	25	24	0.96	25	0	0	0.96	0.0	0.0	True	0.0	logistic	False	False	False	post	post	anonymous	none	live		
11	8	communication	-0.7118307094073384	1.0	-0.08699778878615144	-0.020421567142210315	25	21	0.84	25	0	0	0.84	0.0	0.0	True	0.0	logistic	False	False	False	post	post	anonymous	none	live		
11	9	communication	0.9905121975557525	1.0	-0.13505319436024993	-0.24084403640650534	25	0	0.0	25	0	0	0.0	0.0	0.0	False	0.0	logistic	False	False	False	post	post	anonymous	none	live		
12	0	communication	-0.35464163312459684	0.3180861070998917	0.4572504853817545	0.4664608103922107	25	24	0.96	25	0	0	0.96	0.0	0.0	True	0.9615837906693261	logistic	False	False	False	post	post	anonymous	none	live		
12	1	communication	0.9332389088941622	0.14396074472067757	0.35826555279539873	0.16817072795768429	25	0	0.0	25	0	0	0.0	0.0	0.0	False	0.0001105422413294808	logistic	False	False	False	post	post	anonymous	none	live		
12	2	communication	0.6958305735866401	0.1990282693821394	0.45255924000860287	0.2484835129307388	25	1	0.04	25	0	0	0.04	0.0	0.0	False	0.006190324345984183	logistic	False	False	False	post	post	anonymous	none	live		
12	3	communication	0.5629892111734895	0.23872718838419502	0.5104154508772878	0.31358953681466106	25	1	0.04	25	0	0	0.04	0.0	0.0	False	0.03662448959758064	logistic	False	False	False	post	post	anonymous	none	live		
12	4	communication	-0.1551044468461263	0.17247004065185587	0.46262998274762807	0.20841546424218008	25	22	0.88	25	0	0	0.88	0.0	0.0	True	0.5586177446028557	logistic	False	False	False	post	post	anonymous	none	live		
12	5	communication	-1.5449196895883441	0.13971728368083214	0.4447442271437237	0.16240856759116445	25	25	1.0	25	0	0	1.0	0.0	0.0	True	0.9999971043133955	logistic	False	False	False	post	post	anonymous	none	live		
12	6	communication	-0.038826383564468436	0.16492221139205637	0.5017123530525782	0.1974932319382822	25	25	1.0	25	0	0	1.0	0.0	0.0	True	0.38389560679535095	logistic	False	False	False	post	post	anonymous	none	live		
12	7	communication	1.5422045267992703	0.21160823302418968	0.5017834665751627	0.2684049249219041	25	0	0.0	25	0	0	0.0	0.0	0.0	False	8.196949451643791e-08	logistic	False	False	False	post	post	anonymous	none	live		
12	8	communication	1.4381310453251426	0.10454069514631545	0.48696992389567983	0.11674533346146544	25	0	0.0	25	0	0	0.0	0.0	0.0	False	5.94149211259903e-09	logistic	False	False	False	post	post	anonymous	none	live		
12	9	communication	0.060723385984206846	0.2667421399284951	0.38198871859818473	0.36377672092390967	25	17	0.68	25	0	0	0.68	0.0	0.0	True	0.5255280769920676	logistic	False	False	False	post	post	anonymous	none	live		
13	0	communication	0.4886178854591253	0.3041620914163963	0.19624869497734226	0.4371162991615765	25	2	0.08	25	0	0	0.08	0.0	0.0	False	0.12980367104047974	logistic	False	False	False	post	post	anonymous	none	live		
13	1	communication	0.26958090504285864	0.16886571721905264	0.23453975296356042	0.20317501120761572	25	2	0.08	25	0	0	0.08	0.0	0.0	False	0.0977680374102386	logistic	False	False	False	post	post	anonymous	none	live		
13	2	communication	1.3507428756072692	0.31734107966528596	0.26696236235706305	0.4648603720137293	25	0	0.0	25	0	0	0.0	0.0	0.0	False	4.430761737308391e-05	logistic	False	False	False	post	post	anonymous	none	live		
13	3	communication	-0.9381082014513556	0.22792256332500566	0.3018066381663721	0.2952068698012601	25	24	0.96	25	0	0	0.96	0.0	0.0	True	0.9991583219748021	logistic	False	False	False	post	post	anonymous	none	live		
13	4	communication	-1.4469709537602509	0.33310630604709474	0.24641490385395004	0.4994893624989323	25	25	1.0	25	0	0	1.0	0.0	0.0	True	0.9999999812501037	logistic	False	False	False	post	post	anonymous	none	live		
13	5	communication	0.642269802843439	0.32386404428948856	0.28117006763616886	0.47899248894278806	25	0	0.0	25	0	0	0.0	0.0	0.0	False	0.06447277450257655	logistic	False	False	False	post	post	anonymous	none	live		
13	6	communication	0.4165412472633715	0.10442460133320985	0.2837474659898571	0.11660056929730639	25	0	0.0	25	0	0	0.0	0.0	0.0	False	0.010805821595883752	logistic	False	False	False	post	post	anonymous	none	live		
13	7	communication	0.30674215285430817	0.2784721028617879	0.28151967102806025	0.38594779767530635	25	2	0.08	25	0	0	0.08	0.0	0.0	False	0.24773965481560606	logistic	False	False	False	post	post	anonymous	none	live		
13	8	communication	0.779306317492429	0.25540335022077193	0.17427533986585386	0.343008997282621	25	0	0.0	25	0	0	0.0	0.0	0.0	False	0.008110043154011475	logistic	False	False	False	post	post	anonymous	none	live		
13	9	communication	0.14154691128031727	0.22109035135459504	0.2570122864765746	0.28384595278681085	25	5	0.2	25	0	0	0.2	0.0	0.0	True	0.3073516664431255	logistic	False	False	False	post	post	anonymous	none	live		
14	0	communication	0.8546629849065018	0.35622799826761875	0.05307343671591969	0.5533449688849691	25	0	0.0	25	0	0	0.0	0.0	0.0	False	0.021177782860835742	logistic	False	False	False	post	post	anonymous	none	live		
14	1	communication	-0.08198069162025623	0.44852074011171106	0.1781344930295768	0.8133048198450225	25	17	0.68	25	0	0	0.68	0.0	0.0	True	0.9493869684457792	logistic	False	False	False	post	post	anonymous	none	live		
14	2	communication	0.013755431402201854	0.4359130802697558	0.11927883573766022	0.7727764375004772	25	12	0.48	25	0	0	0.48	0.0	0.0	True	0.8935907883635634	logistic	False	False	False	post	post	anonymous	none	live		
14	3	communication	0.0015000972628011755	0.3704926930028605	0.14394333273020476	0.5885439118573155	25	7	0.28	25	0	0	0.28	0.0	0.0	True	0.8157872617396671	logistic	False	False	False	post	post	anonymous	none	live		
14	4	communication	0.06681088494772208	0.4440105572145494	0.12071806284776239	0.79859530243974	25	8	0.32	25	0	0	0.32	0.0	0.0	True	0.8679009623905211	logistic	False	False	False	post	post	anonymous	none	live		
14	5	communication	-2.0204136073862244	0.4278053748111033	0.0350385002589648	0.7476571012352194	25	25	1.0	25	0	0	1.0	0.0	0.0	True	0.9999999999999992	logistic	False	False	False	post	post	anonymous	none	live		
14	6	communication	-0.04239283238220991	0.4166271804909932	0.08418747810096976	0.7141696811340056	25	10	0.4	25	0	0	0.4	0.0	0.0	True	0.9065051957953401	logistic	False	False	False	post	post	anonymous	none	live		
14	7	communication	1.59759519205423	0.3848395025227593	0.012257946965125943	0.6255920269604069	25	0	0.0	25	0	0	0.0	0.0	0.0	False	7.27761801807282e-06	logistic	False	False	False	post	post	anonymous	none	live		
14	8	communication	2.040273060718112	0.4430511314298457	0.09559908797197852	0.7954969592940975	25	0	0.0	25	0	0	0.0	0.0	0.0	False	2.284569337293039e-08	logistic	False	False	False	post	post	anonymous	none	live		
14	9	communication	-1.9784484857116915	0.32093344138350377	-0.00015379504058210536	0.4726096982854833	25	24	0.96	25	0	0	0.96	0.0	0.0	True	0.9999999999996979	logistic	False	False	False	post	post	anonymous	none	live		
15	0	communication	0.43692866831638405	0.49923041314397065	-0.4117080843755075	0.9969263834057455	25	0	0.0	25	0	0	0.0	0.0	0.0	False	0.5815043275156093	logistic	False	False	False	post	post	anonymous	none	live		
15	1	communication	-1.0531313497909958	0.4923709205240411	-0.40617737063386883	0.9699423071513767	25	21	0.84	25	0	0	0.84	0.0	0.0	True	0.9999998570784706	logistic	False	False	False	post	post	anonymous	none	live		
15	2	communication	0.017484868032637435	0.48337586279860867	-0.4530425603350866	0.9356432036201557	25	0	0.0	25	0	0	0.0	0.0	0.0	False	0.9346423764694582	logistic	False	False	False	post	post	anonymous	none	live		
15	3	communication	0.9631500008480551	0.4539622735672205	-0.3400408151959377	0.8313752907384615	25	0	0.0	25	0	0	0.0	0.0	0.0	False	0.03491982675189556	logistic	False	False	False	post	post	anonymous	none	live		
15	4	communication	0.5454450313695749	0.4677179438352362	-0.40541229967218556	0.8787031958305535	25	0	0.0	25	0	0	0.0	0.0	0.0	False	0.36689139484800437	logistic	False	False	False	post	post	anonymous	none	live		
15	5	communication	0.17075130365873137	0.4815292357438106	-0.38779188590541225	0.9287490615495438	25	0	0.0	25	0	0	0.0	0.0	0.0	False	0.8388177434605659	logistic	False	False	False	post	post	anonymous	none	live		
15	6	communication	-0.8360401849589891	0.4954916475736543	-0.4289222751520582	0.982127739195343	25	20	0.8	25	0	0	0.8	0.0	0.0	True	0.9999952254275125	logistic	False	False	False	post	post	anonymous	none	live		
15	7	communication	-3.153193056073392	0.5211950233678704	-0.4823202325992536	1.0885330119872783	25	25	1.0	25	0	0	1.0	0.0	0.0	True	1.0	logistic	False	False	False	post	post	anonymous	none	live		
15	8	communication	0.22757435011464083	0.40011545134265886	-0.34486168400207345	0.6669874265609864	25	0	0.0	25	0	0	0.0	0.0	0.0	False	0.6263072587281542	logistic	False	False	False	post	post	anonymous	none	live		
15	9	communication	-1.5914195095048287	0.43590626646877206	-0.3989534801662917	0.7727550237794665	25	25	1.0	25	0	0	1.0	0.0	0.0	True	0.9999999999789364	logistic	False	False	False	post	post	anonymous	none	live		
16	0	communication	-0.338856962543066	0.47360154569985935	-0.25750584275615346	0.8997016268399267	25	3	0.12	25	0	0	0.12	0.0	0.0	True	0.9958787997325433	logistic	False	False	False	post	post	anonymous	none	live		
16	1	communication	-1.9604159430260402	0.482538405963384	-0.12035766396207644	0.9325105699134052	25	25	1.0	25	0	0	1.0	0.0	0.0	True	0.9999999999999998	logistic	False	False	False	post	post	anonymous	none	live		
16	2	communication	0.26116023090009644	0.4999672776029365	-0.18570942266488633	0.9998691189772277	25	0	0.0	25	0	0	0.0	0.0	0.0	False	0.7869669709195727	logistic	False	False	False	post	post	anonymous	none	live		
16	3	communication	0.6704874980041505	0.5364578230729985	-0.0661951487988823	1.1573009960590481	25	0	0.0	25	0	0	0.0	0.0	0.0	False	0.36120048117102027	logistic	False	False	False	post	post	anonymous	none	live		
16	4	communication	1.010506435838167	0.49158030930857094	-0.1995887894349892	0.9668789748092618	25	0	0.0	25	0	0	0.0	0.0	0.0	False	0.03998498344167283	logistic	False	False	False	post	post	anonymous	none	live		
16	5	communication	0.8530472654074268	0.4724965407864324	-0.22292374806628407	0.8957221654827767	25	0	0.0	25	0	0	0.0	0.0	0.0	False	0.09053005657421836	logistic	False	False	False	post	post	anonymous	none	live		
16	6	communication	0.8593456158748202	0.44917593252152965	-0.036616972529213934	0.8154617037300866	25	0	0.0	25	0	0	0.0	0.0	0.0	False	0.06746036557514527	logistic	False	False	False	post	post	anonymous	none	live		
16	7	communication	-0.6938430042001635	0.5312326236676908	-0.06706758593496055	1.1332542546456983	25	23	0.92	25	0	0	0.92	0.0	0.0	True	0.9999842232141657	logistic	False	False	False	post	post	anonymous	none	live		
16	8	communication	-1.0035036275131097	0.4285117155910892	-0.06400672538739463	0.749817148105316	25	22	0.88	25	0	0	0.88	0.0	0.0	True	0.9999978177072728	logistic	False	False	False	post	post	anonymous	none	live		
16	9	communication	-0.045556942602828665	0.5079071032580735	-0.09814340614636438	1.0321366283091071	25	3	0.12	25	0	0	0.12	0.0	0.0	True	0.968888380162481	logistic	False	False	False	post	post	anonymous	none	live		
17	0	communication	1.8432480931195685	0.33581395647492457	0.33314957192881234	0.5056022476663895	25	0	0.0	25	0	0	0.0	0.0	0.0	False	2.537032616070366e-08	logistic	False	False	False	post	post	anonymous	none	live		
17	1	communication	0.5378591661997176	0.30351158612343065	0.348845460415513	0.4357740632527141	25	0	0.0	25	0	0	0.0	0.0	0.0	False	0.09757632969305385	logistic	False	False	False	post	post	anonymous	none	live		
17	2	communication	-0.15002014277350467	0.37118555267454345	0.36962300499475126	0.5902942501612536	25	23	0.92	25	0	0	0.92	0.0	0.0	True	0.9205287789175522	logistic	False	False	False	post	post	anonymous	none	live		
17	3	communication	0.9160603111999622	0.3355895992756087	0.3212449457238564	0.5050938379497419	25	0	0.0	25	0	0	0.0	0.0	0.0	False	0.009151453779495866	logistic	False	False	False	post	post	anonymous	none	live		
17	4	communication	0.12751448874294408	0.2998294378043761	0.34148496283972357	0.42822342725200924	25	10	0.4	25	0	0	0.4	0.0	0.0	True	0.5197364069759426	logistic	False	False	False	post	post	anonymous	none	live		
17	5	communication	1.566591741567723	0.2613290438650366	0.3960485692637389	0.35378275224522143	25	0	0.0	25	0	0	0.0	0.0	0.0	False	3.016948000051653e-07	logistic	False	False	False	post	post	anonymous	none	live		
17	6	communication	0.04863131008819438	0.358275718345523	0.32473668420166596	0.5583016391741105	25	16	0.64	25	0	0	0.64	0.0	0.0	True	0.748276653066523	logistic	False	False	False	post	post	anonymous	none	live		
17	7	communication	-0.2838688726783223	0.3544224339989351	0.33366723699754297	0.5490005425596689	25	24	0.96	25	0	0	0.96	0.0	0.0	True	0.9603044281209329	logistic	False	False	False	post	post	anonymous	none	live		
17	8	communication	0.5466997133695798	0.32502391748025783	0.31354479349097136	0.4815339771254062	25	1	0.04	25	0	0	0.04	0.0	0.0	False	0.11651008298391613	logistic	False	False	False	post	post	anonymous	none	live		
17	9	communication	-0.2054267495259101	0.42164721622434964	0.3111598659938051	0.7290484770760806	25	23	0.92	25	0	0	0.92	0.0	0.0	True	0.9707921467691405	logistic	False	False	False	post	post	anonymous	none	live		
18	0	communication	0.2645569965715593	0.31096776143453	0.23767704009527044	0.4513109024941256	25	4	0.16	25	0	0	0.16	0.0	0.0	False	0.3675284307360285	logistic	False	False	False	post	post	anonymous	none	live		
18	1	communication	-0.8337292787528848	0.18801833379958338	0.21342319235441218	0.2315549003457129	25	25	1.0	25	0	0	1.0	0.0	0.0	True	0.9941423015142415	logistic	False	False	False	post	post	anonymous	none	live		
18	2	communication	-2.259972615104115	0.3499031163115868	0.25920899072490755	0.5382322621304749	25	25	1.0	25	0	0	1.0	0.0	0.0	True	1.0	logistic	False	False	False	post	post	anonymous	none	live		
18	3	communication	0.3279001430107723	0.3436773984437314	0.22259526484313055	0.5236409619732818	25	0	0.0	25	0	0	0.0	0.0	0.0	False	0.36322318146399846	logistic	False	False	False	post	post	anonymous	none	live		
18	4	communication	0.10332801353218082	0.20978903801228657	0.23627852197276494	0.26548484911494874	25	15	0.6	25	0	0	0.6	0.0	0.0	True	0.32553242484641953	logistic	False	False	False	post	post	anonymous	none	live		
18	5	communication	1.2379505204328	0.2532267841572679	0.20331467571131567	0.33909462576466665	25	0	0.0	25	0	0	0.0	0.0	0.0	False	3.960424302863848e-05	logistic	False	False	False	post	post	anonymous	none	live		
18	6	communication	0.5916798528469742	0.25694075478010475	0.20579367862858208	0.345787709974684	25	0	0.0	25	0	0	0.0	0.0	0.0	False	0.03848009543678987	logistic	False	False	False	post	post	anonymous	none	live		
18	7	communication	-1.0339308229883188	0.24236307271874485	0.2194940009155854	0.31989342651031205	25	25	1.0	25	0	0	1.0	0.0	0.0	True	0.9998114352164128	logistic	False	False	False	post	post	anonymous	none	live		
18	8	communication	2.0683287038563707	0.1871839180320269	0.23182414546263086	0.23029061824025576	25	0	0.0	25	0	0	0.0	0.0	0.0	False	4.0691936265378505e-13	logistic	False	False	False	post	post	anonymous	none	live		
18	9	communication	1.2792282188204132	0.3156212016902093	0.21556475956191495	0.4611791050069033	25	0	0.0	25	0	0	0.0	0.0	0.0	False	0.00011124773455143357	logistic	False	False	False	post	post	anonymous	none	live		
19	0	communication	0.1875779396298739	1.0	-0.19967170140629675	-0.08922121974379675	25	0	0.0	25	0	0	0.0	0.0	0.0	False	0.0	logistic	False	False	False	post	post	anonymous	none	live		
19	1	communication	-0.6289867815799584	0.14755015452141906	-0.08842534344258549	0.17308954339546126	25	19	0.76	25	0	0	0.76	0.0	0.0	True	0.9383973259872145	logistic	False	False	False	post	post	anonymous	none	live		
19	2	communication	-0.9050565498966626	0.3177498541689894	-0.1065740482004591	0.46573805240005645	25	24	0.96	25	0	0	0.96	0.0	0.0	True	0.9998421236162937	logistic	False	False	False	post	post	anonymous	none	live		
19	3	communication	-0.07786464627465267	0.1563517274625941	-0.18119496129824286	0.18532809531197342	25	2	0.08	25	0	0	0.08	0.0	0.0	True	0.40949494361576155	logistic	False	False	False	post	post	anonymous	none	live		
19	4	communication	0.3045226382246417	0.16204378851657036	-0.2589525873035247	0.1933797808237558	25	0	0.0	25	0	0	0.0	0.0	0.0	False	0.07200466113644685	logistic	False	False	False	post	post	anonymous	none	live		
19	5	communication	0.16837511515348033	0.16496361511758215	-0.16459629061774314	0.1975526074122037	25	0	0.0	25	0	0	0.0	0.0	0.0	False	0.1621568327200582	logistic	False	False	False	post	post	anonymous	none	live		
19	6	communication	-0.16553996033093	0.12188114017357458	-0.1306796794301674	0.1387979984824223	25	4	0.16	25	0	0	0.16	0.0	0.0	True	0.41778467009492815	logistic	False	False	False	post	post	anonymous	none	live		
19	7	communication	-0.618577562637488	1.0	-0.09700299952256138	-0.07032797518763166	25	21	0.84	25	0	0	0.84	0.0	0.0	True	0.0	logistic	False	False	False	post	post	anonymous	none	live		
19	8	communication	-0.9448735208105666	0.16936180282429583	-0.1738198121916187	0.20389358856858697	25	22	0.88	25	0	0	0.88	0.0	0.0	True	0.9970870931559487	logistic	False	False	False	post	post	anonymous	none	live		
19	9	communication	0.41909585163514596	0.1724261598079896	-0.13354444115193956	0.20835138985058294	25	0	0.0	25	0	0	0.0	0.0	0.0	False	0.038626385843269266	logistic	False	False	False	post	post	anonymous	none	live		
20	0	communication	0.8646534504850616	1.0	-0.12906351150666295	-0.08875038541341589	25	0	0.0	25	0	0	0.0	0.0	0.0	False	0.0	logistic	False	False	False	post	post	anonymous	none	live		
20	1	communication	-1.014012614452355	1.0	-0.12029032165651504	-0.06106316721049677	25	23	0.92	25	0	0	0.92	0.0	0.0	True	0.0	logistic	False	False	False	post	post	anonymous	none	live		
20	2	communication	0.2851978758902905	0.22247201733025554	-0.06028644778579228	0.2861273449816798	25	0	0.0	25	0	0	0.0	0.0	0.0	False	0.16528725244656783	logistic	False	False	False	post	post	anonymous	none	live		
20	3	communication	2.1557098383425917	0.0850727254353173	-0.055743269775646136	0.09298304663154176	25	0	0.0	25	0	0	0.0	0.0	0.0	False	6.484504966965619e-17	logistic	False	False	False	post	post	anonymous	none	live		
20	4	communication	0.7671346199199609	0.08766035995895535	-0.05612213187569671	0.09608303323859925	25	0	0.0	25	0	0	0.0	0.0	0.0	False	0.00014717733803107458	logistic	False	False	False	post	post	anonymous	none	live		
20	5	communication	-1.082270723907662	1.0	-0.0794862358146655	-0.17961655347569044	25	25	1.0	25	0	0	1.0	0.0	0.0	True	0.0	logistic	False	False	False	post	post	anonymous	none	live		
20	6	communication	-0.007390868790614735	1.0	-0.12518468926866536	-0.04396822185202298	25	2	0.08	25	0	0	0.08	0.0	0.0	True	0.0	logistic	False	False	False	post	post	anonymous	none	live		
20	7	communication	-0.5287241659194997	0.08590934957857199	-0.009618596286773612	0.09398340256402879	25	21	0.84	25	0	0	0.84	0.0	0.0	True	0.7525054301796862	logistic	False	False	False	post	post	anonymous	none	live		
20	8	communication	1.5748811195378438	0.1459804328446012	-0.1431503972402858	0.1709333585070403	25	0	0.0	25	0	0	0.0	0.0	0.0	False	2.9986672401829137e-09	logistic	False	False	False	post	post	anonymous	none	live		
20	9	communication	-1.4732991122380126	1.0	-0.17528952586461563	-0.015315401517430185	25	25	1.0	25	0	0	1.0	0.0	0.0	True	0.0	logistic	False	False	False	post	post	anonymous	none	live		
21	0	communication	0.9046385442576754	0.498105519756086	0.0874180558873994	0.9924506830878344	25	0	0.0	25	0	0	0.0	0.0	0.0	False	0.08693729637016079	logistic	False	False	False	post	post	anonymous	none	live		
21	1	communication	-0.9554662561355287	0.4195664218817731	0.07420719626125788	0.7228500171234286	25	25	1.0	25	0	0	1.0	0.0	0.0	True	0.9999940779901746	logistic	False	False	False	post	post	anonymous	none	live		
21	2	communication	0.5691367551385699	0.4851267796087961	0.1445492265920609	0.942225698280042	25	0	0.0	25	0	0	0.0	0.0	0.0	False	0.3754990635298676	logistic	False	False	False	post	post	anonymous	none	live		
21	3	communication	0.5244940184021807	0.5187292005167178	-0.02036168015455328	1.0778322746230453	25	0	0.0	25	0	0	0.0	0.0	0.0	False	0.5110685667214226	logistic	False	False	False	post	post	anonymous	none	live		
21	4	communication	-1.6087756247385172	0.36680683818624193	-0.009540739919481983	0.579296903863487	25	25	1.0	25	0	0	1.0	0.0	0.0	True	0.9999999997880353	logistic	False	False	False	post	post	anonymous	none	live		
21	5	communication	0.5181354549884503	0.49653444199475666	0.07883631919846901	0.9862331873545668	25	0	0.0	25	0	0	0.0	0.0	0.0	False	0.4678441050573692	logistic	False	False	False	post	post	anonymous	none	live		
21	6	communication	0.020354128795880055	0.5365280703928293	0.10857520244574644	1.1576279729552974	25	11	0.44	25	0	0	0.44	0.0	0.0	True	0.9650277881492371	logistic	False	False	False	post	post	anonymous	none	live		
21	7	communication	2.6179072225626205	0.5353682427041165	0.15152402246999372	1.1522420374791278	25	0	0.0	25	0	0	0.0	0.0	0.0	False	3.6152194637436407e-12	logistic	False	False	False	post	post	anonymous	none	live		
21	8	communication	-1.6375228339176515	0.5125523151264421	0.0664448796540538	1.051502204301978	25	25	1.0	25	0	0	1.0	0.0	0.0	True	0.9999999999996954	logistic	False	False	False	post	post	anonymous	none	live		
21	9	communication	-1.342588652726189	0.5357821024390987	0.08246839958817175	1.1541608052042174	25	25	1.0	25	0	0	1.0	0.0	0.0	True	0.9999999998930741	logistic	False	False	False	post	post	anonymous	none	live		
22	0	communication	-0.6336176734404617	0.39021102002566144	0.18318278302187632	0.6399115642301088	25	25	1.0	25	0	0	1.0	0.0	0.0	True	0.9991377758140567	logistic	False	False	False	post	post	anonymous	none	live		
22	1	communication	0.12694069728077653	0.39178054565049253	0.14079530202853532	0.6441433973359221	25	4	0.16	25	0	0	0.16	0.0	0.0	True	0.7284454537309549	logistic	False	False	False	post	post	anonymous	none	live		
22	2	communication	0.28039653719554	0.3147963332793888	0.04027455952620197	0.45942009444579573	25	0	0.0	25	0	0	0.0	0.0	0.0	False	0.3565729798925924	logistic	False	False	False	post	post	anonymous	none	live		
22	3	communication	1.0757020368487904	0.28970554565510975	0.13641755228355654	0.4078668274586309	25	0	0.0	25	0	0	0.0	0.0	0.0	False	0.0007511640523251796	logistic	False	False	False	post	post	anonymous	none	live		
22	4	communication	1.3320462057036577	0.33540632075840354	0.1590578168552208	0.5046787702542608	25	0	0.0	25	0	0	0.0	0.0	0.0	False	8.942189783534506e-05	logistic	False	False	False	post	post	anonymous	none	live		
22	5	communication	0.2988259685175817	0.21125682053007394	0.12936215700410286	0.2678398064526515	25	2	0.08	25	0	0	0.08	0.0	0.0	False	0.13698513569390292	logistic	False	False	False	post	post	anonymous	none	live		
22	6	communication	0.33843337407104696	0.42721118110909806	0.0661196769814776	0.7458441349052733	25	0	0.0	25	0	0	0.0	0.0	0.0	False	0.5447655984765133	logistic	False	False	False	post	post	anonymous	none	live		
22	7	communication	-0.44808683341029565	0.4122757101756435	0.1468609881405045	0.7014780864320813	25	22	0.88	25	0	0	0.88	0.0	0.0	True	0.9959296789544175	logistic	False	False	False	post	post	anonymous	none	live		
22	8	communication	-1.3540889058886347	0.4122399897528155	0.13985875109154378	0.7013746811040216	25	25	1.0	25	0	0	1.0	0.0	0.0	True	0.9999999926905153	logistic	False	False	False	post	post	anonymous	none	live		
22	9	communication	1.2422882480201758	0.2082452764001757	0.21825870486093313	0.2630174095499667	25	0	0.0	25	0	0	0.0	0.0	0.0	False	1.0251812046749466e-05	logistic	False	False	False	post	post	anonymous	none	live		
23	0	communication	-0.6480343249882727	0.4477008670275749	-0.21809362448810446	0.8106130180181316	25	19	0.76	25	0	0	0.76	0.0	0.0	True	0.9997850211693214	logistic	False	False	False	post	post	anonymous	none	live		
23	1	communication	-0.7464037266583687	0.47012121780065186	-0.2480069112824802	0.8872240851942348	25	19	0.76	25	0	0	0.76	0.0	0.0	True	0.9999655594645988	logistic	False	False	False	post	post	anonymous	none	live		
23	2	communication	-1.7229294369025827	0.4419672513197737	-0.28713142333589303	0.7920095233927525	25	25	1.0	25	0	0	1.0	0.0	0.0	True	0.9999999999992272	logistic	False	False	False	post	post	anonymous	none	live		
23	3	communication	-0.955436722776777	0.4772825242396703	-0.1753718300892619	0.9130793332391058	25	23	0.92	25	0	0	0.92	0.0	0.0	True	0.999998813542397	logistic	False	False	False	post	post	anonymous	none	live		
23	4	communication	1.416911501801246	0.36747335174830564	-0.2281733636028987	0.5809610595284849	25	0	0.0	25	0	0	0.0	0.0	0.0	False	6.235442783753898e-05	logistic	False	False	False	post	post	anonymous	none	live		
23	5	communication	-0.49693929014023375	0.4258102357933621	-0.22526842410285447	0.7415845114928287	25	14	0.56	25	0	0	0.56	0.0	0.0	True	0.9980663055364899	logistic	False	False	False	post	post	anonymous	none	live		
23	6	communication	-0.017191366849043765	0.3792087531422985	-0.19477304014599373	0.6108474548598479	25	1	0.04	25	0	0	0.04	0.0	0.0	True	0.8446547424485404	logistic	False	False	False	post	post	anonymous	none	live		
23	7	communication	-2.563786670119978	0.4843038484419652	-0.29575844879157287	0.9391263576018044	25	25	1.0	25	0	0	1.0	0.0	0.0	True	1.0	logistic	False	False	False	post	post	anonymous	none	live		
23	8	communication	1.4454213174272252	0.37451657799348204	-0.322685864211558	0.5987633961457404	25	0	0.0	25	0	0	0.0	0.0	0.0	False	5.0205424321604394e-05	logistic	False	False	False	post	post	anonymous	none	live		
23	9	communication	-1.0046911638545795	0.4638549759671168	-0.2183566975457465	0.8651669887337557	25	24	0.96	25	0	0	0.96	0.0	0.0	True	0.9999992240248005	logistic	False	False	False	post	post	anonymous	none	live		
24	0	communication	-0.9735947059216082	0.09821400074093231	-0.05164992951753808	0.10891054066222769	25	25	1.0	25	0	0	1.0	0.0	0.0	True	0.9887228254425331	logistic	False	False	False	post	post	anonymous	none	live		
24	1	communication	-0.23408826704453314	0.043434650587992216	-0.024034505082806263	0.04540688267110146	25	9	0.36	25	0	0	0.36	0.0	0.0	True	0.21561982134879587	logistic	False	False	False	post	post	anonymous	none	live		
24	2	communication	-0.7767586507676763	0.009620460625132317	-0.016351716066222023	0.009713912942107827	25	25	1.0	25	0	0	1.0	0.0	0.0	True	0.6104275741469639	logistic	False	False	False	post	post	anonymous	none	live		
24	3	communication	-2.748361713850764	0.1288701703088217	0.024270386014978676	0.14793451666614044	25	24	0.96	25	0	0	0.96	0.0	0.0	True	1.0	logistic	False	False	False	post	post	anonymous	none	live		
24	4	communication	1.9613433771577344	0.12996457416567897	-0.10399130552605423	0.14937848541172832	25	0	0.0	25	0	0	0.0	0.0	0.0	False	2.3945236065506846e-13	logistic	False	False	False	post	post	anonymous	none	live		
24	5	communication	0.7882120944280739	0.20741168436616197	0.01738913813912457	0.2616890512703225	25	0	0.0	25	0	0	0.0	0.0	0.0	False	0.0029667274979897043	logistic	False	False	False	post	post	anonymous	none	live		
24	6	communication	0.04031398661879285	0.18829165984319826	0.002956078159982868	0.2319696010599386	25	5	0.2	25	0	0	0.2	0.0	0.0	True	0.3479170087043382	logistic	False	False	False	post	post	anonymous	none	live		
24	7	communication	-0.2581533967847283	0.1751828460103915	-0.08085437894118969	0.21238991595050963	25	13	0.52	25	0	0	0.52	0.0	0.0	True	0.6951752861682634	logistic	False	False	False	post	post	anonymous	none	live		
24	8	communication	-0.5666371066308202	0.24591191190086872	-0.03412183760823627	0.3261050211265789	25	18	0.72	25	0	0	0.72	0.0	0.0	True	0.9783645588812097	logistic	False	False	False	post	post	anonymous	none	live		
24	9	communication	0.1045024920196044	0.08362687130625152	-0.0022551840271482215	0.09125853725704303	25	0	0.0	25	0	0	0.0	0.0	0.0	False	0.07343624526314722	logistic	False	False	False	post	post	anonymous	none	live		
25	0	communication	-0.35336435775954134	0.3961497341926041	0.11016265574684182	0.6560396784174969	25	22	0.88	25	0	0	0.88	0.0	0.0	True	0.9872931144092525	logistic	False	False	False	post	post	anonymous	none	live		
25	1	communication	0.4029519917216548	0.3675178770768969	0.14128927866057456	0.581072355655465	25	0	0.0	25	0	0	0.0	0.0	0.0	False	0.32399789185708094	logistic	False	False	False	post	post	anonymous	none	live		
25	2	communication	-1.8736037281801112	0.4400389304156577	0.08272851187703271	0.7858384347010008	25	25	1.0	25	0	0	1.0	0.0	0.0	True	0.99999999999998	logistic	False	False	False	post	post	anonymous	none	live		
25	3	communication	-0.04353023369333639	0.44651435842501064	0.0775432157028662	0.8067316022045612	25	9	0.36	25	0	0	0.36	0.0	0.0	True	0.9330643736873179	logistic	False	False	False	post	post	anonymous	none	live		
25	4	communication	-1.465595232348655	0.2957559856871608	0.15815086151012397	0.4199623705367841	25	25	1.0	25	0	0	1.0	0.0	0.0	True	0.9999999521023598	logistic	False	False	False	post	post	anonymous	none	live		
25	5	communication	-0.06368226927835036	0.44511646526560844	0.06473681689212726	0.8021799844514654	25	13	0.52	25	0	0	0.52	0.0	0.0	True	0.9403817531122665	logistic	False	False	False	post	post	anonymous	none	live		
25	6	communication	1.5996168754903848	0.4497307444409058	0.08893779181643038	0.8172921527007038	25	0	0.0	25	0	0	0.0	0.0	0.0	False	3.758560279612228e-05	logistic	False	False	False	post	post	anonymous	none	live		
25	7	communication	-0.7382568239548706	0.37859217930358385	0.12459062667978692	0.6092491383183638	25	24	0.96	25	0	0	0.96	0.0	0.0	True	0.9996795053158589	logistic	False	False	False	post	post	anonymous	none	live		
25	8	communication	-0.5692069309363199	0.4235752611924298	0.08690958449824929	0.7348318569197172	25	23	0.92	25	0	0	0.92	0.0	0.0	True	0.9990849991934488	logistic	False	False	False	post	post	anonymous	none	live		
25	9	communication	0.19149168644723605	0.2619105665840283	0.06302235916332918	0.3548493647604097	25	1	0.04	25	0	0	0.04	0.0	0.0	False	0.34357095435939	logistic	False	False	False	post	post	anonymous	none	live		
26	0	communication	-0.5574044749609126	0.41469860790434054	0.09819652153901509	0.7085214788564245	25	23	0.92	25	0	0	0.92	0.0	0.0	True	0.9987562953283871	logistic	False	False	False	post	post	anonymous	none	live		
26	1	communication	2.296495430961774	0.38119591773267414	-0.020012082959671114	0.6160203667951821	25	0	0.0	25	0	0	0.0	0.0	0.0	False	1.1415054071654587e-11	logistic	False	False	False	post	post	anonymous	none	live		
26	2	communication	0.07351338941590702	0.4073063663243868	0.04579052114735225	0.6872123187800417	25	3	0.12	25	0	0	0.12	0.0	0.0	True	0.8100725664342843	logistic	False	False	False	post	post	anonymous	none	live		
26	3	communication	-0.6135417329129242	0.40892079439654855	0.06422425793300719	0.6918206401442738	25	25	1.0	25	0	0	1.0	0.0	0.0	True	0.9992582358129116	logistic	False	False	False	post	post	anonymous	none	live		
26	4	communication	-0.18203050257696032	0.40103497594651855	0.10046051955075855	0.6695465675650374	25	20	0.8	25	0	0	0.8	0.0	0.0	True	0.9547610819368019	logistic	False	False	False	post	post	anonymous	none	live		
26	5	communication	-0.9530987988366778	0.3056912962123371	0.08056289616258203	0.44028152685498406	25	25	1.0	25	0	0	1.0	0.0	0.0	True	0.9998869287019023	logistic	False	False	False	post	post	anonymous	none	live		
26	6	communication	0.7735298278711059	0.3299745391155696	-0.007556600039351977	0.49248059720000015	25	0	0.0	25	0	0	0.0	0.0	0.0	False	0.027523751323989466	logistic	False	False	False	post	post	anonymous	none	live		
26	7	communication	-0.8420513307321448	0.44252718640548067	0.05967945968165537	0.7938094479479946	25	25	1.0	25	0	0	1.0	0.0	0.0	True	0.9999824340296234	logistic	False	False	False	post	post	anonymous	none	live		
26	8	communication	0.8402824702153902	0.4621630627748764	0.042425196193761935	0.8592995958204853	25	0	0.0	25	0	0	0.0	0.0	0.0	False	0.08764765414655123	logistic	False	False	False	post	post	anonymous	none	live		
26	9	communication	-1.025372137288457	0.4617252198926414	-0.019757516342114763	0.8577872063791482	25	25	1.0	25	0	0	1.0	0.0	0.0	True	0.9999994157421463	logistic	False	False	False	post	post	anonymous	none	live		
27	0	communication	-0.6000058481086434	0.2182592565427702	-0.19831833558980538	0.27919647065793685	25	21	0.84	25	0	0	0.84	0.0	0.0	True	0.974380021823135	logistic	False	False	False	post	post	anonymous	none	live		
27	1	communication	-2.169624804987817	1.0	-0.36636647923756305	-0.13227609587311825	25	25	1.0	25	0	0	1.0	0.0	0.0	True	0.0	logistic	False	False	False	post	post	anonymous	none	live		
27	2	communication	-0.33690651227641666	0.017109171658008595	-0.30618940553354845	0.01740699085255433	25	7	0.28	25	0	0	0.28	0.0	0.0	True	0.1742669054244077	logistic	False	False	False	post	post	anonymous	none	live		
27	3	communication	2.65154517857459	0.12053662819668548	-0.30211256964910005	0.13705701915649832	25	0	0.0	25	0	0	0.0	0.0	0.0	False	3.6627213613940624e-22	logistic	False	False	False	post	post	anonymous	none	live		
27	4	communication	-1.277584741427928	0.29309890830555113	-0.32402803104654476	0.41462506105767943	25	25	1.0	25	0	0	1.0	0.0	0.0	True	0.9999986423488147	logistic	False	False	False	post	post	anonymous	none	live		
27	5	communication	0.4851224210591245	1.0	-0.30760528652648367	-0.01717513429950443	25	0	0.0	25	0	0	0.0	0.0	0.0	False	0.0	logistic	False	False	False	post	post	anonymous	none	live		
27	6	communication	-0.7771695797283739	0.14220853210250362	-0.3059929710896899	0.1657845029061272	25	15	0.6	25	0	0	0.6	0.0	0.0	True	0.9769318556230431	logistic	False	False	False	post	post	anonymous	none	live		
27	7	communication	-0.6913128200215266	0.1977625357471891	-0.3277117243563578	0.24651371265910832	25	14	0.56	25	0	0	0.56	0.0	0.0	True	0.982739981952175	logistic	False	False	False	post	post	anonymous	none	live		
27	8	communication	-1.3730066146900157	0.28489027693925995	-0.463794106533007	0.3983868038038995	25	24	0.96	25	0	0	0.96	0.0	0.0	True	0.9999996437923463	logistic	False	False	False	post	post	anonymous	none	live		
27	9	communication	0.3724847136801079	0.18339791556229754	-0.32593931689791317	0.22458663657291794	25	0	0.0	25	0	0	0.0	0.0	0.0	False	0.0626649322690888	logistic	False	False	False	post	post	anonymous	none	live		
28	0	communication	-1.1207525315849087	0.5650936377930876	-0.13882459241589568	1.2993455302091834	25	25	1.0	25	0	0	1.0	0.0	0.0	True	0.9999999963393574	logistic	False	False	False	post	post	anonymous	none	live		
28	1	communication	-0.3314467866177304	0.5502323209054142	-0.16766723663037508	1.2233700785549346	25	13	0.52	25	0	0	0.52	0.0	0.0	True	0.9989123000684074	logistic	False	False	False	post	post	anonymous	none	live		
28	2	communication	0.7574397113842766	0.5591752989989847	-0.2211193121297899	1.2684754228363817	25	0	0.0	25	0	0	0.0	0.0	0.0	False	0.3043245452613129	logistic	False	False	False	post	post	anonymous	none	live		
28	3	communication	-0.6184873579289795	0.5620115499784992	-0.17626597508188555	1.2831652294733118	25	18	0.72	25	0	0	0.72	0.0	0.0	True	0.9999785303993779	logistic	False	False	False	post	post	anonymous	none	live		
28	4	communication	-0.9673731449347204	0.5733797733194087	-0.21927670274163016	1.3440051302318952	25	24	0.96	25	0	0	0.96	0.0	0.0	True	0.9999999483521284	logistic	False	False	False	post	post	anonymous	none	live		
28	5	communication	0.6593895794905087	0.5553419321675861	-0.21090962685145853	1.2489190511593	25	0	0.0	25	0	0	0.0	0.0	0.0	False	0.4177488277279662	logistic	False	False	False	post	post	anonymous	none	live		
28	6	communication	0.3399234849318228	0.5142050370063513	-0.20553282424158667	1.0584816150369885	25	0	0.0	25	0	0	0.0	0.0	0.0	False	0.731235126255443	logistic	False	False	False	post	post	anonymous	none	live		
28	7	communication	-0.9373836546510643	0.5940120330459179	-0.17408902752832003	1.4631271894644644	25	24	0.96	25	0	0	0.96	0.0	0.0	True	0.9999999541709059	logistic	False	False	False	post	post	anonymous	none	live		
28	8	communication	0.2652228905803039	0.5509182215655273	-0.23104245030064754	1.2267659210891675	25	0	0.0	25	0	0	0.0	0.0	0.0	False	0.8599955485714947	logistic	False	False	False	post	post	anonymous	none	live		
28	9	communication	0.8003263998286835	0.551576551303125	-0.10495135761024021	1.23003503252565	25	0	0.0	25	0	0	0.0	0.0	0.0	False	0.24211335488097807	logistic	False	False	False	post	post	anonymous	none	live		
29	0	communication	-0.027952173376463857	0.2226968919002791	0.24936142538546172	0.2864994229145796	25	19	0.76	25	0	0	0.76	0.0	0.0	True	0.5288503112620432	logistic	False	False	False	post	post	anonymous	none	live		
29	1	communication	1.3285199555278524	0.17040544042576627	0.26571024871306037	0.2054080977980643	25	0	0.0	25	0	0	0.0	0.0	0.0	False	7.436074233312297e-07	logistic	False	False	False	post	post	anonymous	none	live		
29	2	communication	0.7163693399622486	0.31472902760283455	0.29839497126125053	0.45927675369331966	25	0	0.0	25	0	0	0.0	0.0	0.0	False	0.03428133031602456	logistic	False	False	False	post	post	anonymous	none	live		
29	3	communication	1.1141962717215894	0.25792368920342723	0.3183664420859049	0.3475703043620436	25	0	0.0	25	0	0	0.0	0.0	0.0	False	0.00022916116515350992	logistic	False	False	False	post	post	anonymous	none	live		
29	4	communication	0.8264172024890488	0.3522682713869061	0.2524756720091205	0.5438490285803563	25	0	0.0	25	0	0	0.0	0.0	0.0	False	0.025015419737989323	logistic	False	False	False	post	post	anonymous	none	live		
29	5	communication	0.40287909883621315	0.06924801742024213	0.2687660328003602	0.07440007511808672	25	7	0.28	25	0	0	0.28	0.0	0.0	False	0.0047499707254974755	logistic	False	False	False	post	post	anonymous	none	live		
29	6	communication	-0.051048305688287776	0.19876950885892994	0.2785756343202685	0.24808031029354977	25	15	0.6	25	0	0	0.6	0.0	0.0	True	0.4946947994977817	logistic	False	False	False	post	post	anonymous	none	live		
29	7	communication	-1.630548513152927	0.2983370675256792	0.2630020826123041	0.4251857319491472	25	25	1.0	25	0	0	1.0	0.0	0.0	True	0.9999999981872152	logistic	False	False	False	post	post	anonymous	none	live		
29	8	communication	1.4455537863525227	0.3529589221621652	0.26872871172941476	0.545496930954708	25	0	0.0	25	0	0	0.0	0.0	0.0	False	2.918230221755536e-05	logistic	False	False	False	post	post	anonymous	none	live		
29	9	communication	-1.175354888714485	0.3128400642273775	0.28708496298339964	0.4552652853307422	25	25	1.0	25	0	0	1.0	0.0	0.0	True	0.9999961405109505	logistic	False	False	False	post	post	anonymous	none	live		
30	0	communication	-0.19891482384539516	0.2610682771839522	0.14456337025629146	0.35330500656952235	25	16	0.64	25	0	0	0.64	0.0	0.0	True	0.8141307325587546	logistic	False	False	False	post	post	anonymous	none	live		
30	1	communication	0.7090493858614678	0.2897490642205501	0.07516374772071446	0.40795309041384237	25	0	0.0	25	0	0	0.0	0.0	0.0	False	0.025481827223487657	logistic	False	False	False	post	post	anonymous	none	live		
30	2	communication	-0.7742219883292178	0.3892036081107409	0.04601430523713315	0.637206789822206	25	24	0.96	25	0	0	0.96	0.0	0.0	True	0.9998388539109465	logistic	False	False	False	post	post	anonymous	none	live		
30	3	communication	-0.7518888094833395	0.40693235105631936	0.1021562088537458	0.6861482864241728	25	23	0.92	25	0	0	0.92	0.0	0.0	True	0.9998567964024403	logistic	False	False	False	post	post	anonymous	none	live		
30	4	communication	-0.6133434115020653	0.3516393306664768	0.05913792507661174	0.542351421513494	25	25	1.0	25	0	0	1.0	0.0	0.0	True	0.9977138083233081	logistic	False	False	False	post	post	anonymous	none	live		
30	5	communication	-0.03389228259128882	0.19492646142677336	0.11999229201352266	0.24212255413614434	25	17	0.68	25	0	0	0.68	0.0	0.0	True	0.46130166238653975	logistic	False	False	False	post	post	anonymous	none	live		
30	6	communication	-0.5632337734429416	0.22804855862035803	0.009159655622028515	0.2954182690724518	25	22	0.88	25	0	0	0.88	0.0	0.0	True	0.9707757491264658	logistic	False	False	False	post	post	anonymous	none	live		
30	7	communication	-0.7788690042058806	0.27036341494525673	0.07174295475455793	0.3705453104780538	25	25	1.0	25	0	0	1.0	0.0	0.0	True	0.9980474472292745	logistic	False	False	False	post	post	anonymous	none	live		
30	8	communication	0.23312470364088655	0.32325507762422034	0.053187071758086325	0.4776616224757204	25	3	0.12	25	0	0	0.12	0.0	0.0	False	0.4371570374767707	logistic	False	False	False	post	post	anonymous	none	live		
30	9	communication	-1.2081507460382683	0.11954066117256647	0.18274530723691584	0.13577079133690234	25	24	0.96	25	0	0	0.96	0.0	0.0	True	0.9994196219076639	logistic	False	False	False	post	post	anonymous	none	live		
31	0	communication	0.18951393126213206	0.3961273241373657	0.1196604546956947	0.6559782218519763	25	5	0.2	25	0	0	0.2	0.0	0.0	True	0.6647009686637755	logistic	False	False	False	post	post	anonymous	none	live		
31	1	communication	-0.12086696386533463	0.47250437636437453	0.1324829586222881	0.8957503251074613	25	10	0.4	25	0	0	0.4	0.0	0.0	True	0.9718643423421455	logistic	False	False	False	post	post	anonymous	none	live		
31	2	communication	-1.0202269562785937	0.44227682675676944	0.04716225479709296	0.7930042142320786	25	25	1.0	25	0	0	1.0	0.0	0.0	True	0.9999988763689773	logistic	False	False	False	post	post	anonymous	none	live		
31	3	communication	0.3148639187718912	0.4333486490670691	0.13470775590501177	0.7647535796987105	25	1	0.04	25	0	0	0.04	0.0	0.0	False	0.5898246876356389	logistic	False	False	False	post	post	anonymous	none	live		
31	4	communication	0.9535167481270892	0.4764338703310772	0.19237648766801652	0.909978402599019	25	0	0.0	25	0	0	0.0	0.0	0.0	False	0.04953468127637185	logistic	False	False	False	post	post	anonymous	none	live		
31	5	communication	-0.13295335093384092	0.47625167457955325	0.06457472281523752	0.9093139805215323	25	11	0.44	25	0	0	0.44	0.0	0.0	True	0.9756449238135526	logistic	False	False	False	post	post	anonymous	none	live		
31	6	communication	-1.5422467187948485	0.5237079712955423	0.07988570775854396	1.099552248900866	25	25	1.0	25	0	0	1.0	0.0	0.0	True	0.9999999999981207	logistic	False	False	False	post	post	anonymous	none	live		
31	7	communication	0.6694889299646501	0.4203212562294278	0.1922014282090622	0.7250934431292246	25	0	0.0	25	0	0	0.0	0.0	0.0	False	0.15112259767270447	logistic	False	False	False	post	post	anonymous	none	live		
31	8	communication	0.7347217520666741	0.43953608545903733	0.11901705447644433	0.7842361908688287	25	0	0.0	25	0	0	0.0	0.0	0.0	False	0.1279578322496176	logistic	False	False	False	post	post	anonymous	none	live		
31	9	communication	-0.7059807839759817	0.4400651483126901	0.06612793526675986	0.7859220532292213	25	25	1.0	25	0	0	1.0	0.0	0.0	True	0.99987841557068	logistic	False	False	False	post	post	anonymous	none	live		
32	0	communication	1.0901798287676616	0.008389290832891836	-0.18266691577586258	0.008460266468822551	25	0	0.0	25	0	0	0.0	0.0	0.0	False	1.0019376255591603e-09	logistic	False	False	False	post	post	anonymous	none	live		
32	1	communication	1.5999575155391772	0.13651162226734725	-0.148237595173403	0.1580931785391245	25	0	0.0	25	0	0	0.0	0.0	0.0	False	1.1555437489488882e-09	logistic	False	False	False	post	post	anonymous	none	live		
32	2	communication	-0.07068927067928231	0.03125767327361142	-0.18768626099288455	0.03226624088909025	25	6	0.24	25	0	0	0.24	0.0	0.0	True	0.06390441151781627	logistic	False	False	False	post	post	anonymous	none	live		
32	3	communication	-0.7827355907993192	0.009679694510740753	-0.20060716786059068	0.0097743068147619	25	23	0.92	25	0	0	0.92	0.0	0.0	True	0.6189967325396108	logistic	False	False	False	post	post	anonymous	none	live		
32	4	communication	-0.14576455339457078	0.12541215546665346	-0.18460550351356703	0.14339572205416323	25	0	0.0	25	0	0	0.0	0.0	0.0	True	0.4034500121848616	logistic	False	False	False	post	post	anonymous	none	live		
32	5	communication	0.08545536886902397	1.0	-0.17542599160316172	-0.043141027640770976	25	0	0.0	25	0	0	0.0	0.0	0.0	False	0.0	logistic	False	False	False	post	post	anonymous	none	live		
32	6	communication	-0.15592845162045516	0.1842717252584223	-0.16708989618786613	0.2258984161322586	25	6	0.24	25	0	0	0.24	0.0	0.0	True	0.5928162847433426	logistic	False	False	False	post	post	anonymous	none	live		
32	7	communication	0.36269796717318636	1.0	-0.1745717719104919	-0.15008568369987355	25	0	0.0	25	0	0	0.0	0.0	0.0	False	0.0	logistic	False	False	False	post	post	anonymous	none	live		
32	8	communication	0.0878928518498639	1.0	-0.2447666561524034	-0.17204064500251867	25	1	0.04	25	0	0	0.04	0.0	0.0	False	0.0	logistic	False	False	False	post	post	anonymous	none	live		
32	9	communication	9.111974231792996e-05	1.0	-0.21441329530815972	-0.020800800104525424	25	0	0.0	25	0	0	0.0	0.0	0.0	False	0.0	logistic	False	False	False	post	post	anonymous	none	live		
33	0	communication	0.21738401688238612	0.479540537641762	0.00549678633856214	0.9213792280169728	25	1	0.04	25	0	0	0.04	0.0	0.0	False	0.7946175458059459	logistic	False	False	False	post	post	anonymous	none	live		
33	1	communication	-1.3185935755808749	0.4592080033232993	-0.04789207594850051	0.8491397915376799	25	24	0.96	25	0	0	0.96	0.0	0.0	True	0.9999999971199209	logistic	False	False	False	post	post	anonymous	none	live		
33	2	communication	-1.8798867532944579	0.5464352357544585	-0.005399353310138938	1.2047568039448515	25	25	1.0	25	0	0	1.0	0.0	0.0	True	0.9999999999999999	logistic	False	False	False	post	post	anonymous	none	live		
33	3	communication	0.24543340368188057	0.5205574714707479	0.006585785820199246	1.0857557277357535	25	1	0.04	25	0	0	0.04	0.0	0.0	False	0.833635831691395	logistic	False	False	False	post	post	anonymous	none	live		
33	4	communication	1.7841100550875788	0.5298453219644269	-0.05645613795671717	1.1269595873814477	25	0	0.0	25	0	0	0.0	0.0	0.0	False	2.0128352352732208e-05	logistic	False	False	False	post	post	anonymous	none	live		
33	5	communication	0.06332818032764602	0.5336928975911952	-0.044260394176942566	1.144509476339295	25	1	0.04	25	0	0	0.04	0.0	0.0	False	0.9507774151427957	logistic	False	False	False	post	post	anonymous	none	live		
33	6	communication	0.926803462198135	0.45704324865346596	-0.029634242028795284	0.8417673185203013	25	0	0.0	25	0	0	0.0	0.0	0.0	False	0.04708958563228374	logistic	False	False	False	post	post	anonymous	none	live		
33	7	communication	-0.6469904312089577	0.4780710978857146	0.08035715133297634	0.9159697727968179	25	25	1.0	25	0	0	1.0	0.0	0.0	True	0.9998901473449322	logistic	False	False	False	post	post	anonymous	none	live		
33	8	communication	0.26191297162836613	0.5138120961281529	-0.014837196220437903	1.0568179340463135	25	0	0.0	25	0	0	0.0	0.0	0.0	False	0.8090204973908041	logistic	False	False	False	post	post	anonymous	none	live		
33	9	communication	-0.31685387140283394	0.5378612423980802	0.05338871315696288	1.163852270666696	25	20	0.8	25	0	0	0.8	0.0	0.0	True	0.9983805095184255	logistic	False	False	False	post	post	anonymous	none	live		
34	0	communication	0.41963968572209254	0.5560895473820753	-0.18934629864334274	1.2527065855345008	25	0	0.0	25	0	0	0.0	0.0	0.0	False	0.72437729491163	logistic	False	False	False	post	post	anonymous	none	live		
34	1	communication	1.0545604220680438	0.5651013707102573	-0.21322343142843853	1.2993864147908587	25	0	0.0	25	0	0	0.0	0.0	0.0	False	0.07110453040873656	logistic	False	False	False	post	post	anonymous	none	live		
34	2	communication	0.27356329430676973	0.5592575010563787	-0.2714165538283483	1.2688985119356906	25	0	0.0	25	0	0	0.0	0.0	0.0	False	0.8646389157894246	logistic	False	False	False	post	post	anonymous	none	live		
34	3	communication	-0.18807297886863808	0.6163377243889705	-0.1315483257191818	1.6064590228668598	25	9	0.36	25	0	0	0.36	0.0	0.0	True	0.9985457440595567	logistic	False	False	False	post	post	anonymous	none	live		
34	4	communication	-0.29918358440582477	0.5527567404352488	-0.31490433347802943	1.2359196670133865	25	6	0.24	25	0	0	0.24	0.0	0.0	True	0.9985227392178532	logistic	False	False	False	post	post	anonymous	none	live		
34	5	communication	0.24829078130564702	0.5950225651420786	-0.17472159381533237	1.4692733814930474	25	0	0.0	25	0	0	0.0	0.0	0.0	False	0.9186814209666064	logistic	False	False	False	post	post	anonymous	none	live		
34	6	communication	1.028033658334514	0.517430633565676	-0.2022667156501638	1.0722409451493775	25	0	0.0	25	0	0	0.0	0.0	0.0	False	0.04862805569338567	logistic	False	False	False	post	post	anonymous	none	live		
34	7	communication	-1.0188693096613568	0.5773288077964199	-0.23740582989328626	1.3659052673699819	25	25	1.0	25	0	0	1.0	0.0	0.0	True	0.9999999826327461	logistic	False	False	False	post	post	anonymous	none	live		
34	8	communication	0.19109076745578313	0.6134882989412831	-0.1358204740451665	1.5872437943297477	25	0	0.0	25	0	0	0.0	0.0	0.0	False	0.9550962667273505	logistic	False	False	False	post	post	anonymous	none	live		
34	9	communication	-1.5069703479480911	0.5898826362248655	-0.23163523413328607	1.438326411725146	25	24	0.96	25	0	0	0.96	0.0	0.0	True	0.9999999999997338	logistic	False	False	False	post	post	anonymous	none	live		
35	0	communication	-0.785454716142446	0.2978649144574416	0.049743410034964894	0.42422736107436293	25	25	1.0	25	0	0	1.0	0.0	0.0	True	0.9989667826622407	logistic	False	False	False	post	post	anonymous	none	live		
35	1	communication	1.4608763860930993	0.26790830593446235	0.01885500512237033	0.365949112804002	25	0	0.0	25	0	0	0.0	0.0	0.0	False	2.15637346863239e-06	logistic	False	False	False	post	post	anonymous	none	live		
35	2	communication	0.8263828428725754	0.2723254038745156	0.13134538717877753	0.3742406363016062	25	0	0.0	25	0	0	0.0	0.0	0.0	False	0.007090347950871334	logistic	False	False	False	post	post	anonymous	none	live		
35	3	communication	1.442020883519846	0.3663677224590369	0.14816575080334624	0.5782024297765544	25	0	0.0	25	0	0	0.0	0.0	0.0	False	4.300606396867678e-05	logistic	False	False	False	post	post	anonymous	none	live		
35	4	communication	0.5033203089252233	0.30036686412610614	0.12824309536351874	0.42932052346395166	25	0	0.0	25	0	0	0.0	0.0	0.0	False	0.11509741251901151	logistic	False	False	False	post	post	anonymous	none	live		
35	5	communication	0.2754445835218098	0.2656189245044745	-0.025404732664520632	0.3616908623703946	25	1	0.04	25	0	0	0.04	0.0	0.0	False	0.2549897108055169	logistic	False	False	False	post	post	anonymous	none	live		
35	6	communication	0.9903989910357947	0.4033985161388055	0.033922759828004266	0.6761607656890447	25	0	0.0	25	0	0	0.0	0.0	0.0	False	0.013859929807860712	logistic	False	False	False	post	post	anonymous	none	live		
35	7	communication	-0.8462124148394228	0.30930133859967246	0.09513531549160835	0.4478093789447813	25	24	0.96	25	0	0	0.96	0.0	0.0	True	0.9996015666166622	logistic	False	False	False	post	post	anonymous	none	live		
35	8	communication	0.09799581937811251	0.3969287858081489	0.09537580074425436	0.6581789620651276	25	3	0.12	25	0	0	0.12	0.0	0.0	True	0.7688724435129819	logistic	False	False	False	post	post	anonymous	none	live		
35	9	communication	0.4815396225979619	0.39863634894934696	0.09495505607050578	0.6628873365606358	25	0	0.0	25	0	0	0.0	0.0	0.0	False	0.2969397571801101	logistic	False	False	False	post	post	anonymous	none	live		
36	0	communication	0.16412477956659893	0.16802839122949145	-0.09195747257974074	0.20196409283461558	25	0	0.0	25	0	0	0.0	0.0	0.0	False	0.17131700171239478	logistic	False	False	False	post	post	anonymous	none	live		
36	1	communication	-2.285443211084278	0.10137704016300857	-0.07224502537979618	0.11281376583277838	25	25	1.0	25	0	0	1.0	0.0	0.0	True	0.9999999999882409	logistic	False	False	False	post	post	anonymous	none	live		
36	2	communication	0.8740979021142655	0.21264839094662782	-0.08349935042093466	0.2700805948720847	25	0	0.0	25	0	0	0.0	0.0	0.0	False	0.0013406321906702025	logistic	False	False	False	post	post	anonymous	none	live		
36	3	communication	0.24351094161133416	0.13057629246846048	-0.14101848401703296	0.15018717725007935	25	0	0.0	25	0	0	0.0	0.0	0.0	False	0.06679167075829073	logistic	False	False	False	post	post	anonymous	none	live		
36	4	communication	-0.06626051906843848	0.21652530539393075	-0.128540308589034	0.2763654102482526	25	3	0.12	25	0	0	0.12	0.0	0.0	True	0.5630226841005839	logistic	False	False	False	post	post	anonymous	none	live		
36	5	communication	-0.18171307668285544	0.27207006504935527	-0.12715453457105633	0.37375858854850125	25	6	0.24	25	0	0	0.24	0.0	0.0	True	0.8175443056618167	logistic	False	False	False	post	post	anonymous	none	live		
36	6	communication	-1.8132860229514276	0.17131165146015484	-0.20244332508838297	0.20672627021003398	25	24	0.96	25	0	0	0.96	0.0	0.0	True	0.9999999927056156	logistic	False	False	False	post	post	anonymous	none	live		
36	7	communication	0.9586070515628975	0.18109254358153115	-0.10019061529567169	0.22113920463436504	25	0	0.0	25	0	0	0.0	0.0	0.0	False	0.00023009006010849518	logistic	False	False	False	post	post	anonymous	none	live		
36	8	communication	1.1000879021220464	0.17660993728711924	-0.10854304635128509	0.21449121781386352	25	0	0.0	25	0	0	0.0	0.0	0.0	False	3.079668684635961e-05	logistic	False	False	False	post	post	anonymous	none	live		
36	9	communication	0.7688221188813383	0.21033586988183492	-0.11678917194498648	0.26636118048107404	25	0	0.0	25	0	0	0.0	0.0	0.0	False	0.0038279817365691423	logistic	False	False	False	post	post	anonymous	none	live		
37	0	communication	-0.12400389577730453	0.5079772044358227	-0.012486418177305302	1.0324261579249627	25	3	0.12	25	0	0	0.12	0.0	0.0	True	0.9832733705972663	logistic	False	False	False	post	post	anonymous	none	live		
37	1	communication	-1.9676849820906774	0.5186526571182108	-0.04518192044705033	1.0775018597029695	25	25	1.0	25	0	0	1.0	0.0	0.0	True	1.0	logistic	False	False	False	post	post	anonymous	none	live		
37	2	communication	0.30931991230350586	0.5159299722605619	-0.05011057358374787	1.0658168089230948	25	0	0.0	25	0	0	0.0	0.0	0.0	False	0.7668894568263714	logistic	False	False	False	post	post	anonymous	none	live		
37	3	communication	-0.5655628499541374	0.46430948602481104	-0.09627657587661859	0.8667495016466095	25	20	0.8	25	0	0	0.8	0.0	0.0	True	0.9995860959525392	logistic	False	False	False	post	post	anonymous	none	live		
37	4	communication	-0.6449543014255814	0.49796145386001256	-0.12075356139329758	0.9918789258089399	25	24	0.96	25	0	0	0.96	0.0	0.0	True	0.9999289859014981	logistic	False	False	False	post	post	anonymous	none	live		
37	5	communication	0.11044394983222375	0.45950554319022485	-0.05858642268926395	0.8501577350162279	25	0	0.0	25	0	0	0.0	0.0	0.0	False	0.8558501860048334	logistic	False	False	False	post	post	anonymous	none	live		
37	6	communication	1.9152988322700142	0.5135688345147766	-0.12802112727198448	1.0557893304440782	25	0	0.0	25	0	0	0.0	0.0	0.0	False	1.7554585532607287e-06	logistic	False	False	False	post	post	anonymous	none	live		
37	7	communication	0.573803401391792	0.4571755800672672	-0.06449655318659143	0.8422163102461764	25	0	0.0	25	0	0	0.0	0.0	0.0	False	0.3098373987326829	logistic	False	False	False	post	post	anonymous	none	live		
37	8	communication	-0.005582971358721961	0.5184608265552355	-0.14613994645958556	1.076674246139408	25	3	0.12	25	0	0	0.12	0.0	0.0	True	0.9635218212707046	logistic	False	False	False	post	post	anonymous	none	live		
37	9	communication	0.021003781910959834	0.4214355687831068	-0.02346523351634218	0.728415965524708	25	5	0.2	25	0	0	0.2	0.0	0.0	True	0.8721368405609107	logistic	False	False	False	post	post	anonymous	none	live		
38	0	communication	-0.9553451674242684	0.41217370758089356	0.13274110984224052	0.7011828373389997	25	25	1.0	25	0	0	1.0	0.0	0.0	True	0.9999927595311855	logistic	False	False	False	post	post	anonymous	none	live		
38	1	communication	-0.5508779777640449	0.3874229193179573	0.22608724703090316	0.6324476242020041	25	23	0.92	25	0	0	0.92	0.0	0.0	True	0.9977558050206079	logistic	False	False	False	post	post	anonymous	none	live		
38	2	communication	0.43915707962204154	0.3566159702832326	0.21804061443290462	0.5542816635349548	25	0	0.0	25	0	0	0.0	0.0	0.0	False	0.26022366668872343	logistic	False	False	False	post	post	anonymous	none	live		
38	3	communication	1.5044192715323765	0.35864483726564517	0.2357909628525009	0.5591984879900211	25	0	0.0	25	0	0	0.0	0.0	0.0	False	1.4490345124828727e-05	logistic	False	False	False	post	post	anonymous	none	live		
38	4	communication	0.5392669662725778	0.3740060206017338	0.14433637228285895	0.5974594531424174	25	0	0.0	25	0	0	0.0	0.0	0.0	False	0.19156830324502916	logistic	False	False	False	post	post	anonymous	none	live		
38	5	communication	0.49374625085585466	0.34881737405815544	0.17199242493402583	0.5356675073350429	25	0	0.0	25	0	0	0.0	0.0	0.0	False	0.19171016741766217	logistic	False	False	False	post	post	anonymous	none	live		
38	6	communication	1.1694272271118717	0.3969987481905378	0.09707061778060076	0.6583713499752111	25	0	0.0	25	0	0	0.0	0.0	0.0	False	0.0022849463078515467	logistic	False	False	False	post	post	anonymous	none	live		
38	7	communication	1.4731484741033847	0.321615629840162	0.12920020319272713	0.47409056574281677	25	0	0.0	25	0	0	0.0	0.0	0.0	False	8.477369291224906e-06	logistic	False	False	False	post	post	anonymous	none	live		
38	8	communication	1.5573297157224457	0.37319113067139587	0.1088779753784121	0.5953826579881254	25	0	0.0	25	0	0	0.0	0.0	0.0	False	9.749928451920102e-06	logistic	False	False	False	post	post	anonymous	none	live		
38	9	communication	0.9229337565923218	0.275799061131013	0.15416848360301297	0.3808322336087263	25	0	0.0	25	0	0	0.0	0.0	0.0	False	0.0029572632347017905	logistic	False	False	False	post	post	anonymous	none	live		
39	0	communication	0.17230258574757062	0.41292359499393816	0.49125535989012653	0.703355800834262	25	18	0.72	25	0	0	0.72	0.0	0.0	True	0.719729881614559	logistic	False	False	False	post	post	anonymous	none	live		
39	1	communication	0.903646895269238	0.4772292407169461	0.44345948539760016	0.9128843422142336	25	0	0.0	25	0	0	0.0	0.0	0.0	False	0.06963685968285864	logistic	False	False	False	post	post	anonymous	none	live		
39	2	communication	0.2535804193591521	0.4292051571607698	0.49501955294672334	0.7519429485834713	25	16	0.64	25	0	0	0.64	0.0	0.0	True	0.6580024905443137	logistic	False	False	False	post	post	anonymous	none	live		
39	3	communication	0.3046810530915083	0.4376424853433882	0.5867576102215996	0.7782282159252776	25	15	0.6	25	0	0	0.6	0.0	0.0	True	0.6126588511391363	logistic	False	False	False	post	post	anonymous	none	live		
39	4	communication	-0.5661845194098281	0.38004825010530774	0.6596715441030936	0.6130287561408843	25	24	0.96	25	0	0	0.96	0.0	0.0	True	0.9978054678797943	logistic	False	False	False	post	post	anonymous	none	live		
39	5	communication	0.8194748635951444	0.4260791010950569	0.5117244245661282	0.7424003933434512	25	0	0.0	25	0	0	0.0	0.0	0.0	False	0.06710760273424841	logistic	False	False	False	post	post	anonymous	none	live		
39	6	communication	1.2462061677582885	0.4630983278282411	0.5363073376871823	0.8625384345610541	25	0	0.0	25	0	0	0.0	0.0	0.0	False	0.0034359350919161533	logistic	False	False	False	post	post	anonymous	none	live		
39	7	communication	0.24227448994305906	0.4103520774447191	0.5764289102814414	0.6959272843130345	25	13	0.52	25	0	0	0.52	0.0	0.0	True	0.6306665465079248	logistic	False	False	False	post	post	anonymous	none	live		
39	8	communication	0.47611821397764803	0.42404675866692104	0.4603031125375462	0.7362520569993476	25	3	0.12	25	0	0	0.12	0.0	0.0	False	0.3575097808050348	logistic	False	False	False	post	post	anonymous	none	live		
39	9	communication	2.166569682732712	0.41972604439394556	0.5160908607195343	0.7233239409402269	25	0	0.0	25	0	0	0.0	0.0	0.0	False	8.434255651535571e-10	logistic	False	False	False	post	post	anonymous	none	live		
40	0	communication	-0.06625096035748984	0.3859551871838717	-0.42190654996642235	0.6285456356414877	25	0	0.0	25	0	0	0.0	0.0	0.0	True	0.8882885847517124	logistic	False	False	False	post	post	anonymous	none	live		
40	1	communication	0.4029759470263909	0.3385004043111863	-0.3691556682590122	0.5117167213967967	25	0	0.0	25	0	0	0.0	0.0	0.0	False	0.26386409895483187	logistic	False	False	False	post	post	anonymous	none	live		
40	2	communication	0.6459469144015713	0.34865911663755095	-0.40596440913058135	0.5352943835456033	25	0	0.0	25	0	0	0.0	0.0	0.0	False	0.08380834375885376	logistic	False	False	False	post	post	anonymous	none	live		
40	3	communication	1.7628529310735712	0.2912947902855758	-0.4370034937408732	0.4110239155754962	25	0	0.0	25	0	0	0.0	0.0	0.0	False	2.451401284753358e-08	logistic	False	False	False	post	post	anonymous	none	live		
40	4	communication	-0.26839540424371355	0.338931547713743	-0.4489292848358122	0.5127026505977905	25	2	0.08	25	0	0	0.08	0.0	0.0	True	0.9461964521024951	logistic	False	False	False	post	post	anonymous	none	live		
40	5	communication	0.23791412727087813	0.28733460932203353	-0.4134733285866129	0.4031830548817432	25	0	0.0	25	0	0	0.0	0.0	0.0	False	0.3458853261698477	logistic	False	False	False	post	post	anonymous	none	live		
40	6	communication	0.7919836973952663	0.23676272360694617	-0.3132822520179879	0.3102085431752648	25	0	0.0	25	0	0	0.0	0.0	0.0	False	0.005121867811389381	logistic	False	False	False	post	post	anonymous	none	live		
40	7	communication	-1.8940230726371836	0.33563807833210363	-0.45222564151032685	0.5052036659317806	25	25	1.0	25	0	0	1.0	0.0	0.0	True	0.9999999999987896	logistic	False	False	False	post	post	anonymous	none	live		
40	8	communication	-1.1573749694282758	0.396089088429835	-0.3744040768596518	0.6558733760911947	25	23	0.92	25	0	0	0.92	0.0	0.0	True	0.9999995554762692	logistic	False	False	False	post	post	anonymous	none	live		
40	9	communication	-1.2068392498145912	0.324035633142058	-0.3928909746587105	0.47936792089834535	25	25	1.0	25	0	0	1.0	0.0	0.0	True	0.9999983117086471	logistic	False	False	False	post	post	anonymous	none	live		
41	0	communication	1.2213017705013174	0.4022871599373405	0.032394483772537876	0.6730441994439468	25	0	0.0	25	0	0	0.0	0.0	0.0	False	0.0014531422024558652	logistic	False	False	False	post	post	anonymous	none	live		
41	1	communication	1.931073738216752	0.4162956353236137	0.05985766558373266	0.7131960295592679	25	0	0.0	25	0	0	0.0	0.0	0.0	False	7.177754721526317e-08	logistic	False	False	False	post	post	anonymous	none	live		
41	2	communication	1.5125692615293143	0.3943818935437505	0.10061024788617517	0.651205585400114	25	0	0.0	25	0	0	0.0	0.0	0.0	False	3.23188113493783e-05	logistic	False	False	False	post	post	anonymous	none	live		
41	3	communication	0.6755026318064908	0.45164314094319225	0.06795214926951741	0.8236299655666451	25	0	0.0	25	0	0	0.0	0.0	0.0	False	0.19277673876778395	logistic	False	False	False	post	post	anonymous	none	live		
41	4	communication	-1.373801391338701	0.29919494008547737	0.04591867106062975	0.4269303365503243	25	25	1.0	25	0	0	1.0	0.0	0.0	True	0.9999997790221955	logistic	False	False	False	post	post	anonymous	none	live		
41	5	communication	0.4474184294579671	0.43740908574662335	0.08656506852299674	0.7774904902741202	25	0	0.0	25	0	0	0.0	0.0	0.0	False	0.42429966144255293	logistic	False	False	False	post	post	anonymous	none	live		
41	6	communication	0.5305269648832337	0.25048796361967685	0.16984249080874145	0.3342013889855297	25	2	0.08	25	0	0	0.08	0.0	0.0	False	0.05409101347800002	logistic	False	False	False	post	post	anonymous	none	live		
41	7	communication	1.0295111677464575	0.26390560040897165	0.13117850379396304	0.3585214077917136	25	0	0.0	25	0	0	0.0	0.0	0.0	False	0.0007278590276239911	logistic	False	False	False	post	post	anonymous	none	live		
41	8	communication	0.09475175083458079	0.42166460186688903	0.05911142083953661	0.7291004549056459	25	5	0.2	25	0	0	0.2	0.0	0.0	True	0.8138230050810591	logistic	False	False	False	post	post	anonymous	none	live		
41	9	communication	0.8733630853016456	0.4490648157741774	0.06756669240184177	0.8150955477733847	25	0	0.0	25	0	0	0.0	0.0	0.0	False	0.06149403886030271	logistic	False	False	False	post	post	anonymous	none	live		
42	0	communication	1.3409326703244788	0.33565307489807084	-0.08657533656563726	0.5052376434896155	25	0	0.0	25	0	0	0.0	0.0	0.0	False	7.991143160827179e-05	logistic	False	False	False	post	post	anonymous	none	live		
42	1	communication	0.9583392214800661	0.23479748671199382	-0.22293723832338103	0.3068435905981153	25	0	0.0	25	0	0	0.0	0.0	0.0	False	0.0008594346118489961	logistic	False	False	False	post	post	anonymous	none	live		
42	2	communication	0.44753195078748953	0.20791897060068942	-0.10516715326999404	0.2624970967406815	25	0	0.0	25	0	0	0.0	0.0	0.0	False	0.05344038749786024	logistic	False	False	False	post	post	anonymous	none	live		
42	3	communication	-0.6190861102308699	0.40353712235206757	-0.12086505571843349	0.6765502724048135	25	17	0.68	25	0	0	0.68	0.0	0.0	True	0.9992233636190396	logistic	False	False	False	post	post	anonymous	none	live		
42	4	communication	0.7125805912268005	0.24165209510228833	-0.16047234089733917	0.3186559803773482	25	0	0.0	25	0	0	0.0	0.0	0.0	False	0.011580762248294895	logistic	False	False	False	post	post	anonymous	none	live		
42	5	communication	0.09949968337823312	0.33483168851096373	-0.07495069633870458	0.5033788933231264	25	0	0.0	25	0	0	0.0	0.0	0.0	False	0.6397647188171428	logistic	False	False	False	post	post	anonymous	none	live		
42	6	communication	-1.4135014419978864	0.4104793910105136	-0.14602819082156704	0.6962935387689461	25	24	0.96	25	0	0	0.96	0.0	0.0	True	0.9999999975951251	logistic	False	False	False	post	post	anonymous	none	live		
42	7	communication	-0.3880145250066349	0.31946211448677225	-0.04050662945345648	0.46942590748764834	25	23	0.92	25	0	0	0.92	0.0	0.0	True	0.9705575712207188	logistic	False	False	False	post	post	anonymous	none	live		
42	8	communication	0.2617072445584832	0.34229925200609335	-0.10997969431583203	0.5204483240290684	25	1	0.04	25	0	0	0.04	0.0	0.0	False	0.44529562788706945	logistic	False	False	False	post	post	anonymous	none	live		
42	9	communication	1.0707923996023647	0.3552645350063287	-0.09897893548747483	0.551023721038544	25	0	0.0	25	0	0	0.0	0.0	0.0	False	0.0029235172018015235	logistic	False	False	False	post	post	anonymous	none	live		
43	0	communication	0.17805618617620766	0.4858324144036636	-0.10701717779809916	0.9448911755885789	25	0	0.0	25	0	0	0.0	0.0	0.0	False	0.8390107804218703	logistic	False	False	False	post	post	anonymous	none	live		
43	1	communication	-1.0877587726169233	0.5195451888538221	-0.09377126593462792	1.081361195269103	25	24	0.96	25	0	0	0.96	0.0	0.0	True	0.9999999679003009	logistic	False	False	False	post	post	anonymous	none	live		
43	2	communication	-1.2836563494950135	0.489564551837976	-0.04512393515495548	0.9591115852176803	25	25	1.0	25	0	0	1.0	0.0	0.0	True	0.9999999980046161	logistic	False	False	False	post	post	anonymous	none	live		
43	3	communication	1.9047782539529117	0.5189455130037348	-0.14070124770742284	1.078766599276651	25	0	0.0	25	0	0	0.0	0.0	0.0	False	2.416201426615605e-06	logistic	False	False	False	post	post	anonymous	none	live		
43	4	communication	-1.2512950478286882	0.5020874079594978	-0.12084741732975227	1.0083846361504674	25	25	1.0	25	0	0	1.0	0.0	0.0	True	0.9999999975397779	logistic	False	False	False	post	post	anonymous	none	live		
43	5	communication	-0.44132461781557697	0.4932512484352795	-0.19671310179479728	0.973364506399347	25	12	0.48	25	0	0	0.48	0.0	0.0	True	0.9990269450143943	logistic	False	False	False	post	post	anonymous	none	live		
43	6	communication	-1.3681612469946312	0.46365251278216507	-0.007761777070925971	0.8644629159861335	25	24	0.96	25	0	0	0.96	0.0	0.0	True	0.9999999990995099	logistic	False	False	False	post	post	anonymous	none	live		
43	7	communication	-0.43689219703988363	0.4086666125602589	-0.1730163397853543	0.6910934191110651	25	8	0.32	25	0	0	0.32	0.0	0.0	True	0.9951669849018284	logistic	False	False	False	post	post	anonymous	none	live		
43	8	communication	-0.5995086746122829	0.44740562434292763	-0.09283020997831809	0.809645635301539	25	20	0.8	25	0	0	0.8	0.0	0.0	True	0.9996067399548262	logistic	False	False	False	post	post	anonymous	none	live		
43	9	communication	0.227587518634166	0.4935202904568384	-0.10816938612935939	0.9744127576245601	25	2	0.08	25	0	0	0.08	0.0	0.0	False	0.8079043424151552	logistic	False	False	False	post	post	anonymous	none	live		
44	0	communication	1.560843426094698	0.5303704021286968	-0.4171153352717013	1.129337683426927	25	0	0.0	25	0	0	0.0	0.0	0.0	False	0.00039153727649180256	logistic	False	False	False	post	post	anonymous	none	live		
44	1	communication	-0.6854457096514855	0.4743135614892738	-0.35454579789222196	0.9022746769595346	25	14	0.56	25	0	0	0.56	0.0	0.0	True	0.9999280692754826	logistic	False	False	False	post	post	anonymous	none	live		
44	2	communication	0.6078413764882004	0.49578378017609565	-0.26606458171748393	0.9832761436140358	25	0	0.0	25	0	0	0.0	0.0	0.0	False	0.3504543841391107	logistic	False	False	False	post	post	anonymous	none	live		
44	3	communication	-0.13113745990597522	0.4217407076695706	-0.21344636414335658	0.7293280250973972	25	3	0.12	25	0	0	0.12	0.0	0.0	True	0.9500650735675449	logistic	False	False	False	post	post	anonymous	none	live		
44	4	communication	-1.4602671662601312	0.41283202209162967	-0.24022147095391527	0.7030901507303479	25	25	1.0	25	0	0	1.0	0.0	0.0	True	0.9999999991460363	logistic	False	False	False	post	post	anonymous	none	live		
44	5	communication	-2.2008758425452775	0.43410610349738527	-0.3118736147045917	0.767115719360616	25	25	1.0	25	0	0	1.0	0.0	0.0	True	1.0	logistic	False	False	False	post	post	anonymous	none	live		
44	6	communication	0.6728162091520615	0.47024877104757773	-0.2898983691626267	0.8876784901046666	25	0	0.0	25	0	0	0.0	0.0	0.0	False	0.2266667054514998	logistic	False	False	False	post	post	anonymous	none	live		
44	7	communication	-0.7821894287906774	0.4972617652305367	-0.23481144706301627	0.9891067176511095	25	25	1.0	25	0	0	1.0	0.0	0.0	True	0.9999896855812932	logistic	False	False	False	post	post	anonymous	none	live		
44	8	communication	-1.859562831252609	0.5256179746732627	-0.2977198118788463	1.1080056718237499	25	24	0.96	25	0	0	0.96	0.0	0.0	True	0.9999999999999994	logistic	False	False	False	post	post	anonymous	none	live		
44	9	communication	0.840373265628483	0.4456510188068416	-0.22658087536688032	0.8039178097660435	25	0	0.0	25	0	0	0.0	0.0	0.0	False	0.07319553142421986	logistic	False	False	False	post	post	anonymous	none	live		
45	0	communication	0.3341686770278758	0.20591930795393132	-0.08370654993606497	0.25931786280226654	25	0	0.0	25	0	0	0.0	0.0	0.0	False	0.10598618739841031	logistic	False	False	False	post	post	anonymous	none	live		
45	1	communication	0.4600316343997219	0.09264339041490462	-0.10750399432200103	0.10210251342883525	25	0	0.0	25	0	0	0.0	0.0	0.0	False	0.005397296168353774	logistic	False	False	False	post	post	anonymous	none	live		
45	2	communication	-0.04762705489853679	0.2765807520160215	-0.03398418948958373	0.382324292292188	25	4	0.16	25	0	0	0.16	0.0	0.0	True	0.6871058352311368	logistic	False	False	False	post	post	anonymous	none	live		
45	3	communication	-0.07124393906162595	0.25808455742434494	-0.1376173366792571	0.3478624956617309	25	3	0.12	25	0	0	0.12	0.0	0.0	True	0.673103722468916	logistic	False	False	False	post	post	anonymous	none	live		
45	4	communication	0.14007265835761323	0.28581956674010917	-0.225000770588498	0.4002063812298526	25	0	0.0	25	0	0	0.0	0.0	0.0	False	0.46819176558406833	logistic	False	False	False	post	post	anonymous	none	live		
45	5	communication	-0.4911109471201902	0.3002818378439026	-0.05953460981507322	0.429146839519815	25	18	0.72	25	0	0	0.72	0.0	0.0	True	0.9827588378123805	logistic	False	False	False	post	post	anonymous	none	live		
45	6	communication	0.5206489410053483	0.1797909816922312	-0.1483245964769501	0.21920142022233638	25	0	0.0	25	0	0	0.0	0.0	0.0	False	0.02006758044029676	logistic	False	False	False	post	post	anonymous	none	live		
45	7	communication	-0.045289136705548357	0.15572035822635455	-0.08597379859738055	0.18444168320726104	25	5	0.2	25	0	0	0.2	0.0	0.0	True	0.3661107474432679	logistic	False	False	False	post	post	anonymous	none	live		
45	8	communication	-1.026533554326475	0.21010198847590292	-0.1354351349039212	0.265986222791616	25	24	0.96	25	0	0	0.96	0.0	0.0	True	0.9995435042655257	logistic	False	False	False	post	post	anonymous	none	live		
45	9	communication	0.3208065632053553	0.180371706541044	-0.13790845853194522	0.22006525150546963	25	0	0.0	25	0	0	0.0	0.0	0.0	False	0.08347577534342537	logistic	False	False	False	post	post	anonymous	none	live		
46	0	communication	-1.6645958639535605	0.39762895793422615	-0.2071745514066332	0.6601063632982682	25	25	1.0	25	0	0	1.0	0.0	0.0	True	0.9999999999813713	logistic	False	False	False	post	post	anonymous	none	live		
46	1	communication	0.3030479841171549	0.4295571977744101	-0.059121979133280766	0.7530241351078271	25	0	0.0	25	0	0	0.0	0.0	0.0	False	0.5964603955244014	logistic	False	False	False	post	post	anonymous	none	live		
46	2	communication	-0.256132894734942	0.3466768335632499	-0.1618967313382917	0.5306360640080143	25	8	0.32	25	0	0	0.32	0.0	0.0	True	0.9468509079259527	logistic	False	False	False	post	post	anonymous	none	live		
46	3	communication	0.8702241360917367	0.4259066032136854	-0.06183577285880826	0.741876854180599	25	0	0.0	25	0	0	0.0	0.0	0.0	False	0.047671378549881994	logistic	False	False	False	post	post	anonymous	none	live		
46	4	communication	-1.346825550512317	0.45559194021762495	-0.19802772818837713	0.8368574491710243	25	25	1.0	25	0	0	1.0	0.0	0.0	True	0.9999999981436815	logistic	False	False	False	post	post	anonymous	none	live		
46	5	communication	0.2386378854001687	0.4011106041937425	-0.1373369193522466	0.6697573992836282	25	0	0.0	25	0	0	0.0	0.0	0.0	False	0.6145134388254337	logistic	False	False	False	post	post	anonymous	none	live		
46	6	communication	-1.6768910470487568	0.4812787539661867	-0.18620855857769725	0.9278177010216662	25	25	1.0	25	0	0	1.0	0.0	0.0	True	0.9999999999995564	logistic	False	False	False	post	post	anonymous	none	live		
46	7	communication	-1.3692132710254798	0.3568163919792793	-0.12503136569752107	0.5547659914364362	25	25	1.0	25	0	0	1.0	0.0	0.0	True	0.9999999640686786	logistic	False	False	False	post	post	anonymous	none	live		
46	8	communication	-0.4726517552809863	0.47131966729647407	-0.09455188725465419	0.8915021765350619	25	20	0.8	25	0	0	0.8	0.0	0.0	True	0.9989461399219782	logistic	False	False	False	post	post	anonymous	none	live		
46	9	communication	0.20284288789634847	0.39482960611299056	-0.11249112272426953	0.6524271677882324	25	0	0.0	25	0	0	0.0	0.0	0.0	False	0.6455011531855361	logistic	False	False	False	post	post	anonymous	none	live		
47	0	communication	-1.7821036868055848	0.3311079761921031	0.20841025327920917	0.49500960455045867	25	25	1.0	25	0	0	1.0	0.0	0.0	True	0.9999999999804149	logistic	False	False	False	post	post	anonymous	none	live		
47	1	communication	1.2527730734915123	0.44700087759276885	0.21405656289334757	0.8083211337604896	25	0	0.0	25	0	0	0.0	0.0	0.0	False	0.002407553365512293	logistic	False	False	False	post	post	anonymous	none	live		
47	2	communication	-0.294586038264625	0.30552498092980174	0.08447152588747732	0.43993660324723494	25	20	0.8	25	0	0	0.8	0.0	0.0	True	0.932123524491516	logistic	False	False	False	post	post	anonymous	none	live		
47	3	communication	1.1974237905577327	0.4712513552321921	0.19173104296620813	0.8912578025408181	25	0	0.0	25	0	0	0.0	0.0	0.0	False	0.006338805625499084	logistic	False	False	False	post	post	anonymous	none	live		
47	4	communication	-0.7290381125384312	0.4131965344564256	0.10674558800327918	0.7041480814597247	25	24	0.96	25	0	0	0.96	0.0	0.0	True	0.9998334638126262	logistic	False	False	False	post	post	anonymous	none	live		
47	5	communication	0.28168431598428106	0.4867710262740692	0.11525767438038671	0.9484480635226366	25	1	0.04	25	0	0	0.04	0.0	0.0	False	0.7423011971973619	logistic	False	False	False	post	post	anonymous	none	live		
47	6	communication	-0.8477967747674698	0.4957062989204361	0.16353755185920826	0.9829714268872597	25	25	1.0	25	0	0	1.0	0.0	0.0	True	0.9999960445406363	logistic	False	False	False	post	post	anonymous	none	live		
47	7	communication	0.20641576715207588	0.41208909505888364	0.07917671191229826	0.7009380019922533	25	1	0.04	25	0	0	0.04	0.0	0.0	False	0.6784623959172026	logistic	False	False	False	post	post	anonymous	none	live		
47	8	communication	-0.42693746076580985	0.36509532232195974	0.16075717414758528	0.5750395849297858	25	22	0.88	25	0	0	0.88	0.0	0.0	True	0.9891402366567166	logistic	False	False	False	post	post	anonymous	none	live		
47	9	communication	0.3647336121630479	0.295619608920475	0.08474420807890815	0.4196874482371832	25	0	0.0	25	0	0	0.0	0.0	0.0	False	0.22141558757233293	logistic	False	False	False	post	post	anonymous	none	live		
48	0	communication	-0.5566884828613798	0.19097848194896586	-0.09185588100115018	0.23606106597639182	25	19	0.76	25	0	0	0.76	0.0	0.0	True	0.9471608355012081	logistic	False	False	False	post	post	anonymous	none	live		
48	1	communication	-1.3866645248984513	0.08739693414579175	-0.11357858556525718	0.09576664534212044	25	24	0.96	25	0	0	0.96	0.0	0.0	True	0.9998121415420786	logistic	False	False	False	post	post	anonymous	none	live		
48	2	communication	1.6182330883971232	0.29831448226235424	-0.06439046235463217	0.4251398592693935	25	0	0.0	25	0	0	0.0	0.0	0.0	False	4.132935860274557e-07	logistic	False	False	False	post	post	anonymous	none	live		
48	3	communication	0.09573278125971904	0.1324751654524147	-0.09808667391393086	0.1527047528518311	25	0	0.0	25	0	0	0.0	0.0	0.0	False	0.1605274864571326	logistic	False	False	False	post	post	anonymous	none	live		
48	4	communication	-0.23627552564500443	0.16276446940771536	-0.16740900118554114	0.19440702581335872	25	6	0.24	25	0	0	0.24	0.0	0.0	True	0.6356945013048789	logistic	False	False	False	post	post	anonymous	none	live		
48	5	communication	0.4348475804680255	0.08873659040052485	-0.14134557725807415	0.0973775414065259	25	0	0.0	25	0	0	0.0	0.0	0.0	False	0.006169826010913092	logistic	False	False	False	post	post	anonymous	none	live		
48	6	communication	0.04894262013059883	0.3006472116710299	-0.16095267206391423	0.4298934910796521	25	1	0.04	25	0	0	0.04	0.0	0.0	False	0.6241791275741073	logistic	False	False	False	post	post	anonymous	none	live		
48	7	communication	-1.324903043598392	0.167838284829599	-0.030254177820284403	0.20168950550102022	25	25	1.0	25	0	0	1.0	0.0	0.0	True	0.9999700318607079	logistic	False	False	False	post	post	anonymous	none	live		
48	8	communication	-2.470181614003835	0.14304398187873013	-0.12191090538115824	0.1669210307809375	25	25	1.0	25	0	0	1.0	0.0	0.0	True	0.9999999999999895	logistic	False	False	False	post	post	anonymous	none	live		
48	9	communication	-0.23051718792340373	0.19113602649240963	-0.10351968806810719	0.23630181681050727	25	9	0.36	25	0	0	0.36	0.0	0.0	True	0.7025653471059137	logistic	False	False	False	post	post	anonymous	none	live		
49	0	communication	-1.2591668866353027	0.4074381057999772	0.37323229247808826	0.6875874229982868	25	25	1.0	25	0	0	1.0	0.0	0.0	True	0.9999999484602988	logistic	False	False	False	post	post	anonymous	none	live		
49	1	communication	-0.07381462647111664	0.44405591659186927	0.3443305148035487	0.7987420495055041	25	21	0.84	25	0	0	0.84	0.0	0.0	True	0.9435783029413152	logistic	False	False	False	post	post	anonymous	none	live		
49	2	communication	1.1384305850197172	0.4260626430102035	0.3943360739719676	0.7423504287032812	25	0	0.0	25	0	0	0.0	0.0	0.0	False	0.005219060350002957	logistic	False	False	False	post	post	anonymous	none	live		
49	3	communication	-0.6080773060924073	0.5067969716601439	0.30397313514111113	1.0275625706639429	25	22	0.88	25	0	0	0.88	0.0	0.0	True	0.9999055010719712	logistic	False	False	False	post	post	anonymous	none	live		
49	4	communication	-0.6359751304746116	0.4603307090658069	0.475953660971132	0.852986665720691	25	25	1.0	25	0	0	1.0	0.0	0.0	True	0.999810832261874	logistic	False	False	False	post	post	anonymous	none	live		
49	5	communication	0.9185738621895128	0.4758822202385815	0.4580334300359924	0.9079680915522573	25	0	0.0	25	0	0	0.0	0.0	0.0	False	0.062253251589378125	logistic	False	False	False	post	post	anonymous	none	live		
49	6	communication	0.005609632803122655	0.4549478584221733	0.44217077824711026	0.8346868560229525	25	12	0.48	25	0	0	0.48	0.0	0.0	True	0.91691626653797	logistic	False	False	False	post	post	anonymous	none	live		
49	7	communication	0.6311678589791643	0.4519351338499833	0.4680015366510909	0.8246015421946045	25	2	0.08	25	0	0	0.08	0.0	0.0	False	0.2363120153691014	logistic	False	False	False	post	post	anonymous	none	live		
49	8	communication	-1.6638169410264532	0.43239895506349696	0.4171289409129926	0.7618008439569892	25	25	1.0	25	0	0	1.0	0.0	0.0	True	0.9999999999953557	logistic	False	False	False	post	post	anonymous	none	live		
49	9	communication	-0.02968558130844645	0.43501859115685243	0.34572003004782603	0.7699697447524756	25	20	0.8	25	0	0	0.8	0.0	0.0	True	0.9170353096059667	logistic	False	False	False	post	post	anonymous	none	live		
50	0	communication	-0.36977501048909955	0.26037293333209166	-0.6120689417848378	0.35203272712165196	25	0	0.0	25	0	0	0.0	0.0	0.0	True	0.9276206583221639	logistic	False	False	False	post	post	anonymous	none	live		
50	1	communication	-1.9514049193933682	0.20481165579861993	-0.5375368482139296	0.2575637046143017	25	25	1.0	25	0	0	1.0	0.0	0.0	True	0.9999999999009663	logistic	False	False	False	post	post	anonymous	none	live		
50	2	communication	-0.30670409395996456	0.23412828166373645	-0.5892712686203475	0.30570169397604013	25	1	0.04	25	0	0	0.04	0.0	0.0	True	0.8593616854601634	logistic	False	False	False	post	post	anonymous	none	live		
50	3	communication	-0.25508756165170793	0.3340078247663214	-0.5606497351492669	0.5015191426973254	25	0	0.0	25	0	0	0.0	0.0	0.0	True	0.9375808510079179	logistic	False	False	False	post	post	anonymous	none	live		
50	4	communication	0.3363873481917654	0.31013948733653907	-0.5528174539134696	0.4495684006309206	25	0	0.0	25	0	0	0.0	0.0	0.0	False	0.27996419488660795	logistic	False	False	False	post	post	anonymous	none	live		
50	5	communication	-0.9353584478021308	0.2791846420383267	-0.5375207147917508	0.3873178324443683	25	25	1.0	25	0	0	1.0	0.0	0.0	True	0.9997331157503933	logistic	False	False	False	post	post	anonymous	none	live		
50	6	communication	1.0438432819874937	0.4094410703741258	-0.512158773329677	0.6933111156807186	25	0	0.0	25	0	0	0.0	0.0	0.0	False	0.0095478611353894	logistic	False	False	False	post	post	anonymous	none	live		
50	7	communication	1.5793884444484005	0.16823356715102442	-0.5465051688174899	0.20226058723575674	25	0	0.0	25	0	0	0.0	0.0	0.0	False	7.350424179138799e-09	logistic	False	False	False	post	post	anonymous	none	live		
50	8	communication	-2.367002545592508	0.2646955294237026	-0.5860045554339098	0.35998085149169107	25	25	1.0	25	0	0	1.0	0.0	0.0	True	0.9999999999999998	logistic	False	False	False	post	post	anonymous	none	live		
50	9	communication	-0.641661927241988	0.1316139331598532	-0.5405463994127095	0.15156154409382158	25	12	0.48	25	0	0	0.48	0.0	0.0	True	0.9276887916973683	logistic	False	False	False	post	post	anonymous	none	live		
51	0	communication	-1.0643899669205494	0.27356983373254606	-0.42009750333124135	0.3765948145273255	25	24	0.96	25	0	0	0.96	0.0	0.0	True	0.9999427972233931	logistic	False	False	False	post	post	anonymous	none	live		
51	1	communication	-0.6873813342459647	0.22471282755726388	-0.45111542742912075	0.28984463505213165	25	12	0.48	25	0	0	0.48	0.0	0.0	True	0.9888125000709652	logistic	False	False	False	post	post	anonymous	none	live		
51	2	communication	-1.6874974737953143	0.4004093469142188	-0.3653958827934151	0.6678045177214158	25	25	1.0	25	0	0	1.0	0.0	0.0	True	0.999999999990094	logistic	False	False	False	post	post	anonymous	none	live		
51	3	communication	-1.6535370899999595	0.44829899899545445	-0.37201988560016563	0.8125760116062591	25	24	0.96	25	0	0	0.96	0.0	0.0	True	0.9999999999969257	logistic	False	False	False	post	post	anonymous	none	live		
51	4	communication	0.12700438800986819	0.32489566990088703	-0.4954735308496883	0.481252534483357	25	0	0.0	25	0	0	0.0	0.0	0.0	False	0.5814426563104763	logistic	False	False	False	post	post	anonymous	none	live		
51	5	communication	-1.013766148651021	0.454270514575667	-0.4568353984178829	0.8324096951119437	25	24	0.96	25	0	0	0.96	0.0	0.0	True	0.999999117297215	logistic	False	False	False	post	post	anonymous	none	live		
51	6	communication	-2.411909699671604	0.4235600968610728	-0.40646977274731594	0.7347862189182818	25	25	1.0	25	0	0	1.0	0.0	0.0	True	1.0	logistic	False	False	False	post	post	anonymous	none	live		
51	7	communication	-2.505403757201668	0.3242269892122251	-0.6068897348990645	0.47978682787917354	25	25	1.0	25	0	0	1.0	0.0	0.0	True	1.0	logistic	False	False	False	post	post	anonymous	none	live		
51	8	communication	1.239382887787215	0.3020293787950603	-0.4439838087616861	0.4327250597935665	25	0	0.0	25	0	0	0.0	0.0	0.0	False	0.00013469523566189516	logistic	False	False	False	post	post	anonymous	none	live		
51	9	communication	-1.6450335648787946	0.46432411842077215	-0.541991210820708	0.8668004933354414	25	24	0.96	25	0	0	0.96	0.0	0.0	True	0.9999999999980622	logistic	False	False	False	post	post	anonymous	none	live		
52	0	communication	1.8218180546776648	0.1214666427036264	0.13942355008718396	0.13826070654554506	25	0	0.0	25	0	0	0.0	0.0	0.0	False	4.08527841797105e-12	logistic	False	False	False	post	post	anonymous	none	live		
52	1	communication	1.6549742540315726	0.31864726240345126	0.09338110006765415	0.46766857285621233	25	0	0.0	25	0	0	0.0	0.0	0.0	False	4.1984714032239614e-07	logistic	False	False	False	post	post	anonymous	none	live		
52	2	communication	-0.06081391849244802	0.07493213100446525	0.13727787284850806	0.08100176594159378	25	18	0.72	25	0	0	0.72	0.0	0.0	True	0.1616928487813028	logistic	False	False	False	post	post	anonymous	none	live		
52	3	communication	-0.05838034699046263	0.20810117874324188	0.07106246010153072	0.2627875849252831	25	13	0.52	25	0	0	0.52	0.0	0.0	True	0.5299898579141094	logistic	False	False	False	post	post	anonymous	none	live		
52	4	communication	-0.6063070103323229	0.23279378305136136	0.15302041242663947	0.30343052220984024	25	24	0.96	25	0	0	0.96	0.0	0.0	True	0.9806482543744497	logistic	False	False	False	post	post	anonymous	none	live		
52	5	communication	1.6412250536707065	1.0	0.09777834361275833	-0.21562698762331856	25	0	0.0	25	0	0	0.0	0.0	0.0	False	0.0	logistic	False	False	False	post	post	anonymous	none	live		
52	6	communication	0.2061778506049956	0.12426476449514261	0.15451498460919585	0.14189764149835143	25	0	0.0	25	0	0	0.0	0.0	0.0	False	0.07679398137444203	logistic	False	False	False	post	post	anonymous	none	live		
52	7	communication	0.8006855489115294	0.014421465892798326	0.026582850679737424	0.01463248781677473	25	0	0.0	25	0	0	0.0	0.0	0.0	False	7.6795084985099e-07	logistic	False	False	False	post	post	anonymous	none	live		
52	8	communication	0.733250088659122	1.0	0.15597445592716425	-0.09474855904426291	25	0	0.0	25	0	0	0.0	0.0	0.0	False	0.0	logistic	False	False	False	post	post	anonymous	none	live		
52	9	communication	-0.6008479011158434	1.0	0.09724002655247357	-0.11156186394676687	25	25	1.0	25	0	0	1.0	0.0	0.0	True	0.0	logistic	False	False	False	post	post	anonymous	none	live		
53	0	communication	0.4133100337541976	1.0	-0.23667422917180828	-0.39802099078738506	25	0	0.0	25	0	0	0.0	0.0	0.0	False	0.0	logistic	False	False	False	post	post	anonymous	none	live		
53	1	communication	-0.677932359492692	1.0	-0.22557073317673068	-0.05570388602651474	25	17	0.68	25	0	0	0.68	0.0	0.0	True	0.0	logistic	False	False	False	post	post	anonymous	none	live		
53	2	communication	0.12760483728946787	1.0	-0.2228192612849732	-0.0445826666728463	25	0	0.0	25	0	0	0.0	0.0	0.0	False	0.0	logistic	False	False	False	post	post	anonymous	none	live		
53	3	communication	-0.6053247116672272	1.0	-0.27151217945141054	-0.4610292498472053	25	19	0.76	25	0	0	0.76	0.0	0.0	True	0.0	logistic	False	False	False	post	post	anonymous	none	live		
53	4	communication	-0.660098847152423	1.0	-0.2450266476867028	-0.36604595987590033	25	21	0.84	25	0	0	0.84	0.0	0.0	True	0.0	logistic	False	False	False	post	post	anonymous	none	live		
53	5	communication	-0.6739641862520405	1.0	-0.2915418247331626	-0.5905023824999561	25	16	0.64	25	0	0	0.64	0.0	0.0	True	0.0	logistic	False	False	False	post	post	anonymous	none	live		
53	6	communication	0.49761161301774703	1.0	-0.1754198538223322	-0.12645837561522077	25	0	0.0	25	0	0	0.0	0.0	0.0	False	0.0	logistic	False	False	False	post	post	anonymous	none	live		
53	7	communication	0.6420083196615017	1.0	-0.2842853839097208	-0.1256399699163444	25	0	0.0	25	0	0	0.0	0.0	0.0	False	0.0	logistic	False	False	False	post	post	anonymous	none	live		
53	8	communication	-1.3200255873083742	0.15188841217174354	-0.1834541811982808	0.1790901272327635	25	25	1.0	25	0	0	1.0	0.0	0.0	True	0.9999473432694945	logistic	False	False	False	post	post	anonymous	none	live		
53	9	communication	1.0681081806755985	1.0	-0.20818192882638342	-0.1344609966380167	25	0	0.0	25	0	0	0.0	0.0	0.0	False	0.0	logistic	False	False	False	post	post	anonymous	none	live		
54	0	communication	0.21157208945710737	0.12587095978189275	-0.8018285662929665	0.14399585643612323	25	0	0.0	25	0	0	0.0	0.0	0.0	False	0.07610066322661223	logistic	False	False	False	post	post	anonymous	none	live		
54	1	communication	-0.36342388791878744	0.18055288198427533	-0.7565231121907348	0.22033500150867652	25	0	0.0	25	0	0	0.0	0.0	0.0	True	0.815938758082165	logistic	False	False	False	post	post	anonymous	none	live		
54	2	communication	0.29811149113642066	0.1767426151610595	-0.8670192777662113	0.21468694774676922	25	0	0.0	25	0	0	0.0	0.0	0.0	False	0.0913622209175764	logistic	False	False	False	post	post	anonymous	none	live		
54	3	communication	-2.558347507897084	0.3138087926309592	-0.7729142169658115	0.4573197517848543	25	24	0.96	25	0	0	0.96	0.0	0.0	True	1.0	logistic	False	False	False	post	post	anonymous	none	live		
54	4	communication	-2.4881491866098364	0.2723205575096386	-0.8369214658176386	0.37423148382159455	25	25	1.0	25	0	0	1.0	0.0	0.0	True	1.0	logistic	False	False	False	post	post	anonymous	none	live		
54	5	communication	0.11905906785989095	0.2675160347955435	-0.8083545521111846	0.3652175986144247	25	0	0.0	25	0	0	0.0	0.0	0.0	False	0.45006927574931893	logistic	False	False	False	post	post	anonymous	none	live		
54	6	communication	-1.5288796670642344	0.2710250927608645	-0.849758873743935	0.37178933056464797	25	25	1.0	25	0	0	1.0	0.0	0.0	True	0.9999999647646655	logistic	False	False	False	post	post	anonymous	none	live		
54	7	communication	-1.6502800313564476	0.283554018866894	-0.8712671632236954	0.39577864393688805	25	24	0.96	25	0	0	0.96	0.0	0.0	True	0.9999999978703844	logistic	False	False	False	post	post	anonymous	none	live		
54	8	communication	-1.2268145392106982	0.1849863775894744	-0.8057206925106805	0.22697335664445623	25	19	0.76	25	0	0	0.76	0.0	0.0	True	0.9999303699366334	logistic	False	False	False	post	post	anonymous	none	live		
54	9	communication	-1.4487708398721482	0.21840367970167926	-0.8578912788570567	0.27943284023947124	25	24	0.96	25	0	0	0.96	0.0	0.0	True	0.99999912200841	logistic	False	False	False	post	post	anonymous	none	live		
55	0	communication	1.2960933407959365	0.3597066248677477	-0.1851681727145049	0.5617840802951467	25	0	0.0	25	0	0	0.0	0.0	0.0	False	0.0002502093945852339	logistic	False	False	False	post	post	anonymous	none	live		
55	1	communication	0.9795061578704293	0.38300120835494056	-0.13493759531310454	0.6207487170822037	25	0	0.0	25	0	0	0.0	0.0	0.0	False	0.011128364676432167	logistic	False	False	False	post	post	anonymous	none	live		
55	2	communication	1.0252755464008005	0.2590477371030086	-0.21630952280707366	0.3496146109199776	25	0	0.0	25	0	0	0.0	0.0	0.0	False	0.0006862404954170127	logistic	False	False	False	post	post	anonymous	none	live		
55	3	communication	-0.48595636912674317	0.3494740989645493	-0.13970342260782975	0.5372178085581015	25	20	0.8	25	0	0	0.8	0.0	0.0	True	0.9917581872620258	logistic	False	False	False	post	post	anonymous	none	live		
55	4	communication	-1.2230687581720583	0.4122443169527542	-0.22158206101578778	0.701387207037208	25	24	0.96	25	0	0	0.96	0.0	0.0	True	0.9999999149087703	logistic	False	False	False	post	post	anonymous	none	live		
55	5	communication	2.281310300658242	0.3523215448694568	-0.23888481199112413	0.5439760147625174	25	0	0.0	25	0	0	0.0	0.0	0.0	False	4.91319486302202e-12	logistic	False	False	False	post	post	anonymous	none	live		
55	6	communication	-1.6653792776801437	0.3527951060865626	-0.28256970181251617	0.5451057453433725	25	25	1.0	25	0	0	1.0	0.0	0.0	True	0.999999999891966	logistic	False	False	False	post	post	anonymous	none	live		
55	7	communication	0.4775644653597484	0.304293606313769	-0.24441942563519958	0.4373879686536384	25	0	0.0	25	0	0	0.0	0.0	0.0	False	0.1379313195942613	logistic	False	False	False	post	post	anonymous	none	live		
55	8	communication	-0.418014655334249	0.21678895563671977	-0.249391911974117	0.2767950697285694	25	13	0.52	25	0	0	0.52	0.0	0.0	True	0.908722324510442	logistic	False	False	False	post	post	anonymous	none	live		
55	9	communication	-1.2360327961989808	0.1707496936403052	-0.24858045503950593	0.20590850836085306	25	23	0.92	25	0	0	0.92	0.0	0.0	True	0.999907280148475	logistic	False	False	False	post	post	anonymous	none	live		
56	0	communication	0.27728950589565765	0.19216168553299928	-0.25471695464608474	0.23787146770797152	25	0	0.0	25	0	0	0.0	0.0	0.0	False	0.1243080289118092	logistic	False	False	False	post	post	anonymous	none	live		
56	1	communication	-0.30444296825288714	0.2044694772983357	-0.37579925834375977	0.25702279354907265	25	3	0.12	25	0	0	0.12	0.0	0.0	True	0.8080171257430652	logistic	False	False	False	post	post	anonymous	none	live		
56	2	communication	-0.09196230878546471	0.2760353770861001	-0.2975951316150785	0.38128296376565984	25	0	0.0	25	0	0	0.0	0.0	0.0	True	0.73630621415648	logistic	False	False	False	post	post	anonymous	none	live		
56	3	communication	-0.39167726678110376	0.04682943816929667	-0.3610788247532494	0.0491301767433458	25	7	0.28	25	0	0	0.28	0.0	0.0	True	0.41499435245053573	logistic	False	False	False	post	post	anonymous	none	live		
56	4	communication	-0.2304724163817531	0.25355918337686056	-0.25997217686720653	0.3396909409696397	25	7	0.28	25	0	0	0.28	0.0	0.0	True	0.8289711385537768	logistic	False	False	False	post	post	anonymous	none	live		
56	5	communication	-0.007479478144299501	0.2764742603882914	-0.24409322952693802	0.3821208358622676	25	5	0.2	25	0	0	0.2	0.0	0.0	True	0.6380175596121427	logistic	False	False	False	post	post	anonymous	none	live		
56	6	communication	0.47954362748317797	0.30788052651369785	-0.2899332344990669	0.4448372547052618	25	0	0.0	25	0	0	0.0	0.0	0.0	False	0.14139400211443337	logistic	False	False	False	post	post	anonymous	none	live		
56	7	communication	-0.49499806701913285	0.13484255985210067	-0.3134305887441339	0.15585898426655065	25	10	0.4	25	0	0	0.4	0.0	0.0	True	0.8402973630373818	logistic	False	False	False	post	post	anonymous	none	live		
56	8	communication	-0.5556766463555106	0.09595186792180461	-0.33074977922046084	0.10613579578029068	25	10	0.4	25	0	0	0.4	0.0	0.0	True	0.807063791958384	logistic	False	False	False	post	post	anonymous	none	live		
56	9	communication	-1.6630274964451977	0.1345573833148838	-0.36146235891582484	0.15547811110836632	25	25	1.0	25	0	0	1.0	0.0	0.0	True	0.9999994876795022	logistic	False	False	False	post	post	anonymous	none	live		
57	0	communication	2.2700384997486247	0.13974031901672068	0.2730827354906807	0.16243969362483324	25	0	0.0	25	0	0	0.0	0.0	0.0	False	1.3902962777395838e-16	logistic	False	False	False	post	post	anonymous	none	live		
57	1	communication	1.9903292614600798	1.0	0.2478189294206553	-0.1904995401858526	25	0	0.0	25	0	0	0.0	0.0	0.0	False	0.0	logistic	False	False	False	post	post	anonymous	none	live		
57	2	communication	-0.9100530539101124	0.2558891021057452	0.2438886866266768	0.3438857068615457	25	25	1.0	25	0	0	1.0	0.0	0.0	True	0.9993819196723361	logistic	False	False	False	post	post	anonymous	none	live		
57	3	communication	0.07284361684833832	0.11787032142248399	0.17399681381480442	0.13362017431785828	25	7	0.28	25	0	0	0.28	0.0	0.0	True	0.15019174299109794	logistic	False	False	False	post	post	anonymous	none	live		
57	4	communication	-2.9276071221385638	0.26310692751736836	0.21876063855417557	0.3570489903385131	25	25	1.0	25	0	0	1.0	0.0	0.0	True	1.0	logistic	False	False	False	post	post	anonymous	none	live		
57	5	communication	-0.030872045347616783	0.061881270785979846	0.20193092525318754	0.06596315461884612	25	20	0.8	25	0	0	0.8	0.0	0.0	True	0.10934980012725626	logistic	False	False	False	post	post	anonymous	none	live		
57	6	communication	-0.8924758763739961	1.0	0.2524075062703336	-0.0496954563242063	25	25	1.0	25	0	0	1.0	0.0	0.0	True	0.0	logistic	False	False	False	post	post	anonymous	none	live		
57	7	communication	0.47229565628710635	0.08598458311030284	0.25311228114307655	0.09407344944235159	25	0	0.0	25	0	0	0.0	0.0	0.0	False	0.003981821660275692	logistic	False	False	False	post	post	anonymous	none	live		
57	8	communication	-0.3995405554466938	0.17593008840724395	0.26885920256593226	0.2134892755242181	25	22	0.88	25	0	0	0.88	0.0	0.0	True	0.8382395265065284	logistic	False	False	False	post	post	anonymous	none	live		
57	9	communication	1.5419426212571317	0.12543024996918672	0.31820087951465226	0.14341937845982838	25	0	0.0	25	0	0	0.0	0.0	0.0	False	2.1793737812643154e-09	logistic	False	False	False	post	post	anonymous	none	live		
58	0	communication	1.4567262050485439	0.39431389737297745	0.16391396644129214	0.6510202160206957	25	0	0.0	25	0	0	0.0	0.0	0.0	False	6.963326733846448e-05	logistic	False	False	False	post	post	anonymous	none	live		
58	1	communication	0.6236925369970481	0.32521661695266635	0.1633486261972002	0.48195706225601226	25	0	0.0	25	0	0	0.0	0.0	0.0	False	0.07379731826611743	logistic	False	False	False	post	post	anonymous	none	live		
58	2	communication	-0.11773213403498725	0.4053356177485371	0.20389079830810639	0.6816208097311852	25	18	0.72	25	0	0	0.72	0.0	0.0	True	0.9337091865774172	logistic	False	False	False	post	post	anonymous	none	live		
58	3	communication	-2.002657691154434	0.4019512549378977	0.27465372957655415	0.6721045036156014	25	24	0.96	25	0	0	0.96	0.0	0.0	True	0.999999999999996	logistic	False	False	False	post	post	anonymous	none	live		
58	4	communication	1.2446434918459435	0.3263245846595705	0.2324738362158856	0.4843943792941714	25	0	0.0	25	0	0	0.0	0.0	0.0	False	0.00022308795987155058	logistic	False	False	False	post	post	anonymous	none	live		
58	5	communication	-0.4882769906008463	0.34895344620335966	0.20929837039858576	0.5359884699003539	25	24	0.96	25	0	0	0.96	0.0	0.0	True	0.9918609677589928	logistic	False	False	False	post	post	anonymous	none	live		
58	6	communication	-1.0285257870266122	0.3183292610765973	0.2050822023636112	0.46698390131774015	25	25	1.0	25	0	0	1.0	0.0	0.0	True	0.9999705457541442	logistic	False	False	False	post	post	anonymous	none	live		
58	7	communication	-0.5274886804032358	0.32305096544946615	0.13744892680911183	0.4772160812134973	25	22	0.88	25	0	0	0.88	0.0	0.0	True	0.9912480353557794	logistic	False	False	False	post	post	anonymous	none	live		
58	8	communication	-0.6995781902554072	0.45882734568407996	0.28531302773521044	0.8478391175623419	25	24	0.96	25	0	0	0.96	0.0	0.0	True	0.9999143490190245	logistic	False	False	False	post	post	anonymous	none	live		
58	9	communication	-0.7542406929234301	0.390295172383185	0.23479419551908562	0.6401379072374285	25	25	1.0	25	0	0	1.0	0.0	0.0	True	0.999797320280299	logistic	False	False	False	post	post	anonymous	none	live		
59	0	communication	-0.3411112594054396	0.3257096795912255	-0.7016049474863497	0.48304071663637516	25	0	0.0	25	0	0	0.0	0.0	0.0	True	0.9617150919416879	logistic	False	False	False	post	post	anonymous	none	live		
59	1	communication	0.7543734599653289	0.14161402257053363	-0.8315320229021443	0.16497709223374407	25	0	0.0	25	0	0	0.0	0.0	0.0	False	0.0009177700191373575	logistic	False	False	False	post	post	anonymous	none	live		
59	2	communication	0.0814799484718648	0.32037521687229903	-0.8239953447733651	0.4714001384674354	25	0	0.0	25	0	0	0.0	0.0	0.0	False	0.6291744829169273	logistic	False	False	False	post	post	anonymous	none	live		
59	3	communication	-2.3668293632348214	0.24833492783216665	-0.7469740873832061	0.3303797622469784	25	24	0.96	25	0	0	0.96	0.0	0.0	True	0.9999999999999996	logistic	False	False	False	post	post	anonymous	none	live		
59	4	communication	-1.5705169064243192	0.2776332033212304	-0.8844867450182428	0.38433826775774627	25	23	0.92	25	0	0	0.92	0.0	0.0	True	0.9999999873077956	logistic	False	False	False	post	post	anonymous	none	live		
59	5	communication	0.22003601365444814	0.16923542098651095	-0.7533935971106603	0.20371044368246122	25	0	0.0	25	0	0	0.0	0.0	0.0	False	0.12997139846023997	logistic	False	False	False	post	post	anonymous	none	live		
59	6	communication	-1.929225006593784	0.40652163986506357	-0.7371922324077677	0.6849814031511353	25	25	1.0	25	0	0	1.0	0.0	0.0	True	0.9999999999999781	logistic	False	False	False	post	post	anonymous	none	live		
59	7	communication	-1.819716808951628	0.24601445037371195	-0.8127174402652492	0.3262853651447945	25	25	1.0	25	0	0	1.0	0.0	0.0	True	0.9999999997153165	logistic	False	False	False	post	post	anonymous	none	live		
59	8	communication	0.19058573541312862	0.2564781803029214	-0.8077845884267356	0.3449504419485824	25	0	0.0	25	0	0	0.0	0.0	0.0	False	0.33192646574006857	logistic	False	False	False	post	post	anonymous	none	live		
59	9	communication	-2.4621167992954316	0.26027329535045013	-0.7789619732665694	0.3518506141721032	25	25	1.0	25	0	0	1.0	0.0	0.0	True	1.0	logistic	False	False	False	post	post	anonymous	none	live		
60	0	communication	-0.677075933802747	0.43086440584599434	-0.02373590832022731	0.7570505346559018	25	24	0.96	25	0	0	0.96	0.0	0.0	True	0.9997833794654715	logistic	False	False	False	post	post	anonymous	none	live		
60	1	communication	0.8722420595106266	0.4657774502196635	0.12438903104312032	0.871879051925426	25	0	0.0	25	0	0	0.0	0.0	0.0	False	0.07482473352064095	logistic	False	False	False	post	post	anonymous	none	live		
60	2	communication	-2.0408195311878083	0.38877872229218496	0.06578616157851574	0.6360686979847495	25	25	1.0	25	0	0	1.0	0.0	0.0	True	0.9999999999999972	logistic	False	False	False	post	post	anonymous	none	live		
60	3	communication	-0.3685592459200019	0.47437526473788305	0.03977458654166004	0.9024979855663053	25	21	0.84	25	0	0	0.84	0.0	0.0	True	0.9969791148913278	logistic	False	False	False	post	post	anonymous	none	live		
60	4	communication	0.1653003107121861	0.5031156925069418	-0.016678419460385042	1.012540917311965	25	0	0.0	25	0	0	0.0	0.0	0.0	False	0.8715736200012085	logistic	False	False	False	post	post	anonymous	none	live		
60	5	communication	0.4299580672088466	0.41762486672626686	0.07265310536335307	0.7171062823006407	25	0	0.0	25	0	0	0.0	0.0	0.0	False	0.40164787467755836	logistic	False	False	False	post	post	anonymous	none	live		
60	6	communication	0.37793701037958627	0.4556553435864723	0.10550232697407513	0.8370713999262996	25	1	0.04	25	0	0	0.04	0.0	0.0	False	0.5587006243926849	logistic	False	False	False	post	post	anonymous	none	live		
60	7	communication	0.3273806441520821	0.3737214935401694	0.08852357336323971	0.5967337050295848	25	2	0.08	25	0	0	0.08	0.0	0.0	False	0.43347128400351786	logistic	False	False	False	post	post	anonymous	none	live		
60	8	communication	-1.451708216184719	0.5059424954217016	0.05138919753619931	1.024055885667697	25	25	1.0	25	0	0	1.0	0.0	0.0	True	0.9999999999693224	logistic	False	False	False	post	post	anonymous	none	live		
60	9	communication	1.0787059624220692	0.3512932597807187	0.004347180447966996	0.541528610696987	25	0	0.0	25	0	0	0.0	0.0	0.0	False	0.0025038325389938805	logistic	False	False	False	post	post	anonymous	none	live		
61	0	communication	0.7336033732005542	1.0	-0.35275348240801446	-0.551405371180061	25	0	0.0	25	0	0	0.0	0.0	0.0	False	0.0	logistic	False	False	False	post	post	anonymous	none	live		
61	1	communication	-1.1274265865876418	1.0	-0.36009125180462775	-0.3251833578257061	25	23	0.92	25	0	0	0.92	0.0	0.0	True	0.0	logistic	False	False	False	post	post	anonymous	none	live		
61	2	communication	-2.091948953959447	1.0	-0.3552339894045033	-0.2999346892635569	25	25	1.0	25	0	0	1.0	0.0	0.0	True	0.0	logistic	False	False	False	post	post	anonymous	none	live		
61	3	communication	-0.3397478677676845	1.0	-0.4219934264453283	-0.20954380599858802	25	4	0.16	25	0	0	0.16	0.0	0.0	True	0.0	logistic	False	False	False	post	post	anonymous	none	live		
61	4	communication	0.6316784551844397	1.0	-0.4241338039528659	-0.2594871984616828	25	0	0.0	25	0	0	0.0	0.0	0.0	False	0.0	logistic	False	False	False	post	post	anonymous	none	live		
61	5	communication	-1.3891144455405728	1.0	-0.4419967123707675	-0.42151348668170674	25	25	1.0	25	0	0	1.0	0.0	0.0	True	0.0	logistic	False	False	False	post	post	anonymous	none	live		
61	6	communication	2.0493917245276623	1.0	-0.41421105704549094	-0.3163590515391847	25	0	0.0	25	0	0	0.0	0.0	0.0	False	0.0	logistic	False	False	False	post	post	anonymous	none	live		
61	7	communication	-0.5003077734965344	1.0	-0.46333922235719144	-0.28456968038340774	25	5	0.2	25	0	0	0.2	0.0	0.0	True	0.0	logistic	False	False	False	post	post	anonymous	none	live		
61	8	communication	-0.7991327138618921	1.0	-0.3491806241324816	-0.45457489480422675	25	21	0.84	25	0	0	0.84	0.0	0.0	True	0.0	logistic	False	False	False	post	post	anonymous	none	live		
61	9	communication	-2.3625644544125666	1.0	-0.3830939118088954	-0.12901558086439935	25	25	1.0	25	0	0	1.0	0.0	0.0	True	0.0	logistic	False	False	False	post	post	anonymous	none	live		
62	0	communication	0.9477649982029417	0.2562411855396457	-0.2506356444140651	0.3445218806926886	25	0	0.0	25	0	0	0.0	0.0	0.0	False	0.0015379122735760845	logistic	False	False	False	post	post	anonymous	none	live		
62	1	communication	-0.9958158007331502	0.2868539982500929	-0.07427813516279103	0.40223740657062484	25	24	0.96	25	0	0	0.96	0.0	0.0	True	0.9998975782098204	logistic	False	False	False	post	post	anonymous	none	live		
62	2	communication	2.1827390507072875	0.37960740034837015	-0.24090931800717036	0.611882541090161	25	0	0.0	25	0	0	0.0	0.0	0.0	False	1.3338715352120505e-10	logistic	False	False	False	post	post	anonymous	none	live		
62	3	communication	-1.0378257890984555	0.2899583920544896	-0.14580471506340703	0.40836816999144276	25	23	0.92	25	0	0	0.92	0.0	0.0	True	0.999946124616599	logistic	False	False	False	post	post	anonymous	none	live		
62	4	communication	0.4361842789683032	0.26304103673872686	-0.1748465286667737	0.35692765791827574	25	0	0.0	25	0	0	0.0	0.0	0.0	False	0.1129204507229824	logistic	False	False	False	post	post	anonymous	none	live		
62	5	communication	2.647264278123352	0.2683579647211533	-0.07419463852012292	0.3667886094309432	25	0	0.0	25	0	0	0.0	0.0	0.0	False	6.290556778421644e-18	logistic	False	False	False	post	post	anonymous	none	live		
62	6	communication	1.1210199610087788	0.2857918740168203	-0.12099938639938876	0.40015208959349063	25	0	0.0	25	0	0	0.0	0.0	0.0	False	0.0004043289247427552	logistic	False	False	False	post	post	anonymous	none	live		
62	7	communication	-1.8777254848386162	0.26747175320820565	-0.19922709463077182	0.36513507073568024	25	25	1.0	25	0	0	1.0	0.0	0.0	True	0.9999999999671546	logistic	False	False	False	post	post	anonymous	none	live		
62	8	communication	-1.959246169426423	0.3842038105383108	-0.1513042149589607	0.623913913585874	25	25	1.0	25	0	0	1.0	0.0	0.0	True	0.999999999999972	logistic	False	False	False	post	post	anonymous	none	live		
62	9	communication	-0.8058833883678415	0.25805413015343315	-0.20096991928560504	0.3478072196921836	25	21	0.84	25	0	0	0.84	0.0	0.0	True	0.9981168656234961	logistic	False	False	False	post	post	anonymous	none	live		
63	0	communication	0.7408546412930116	0.29037086265975104	0.3849379324044759	0.4091867813490382	25	0	0.0	25	0	0	0.0	0.0	0.0	False	0.019991997921474613	logistic	False	False	False	post	post	anonymous	none	live		
63	1	communication	-0.665664093747331	0.18511370541968009	0.3822882614381499	0.22716507401197214	25	24	0.96	25	0	0	0.96	0.0	0.0	True	0.973802772888261	logistic	False	False	False	post	post	anonymous	none	live		
63	2	communication	-0.02227635819286583	0.2649047422963903	0.36395479055678537	0.3603679108527182	25	20	0.8	25	0	0	0.8	0.0	0.0	True	0.6289121293579997	logistic	False	False	False	post	post	anonymous	none	live		
63	3	communication	-2.4530011184946927	0.289058995747736	0.35357907403216765	0.40658647344691473	25	24	0.96	25	0	0	0.96	0.0	0.0	True	1.0	logistic	False	False	False	post	post	anonymous	none	live		
63	4	communication	0.4432590130249347	0.28698026062768583	0.41303861691975974	0.4024857164267576	25	10	0.4	25	0	0	0.4	0.0	0.0	False	0.13936927851218694	logistic	False	False	False	post	post	anonymous	none	live		
63	5	communication	2.049012401705302	0.3319876373303858	0.3872584021241005	0.49697828346117046	25	0	0.0	25	0	0	0.0	0.0	0.0	False	3.687023015091912e-10	logistic	False	False	False	post	post	anonymous	none	live		
63	6	communication	-0.9836139044806893	0.2690014637692109	0.3298999573491541	0.3679917953820395	25	25	1.0	25	0	0	1.0	0.0	0.0	True	0.9998142537550955	logistic	False	False	False	post	post	anonymous	none	live		
63	7	communication	-0.045698687268632576	0.32738590679510776	0.37916503521985373	0.48673661480265656	25	20	0.8	25	0	0	0.8	0.0	0.0	True	0.7871212191559696	logistic	False	False	False	post	post	anonymous	none	live		
63	8	communication	0.5965610383693862	0.25553043508656575	0.25464729009304676	0.34323825597394086	25	2	0.08	25	0	0	0.08	0.0	0.0	False	0.036410144925192026	logistic	False	False	False	post	post	anonymous	none	live		
63	9	communication	-1.0733882805964554	0.1968376088637781	0.3950316714140533	0.2450782195930699	25	24	0.96	25	0	0	0.96	0.0	0.0	True	0.999639038382662	logistic	False	False	False	post	post	anonymous	none	live		
64	0	communication	0.05901985141372	0.34205096375424787	0.10498471468186855	0.5198745570112631	25	2	0.08	25	0	0	0.08	0.0	0.0	True	0.7042159163115025	logistic	False	False	False	post	post	anonymous	none	live		
64	1	communication	-0.6793094754125528	0.3460022727950894	0.03463716977621315	0.5290573015809272	25	22	0.88	25	0	0	0.88	0.0	0.0	True	0.9987426609548691	logistic	False	False	False	post	post	anonymous	none	live		
64	2	communication	-1.1707724512791102	0.3173638750490213	0.05326678493714429	0.46490928834422846	25	25	1.0	25	0	0	1.0	0.0	0.0	True	0.9999963606469738	logistic	False	False	False	post	post	anonymous	none	live		
64	3	communication	0.16291346097606116	0.14286373777145706	0.03224073073479292	0.16667564314688216	25	2	0.08	25	0	0	0.08	0.0	0.0	False	0.12831891142380375	logistic	False	False	False	post	post	anonymous	none	live		
64	4	communication	-0.873720012473465	0.10493522198219335	0.09749195311464459	0.11723757269790114	25	25	1.0	25	0	0	1.0	0.0	0.0	True	0.9776922898581059	logistic	False	False	False	post	post	anonymous	none	live		
64	5	communication	-0.181857752994792	0.366520116587337	0.11417108311141234	0.5785820926354146	25	15	0.6	25	0	0	0.6	0.0	0.0	True	0.9314717379496473	logistic	False	False	False	post	post	anonymous	none	live		
64	6	communication	0.23264681932544531	0.3048867486333402	0.13639364751590233	0.4386144963197053	25	1	0.04	25	0	0	0.04	0.0	0.0	False	0.3937351400092056	logistic	False	False	False	post	post	anonymous	none	live		
64	7	communication	0.8253090513063637	0.2943579838278055	-0.0422094590687501	0.41714917349249037	25	0	0.0	25	0	0	0.0	0.0	0.0	False	0.010429288007233672	logistic	False	False	False	post	post	anonymous	none	live		
64	8	communication	0.8198999361556087	0.32965698844962565	0.03442963532275294	0.49177358869930266	25	0	0.0	25	0	0	0.0	0.0	0.0	False	0.01899309691004834	logistic	False	False	False	post	post	anonymous	none	live		
64	9	communication	0.09285066252707565	0.3554183934465527	0.05233553315209539	0.5513939427266021	25	0	0.0	25	0	0	0.0	0.0	0.0	False	0.6930426074883548	logistic	False	False	False	post	post	anonymous	none	live		
65	0	communication	2.793587423046921	0.2773676625044106	0.13897306677668647	0.3838295743388365	25	0	0.0	25	0	0	0.0	0.0	0.0	False	1.37768242777798e-19	logistic	False	False	False	post	post	anonymous	none	live		
65	1	communication	-0.3762908644205417	0.2584134996750719	0.14835715270537111	0.3484603610797221	25	21	0.84	25	0	0	0.84	0.0	0.0	True	0.9288713901451245	logistic	False	False	False	post	post	anonymous	none	live		
65	2	communication	1.5295408172204241	0.24721838367238133	0.2362139742155155	0.32840651034813423	25	0	0.0	25	0	0	0.0	0.0	0.0	False	3.5670466410886093e-07	logistic	False	False	False	post	post	anonymous	none	live		
65	3	communication	1.665002125174969	0.1426280002352435	0.1816396446180043	0.16635486145381165	25	0	0.0	25	0	0	0.0	0.0	0.0	False	4.0446080285011006e-10	logistic	False	False	False	post	post	anonymous	none	live		
65	4	communication	0.706737977158461	0.2000665184786536	0.2532258867190175	0.25010394376562267	25	0	0.0	25	0	0	0.0	0.0	0.0	False	0.005698438289389202	logistic	False	False	False	post	post	anonymous	none	live		
65	5	communication	-0.8726015357737782	0.12343340910713899	0.19527612965397137	0.14081464019911036	25	25	1.0	25	0	0	1.0	0.0	0.0	True	0.9846956632273229	logistic	False	False	False	post	post	anonymous	none	live		
65	6	communication	0.19464636415295902	0.13828181304060522	0.1449063840802415	0.1604721997670002	25	2	0.08	25	0	0	0.08	0.0	0.0	False	0.10098604018427304	logistic	False	False	False	post	post	anonymous	none	live		
65	7	communication	0.5933570958634813	0.3797665516890956	0.20940163496669645	0.6122961486893723	25	2	0.08	25	0	0	0.08	0.0	0.0	False	0.15432414064520283	logistic	False	False	False	post	post	anonymous	none	live		
65	8	communication	-2.195478651412126	0.28142457953843736	0.11669672800891556	0.3916423683928263	25	25	1.0	25	0	0	1.0	0.0	0.0	True	0.9999999999999919	logistic	False	False	False	post	post	anonymous	none	live		
65	9	communication	-0.7201551773357462	0.2583467169785718	0.20666094906549415	0.3483389380089989	25	25	1.0	25	0	0	1.0	0.0	0.0	True	0.9955153516006746	logistic	False	False	False	post	post	anonymous	none	live		
66	0	communication	-0.018928611119768346	0.4033212027860674	0.2538373138469029	0.6759435808164994	25	19	0.76	25	0	0	0.76	0.0	0.0	True	0.8775324067102239	logistic	False	False	False	post	post	anonymous	none	live		
66	1	communication	-0.5342047098475429	0.3420278465150654	0.2439757935701149	0.5198211576333781	25	23	0.92	25	0	0	0.92	0.0	0.0	True	0.9940287723123089	logistic	False	False	False	post	post	anonymous	none	live		
66	2	communication	1.5305792771135136	0.47371990306031114	0.18777012698023382	0.9001288587863867	25	0	0.0	25	0	0	0.0	0.0	0.0	False	0.00016611023627777962	logistic	False	False	False	post	post	anonymous	none	live		
66	3	communication	0.6106740643322834	0.4065000852897493	0.31565530563066535	0.6849202084354208	25	0	0.0	25	0	0	0.0	0.0	0.0	False	0.17953534032725454	logistic	False	False	False	post	post	anonymous	none	live		
66	4	communication	0.15672223736465865	0.42070935442525426	0.13548652618285592	0.7262491767113649	25	4	0.16	25	0	0	0.16	0.0	0.0	True	0.7517091259832696	logistic	False	False	False	post	post	anonymous	none	live		
66	5	communication	1.3910967023696357	0.3270301146163921	0.23316590717106508	0.48595059261823814	25	0	0.0	25	0	0	0.0	0.0	0.0	False	3.234474455932333e-05	logistic	False	False	False	post	post	anonymous	none	live		
66	6	communication	-0.20176953170054068	0.47830185701985256	0.29852574704426427	0.9168172504651866	25	22	0.88	25	0	0	0.88	0.0	0.0	True	0.9865335387266948	logistic	False	False	False	post	post	anonymous	none	live		
66	7	communication	1.0939340840262834	0.3326757404625942	0.3132056997058855	0.49852187404846854	25	0	0.0	25	0	0	0.0	0.0	0.0	False	0.00148868672632953	logistic	False	False	False	post	post	anonymous	none	live		
66	8	communication	0.5303328556282194	0.43049900456214335	0.2627787291923252	0.7559231818921709	25	3	0.12	25	0	0	0.12	0.0	0.0	False	0.30576756401644845	logistic	False	False	False	post	post	anonymous	none	live		
66	9	communication	0.2790529911424375	0.3682687125674018	0.2867860090253841	0.5829515173517408	25	4	0.16	25	0	0	0.16	0.0	0.0	False	0.48442268317403964	logistic	False	False	False	post	post	anonymous	none	live		
67	0	communication	-0.9490448385874866	0.27816626470759925	-0.15350540927692669	0.38536057696848924	25	24	0.96	25	0	0	0.96	0.0	0.0	True	0.9997694618102109	logistic	False	False	False	post	post	anonymous	none	live		
67	1	communication	0.8730402260044702	0.21224699365438676	-0.06546751965602601	0.26943342893605793	25	0	0.0	25	0	0	0.0	0.0	0.0	False	0.0013441784341109658	logistic	False	False	False	post	post	anonymous	none	live		
67	2	communication	0.4954816423311076	0.2904931024918585	-0.11369980473176469	0.40942956793245994	25	0	0.0	25	0	0	0.0	0.0	0.0	False	0.1083706194030899	logistic	False	False	False	post	post	anonymous	none	live		
67	3	communication	-0.26555296886142143	0.34723984269982705	-0.12323616407449695	0.5319562458223812	25	17	0.68	25	0	0	0.68	0.0	0.0	True	0.9505141725052957	logistic	False	False	False	post	post	anonymous	none	live		
67	4	communication	0.09772823987764075	0.3082913966156156	-0.030492379737691932	0.445695477990603	25	2	0.08	25	0	0	0.08	0.0	0.0	False	0.5797202757003325	logistic	False	False	False	post	post	anonymous	none	live		
67	5	communication	-1.4057043217646157	0.2608781200904053	-0.04857569469568265	0.3529568359176628	25	25	1.0	25	0	0	1.0	0.0	0.0	True	0.9999995552582028	logistic	False	False	False	post	post	anonymous	none	live		
67	6	communication	0.4743903395108202	0.20877101108400378	0.04732953635949135	0.2638566255895469	25	0	0.0	25	0	0	0.0	0.0	0.0	False	0.04493435109214842	logistic	False	False	False	post	post	anonymous	none	live		
67	7	communication	0.41659829098450113	0.3493752134805532	-0.03378124409658238	0.536984173857801	25	0	0.0	25	0	0	0.0	0.0	0.0	False	0.2705717429263734	logistic	False	False	False	post	post	anonymous	none	live		
67	8	communication	-1.1381725857721254	0.29765327121370994	-0.1055683730699658	0.42379818829380467	25	25	1.0	25	0	0	1.0	0.0	0.0	True	0.9999895440085166	logistic	False	False	False	post	post	anonymous	none	live		
67	9	communication	-0.29766971434008693	0.22377728645304942	-0.11339813264786128	0.2882900520013114	25	5	0.2	25	0	0	0.2	0.0	0.0	True	0.8361256132851835	logistic	False	False	False	post	post	anonymous	none	live		
68	0	communication	0.1942907153655693	0.5225621573993673	0.7661157895901386	1.094513485887377	25	24	0.96	25	0	0	0.96	0.0	0.0	True	0.8750975239707155	logistic	False	False	False	post	post	anonymous	none	live		
68	1	communication	0.2979510219486866	0.5030667935719707	0.649542497614607	1.0123428804205497	25	19	0.76	25	0	0	0.76	0.0	0.0	True	0.7553449793382012	logistic	False	False	False	post	post	anonymous	none	live		
68	2	communication	-1.6804928508874935	0.44424119322940286	0.7322008553995971	0.7993417069012352	25	25	1.0	25	0	0	1.0	0.0	0.0	True	0.9999999999980701	logistic	False	False	False	post	post	anonymous	none	live		
68	3	communication	1.7036881362028484	0.4050340759678487	0.7337810542106308	0.680768527418994	25	0	0.0	25	0	0	0.0	0.0	0.0	False	2.4481225142632634e-06	logistic	False	False	False	post	post	anonymous	none	live		
68	4	communication	1.0272369188343835	0.428214310682762	0.6026290648807904	0.7489070095372399	25	2	0.08	25	0	0	0.08	0.0	0.0	False	0.014715520976260174	logistic	False	False	False	post	post	anonymous	none	live		
68	5	communication	-0.6077445573797733	0.4797945377445037	0.6327768963704457	0.9223173775688942	25	25	1.0	25	0	0	1.0	0.0	0.0	True	0.9998245249827621	logistic	False	False	False	post	post	anonymous	none	live		
68	6	communication	-0.13222437250892916	0.4162850858161459	0.7318791083456938	0.7131650668857632	25	24	0.96	25	0	0	0.96	0.0	0.0	True	0.9470563773241403	logistic	False	False	False	post	post	anonymous	none	live		
68	7	communication	-0.8556002211072093	0.44186340817228686	0.6051403844672629	0.7916761141306466	25	25	1.0	25	0	0	1.0	0.0	0.0	True	0.9999853366301026	logistic	False	False	False	post	post	anonymous	none	live		
68	8	communication	-0.7627638669276107	0.4451521735607519	0.7574637257768657	0.8022959671979409	25	25	1.0	25	0	0	1.0	0.0	0.0	True	0.9999495604521825	logistic	False	False	False	post	post	anonymous	none	live		
68	9	communication	2.2746825742657895	0.3997555889972549	0.6391016787178342	0.6659880236609594	25	0	0.0	25	0	0	0.0	0.0	0.0	False	3.91745701068397e-11	logistic	False	False	False	post	post	anonymous	none	live		
69	0	communication	0.19031646590059792	0.15806679966460457	-0.40720146133080015	0.18774268505106645	25	0	0.0	25	0	0	0.0	0.0	0.0	False	0.13351378244331646	logistic	False	False	False	post	post	anonymous	none	live		
69	1	communication	-0.24451289217289382	0.2843842050418054	-0.4172825836294576	0.3973978873096544	25	0	0.0	25	0	0	0.0	0.0	0.0	True	0.8835896056853031	logistic	False	False	False	post	post	anonymous	none	live		
69	2	communication	1.1163280403261209	0.23756811388119875	-0.39162309914283555	0.31159257398133156	25	0	0.0	25	0	0	0.0	0.0	0.0	False	0.00013455790217007665	logistic	False	False	False	post	post	anonymous	none	live		
69	3	communication	-1.3260474514628482	0.05534594048231295	-0.3826993895151401	0.05858858057580463	25	23	0.92	25	0	0	0.92	0.0	0.0	True	0.9986918404899512	logistic	False	False	False	post	post	anonymous	none	live		
69	4	communication	-0.016160268044823567	0.35382882919087427	-0.4374446893500782	0.5475775540215067	25	0	0.0	25	0	0	0.0	0.0	0.0	True	0.8046347123991073	logistic	False	False	False	post	post	anonymous	none	live		
69	5	communication	-0.4646963399887854	0.3174294317290271	-0.45643027670478004	0.4650499838179533	25	3	0.12	25	0	0	0.12	0.0	0.0	True	0.9835042519482526	logistic	False	False	False	post	post	anonymous	none	live		
69	6	communication	0.1174646933686827	0.26995254410369257	-0.4042707670582554	0.36977396732690676	25	0	0.0	25	0	0	0.0	0.0	0.0	False	0.45832133879695636	logistic	False	False	False	post	post	anonymous	none	live		
69	7	communication	-1.244174600052399	0.23659518992844392	-0.4075850668644313	0.3099210101993819	25	25	1.0	25	0	0	1.0	0.0	0.0	True	0.9999877088861286	logistic	False	False	False	post	post	anonymous	none	live		
69	8	communication	0.5086290917374123	0.3284455636732403	-0.4350543243783804	0.4890825611543244	25	0	0.0	25	0	0	0.0	0.0	0.0	False	0.14805279439150532	logistic	False	False	False	post	post	anonymous	none	live		
69	9	communication	-0.7885832058759303	0.3530665809848312	-0.4370448405622973	0.5457541233877001	25	18	0.72	25	0	0	0.72	0.0	0.0	True	0.9996964750908673	logistic	False	False	False	post	post	anonymous	none	live		
70	0	communication	0.4696039869321854	0.1328472633051337	0.3502981481178019	0.1531993819352726	25	3	0.12	25	0	0	0.12	0.0	0.0	False	0.012690474623710393	logistic	False	False	False	post	post	anonymous	none	live		
70	1	communication	-0.15529269771301574	0.25431041564375123	0.30189664348316364	0.34104058978280694	25	18	0.72	25	0	0	0.72	0.0	0.0	True	0.7593947591223793	logistic	False	False	False	post	post	anonymous	none	live		
70	2	communication	-0.1822780251968984	0.15620232271315918	0.4151399136719478	0.1851182184044573	25	25	1.0	25	0	0	1.0	0.0	0.0	True	0.546997314768009	logistic	False	False	False	post	post	anonymous	none	live		
70	3	communication	0.4835990347521406	0.22472958817298194	0.33659219759397396	0.28987252027764043	25	1	0.04	25	0	0	0.04	0.0	0.0	False	0.05270049244496574	logistic	False	False	False	post	post	anonymous	none	live		
70	4	communication	0.4077752651211033	0.2595850757329784	0.3623013704646653	0.3505940618227763	25	4	0.16	25	0	0	0.16	0.0	0.0	False	0.12743659595024892	logistic	False	False	False	post	post	anonymous	none	live		
70	5	communication	-1.5142404605195485	1.0	0.3530821001343542	-0.058189404886743984	25	25	1.0	25	0	0	1.0	0.0	0.0	True	0.0	logistic	False	False	False	post	post	anonymous	none	live		
70	6	communication	0.6991479341810285	0.3098248917633678	0.420382112996049	0.44890765845635483	25	1	0.04	25	0	0	0.04	0.0	0.0	False	0.036399384036555016	logistic	False	False	False	post	post	anonymous	none	live		
70	7	communication	0.7048274699051067	1.0	0.31149375591569345	-0.060898934537007426	25	0	0.0	25	0	0	0.0	0.0	0.0	False	0.0	logistic	False	False	False	post	post	anonymous	none	live		
70	8	communication	1.2304810184415094	0.3807215183903964	0.3989939861336309	0.6147824116233466	25	0	0.0	25	0	0	0.0	0.0	0.0	False	0.0008560014191189743	logistic	False	False	False	post	post	anonymous	none	live		
70	9	communication	-0.972454134341272	0.3234715083200563	0.23805610953469708	0.4781343465916971	25	24	0.96	25	0	0	0.96	0.0	0.0	True	0.9999437086036677	logistic	False	False	False	post	post	anonymous	none	live		
71	0	communication	-0.2989108229214149	0.0856298498122207	-0.20666899962829804	0.09364899958144451	25	13	0.52	25	0	0	0.52	0.0	0.0	True	0.4655880924912955	logistic	False	False	False	post	post	anonymous	none	live		
71	1	communication	-0.7622689657835974	0.2451678816653658	-0.10358526313270476	0.3247978930815413	25	22	0.88	25	0	0	0.88	0.0	0.0	True	0.9961887362741568	logistic	False	False	False	post	post	anonymous	none	live		
71	2	communication	-0.3165893161214025	0.2657261634581008	-0.135423646780836	0.361889734093689	25	17	0.68	25	0	0	0.68	0.0	0.0	True	0.9057889068890574	logistic	False	False	False	post	post	anonymous	none	live		
71	3	communication	0.6235206848555482	0.36875488876690005	-0.17752974983725	0.5841706845801297	25	0	0.0	25	0	0	0.0	0.0	0.0	False	0.11813288321484261	logistic	False	False	False	post	post	anonymous	none	live		
71	4	communication	-0.32562760680944436	0.3331774276073128	-0.2622611594278238	0.49964929413203324	25	5	0.2	25	0	0	0.2	0.0	0.0	True	0.9612064064891722	logistic	False	False	False	post	post	anonymous	none	live		
71	5	communication	-0.4175013025857143	0.20467290095507176	-0.1378066839888749	0.2573443067649198	25	20	0.8	25	0	0	0.8	0.0	0.0	True	0.8941434285952932	logistic	False	False	False	post	post	anonymous	none	live		
71	6	communication	-1.863665286005712	0.32894137565486414	-0.08898011727131817	0.49018277050811654	25	25	1.0	25	0	0	1.0	0.0	0.0	True	0.9999999999966952	logistic	False	False	False	post	post	anonymous	none	live		
71	7	communication	1.7559333558235246	0.43267999061653756	-0.1496097767395864	0.7626735941973112	25	0	0.0	25	0	0	0.0	0.0	0.0	False	2.3204404814242988e-06	logistic	False	False	False	post	post	anonymous	none	live		
71	8	communication	1.1437602810679621	0.130277409550771	-0.23262334204093874	0.14979191179049417	25	0	0.0	25	0	0	0.0	0.0	0.0	False	3.3444192932503517e-06	logistic	False	False	False	post	post	anonymous	none	live		
71	9	communication	-0.14159925709744456	0.308170820336453	-0.2598188404439771	0.4454435132185719	25	0	0.0	25	0	0	0.0	0.0	0.0	True	0.8409067947008402	logistic	False	False	False	post	post	anonymous	none	live		
72	0	communication	-0.6684821298338842	0.20323317001906507	-0.16767460455552452	0.2550723277774102	25	20	0.8	25	0	0	0.8	0.0	0.0	True	0.9810340346391924	logistic	False	False	False	post	post	anonymous	none	live		
72	1	communication	-1.278683022704565	0.4098898870023813	-0.13036899323423715	0.6945989875012283	25	23	0.92	25	0	0	0.92	0.0	0.0	True	0.9999999668182258	logistic	False	False	False	post	post	anonymous	none	live		
72	2	communication	0.6217823043195794	0.40782349091068304	-0.13341754184022853	0.6886856953138135	25	0	0.0	25	0	0	0.0	0.0	0.0	False	0.17198673137408832	logistic	False	False	False	post	post	anonymous	none	live		
72	3	communication	-0.7172234503052956	0.2339004709583978	-0.04483283848877846	0.30531342481179896	25	24	0.96	25	0	0	0.96	0.0	0.0	True	0.9927443568887738	logistic	False	False	False	post	post	anonymous	none	live		
72	4	communication	-0.48834999332978735	0.08867559590545344	-0.22928550490280744	0.09730409446629246	25	18	0.72	25	0	0	0.72	0.0	0.0	True	0.7171727067863114	logistic	False	False	False	post	post	anonymous	none	live		
72	5	communication	0.48990419497989834	0.3362062038086075	-0.18686250561826814	0.5064919342989291	25	0	0.0	25	0	0	0.0	0.0	0.0	False	0.17485135803558155	logistic	False	False	False	post	post	anonymous	none	live		
72	6	communication	-0.46856660091171615	0.29146180841620384	-0.16281020726047873	0.41135652513620896	25	20	0.8	25	0	0	0.8	0.0	0.0	True	0.976389286174618	logistic	False	False	False	post	post	anonymous	none	live		
72	7	communication	-0.5012345213067384	0.15182167238394356	-0.10665946926386888	0.1789973493082087	25	19	0.76	25	0	0	0.76	0.0	0.0	True	0.8745574527224009	logistic	False	False	False	post	post	anonymous	none	live		
72	8	communication	0.29734715319292887	0.18605121935415886	-0.1740241645384477	0.22857853439688605	25	0	0.0	25	0	0	0.0	0.0	0.0	False	0.10319964752539118	logistic	False	False	False	post	post	anonymous	none	live		
72	9	communication	-0.27801601111574453	0.3960832220051668	-0.12668716247502515	0.6558572910000449	25	13	0.52	25	0	0	0.52	0.0	0.0	True	0.9763441421994095	logistic	False	False	False	post	post	anonymous	none	live		
73	0	communication	-0.6081172622642151	0.09001679155630782	0.2542570632298081	0.0989213764837045	25	25	1.0	25	0	0	1.0	0.0	0.0	True	0.8380467423215716	logistic	False	False	False	post	post	anonymous	none	live		
73	1	communication	-0.3204041797685559	1.0	0.1856124648614455	-0.22804652300340605	25	19	0.76	25	0	0	0.76	0.0	0.0	True	0.0	logistic	False	False	False	post	post	anonymous	none	live		
73	2	communication	1.0687123110476069	0.04761515483588102	0.2559044453846339	0.049995708224101126	25	0	0.0	25	0	0	0.0	0.0	0.0	False	1.9673755806306037e-07	logistic	False	False	False	post	post	anonymous	none	live		
73	3	communication	1.4815392562549277	1.0	0.2528697115343996	-0.28366090034667335	25	0	0.0	25	0	0	0.0	0.0	0.0	False	0.0	logistic	False	False	False	post	post	anonymous	none	live		
73	4	communication	2.593199131434381	1.0	0.18506664561531186	-0.08909989136904001	25	0	0.0	25	0	0	0.0	0.0	0.0	False	0.0	logistic	False	False	False	post	post	anonymous	none	live		
73	5	communication	-1.519567498400689	0.03007658560624657	0.16373594998124652	0.031009237595368097	25	25	1.0	25	0	0	1.0	0.0	0.0	True	0.9994915540029189	logistic	False	False	False	post	post	anonymous	none	live		
73	6	communication	-0.6048555774775607	1.0	0.25776122869724394	-0.1370767726162408	25	25	1.0	25	0	0	1.0	0.0	0.0	True	0.0	logistic	False	False	False	post	post	anonymous	none	live		
73	7	communication	1.2140927990962926	0.12624626070216383	0.2590570492141827	0.14448723367251914	25	0	0.0	25	0	0	0.0	0.0	0.0	False	9.189766721518188e-07	logistic	False	False	False	post	post	anonymous	none	live		
73	8	communication	0.8124872595406294	1.0	0.19652784569320061	-0.11460718445904271	25	0	0.0	25	0	0	0.0	0.0	0.0	False	0.0	logistic	False	False	False	post	post	anonymous	none	live		
73	9	communication	-2.021537327874224	1.0	0.24984923311580096	-0.012355042920303823	25	25	1.0	25	0	0	1.0	0.0	0.0	True	0.0	logistic	False	False	False	post	post	anonymous	none	live		
74	0	communication	-0.44683987974094347	0.18894600259940533	0.291231198508441	0.2329635304245734	25	20	0.8	25	0	0	0.8	0.0	0.0	True	0.8920491089904572	logistic	False	False	False	post	post	anonymous	none	live		
74	1	communication	-0.5277690223041571	0.1538370531374541	0.24297451961794425	0.1818054710476988	25	25	1.0	25	0	0	1.0	0.0	0.0	True	0.8946978747018793	logistic	False	False	False	post	post	anonymous	none	live		
74	2	communication	1.7251109495130148	0.024758664789276078	0.3048593334525561	0.025387218420070745	25	0	0.0	25	0	0	0.0	0.0	0.0	False	1.1561365488378959e-14	logistic	False	False	False	post	post	anonymous	none	live		
74	3	communication	-0.19400539547114315	0.3056990526965809	0.22740359815359268	0.4402976171700168	25	20	0.8	25	0	0	0.8	0.0	0.0	True	0.8764869020730255	logistic	False	False	False	post	post	anonymous	none	live		
74	4	communication	-1.151446448338309	0.1527801518483642	0.2241631991968956	0.18033117635485274	25	25	1.0	25	0	0	1.0	0.0	0.0	True	0.9995544694288147	logistic	False	False	False	post	post	anonymous	none	live		
74	5	communication	0.5581979916642549	0.08201376734287785	0.31738367429532466	0.08934095569765574	25	0	0.0	25	0	0	0.0	0.0	0.0	False	0.0014462670885509643	logistic	False	False	False	post	post	anonymous	none	live		
74	6	communication	0.18734003724041928	0.18437533094456232	0.27262895433936435	0.2260541373253025	25	8	0.32	25	0	0	0.32	0.0	0.0	True	0.18175467943653845	logistic	False	False	False	post	post	anonymous	none	live		
74	7	communication	2.5918647056108064	0.06531661168488495	0.2546797327351567	0.06988100195364166	25	0	0.0	25	0	0	0.0	0.0	0.0	False	1.489055289231739e-23	logistic	False	False	False	post	post	anonymous	none	live		
74	8	communication	0.011762645101877911	0.10065452867622517	0.3138268921828544	0.1119197592979132	25	17	0.68	25	0	0	0.68	0.0	0.0	True	0.16316704991286562	logistic	False	False	False	post	post	anonymous	none	live		
74	9	communication	1.7682471540297642	0.20781806941359773	0.2954905511803663	0.2623362909322649	25	0	0.0	25	0	0	0.0	0.0	0.0	False	8.969623453506705e-10	logistic	False	False	False	post	post	anonymous	none	live		
75	0	communication	-0.37903171566725913	1.0	-0.32140704083515437	-0.4938502795871268	25	4	0.16	25	0	0	0.16	0.0	0.0	True	0.0	logistic	False	False	False	post	post	anonymous	none	live		
75	1	communication	0.9197640200207446	1.0	-0.31037559226114003	-0.2941132366129569	25	0	0.0	25	0	0	0.0	0.0	0.0	False	0.0	logistic	False	False	False	post	post	anonymous	none	live		
75	2	communication	0.22296392301074863	1.0	-0.346557044410453	-0.459571346060274	25	0	0.0	25	0	0	0.0	0.0	0.0	False	0.0	logistic	False	False	False	post	post	anonymous	none	live		
75	3	communication	-1.4642724330968868	1.0	-0.45355140308722125	-0.566769923781475	25	24	0.96	25	0	0	0.96	0.0	0.0	True	0.0	logistic	False	False	False	post	post	anonymous	none	live		
75	4	communication	-1.5380342557483448	1.0	-0.31862883836637235	-0.695327880606238	25	25	1.0	25	0	0	1.0	0.0	0.0	True	0.0	logistic	False	False	False	post	post	anonymous	none	live		
75	5	communication	0.6656479861364138	1.0	-0.32306419584737156	-0.6673924580116246	25	0	0.0	25	0	0	0.0	0.0	0.0	False	0.0	logistic	False	False	False	post	post	anonymous	none	live		
75	6	communication	0.00024132587736602762	1.0	-0.3245956973632558	-0.6720395042115419	25	0	0.0	25	0	0	0.0	0.0	0.0	False	0.0	logistic	False	False	False	post	post	anonymous	none	live		
75	7	communication	0.05545577331058055	1.0	-0.4784682258708271	-0.27133207726411546	25	0	0.0	25	0	0	0.0	0.0	0.0	False	0.0	logistic	False	False	False	post	post	anonymous	none	live		
75	8	communication	0.61292068792051	1.0	-0.29961048445283567	-0.5042288535698474	25	0	0.0	25	0	0	0.0	0.0	0.0	False	0.0	logistic	False	False	False	post	post	anonymous	none	live		
75	9	communication	1.2249079003691166	1.0	-0.3613723308407097	-0.42879030059843876	25	0	0.0	25	0	0	0.0	0.0	0.0	False	0.0	logistic	False	False	False	post	post	anonymous	none	live		
76	0	communication	-1.2621510228412822	0.5702881717124596	0.03622624477823451	1.3271409679019888	25	25	1.0	25	0	0	1.0	0.0	0.0	True	0.9999999998363247	logistic	False	False	False	post	post	anonymous	none	live		
76	1	communication	0.7627956051614395	0.4830970748478481	0.12827374589320187	0.9345992280961595	25	0	0.0	25	0	0	0.0	0.0	0.0	False	0.16485194920040236	logistic	False	False	False	post	post	anonymous	none	live		
76	2	communication	0.17960924399314626	0.5612097823821075	-0.062554554764288	1.2789933773565123	25	0	0.0	25	0	0	0.0	0.0	0.0	False	0.9230714511050819	logistic	False	False	False	post	post	anonymous	none	live		
76	3	communication	0.6883769804816364	0.5716690899088958	0.10074656523305642	1.3346435581483114	25	1	0.04	25	0	0	0.04	0.0	0.0	False	0.4174578752810768	logistic	False	False	False	post	post	anonymous	none	live		
76	4	communication	-1.816110540661041	0.5574187602435772	0.1582329857931522	1.2594721831190943	25	25	1.0	25	0	0	1.0	0.0	0.0	True	0.9999999999999996	logistic	False	False	False	post	post	anonymous	none	live		
76	5	communication	0.35416131849826554	0.5525759091494016	0.11139332686972059	1.2350159958953015	25	1	0.04	25	0	0	0.04	0.0	0.0	False	0.7862724547532164	logistic	False	False	False	post	post	anonymous	none	live		
76	6	communication	-2.070871014744838	0.5240002846683133	0.0228852744460286	1.1008415925273798	25	25	1.0	25	0	0	1.0	0.0	0.0	True	1.0	logistic	False	False	False	post	post	anonymous	none	live		
76	7	communication	-0.578548275600098	0.5490562487420876	0.02656042280985142	1.2175714758448015	25	24	0.96	25	0	0	0.96	0.0	0.0	True	0.999948190838549	logistic	False	False	False	post	post	anonymous	none	live		
76	8	communication	-1.39490649469139	0.53335155524444	0.054455751438322195	1.1429408181652048	25	24	0.96	25	0	0	0.96	0.0	0.0	True	0.9999999999627297	logistic	False	False	False	post	post	anonymous	none	live		
76	9	communication	0.09587739247183923	0.5644870376900941	0.06286315248928262	1.2961429085741236	25	5	0.2	25	0	0	0.2	0.0	0.0	True	0.9576810558035325	logistic	False	False	False	post	post	anonymous	none	live		
77	0	communication	0.8480184682284653	0.5454482842557166	-0.2338495443124477	1.1999696962150919	25	0	0.0	25	0	0	0.0	0.0	0.0	False	0.18555454919771386	logistic	False	False	False	post	post	anonymous	none	live		
77	1	communication	0.8992410705116546	0.5172693805360628	-0.22785152621421814	1.0715487265143446	25	0	0.0	25	0	0	0.0	0.0	0.0	False	0.10936025114903924	logistic	False	False	False	post	post	anonymous	none	live		
77	2	communication	-1.504427388680422	0.5420965982934959	-0.18820585323116115	1.1838667200838047	25	25	1.0	25	0	0	1.0	0.0	0.0	True	0.9999999999978577	logistic	False	False	False	post	post	anonymous	none	live		
77	3	communication	2.4776979159541774	0.5902727372763389	-0.1353971865589094	1.4406479406630206	25	0	0.0	25	0	0	0.0	0.0	0.0	False	6.673196253785371e-10	logistic	False	False	False	post	post	anonymous	none	live		
77	4	communication	-0.20322906775236302	0.5290530587769814	-0.1922966217088193	1.1233814522779677	25	6	0.24	25	0	0	0.24	0.0	0.0	True	0.9940286028805128	logistic	False	False	False	post	post	anonymous	none	live		
77	5	communication	1.140526063704824	0.5010122731327677	-0.16949735539360888	1.004057306736272	25	0	0.0	25	0	0	0.0	0.0	0.0	False	0.016619882304950557	logistic	False	False	False	post	post	anonymous	none	live		
77	6	communication	-0.25970323882313584	0.47445504102617975	-0.1915148209228837	0.9027867795604039	25	3	0.12	25	0	0	0.12	0.0	0.0	True	0.9914166716993315	logistic	False	False	False	post	post	anonymous	none	live		
77	7	communication	-1.0900933687573224	0.5703177449640144	-0.2523724144817163	1.3273011353849156	25	25	1.0	25	0	0	1.0	0.0	0.0	True	0.9999999944134828	logistic	False	False	False	post	post	anonymous	none	live		
77	8	communication	-0.31844695104954024	0.48251649146370623	-0.19500957803804028	0.9324287315522537	25	7	0.28	25	0	0	0.28	0.0	0.0	True	0.9956807597213801	logistic	False	False	False	post	post	anonymous	none	live		
77	9	communication	-0.09142399106863891	0.5348041667188477	-0.2496192148445203	1.149632323545826	25	0	0.0	25	0	0	0.0	0.0	0.0	True	0.985176669079873	logistic	False	False	False	post	post	anonymous	none	live		
78	0	communication	-2.0736042512802357	0.5953448230610194	-0.01463905804660693	1.4712398530633253	25	25	1.0	25	0	0	1.0	0.0	0.0	True	1.0	logistic	False	False	False	post	post	anonymous	none	live		
78	1	communication	-0.362668135781676	0.5691294336343381	-0.0392775325754164	1.3208825992336213	25	15	0.6	25	0	0	0.6	0.0	0.0	True	0.9994812406434875	logistic	False	False	False	post	post	anonymous	none	live		
78	2	communication	0.846844453541467	0.5663853786705432	-0.058378628422571896	1.306195296030408	25	0	0.0	25	0	0	0.0	0.0	0.0	False	0.2213372855459088	logistic	False	False	False	post	post	anonymous	none	live		
78	3	communication	0.5682656524644778	0.5746806520854375	0.004120255219148251	1.3511744878365572	25	0	0.0	25	0	0	0.0	0.0	0.0	False	0.5830439711281973	logistic	False	False	False	post	post	anonymous	none	live		
78	4	communication	-0.620525066375808	0.5583601262132983	-0.07400303760671179	1.2642883021992912	25	19	0.76	25	0	0	0.76	0.0	0.0	True	0.9999771338077189	logistic	False	False	False	post	post	anonymous	none	live		
78	5	communication	-1.6136388580977334	0.5906048998179576	-0.022486421619857467	1.4426281593388346	25	25	1.0	25	0	0	1.0	0.0	0.0	True	0.9999999999999822	logistic	False	False	False	post	post	anonymous	none	live		
78	6	communication	-0.8766361313516496	0.5447457531529284	-0.12380356928046118	1.19657478634333	25	24	0.96	25	0	0	0.96	0.0	0.0	True	0.9999993837399278	logistic	False	False	False	post	post	anonymous	none	live		
78	7	communication	0.7546963580139355	0.5793650501013047	-0.0006367861245030471	1.37735832517207	25	0	0.0	25	0	0	0.0	0.0	0.0	False	0.3504268552968335	logistic	False	False	False	post	post	anonymous	none	live		
78	8	communication	0.5141226221366568	0.5490443472361929	-0.03226924622553618	1.2175129502673314	25	0	0.0	25	0	0	0.0	0.0	0.0	False	0.5947003657754069	logistic	False	False	False	post	post	anonymous	none	live		
78	9	communication	-0.07233783113477563	0.6449965223231667	-0.03422017057778164	1.8168738135864682	25	6	0.24	25	0	0	0.24	0.0	0.0	True	0.9971360217717528	logistic	False	False	False	post	post	anonymous	none	live		
79	0	communication	1.218107455121808	0.35997231441706806	-0.12957046605491682	0.5624324111686017	25	0	0.0	25	0	0	0.0	0.0	0.0	False	0.0006432299634193401	logistic	False	False	False	post	post	anonymous	none	live		
79	1	communication	-0.8230940012096783	0.32450108254363347	-0.07491949239881947	0.48038727251490293	25	24	0.96	25	0	0	0.96	0.0	0.0	True	0.9996243883037853	logistic	False	False	False	post	post	anonymous	none	live		
79	2	communication	0.5296954061790184	0.2465413852544842	-0.15043335623222182	0.3272129091493031	25	0	0.0	25	0	0	0.0	0.0	0.0	False	0.051628926917539425	logistic	False	False	False	post	post	anonymous	none	live		
79	3	communication	1.073771246745722	0.13751375328716267	-0.1580334785410399	0.15943877808053622	25	0	0.0	25	0	0	0.0	0.0	0.0	False	1.2632677095069318e-05	logistic	False	False	False	post	post	anonymous	none	live		
79	4	communication	0.1780537060385605	0.365213822957996	-0.05091372323284596	0.5753336102242026	25	2	0.08	25	0	0	0.08	0.0	0.0	False	0.6099966617684387	logistic	False	False	False	post	post	anonymous	none	live		
79	5	communication	-0.1879803936320238	0.20757239119239063	-0.16058037625394783	0.2619449258017793	25	5	0.2	25	0	0	0.2	0.0	0.0	True	0.6927413649423033	logistic	False	False	False	post	post	anonymous	none	live		
79	6	communication	-0.4552023404854415	0.29748204629623143	-0.16952168772594908	0.42345116552234185	25	12	0.48	25	0	0	0.48	0.0	0.0	True	0.9759956662014815	logistic	False	False	False	post	post	anonymous	none	live		
79	7	communication	-0.33771225115968706	0.23101814348358887	-0.14956290931003682	0.30042079865204024	25	6	0.24	25	0	0	0.24	0.0	0.0	True	0.8770305588068658	logistic	False	False	False	post	post	anonymous	none	live		
79	8	communication	-1.0028657559856362	0.29218403826226674	-0.1380408443109351	0.4127966223662664	25	25	1.0	25	0	0	1.0	0.0	0.0	True	0.9999183163999568	logistic	False	False	False	post	post	anonymous	none	live		
79	9	communication	-0.4050988945320416	0.319857360795767	-0.2321646861495968	0.47027982419981806	25	9	0.36	25	0	0	0.36	0.0	0.0	True	0.9743178238482366	logistic	False	False	False	post	post	anonymous	none	live		
80	0	communication	1.1847919601441181	0.3630965745824598	0.039185385714476786	0.5700967526504063	25	0	0.0	25	0	0	0.0	0.0	0.0	False	0.0010035538222237376	logistic	False	False	False	post	post	anonymous	none	live		
80	1	communication	1.1679515454524205	0.44759459962710074	0.08056623539931629	0.8102647065451454	25	0	0.0	25	0	0	0.0	0.0	0.0	False	0.00565566463285961	logistic	False	False	False	post	post	anonymous	none	live		
80	2	communication	0.6594518394999656	0.3881245878367598	0.03493821443894226	0.6343196345552995	25	0	0.0	25	0	0	0.0	0.0	0.0	False	0.11729175625526245	logistic	False	False	False	post	post	anonymous	none	live		
80	3	communication	0.004865194705115615	0.5169453421289014	0.04334245969578225	1.0701591087169404	25	5	0.2	25	0	0	0.2	0.0	0.0	True	0.9598909737007433	logistic	False	False	False	post	post	anonymous	none	live		
80	4	communication	1.4447516803436027	0.41198858261197757	0.05462373536917924	0.7006472500858103	25	0	0.0	25	0	0	0.0	0.0	0.0	False	0.00012368078190273563	logistic	False	False	False	post	post	anonymous	none	live		
80	5	communication	1.3075470443121404	0.38735692842018626	0.13631744212509542	0.6322717849747562	25	0	0.0	25	0	0	0.0	0.0	0.0	False	0.000398960641909492	logistic	False	False	False	post	post	anonymous	none	live		
80	6	communication	0.8096389194568152	0.41996792594191107	0.09292793266529181	0.724042591306515	25	0	0.0	25	0	0	0.0	0.0	0.0	False	0.06669345043284167	logistic	False	False	False	post	post	anonymous	none	live		
80	7	communication	0.8165487173348152	0.46354782568671693	0.08422709829825757	0.8640990714225519	25	0	0.0	25	0	0	0.0	0.0	0.0	False	0.10236876597891148	logistic	False	False	False	post	post	anonymous	none	live		
80	8	communication	0.2647851384295953	0.4066342915875707	0.06917730058432145	0.6853013003996051	25	0	0.0	25	0	0	0.0	0.0	0.0	False	0.5935238280987336	logistic	False	False	False	post	post	anonymous	none	live		
80	9	communication	1.1579223860982175	0.4387075226497035	0.11043362793567582	0.7816023559067065	25	0	0.0	25	0	0	0.0	0.0	0.0	False	0.005361018844479487	logistic	False	False	False	post	post	anonymous	none	live		
81	0	communication	0.6228004672862897	0.2827556112196303	0.1364823463914729	0.39422491920841507	25	0	0.0	25	0	0	0.0	0.0	0.0	False	0.04380354252416138	logistic	False	False	False	post	post	anonymous	none	live		
81	1	communication	-0.22752405568344886	0.25147951172030697	0.14199293143438946	0.3359687752813238	25	19	0.76	25	0	0	0.76	0.0	0.0	True	0.8229945061402902	logistic	False	False	False	post	post	anonymous	none	live		
81	2	communication	1.2949150333635207	0.1702687459396772	0.2532719346766221	0.20520951224442893	25	0	0.0	25	0	0	0.0	0.0	0.0	False	1.288602513769009e-06	logistic	False	False	False	post	post	anonymous	none	live		
81	3	communication	1.148199357090149	0.19453829203420153	0.1779137775780502	0.24152394845126768	25	0	0.0	25	0	0	0.0	0.0	0.0	False	2.6706986143352647e-05	logistic	False	False	False	post	post	anonymous	none	live		
81	4	communication	-0.9144195161070183	0.31455484354650964	0.14468569469799736	0.45890592498169214	25	25	1.0	25	0	0	1.0	0.0	0.0	True	0.9998490130872677	logistic	False	False	False	post	post	anonymous	none	live		
81	5	communication	-0.7746357577503271	0.24173096656378412	0.12038847638036781	0.31879314056693314	25	25	1.0	25	0	0	1.0	0.0	0.0	True	0.9963967029770694	logistic	False	False	False	post	post	anonymous	none	live		
81	6	communication	0.1909480608308454	0.28879838673560204	0.057532512288464316	0.40607105123120363	25	0	0.0	25	0	0	0.0	0.0	0.0	False	0.40876198919789053	logistic	False	False	False	post	post	anonymous	none	live		
81	7	communication	-0.3698079572979621	0.14742556292993755	0.13547678583120948	0.17291811309353447	25	22	0.88	25	0	0	0.88	0.0	0.0	True	0.7506615072507543	logistic	False	False	False	post	post	anonymous	none	live		
81	8	communication	1.5208033146086377	0.10270732899185576	0.08956902009755707	0.11446357728126763	25	0	0.0	25	0	0	0.0	0.0	0.0	False	1.0283680931178408e-09	logistic	False	False	False	post	post	anonymous	none	live		
81	9	communication	0.693631336463691	0.23572144674577167	0.05976751475859768	0.3084234743237152	25	0	0.0	25	0	0	0.0	0.0	0.0	False	0.012336010889642342	logistic	False	False	False	post	post	anonymous	none	live		
82	0	communication	0.36628509301194606	0.5094208590963856	0.7430157471900791	1.0384070919894108	25	16	0.64	25	0	0	0.64	0.0	0.0	True	0.6917215362166116	logistic	False	False	False	post	post	anonymous	none	live		
82	1	communication	1.1374316630829133	0.5147255485468158	0.7141921787698143	1.0606895685636006	25	0	0.0	25	0	0	0.0	0.0	0.0	False	0.020736634342557243	logistic	False	False	False	post	post	anonymous	none	live		
82	2	communication	1.0503014060289337	0.5412560197960585	0.6733772235784033	1.1798651168249337	25	1	0.04	25	0	0	0.04	0.0	0.0	False	0.055555486730002976	logistic	False	False	False	post	post	anonymous	none	live		
82	3	communication	0.9251161208221618	0.605602791586078	0.7521058112466761	1.5355149039252185	25	0	0.0	25	0	0	0.0	0.0	0.0	False	0.2126767414002363	logistic	False	False	False	post	post	anonymous	none	live		
82	4	communication	-0.06050243004212974	0.5285109082237865	0.7571104418333003	1.1209398423890533	25	25	1.0	25	0	0	1.0	0.0	0.0	True	0.9790697829239163	logistic	False	False	False	post	post	anonymous	none	live		
82	5	communication	0.9701192005569881	0.515932635008543	0.6548318337047364	1.0658281725264593	25	2	0.08	25	0	0	0.08	0.0	0.0	False	0.07023979901953509	logistic	False	False	False	post	post	anonymous	none	live		
82	6	communication	2.366631534179994	0.5199926865265228	0.7208321379492112	1.0833015913105557	25	0	0.0	25	0	0	0.0	0.0	0.0	False	5.129501965896718e-10	logistic	False	False	False	post	post	anonymous	none	live		
82	7	communication	2.693865852191876	0.5580277165455468	0.6612043056099038	1.2625853191154994	25	0	0.0	25	0	0	0.0	0.0	0.0	False	1.5458691685144477e-12	logistic	False	False	False	post	post	anonymous	none	live		
82	8	communication	-1.3581890149148563	0.573140502598215	0.7727734962095902	1.34269122764473	25	25	1.0	25	0	0	1.0	0.0	0.0	True	0.9999999999822983	logistic	False	False	False	post	post	anonymous	none	live		
82	9	communication	-0.005336495820596143	0.5246184179769414	0.7348134272245744	1.1035732931518885	25	24	0.96	25	0	0	0.96	0.0	0.0	True	0.9662450914734626	logistic	False	False	False	post	post	anonymous	none	live		
83	0	communication	-0.29408133017218385	0.42003459797556714	0.12004051216128475	0.724240784897496	25	16	0.64	25	0	0	0.64	0.0	0.0	True	0.9853186125373197	logistic	False	False	False	post	post	anonymous	none	live		
83	1	communication	0.3431569300273133	0.46733816972117814	0.07923312474865798	0.8773637290221263	25	1	0.04	25	0	0	0.04	0.0	0.0	False	0.6300458264663641	logistic	False	False	False	post	post	anonymous	none	live		
83	2	communication	-0.7030964204964363	0.4945662837976378	0.02692689033065776	0.97849879804937	25	25	1.0	25	0	0	1.0	0.0	0.0	True	0.9999653371655929	logistic	False	False	False	post	post	anonymous	none	live		
83	3	communication	0.6670958094525593	0.4796262200723928	0.13215447644040856	0.9216955937693805	25	0	0.0	25	0	0	0.0	0.0	0.0	False	0.24952338805826974	logistic	False	False	False	post	post	anonymous	none	live		
83	4	communication	-0.10828951545564003	0.4884951760773695	0.14446101092284375	0.955015775474404	25	13	0.52	25	0	0	0.52	0.0	0.0	True	0.9750278071851866	logistic	False	False	False	post	post	anonymous	none	live		
83	5	communication	-1.2630451002907073	0.5214931345730207	0.13311502306593403	1.0898341742864732	25	25	1.0	25	0	0	1.0	0.0	0.0	True	0.9999999990276633	logistic	False	False	False	post	post	anonymous	none	live		
83	6	communication	-1.2961030495696153	0.4342922203417717	0.2188924939142476	0.767697097261326	25	25	1.0	25	0	0	1.0	0.0	0.0	True	0.9999999894375698	logistic	False	False	False	post	post	anonymous	none	live		
83	7	communication	0.11141449736691517	0.5538069462819184	0.0033571908695847197	1.2411823574282501	25	3	0.12	25	0	0	0.12	0.0	0.0	True	0.9462931084305987	logistic	False	False	False	post	post	anonymous	none	live		
83	8	communication	0.22997293531971424	0.4870578824089213	0.15749723863217657	0.9495377074830254	25	4	0.16	25	0	0	0.16	0.0	0.0	False	0.7951731092056258	logistic	False	False	False	post	post	anonymous	none	live		
83	9	communication	-0.4949983041229538	0.529107842429704	0.17688769952801037	1.123628486742673	25	21	0.84	25	0	0	0.84	0.0	0.0	True	0.9997555035131026	logistic	False	False	False	post	post	anonymous	none	live		
84	0	communication	1.4397203413056496	0.5477057789349202	0.11514589419215343	1.210950203266276	25	0	0.0	25	0	0	0.0	0.0	0.0	False	0.0021619257328160434	logistic	False	False	False	post	post	anonymous	none	live		
84	1	communication	1.3345418167896803	0.4881755727845154	0.04656968563120104	0.9537949867699207	25	0	0.0	25	0	0	0.0	0.0	0.0	False	0.002180026590610654	logistic	False	False	False	post	post	anonymous	none	live		
84	2	communication	1.3224155633134893	0.5363120511925994	0.030753237589511588	1.156622794644517	25	0	0.0	25	0	0	0.0	0.0	0.0	False	0.005716172718799126	logistic	False	False	False	post	post	anonymous	none	live		
84	3	communication	-0.6484035711944646	0.5395552663802192	0.004788032041096554	1.1718133078393842	25	23	0.92	25	0	0	0.92	0.0	0.0	True	0.999975376923318	logistic	False	False	False	post	post	anonymous	none	live		
84	4	communication	0.562818784378858	0.4768794888153255	0.0816367647798316	0.9116054114096382	25	0	0.0	25	0	0	0.0	0.0	0.0	False	0.36525344751981526	logistic	False	False	False	post	post	anonymous	none	live		
84	5	communication	-0.7244459936273779	0.5524966715188534	0.04795225875058283	1.23462025052207	25	21	0.84	25	0	0	0.84	0.0	0.0	True	0.9999942918598358	logistic	False	False	False	post	post	anonymous	none	live		
84	6	communication	-0.8729007927526482	0.4926219500025339	0.07668950958670781	0.9709169523691341	25	25	1.0	25	0	0	1.0	0.0	0.0	True	0.9999970958140525	logistic	False	False	False	post	post	anonymous	none	live		
84	7	communication	0.3405308388440083	0.43618523592256403	-0.022926326504156276	0.7736321638123279	25	1	0.04	25	0	0	0.04	0.0	0.0	False	0.5628503065160919	logistic	False	False	False	post	post	anonymous	none	live		
84	8	communication	0.1651850926827424	0.538102828467746	0.08599341528842386	1.1649840302825292	25	0	0.0	25	0	0	0.0	0.0	0.0	False	0.9096681699278193	logistic	False	False	False	post	post	anonymous	none	live		
84	9	communication	-0.6490564130637381	0.5450842528876393	0.07907325000077525	1.1982092428051465	25	25	1.0	25	0	0	1.0	0.0	0.0	True	0.9999787746522221	logistic	False	False	False	post	post	anonymous	none	live		
85	0	communication	0.436749192450331	0.18227514576607187	0.07886239299291148	0.22290522884599528	25	1	0.04	25	0	0	0.04	0.0	0.0	False	0.039631748831819705	logistic	False	False	False	post	post	anonymous	none	live		
85	1	communication	-1.199010867138479	0.2959513765726107	0.10225751202307697	0.4203564451726155	25	25	1.0	25	0	0	1.0	0.0	0.0	True	0.9999956486752436	logistic	False	False	False	post	post	anonymous	none	live		
85	2	communication	0.3854529077364307	0.19139494758704717	0.07591423366385822	0.2366976894540874	25	0	0.0	25	0	0	0.0	0.0	0.0	False	0.06430234577053003	logistic	False	False	False	post	post	anonymous	none	live		
85	3	communication	0.11605578774066216	0.2082856932436663	0.08219018690973111	0.2630818863145421	25	7	0.28	25	0	0	0.28	0.0	0.0	True	0.3067966706782551	logistic	False	False	False	post	post	anonymous	none	live		
85	4	communication	0.087456089999217	0.43912140326091387	0.18273089837106743	0.7829170266327488	25	7	0.28	25	0	0	0.28	0.0	0.0	True	0.8459033977219437	logistic	False	False	False	post	post	anonymous	none	live		
85	5	communication	0.5828072267324653	1.0	0.13714623855484923	-0.05632126183172087	25	0	0.0	25	0	0	0.0	0.0	0.0	False	0.0	logistic	False	False	False	post	post	anonymous	none	live		
85	6	communication	1.8978094560910486	0.21869289712048892	0.09314525772032523	0.27990644947997423	25	0	0.0	25	0	0	0.0	0.0	0.0	False	9.227846775997524e-11	logistic	False	False	False	post	post	anonymous	none	live		
85	7	communication	1.3094230728409475	0.1636792012628315	0.11522005237200059	0.19571341704042822	25	0	0.0	25	0	0	0.0	0.0	0.0	False	7.989134613716504e-07	logistic	False	False	False	post	post	anonymous	none	live		
85	8	communication	1.8021349887277596	0.19233297405912517	0.054237577910762544	0.23813399319486994	25	0	0.0	25	0	0	0.0	0.0	0.0	False	2.2540180908957401e-10	logistic	False	False	False	post	post	anonymous	none	live		
85	9	communication	0.026476928808407352	0.13715686618918987	0.18453178830661537	0.15895921380683242	25	9	0.36	25	0	0	0.36	0.0	0.0	True	0.2344563626143703	logistic	False	False	False	post	post	anonymous	none	live		
86	0	communication	-1.769620019617013	0.16553199710769986	0.2111227288059139	0.1983682975667841	25	25	1.0	25	0	0	1.0	0.0	0.0	True	0.9999999785567603	logistic	False	False	False	post	post	anonymous	none	live		
86	1	communication	-0.462666886382253	0.1033813821865404	0.26032685872815015	0.11530140031962706	25	24	0.96	25	0	0	0.96	0.0	0.0	True	0.7337881311021287	logistic	False	False	False	post	post	anonymous	none	live		
86	2	communication	-0.5845078284747843	0.3215584481544615	0.1663509053916259	0.47396632367186	25	25	1.0	25	0	0	1.0	0.0	0.0	True	0.9947191516499239	logistic	False	False	False	post	post	anonymous	none	live		
86	3	communication	2.0412517280691773	0.14951609309901248	0.20537187343929958	0.17580120198137858	25	0	0.0	25	0	0	0.0	0.0	0.0	False	1.0342205613433102e-13	logistic	False	False	False	post	post	anonymous	none	live		
86	4	communication	0.4548435253546119	0.30046460693795146	0.20112010538944966	0.42952023574209686	25	1	0.04	25	0	0	0.04	0.0	0.0	False	0.14971392661150695	logistic	False	False	False	post	post	anonymous	none	live		
86	5	communication	0.6071791748734174	0.1531937923622553	0.18225280703856683	0.18090773423780812	25	0	0.0	25	0	0	0.0	0.0	0.0	False	0.00560448030226182	logistic	False	False	False	post	post	anonymous	none	live		
86	6	communication	1.6560095943741227	1.0	0.24387681077540144	-0.13627752517537167	25	0	0.0	25	0	0	0.0	0.0	0.0	False	0.0	logistic	False	False	False	post	post	anonymous	none	live		
86	7	communication	-0.6766167912189548	0.3029343047381678	0.20613986259564732	0.4345850137186559	25	25	1.0	25	0	0	1.0	0.0	0.0	True	0.9970128687072621	logistic	False	False	False	post	post	anonymous	none	live		
86	8	communication	0.17565324241675992	0.12969097425939566	0.30614102018848083	0.1490171541643302	25	6	0.24	25	0	0	0.24	0.0	0.0	True	0.10008617383526852	logistic	False	False	False	post	post	anonymous	none	live		
86	9	communication	1.6272157546752521	0.21624850998559245	0.183203211399538	0.2759146397050131	25	0	0.0	25	0	0	0.0	0.0	0.0	False	2.0308250040694546e-08	logistic	False	False	False	post	post	anonymous	none	live		
87	0	communication	0.33591697812411986	0.20695524549203015	0.1858421386294331	0.2609628830095872	25	0	0.0	25	0	0	0.0	0.0	0.0	False	0.10621638114517978	logistic	False	False	False	post	post	anonymous	none	live		
87	1	communication	-0.03186314045622768	0.25153215342083246	0.1932308587053619	0.3360627374581911	25	11	0.44	25	0	0	0.44	0.0	0.0	True	0.6083322409247266	logistic	False	False	False	post	post	anonymous	none	live		
87	2	communication	0.5225767960705885	0.16903101825748343	0.1460669315882184	0.20341435356952864	25	1	0.04	25	0	0	0.04	0.0	0.0	False	0.0163198551660836	logistic	False	False	False	post	post	anonymous	none	live		
87	3	communication	1.2426571703780427	0.15479737873445498	0.20058016897504521	0.18314824734295382	25	0	0.0	25	0	0	0.0	0.0	0.0	False	1.7229937874305581e-06	logistic	False	False	False	post	post	anonymous	none	live		
87	4	communication	1.3111421681285391	0.1092786049225034	0.11798242519190848	0.12268550584551266	25	0	0.0	25	0	0	0.0	0.0	0.0	False	8.178722266176452e-08	logistic	False	False	False	post	post	anonymous	none	live		
87	5	communication	1.4289353033087449	0.22438244978833563	0.1603128803088927	0.28929521995357393	25	0	0.0	25	0	0	0.0	0.0	0.0	False	9.090793746780097e-07	logistic	False	False	False	post	post	anonymous	none	live		
87	6	communication	-2.3217609039006564	0.09636395949369844	0.15717478280749866	0.10664023475613735	25	25	1.0	25	0	0	1.0	0.0	0.0	True	0.9999999999929979	logistic	False	False	False	post	post	anonymous	none	live		
87	7	communication	-0.17134576609220983	0.26385126089853955	0.15366262501726644	0.3584211272583243	25	20	0.8	25	0	0	0.8	0.0	0.0	True	0.7936466525452117	logistic	False	False	False	post	post	anonymous	none	live		
87	8	communication	1.2652137409425734	0.27798672648460915	0.18380913726637443	0.3850160885978275	25	0	0.0	25	0	0	0.0	0.0	0.0	False	5.231644926315612e-05	logistic	False	False	False	post	post	anonymous	none	live		
87	9	communication	-0.16075530896855278	0.24973037469918263	0.08236742060311775	0.33285417172400433	25	13	0.52	25	0	0	0.52	0.0	0.0	True	0.7558286389752729	logistic	False	False	False	post	post	anonymous	none	live		
88	0	communication	0.5582630306711872	0.3193621107292416	-0.2563841635500068	0.4692100098503318	25	0	0.0	25	0	0	0.0	0.0	0.0	False	0.10278882086303642	logistic	False	False	False	post	post	anonymous	none	live		
88	1	communication	-0.9565918967459375	0.3184119338289742	-0.1899808535777094	0.4671618381139283	25	24	0.96	25	0	0	0.96	0.0	0.0	True	0.9999209118445449	logistic	False	False	False	post	post	anonymous	none	live		
88	2	communication	-2.3239177134858955	0.30990732675006777	-0.2549543893224412	0.4490807376501852	25	25	1.0	25	0	0	1.0	0.0	0.0	True	0.9999999999999999	logistic	False	False	False	post	post	anonymous	none	live		
88	3	communication	-2.158610535309885	0.37135280731594333	-0.17146420302793922	0.590717355676758	25	24	0.96	25	0	0	0.96	0.0	0.0	True	0.9999999999999998	logistic	False	False	False	post	post	anonymous	none	live		
88	4	communication	-0.5207707176646093	0.4323693118329899	-0.17845494770618575	0.7617088378875259	25	23	0.92	25	0	0	0.92	0.0	0.0	True	0.998679881658517	logistic	False	False	False	post	post	anonymous	none	live		
88	5	communication	-1.605609363246782	0.45646921866665163	-0.25374645302037857	0.8398222038996138	25	25	1.0	25	0	0	1.0	0.0	0.0	True	0.9999999999933005	logistic	False	False	False	post	post	anonymous	none	live		
88	6	communication	-0.6160682979347103	0.3285997474419713	-0.23087744523041853	0.48942452164712374	25	20	0.8	25	0	0	0.8	0.0	0.0	True	0.9965859164630083	logistic	False	False	False	post	post	anonymous	none	live		
88	7	communication	1.3008845993795157	0.27326236669495346	-0.15579055417479365	0.37601240691529203	25	0	0.0	25	0	0	0.0	0.0	0.0	False	2.8080860321217114e-05	logistic	False	False	False	post	post	anonymous	none	live		
88	8	communication	0.6047971643042456	0.40101297289401694	-0.17362897386241988	0.6694852388231487	25	0	0.0	25	0	0	0.0	0.0	0.0	False	0.17618381986271225	logistic	False	False	False	post	post	anonymous	none	live		
88	9	communication	0.1320981079255186	0.4139570287778878	-0.044912936418131544	0.7063595147547581	25	0	0.0	25	0	0	0.0	0.0	0.0	False	0.7648995150970544	logistic	False	False	False	post	post	anonymous	none	live		
89	0	communication	0.5855471673629468	1.0	-0.24882364888211236	-0.12519671422589046	25	0	0.0	25	0	0	0.0	0.0	0.0	False	0.0	logistic	False	False	False	post	post	anonymous	none	live		
89	1	communication	0.7420031730209042	1.0	-0.21688291241857371	-0.0010921446811243685	25	0	0.0	25	0	0	0.0	0.0	0.0	False	0.0	logistic	False	False	False	post	post	anonymous	none	live		
89	2	communication	-0.7626900822580764	1.0	-0.2926156080021233	-0.08975827396514627	25	23	0.92	25	0	0	0.92	0.0	0.0	True	0.0	logistic	False	False	False	post	post	anonymous	none	live		
89	3	communication	-0.4780907426899618	1.0	-0.31679866273333046	-0.3994440462828299	25	14	0.56	25	0	0	0.56	0.0	0.0	True	0.0	logistic	False	False	False	post	post	anonymous	none	live		
89	4	communication	1.4630202043263942	1.0	-0.32115444700842877	-0.15035968883985182	25	0	0.0	25	0	0	0.0	0.0	0.0	False	0.0	logistic	False	False	False	post	post	anonymous	none	live		
89	5	communication	-1.9348592393671176	1.0	-0.2574115462019343	-0.17640098813273247	25	25	1.0	25	0	0	1.0	0.0	0.0	True	0.0	logistic	False	False	False	post	post	anonymous	none	live		
89	6	communication	1.0460109398845623	1.0	-0.1675960275266079	-0.2782635931913294	25	0	0.0	25	0	0	0.0	0.0	0.0	False	0.0	logistic	False	False	False	post	post	anonymous	none	live		
89	7	communication	0.09833024998778966	1.0	-0.3023182861294478	-0.12658259328735733	25	0	0.0	25	0	0	0.0	0.0	0.0	False	0.0	logistic	False	False	False	post	post	anonymous	none	live		
89	8	communication	-1.1367007396139004	1.0	-0.3054689889876332	-0.11566069226115311	25	23	0.92	25	0	0	0.92	0.0	0.0	True	0.0	logistic	False	False	False	post	post	anonymous	none	live		
89	9	communication	0.18604823402700732	1.0	-0.2867439744511904	-0.33821161709714087	25	0	0.0	25	0	0	0.0	0.0	0.0	False	0.0	logistic	False	False	False	post	post	anonymous	none	live		
90	0	communication	-0.26300249073576626	0.34232145063265607	0.15600173212216312	0.5204996437270965	25	24	0.96	25	0	0	0.96	0.0	0.0	True	0.9464766681203444	logistic	False	False	False	post	post	anonymous	none	live		
90	1	communication	0.2909094650409978	0.31056488446216923	0.14135075443465994	0.4504628172585849	25	2	0.08	25	0	0	0.08	0.0	0.0	False	0.33405922918503117	logistic	False	False	False	post	post	anonymous	none	live		
90	2	communication	1.2491278753452713	0.39432598597835855	0.030723874298184628	0.6510531686179767	25	0	0.0	25	0	0	0.0	0.0	0.0	False	0.0009122656322241382	logistic	False	False	False	post	post	anonymous	none	live		
90	3	communication	2.8460155197307473	0.3424098916263448	0.049412158120201985	0.5207041396550037	25	0	0.0	25	0	0	0.0	0.0	0.0	False	1.0550393193579578e-18	logistic	False	False	False	post	post	anonymous	none	live		
90	4	communication	1.0540189053495397	0.35124783070796284	0.032472106467491366	0.5414206646758015	25	0	0.0	25	0	0	0.0	0.0	0.0	False	0.0032197123945454926	logistic	False	False	False	post	post	anonymous	none	live		
90	5	communication	-0.8473311806541136	0.27772250319928526	0.12182757973515582	0.3845094225272705	25	24	0.96	25	0	0	0.96	0.0	0.0	True	0.999212664555112	logistic	False	False	False	post	post	anonymous	none	live		
90	6	communication	-0.37445693068446206	0.3976779167800094	0.08434781782296105	0.6602413025503542	25	20	0.8	25	0	0	0.8	0.0	0.0	True	0.989677671163633	logistic	False	False	False	post	post	anonymous	none	live		
90	7	communication	-0.013426975704477054	0.38734303497182676	0.08510895486032283	0.6322347693443993	25	8	0.32	25	0	0	0.32	0.0	0.0	True	0.853060303900117	logistic	False	False	False	post	post	anonymous	none	live		
90	8	communication	0.9893844847803099	0.47539731095395055	0.06455630019113745	0.9062044874730337	25	0	0.0	25	0	0	0.0	0.0	0.0	False	0.03794898342063822	logistic	False	False	False	post	post	anonymous	none	live		
90	9	communication	-0.3591571344908935	0.40964073946119867	0.0016055858975596166	0.6938838209928868	25	15	0.6	25	0	0	0.6	0.0	0.0	True	0.9902071216557171	logistic	False	False	False	post	post	anonymous	none	live		
91	0	communication	-0.5565709933796837	0.2125180051860457	-0.237390948360773	0.2698703038108876	25	13	0.52	25	0	0	0.52	0.0	0.0	True	0.9612949608227939	logistic	False	False	False	post	post	anonymous	none	live		
91	1	communication	1.4276722029380924	0.04982378279540392	-0.10270661622833	0.052436360638434765	25	0	0.0	25	0	0	0.0	0.0	0.0	False	2.1963647950030372e-10	logistic	False	False	False	post	post	anonymous	none	live		
91	2	communication	0.17415581078291598	0.10324471668726337	-0.1678152866516815	0.11513142839355602	25	0	0.0	25	0	0	0.0	0.0	0.0	False	0.06685281467761342	logistic	False	False	False	post	post	anonymous	none	live		
91	3	communication	-0.3537802991260156	0.2013842067642851	-0.19586236394851525	0.2521665717983687	25	13	0.52	25	0	0	0.52	0.0	0.0	True	0.8446754939350635	logistic	False	False	False	post	post	anonymous	none	live		
91	4	communication	0.3519489950020909	0.16044954988715954	-0.036603275631307344	0.19111364881716658	25	0	0.0	25	0	0	0.0	0.0	0.0	False	0.05145112810874929	logistic	False	False	False	post	post	anonymous	none	live		
91	5	communication	-0.5918453606034453	0.061248172039622815	-0.10110527569692657	0.06524426394215019	25	22	0.88	25	0	0	0.88	0.0	0.0	True	0.7365021040709875	logistic	False	False	False	post	post	anonymous	none	live		
91	6	communication	-0.32706005142811767	0.266629256225752	-0.11001788990907216	0.36356680231551197	25	12	0.48	25	0	0	0.48	0.0	0.0	True	0.9124384486746882	logistic	False	False	False	post	post	anonymous	none	live		
91	7	communication	0.8997713400589569	0.19370120202821042	-0.057557380985019155	0.24023501277126738	25	0	0.0	25	0	0	0.0	0.0	0.0	False	0.0006456532813899392	logistic	False	False	False	post	post	anonymous	none	live		
91	8	communication	0.34936082735135654	0.22532761193182788	-0.13775521602051946	0.29086826302630364	25	0	0.0	25	0	0	0.0	0.0	0.0	False	0.1214503471060634	logistic	False	False	False	post	post	anonymous	none	live		
91	9	communication	-2.220170119190807	0.2055104382554262	-0.18557980014236608	0.2586697776169113	25	25	1.0	25	0	0	1.0	0.0	0.0	True	0.9999999999998114	logistic	False	False	False	post	post	anonymous	none	live		
92	0	communication	0.789932342996452	0.220961073310896	0.020344371991004313	0.2836329042631734	25	0	0.0	25	0	0	0.0	0.0	0.0	False	0.003843441380656117	logistic	False	False	False	post	post	anonymous	none	live		
92	1	communication	-0.3677268105000417	0.36838218708562637	-0.012185913978007477	0.583235905564251	25	11	0.44	25	0	0	0.44	0.0	0.0	True	0.9828936321576931	logistic	False	False	False	post	post	anonymous	none	live		
92	2	communication	-0.2838153185650035	0.2874444260727274	0.052893763959000015	0.40339930889666387	25	17	0.68	25	0	0	0.68	0.0	0.0	True	0.9104179296149517	logistic	False	False	False	post	post	anonymous	none	live		
92	3	communication	1.5374849997477766	0.3288830544893815	0.012761504461593704	0.4900532711763838	25	0	0.0	25	0	0	0.0	0.0	0.0	False	3.880508573165691e-06	logistic	False	False	False	post	post	anonymous	none	live		
92	4	communication	1.285163583081865	0.26225104116499187	0.03451043140216724	0.3554746340531838	25	0	0.0	25	0	0	0.0	0.0	0.0	False	2.6035724403887743e-05	logistic	False	False	False	post	post	anonymous	none	live		
92	5	communication	-1.3344114490842784	0.36727190664258985	-0.029673056945392528	0.5804577203040807	25	25	1.0	25	0	0	1.0	0.0	0.0	True	0.9999999517489713	logistic	False	False	False	post	post	anonymous	none	live		
92	6	communication	-0.10932410151869615	0.2561630681047555	0.04763350190299975	0.3443806795826471	25	8	0.32	25	0	0	0.32	0.0	0.0	True	0.713306592027539	logistic	False	False	False	post	post	anonymous	none	live		
92	7	communication	-1.1229632278886266	0.40383359914760575	0.02797295173059329	0.6773840299792263	25	25	1.0	25	0	0	1.0	0.0	0.0	True	0.9999993697611037	logistic	False	False	False	post	post	anonymous	none	live		
92	8	communication	0.07383622181545423	0.269356351396927	-0.024663525968093365	0.36865625522361395	25	7	0.28	25	0	0	0.28	0.0	0.0	True	0.514746720515622	logistic	False	False	False	post	post	anonymous	none	live		
92	9	communication	0.011233492083529327	0.2840910137154174	0.06715861376629129	0.3968256009605217	25	7	0.28	25	0	0	0.28	0.0	0.0	True	0.6326175806914885	logistic	False	False	False	post	post	anonymous	none	live		
93	0	communication	-1.3224126648239634	0.27711439104194324	-0.40507562549903653	0.3833447333961547	25	25	1.0	25	0	0	1.0	0.0	0.0	True	0.9999989331033599	logistic	False	False	False	post	post	anonymous	none	live		
93	1	communication	-0.9764601278170695	0.09173186867049254	-0.37405728224028106	0.10099646294560286	25	24	0.96	25	0	0	0.96	0.0	0.0	True	0.9871420192389238	logistic	False	False	False	post	post	anonymous	none	live		
93	2	communication	0.7146165297036289	0.06376144964552212	-0.28069957642202353	0.06810384983760902	25	0	0.0	25	0	0	0.0	0.0	0.0	False	0.0001106116003267876	logistic	False	False	False	post	post	anonymous	none	live		
93	3	communication	-0.08892582772494217	0.24521727309277794	-0.27196829987144794	0.3248845851276616	25	3	0.12	25	0	0	0.12	0.0	0.0	True	0.6642872839643993	logistic	False	False	False	post	post	anonymous	none	live		
93	4	communication	-2.5087545740009958	0.3199369546239636	-0.3447494697138247	0.4704519041275894	25	25	1.0	25	0	0	1.0	0.0	0.0	True	1.0	logistic	False	False	False	post	post	anonymous	none	live		
93	5	communication	0.3359498271508249	0.0706319015547983	-0.3356795062290683	0.07599992045451404	25	0	0.0	25	0	0	0.0	0.0	0.0	False	0.009249045618012286	logistic	False	False	False	post	post	anonymous	none	live		
93	6	communication	-1.8742557641472843	0.05977829212060856	-0.3287306620390246	0.06357893209616973	25	25	1.0	25	0	0	1.0	0.0	0.0	True	0.9999994961855498	logistic	False	False	False	post	post	anonymous	none	live		
93	7	communication	-0.047597730504966074	0.1105544683920488	-0.3627255196861436	0.12429593995732038	25	3	0.12	25	0	0	0.12	0.0	0.0	True	0.24308583297332004	logistic	False	False	False	post	post	anonymous	none	live		
93	8	communication	0.19693746258210776	1.0	-0.251828113226973	-0.041535695995040645	25	0	0.0	25	0	0	0.0	0.0	0.0	False	0.0	logistic	False	False	False	post	post	anonymous	none	live		
93	9	communication	-1.3815565193818262	1.0	-0.41375191496896935	-0.0018940842178771233	25	24	0.96	25	0	0	0.96	0.0	0.0	True	0.0	logistic	False	False	False	post	post	anonymous	none	live		
94	0	communication	0.5008006920702344	0.14345858043145943	0.5611480351530672	0.1674858648443677	25	6	0.24	25	0	0	0.24	0.0	0.0	False	0.012033773028171874	logistic	False	False	False	post	post	anonymous	none	live		
94	1	communication	0.3588285158300589	0.3194894204744139	0.5947356666156494	0.46948486928321387	25	6	0.24	25	0	0	0.24	0.0	0.0	False	0.2741673704400908	logistic	False	False	False	post	post	anonymous	none	live		
94	2	communication	2.0021626157717685	0.2293199082813994	0.6882362502319457	0.29755525119381343	25	0	0.0	25	0	0	0.0	0.0	0.0	False	1.4598586927329435e-11	logistic	False	False	False	post	post	anonymous	none	live		
94	3	communication	-0.5794354400994389	0.3862415912408948	0.610500305441349	0.6293055797342098	25	25	1.0	25	0	0	1.0	0.0	0.0	True	0.9983040721987199	logistic	False	False	False	post	post	anonymous	none	live		
94	4	communication	0.5268408616786177	0.27856610125481024	0.6687081908888074	0.3861283781359984	25	12	0.48	25	0	0	0.48	0.0	0.0	False	0.07857984979006359	logistic	False	False	False	post	post	anonymous	none	live		
94	5	communication	1.3288900574104114	0.21456839736048466	0.6524412848622592	0.2731853373857224	25	0	0.0	25	0	0	0.0	0.0	0.0	False	3.3174724597007416e-06	logistic	False	False	False	post	post	anonymous	none	live		
94	6	communication	1.6155086607708302	0.3056122087755697	0.6314137376740879	0.4401174857015797	25	0	0.0	25	0	0	0.0	0.0	0.0	False	5.45013295663849e-07	logistic	False	False	False	post	post	anonymous	none	live		
94	7	communication	-0.3569964738136693	0.29234365942651247	0.5734603815107975	0.41311529716471695	25	24	0.96	25	0	0	0.96	0.0	0.0	True	0.9471596733705442	logistic	False	False	False	post	post	anonymous	none	live		
94	8	communication	-1.9304925629898313	0.21606547922071975	0.6116488394776818	0.27561674284471754	25	25	1.0	25	0	0	1.0	0.0	0.0	True	0.9999999999052658	logistic	False	False	False	post	post	anonymous	none	live		
94	9	communication	-0.09189821046925983	0.1611616650541038	0.5942650349343571	0.1921248211247981	25	24	0.96	25	0	0	0.96	0.0	0.0	True	0.4418968084486492	logistic	False	False	False	post	post	anonymous	none	live		
95	0	communication	-0.3075548018100783	0.05493035722577826	-0.501933714950374	0.05812307870193773	25	2	0.08	25	0	0	0.08	0.0	0.0	True	0.3480702537378767	logistic	False	False	False	post	post	anonymous	none	live		
95	1	communication	-1.7053040712283845	0.1501970805843633	-0.45786943749061704	0.17674342739095986	25	24	0.96	25	0	0	0.96	0.0	0.0	True	0.9999998693501613	logistic	False	False	False	post	post	anonymous	none	live		
95	2	communication	-0.05373729125747395	0.11560317617434981	-0.511078928960777	0.1307141467042851	25	0	0.0	25	0	0	0.0	0.0	0.0	True	0.263435754806317	logistic	False	False	False	post	post	anonymous	none	live		
95	3	communication	-0.17246665086313256	0.21659219344712957	-0.5297306115024302	0.27647438745877784	25	2	0.08	25	0	0	0.08	0.0	0.0	True	0.6960623473635331	logistic	False	False	False	post	post	anonymous	none	live		
95	4	communication	-0.2651042178909174	0.03509674836425915	-0.41581563204735644	0.03637333411900291	25	1	0.04	25	0	0	0.04	0.0	0.0	True	0.20897292639278664	logistic	False	False	False	post	post	anonymous	none	live		
95	5	communication	0.7757285827033853	1.0	-0.4020904931280971	-0.04177020632640477	25	0	0.0	25	0	0	0.0	0.0	0.0	False	0.0	logistic	False	False	False	post	post	anonymous	none	live		
95	6	communication	-0.3943469443073804	0.13239366705881683	-0.41633757921648124	0.15259647380627417	25	8	0.32	25	0	0	0.32	0.0	0.0	True	0.7391265083465901	logistic	False	False	False	post	post	anonymous	none	live		
95	7	communication	1.460649305107365	0.11976440995361487	-0.5261788971210826	0.13605949510324133	25	0	0.0	25	0	0	0.0	0.0	0.0	False	8.221622263849988e-09	logistic	False	False	False	post	post	anonymous	none	live		
95	8	communication	-1.796010328853607	0.26940691195320404	-0.5193863935723043	0.3687509728205203	25	24	0.96	25	0	0	0.96	0.0	0.0	True	0.9999999998196109	logistic	False	False	False	post	post	anonymous	none	live		
95	9	communication	-0.0952513393432311	1.0	-0.5247090621311827	-0.12079896179056834	25	0	0.0	25	0	0	0.0	0.0	0.0	True	0.0	logistic	False	False	False	post	post	anonymous	none	live		
96	0	communication	-1.1369751467263136	1.0	0.12250022415325582	-0.549359536355388	25	25	1.0	25	0	0	1.0	0.0	0.0	True	0.0	logistic	False	False	False	post	post	anonymous	none	live		
96	1	communication	-0.14107906219691146	1.0	-0.011038339583170166	-0.6269251618067222	25	7	0.28	25	0	0	0.28	0.0	0.0	True	0.0	logistic	False	False	False	post	post	anonymous	none	live		
96	2	communication	-1.4410321892189069	1.0	0.02536912177801345	-0.45723345753354244	25	25	1.0	25	0	0	1.0	0.0	0.0	True	0.0	logistic	False	False	False	post	post	anonymous	none	live		
96	3	communication	1.89382535698979	1.0	0.08075049793788636	-0.08511293218175969	25	0	0.0	25	0	0	0.0	0.0	0.0	False	0.0	logistic	False	False	False	post	post	anonymous	none	live		
96	4	communication	-0.3119937056819384	1.0	0.16284823934774206	-0.34605557681855575	25	21	0.84	25	0	0	0.84	0.0	0.0	True	0.0	logistic	False	False	False	post	post	anonymous	none	live		
96	5	communication	-0.2766989933743317	1.0	0.027477517330192533	-0.400852648893168	25	20	0.8	25	0	0	0.8	0.0	0.0	True	0.0	logistic	False	False	False	post	post	anonymous	none	live		
96	6	communication	1.4330798780302525	1.0	0.04127416310089619	-0.13870802588851783	25	0	0.0	25	0	0	0.0	0.0	0.0	False	0.0	logistic	False	False	False	post	post	anonymous	none	live		
96	7	communication	0.6669440425102581	1.0	-0.000651946558384936	-0.026472744370218793	25	0	0.0	25	0	0	0.0	0.0	0.0	False	0.0	logistic	False	False	False	post	post	anonymous	none	live		
96	8	communication	-0.9675227869564765	1.0	0.06985555854301397	-0.5018424999459501	25	25	1.0	25	0	0	1.0	0.0	0.0	True	0.0	logistic	False	False	False	post	post	anonymous	none	live		
96	9	communication	-0.3285546423915726	1.0	0.04338821861930135	-0.16911688823466783	25	16	0.64	25	0	0	0.64	0.0	0.0	True	0.0	logistic	False	False	False	post	post	anonymous	none	live		
97	0	communication	1.4460224618155786	0.36830438853344677	0.28446295311300046	0.5830409169352724	25	0	0.0	25	0	0	0.0	0.0	0.0	False	4.2695846143399735e-05	logistic	False	False	False	post	post	anonymous	none	live		
97	1	communication	0.3178248936402597	0.23753699905834852	0.2862762581730568	0.3115390501112674	25	5	0.2	25	0	0	0.2	0.0	0.0	False	0.16308094820346986	logistic	False	False	False	post	post	anonymous	none	live		
97	2	communication	0.07940135928705103	0.26231074958818545	0.2595174236071272	0.3555843459041198	25	10	0.4	25	0	0	0.4	0.0	0.0	True	0.4894134183524787	logistic	False	False	False	post	post	anonymous	none	live		
97	3	communication	-1.7528314171211434	0.21692078200984058	0.17546743809598692	0.27701001000459	25	24	0.96	25	0	0	0.96	0.0	0.0	True	0.9999999963354846	logistic	False	False	False	post	post	anonymous	none	live		
97	4	communication	1.3344838401378598	0.19981949263413004	0.3499981233285821	0.2497180208649668	25	0	0.0	25	0	0	0.0	0.0	0.0	False	1.8776906295212182e-06	logistic	False	False	False	post	post	anonymous	none	live		
97	5	communication	1.52084852635021	0.23518071593616222	0.27943774646247865	0.3074984128100674	25	0	0.0	25	0	0	0.0	0.0	0.0	False	2.7577869069566325e-07	logistic	False	False	False	post	post	anonymous	none	live		
97	6	communication	-0.625488153593791	0.35008675849449394	0.21478640813681701	0.5386669114227118	25	25	1.0	25	0	0	1.0	0.0	0.0	True	0.9979269725428729	logistic	False	False	False	post	post	anonymous	none	live		
97	7	communication	0.4584253057632104	0.19538348387052445	0.2508098872586719	0.24282808015226492	25	0	0.0	25	0	0	0.0	0.0	0.0	False	0.041367447682450015	logistic	False	False	False	post	post	anonymous	none	live		
97	8	communication	1.4693528845824082	0.1991304836083642	0.23175823940617343	0.24864285571207426	25	0	0.0	25	0	0	0.0	0.0	0.0	False	1.8990733771363499e-07	logistic	False	False	False	post	post	anonymous	none	live		
97	9	communication	-0.10093556550411092	0.3287803493188621	0.3098064017666061	0.48982527401458453	25	21	0.84	25	0	0	0.84	0.0	0.0	True	0.8386935996249334	logistic	False	False	False	post	post	anonymous	none	live		
98	0	communication	0.3230717316418823	0.23990446762432752	0.18858347050162044	0.31562409908463485	25	1	0.04	25	0	0	0.04	0.0	0.0	False	0.16259854177145788	logistic	False	False	False	post	post	anonymous	none	live		
98	1	communication	-1.079536678029332	0.36093964801203304	0.355936599837072	0.5647974356244045	25	25	1.0	25	0	0	1.0	0.0	0.0	True	0.9999956184597074	logistic	False	False	False	post	post	anonymous	none	live		
98	2	communication	0.2472842258483967	0.3702858972792057	0.35094347408866583	0.5880222400599227	25	8	0.32	25	0	0	0.32	0.0	0.0	True	0.5314476310353905	logistic	False	False	False	post	post	anonymous	none	live		
98	3	communication	-1.591903329380663	0.3739583364339113	0.22897010001712426	0.5973377782937829	25	24	0.96	25	0	0	0.96	0.0	0.0	True	0.9999999997689824	logistic	False	False	False	post	post	anonymous	none	live		
98	4	communication	1.4428993047503877	0.07521223004311525	0.37077711766772947	0.08132917896029462	25	0	0.0	25	0	0	0.0	0.0	0.0	False	1.005037651743671e-09	logistic	False	False	False	post	post	anonymous	none	live		
98	5	communication	0.809155069102924	0.25333360397000343	0.30483836074905213	0.3392861997231572	25	0	0.0	25	0	0	0.0	0.0	0.0	False	0.005921733268723748	logistic	False	False	False	post	post	anonymous	none	live		
98	6	communication	-0.265142997135618	0.3509442991034412	0.33804618553866034	0.5406998176253164	25	25	1.0	25	0	0	1.0	0.0	0.0	True	0.9526245443600585	logistic	False	False	False	post	post	anonymous	none	live		
98	7	communication	0.557215116066472	0.3128717545831871	0.33989016220158896	0.455332402168097	25	0	0.0	25	0	0	0.0	0.0	0.0	False	0.09642324880452424	logistic	False	False	False	post	post	anonymous	none	live		
98	8	communication	0.5887398256520783	0.40100831995913755	0.15591960297434332	0.6694722703523717	25	0	0.0	25	0	0	0.0	0.0	0.0	False	0.19037649283719144	logistic	False	False	False	post	post	anonymous	none	live		
98	9	communication	2.330712796876179	0.2784701020256843	0.34578566038376424	0.3859439543773374	25	0	0.0	25	0	0	0.0	0.0	0.0	False	5.5042140402969674e-14	logistic	False	False	False	post	post	anonymous	none	live		
99	0	communication	0.1134795268718433	0.44051439909410933	0.12188680058292403	0.787356097066396	25	13	0.52	25	0	0	0.52	0.0	0.0	True	0.8265068848440933	logistic	False	False	False	post	post	anonymous	none	live		
99	1	communication	-0.2214186131348843	0.4943102734594367	0.13121802426316354	0.9774971638064041	25	16	0.64	25	0	0	0.64	0.0	0.0	True	0.9911419872587591	logistic	False	False	False	post	post	anonymous	none	live		
99	2	communication	0.6343920948317965	0.3817268403950569	0.04047685447625114	0.6174080735430407	25	0	0.0	25	0	0	0.0	0.0	0.0	False	0.1264848116649369	logistic	False	False	False	post	post	anonymous	none	live		
99	3	communication	0.29836499852112564	0.2869690137498375	0.1709306808654945	0.402463594547287	25	2	0.08	25	0	0	0.08	0.0	0.0	False	0.27417052492401905	logistic	False	False	False	post	post	anonymous	none	live		
99	4	communication	0.31046708799557265	0.34657343032080434	0.1463045913428638	0.5303938443931918	25	1	0.04	25	0	0	0.04	0.0	0.0	False	0.3919525253539425	logistic	False	False	False	post	post	anonymous	none	live		
99	5	communication	-0.7769062607943138	0.33597954945025105	0.16379444461971668	0.5059777137467534	25	25	1.0	25	0	0	1.0	0.0	0.0	True	0.9994921809205884	logistic	False	False	False	post	post	anonymous	none	live		
99	6	communication	1.0459005868521447	0.42097610940668506	0.15369758974611158	0.7270444557569441	25	0	0.0	25	0	0	0.0	0.0	0.0	False	0.011230550451612083	logistic	False	False	False	post	post	anonymous	none	live		
99	7	communication	0.7212840830321584	0.3014707250391408	0.14886247301308442	0.4315792277367805	25	0	0.0	25	0	0	0.0	0.0	0.0	False	0.027457187307280327	logistic	False	False	False	post	post	anonymous	none	live		
99	8	communication	-0.8604991958739165	0.40495129739959906	0.1514857315829808	0.6805347119150684	25	25	1.0	25	0	0	1.0	0.0	0.0	True	0.999965195257198	logistic	False	False	False	post	post	anonymous	none	live		
99	9	communication	0.7689978858913911	0.41145155899760366	0.1765939756945505	0.6990954870202917	25	0	0.0	25	0	0	0.0	0.0	0.0	False	0.07844138971688086	logistic	False	False	False	post	post	anonymous	none	live		
