{
  "latent_feature_baseline": [
    {
      "model_slug": "mistralai--mistral-small-creative",
      "model_name": "Mistral-Small",
      "n_obs": 20000,
      "acc_3feat": 0.885,
      "acc_3feat_std": 0.008892412496055303,
      "r2_3feat": 0.5616096541892214,
      "coef_direction": -9.03785218080922,
      "coef_clarity": -0.10168983746249724,
      "coef_coordination": -0.7084815364103286,
      "intercept_3feat": 3.484505774067034,
      "acc_1feat": 0.8846999999999999,
      "acc_1feat_std": 0.00843860177991593,
      "r2_1feat": 0.5625108058544308,
      "coef_direction_only": -8.332348036754675,
      "intercept_1feat": 2.7344157255835277,
      "acc_gain": 0.000300000000000078,
      "r2_gain": -0.000901151665209432
    },
    {
      "model_slug": "meta-llama--llama-3.3-70b-instruct",
      "model_name": "Llama-3.3-70B",
      "n_obs": 2500,
      "acc_3feat": 0.9468,
      "acc_3feat_std": 0.009346657156438306,
      "r2_3feat": 0.7713717233421498,
      "coef_direction": -6.5244209069515025,
      "coef_clarity": -2.589989527398514,
      "coef_coordination": 5.068247085823523,
      "intercept_3feat": 2.272434733469857,
      "acc_1feat": 0.932,
      "acc_1feat_std": 0.01131370849898473,
      "r2_1feat": 0.7310750252151459,
      "coef_direction_only": -9.907767671379059,
      "intercept_1feat": 5.37542580556149,
      "acc_gain": 0.014799999999999924,
      "r2_gain": 0.04029669812700387
    },
    {
      "model_slug": "mistralai--ministral-3b-2512",
      "model_name": "Ministral-3B",
      "n_obs": 2500,
      "acc_3feat": 0.8772,
      "acc_3feat_std": 0.016473008225579216,
      "r2_3feat": 0.5314475762067545,
      "coef_direction": -3.819972569750548,
      "coef_clarity": -1.1930975913440247,
      "coef_coordination": 3.473557916553322,
      "intercept_3feat": 2.305786473842327,
      "acc_1feat": 0.8772,
      "acc_1feat_std": 0.01587954659302338,
      "r2_1feat": 0.524487501274544,
      "coef_direction_only": -7.743647668975188,
      "intercept_1feat": 5.311307936282299,
      "acc_gain": 0.0,
      "r2_gain": 0.006960074932210514
    },
    {
      "model_slug": "qwen--qwen3-30b-a3b-instruct-2507",
      "model_name": "Qwen3-30B",
      "n_obs": 2500,
      "acc_3feat": 0.8184000000000001,
      "acc_3feat_std": 0.021029503084951835,
      "r2_3feat": 0.40561639464951826,
      "coef_direction": -4.204976057281426,
      "coef_clarity": -2.1308730152845206,
      "coef_coordination": 1.427105707523447,
      "intercept_3feat": 4.702215519401635,
      "acc_1feat": 0.8160000000000001,
      "acc_1feat_std": 0.01926655132606764,
      "r2_1feat": 0.3944198112692594,
      "coef_direction_only": -6.953875355016551,
      "intercept_1feat": 5.393265970350191,
      "acc_gain": 0.0024000000000000687,
      "r2_gain": 0.011196583380258862
    },
    {
      "model_slug": "openai--gpt-oss-120b",
      "model_name": "GPT-OSS-120B",
      "n_obs": 4925,
      "acc_3feat": 0.8706598984771574,
      "acc_3feat_std": 0.014664341186004303,
      "r2_3feat": 0.5187190081317452,
      "coef_direction": -5.8477991741449555,
      "coef_clarity": 0.19529449857653858,
      "coef_coordination": 2.1055470426710614,
      "intercept_3feat": 0.013343711499889239,
      "acc_1feat": 0.8692385786802029,
      "acc_1feat_std": 0.01392603305541707,
      "r2_1feat": 0.5217379988010722,
      "coef_direction_only": -7.8811760851818855,
      "intercept_1feat": 2.172251656385657,
      "acc_gain": 0.0014213197969544789,
      "r2_gain": -0.003018990669326982
    },
    {
      "model_slug": "qwen--qwen3-235b-a22b-2507",
      "model_name": "Qwen3-235B",
      "n_obs": 5000,
      "acc_3feat": 0.8914,
      "acc_3feat_std": 0.021019990485250006,
      "r2_3feat": 0.5509724873593234,
      "coef_direction": -5.237007413771622,
      "coef_clarity": -2.61378622868639,
      "coef_coordination": 2.0651176804863227,
      "intercept_3feat": 3.019681317949471,
      "acc_1feat": 0.8536000000000001,
      "acc_1feat_std": 0.008616263691415214,
      "r2_1feat": 0.48507636142613597,
      "coef_direction_only": -6.272844843316577,
      "intercept_1feat": 3.0269283247573564,
      "acc_gain": 0.037799999999999834,
      "r2_gain": 0.06589612593318739
    },
    {
      "model_slug": "arcee-ai--trinity-large-preview_free",
      "model_name": "Trinity",
      "n_obs": 2275,
      "acc_3feat": 0.777142857142857,
      "acc_3feat_std": 0.02857480960552969,
      "r2_3feat": 0.26501912223820556,
      "coef_direction": -2.7080766879562215,
      "coef_clarity": 0.2741004045760235,
      "coef_coordination": 1.2764039889670045,
      "intercept_3feat": 0.38353486641936846,
      "acc_1feat": 0.7745054945054944,
      "acc_1feat_std": 0.027330622517291972,
      "r2_1feat": 0.2661724689801215,
      "coef_direction_only": -3.802803614829138,
      "intercept_1feat": 1.7679253458019177,
      "acc_gain": 0.0026373626373625836,
      "r2_gain": -0.0011533467419159171
    },
    {
      "model_slug": "minimax--minimax-m2-her",
      "model_name": "MiniMax-M2",
      "n_obs": 2462,
      "acc_3feat": 0.6449949702336781,
      "acc_3feat_std": 0.02161831806833068,
      "r2_3feat": 0.0989639916145455,
      "coef_direction": -1.5679260979574985,
      "coef_clarity": -0.45471606266144693,
      "coef_coordination": 0.7508116257701917,
      "intercept_3feat": 0.30771452698545226,
      "acc_1feat": 0.6523087451969853,
      "acc_1feat_std": 0.019320766287084738,
      "r2_1feat": 0.0966068282103365,
      "coef_direction_only": -2.144384793691123,
      "intercept_1feat": 0.6257416057828137,
      "acc_gain": -0.007313774963307207,
      "r2_gain": 0.002357163404208995
    }
  ],
  "cross_treatment_departure": [
    {
      "model_slug": "mistralai--mistral-small-creative",
      "model_name": "Mistral-Small",
      "treatment": "pure",
      "mean_residual": 1.0474373599630126e-05,
      "std_residual": 0.29791322510808727,
      "n_obs": 20000,
      "mean_actual": 0.38185,
      "mean_predicted": 0.3818395256264004
    },
    {
      "model_slug": "mistralai--mistral-small-creative",
      "model_name": "Mistral-Small",
      "treatment": "comm",
      "mean_residual": 0.030098122666293588,
      "std_residual": 0.2912106879961512,
      "n_obs": 24998,
      "mean_actual": 0.4111128890311225,
      "mean_predicted": 0.38101476636482895
    },
    {
      "model_slug": "mistralai--mistral-small-creative",
      "model_name": "Mistral-Small",
      "treatment": "surveillance",
      "mean_residual": -0.13377742197212616,
      "std_residual": 0.3387424899856155,
      "n_obs": 25000,
      "mean_actual": 0.2772,
      "mean_predicted": 0.41097742197212617
    },
    {
      "model_slug": "meta-llama--llama-3.3-70b-instruct",
      "model_name": "Llama-3.3-70B",
      "treatment": "pure",
      "mean_residual": 1.4267257866822546e-05,
      "std_residual": 0.20716384893692638,
      "n_obs": 2500,
      "mean_actual": 0.4392,
      "mean_predicted": 0.43918573274213324
    },
    {
      "model_slug": "meta-llama--llama-3.3-70b-instruct",
      "model_name": "Llama-3.3-70B",
      "treatment": "comm",
      "mean_residual": -0.023585732742133176,
      "std_residual": 0.21949664628315366,
      "n_obs": 2500,
      "mean_actual": 0.4156,
      "mean_predicted": 0.43918573274213324
    },
    {
      "model_slug": "meta-llama--llama-3.3-70b-instruct",
      "model_name": "Llama-3.3-70B",
      "treatment": "surveillance",
      "mean_residual": -0.14993651658358592,
      "std_residual": 0.3328466979162109,
      "n_obs": 24996,
      "mean_actual": 0.3268122899663946,
      "mean_predicted": 0.47674880654998053
    },
    {
      "model_slug": "mistralai--ministral-3b-2512",
      "model_name": "Ministral-3B",
      "treatment": "pure",
      "mean_residual": -1.8482096601292853e-05,
      "std_residual": 0.3073650273714559,
      "n_obs": 2500,
      "mean_actual": 0.4492,