arm,country,period,theta,join_valid,n_valid
B_comm,0,0,-1.569,1.0,25
B_comm,0,1,0.2741,0.04,25
B_comm,0,2,-0.6922,0.96,25
B_comm,0,3,-0.0593,0.24,25
B_comm,0,4,0.7879,0.0,25
B_comm,0,5,1.6908,0.0,25
B_comm,0,6,-1.0229,1.0,25
B_comm,0,7,0.2647,0.04,25
B_comm,0,8,1.4514,0.0,24
B_comm,0,9,-0.1589,0.12,25
B_comm,0,10,-2.8514,1.0,25
B_comm,0,11,-0.1776,0.52,25
B_comm,0,12,0.3964,0.0,25
B_comm,0,13,-0.8931,0.92,25
B_comm,0,14,2.0074,0.0,25
B_comm,0,15,-0.3747,0.6667,24
B_comm,0,16,0.2964,0.0,24
B_comm,0,17,-0.2527,0.8696,23
B_comm,0,18,1.7695,0.0,25
B_comm,0,19,-1.4278,1.0,25
B_comm,0,20,-0.7665,0.96,25
B_comm,0,21,-0.9857,1.0,25
B_comm,0,22,0.4612,0.0,25
B_comm,0,23,0.3403,0.0,25
B_comm,0,24,-0.9764,1.0,25
B_comm,0,25,2.9254,0.0,25
B_comm,0,26,-1.3813,1.0,25
B_comm,0,27,0.0947,0.2174,23
B_comm,0,28,-1.5072,1.0,25
B_comm,0,29,0.3689,0.0,25
B_comm,0,30,0.1493,0.0435,23
B_comm,0,31,0.3212,0.04,25
B_comm,0,32,-0.525,0.84,25
B_comm,0,33,-0.8283,0.96,25
B_comm,0,34,-0.1964,0.375,24
B_comm,0,35,1.5852,0.0,25
B_comm,0,36,0.2385,0.0,25
B_comm,0,37,-0.0108,0.1667,24
B_comm,0,38,-0.4231,0.6,25
B_comm,0,39,0.5899,0.0,25
B_comm,0,40,0.2172,0.24,25
B_comm,0,41,-0.9145,1.0,22
B_comm,0,42,1.0257,0.0,25
B_comm,0,43,-0.4644,0.76,25
B_comm,0,44,0.7888,0.0,22
B_comm,0,45,0.0717,0.0833,24
B_comm,0,46,-0.0735,0.25,24
B_comm,0,47,-0.9101,1.0,24
B_comm,0,48,0.9034,0.0,24
B_comm,0,49,0.1931,0.0,24
B_comm,1,0,1.0528,0.0,23
B_comm,1,1,-0.3379,0.3478,23
B_comm,1,2,0.898,0.0,22
B_comm,1,3,-0.6792,0.9167,24
B_comm,1,4,-0.559,0.7083,24
B_comm,1,5,0.4646,0.0,22
B_comm,1,6,-0.641,0.96,25
B_comm,1,7,-0.6729,1.0,24
B_comm,1,8,1.4108,0.0,23
B_comm,1,9,-0.2027,0.5417,24
B_comm,1,10,-0.9689,1.0,25
B_comm,1,11,-0.081,0.04,25
B_comm,1,12,0.3239,0.0,25
B_comm,1,13,-0.9563,1.0,24
B_comm,1,14,-0.2769,0.64,25
B_comm,1,15,-0.5407,0.84,25
B_comm,1,16,-1.0962,1.0,22
B_comm,1,17,-2.1,1.0,21
B_comm,1,18,-0.6001,0.96,25
B_comm,1,19,0.7738,0.0,25
B_comm,1,20,1.0027,0.0,24
B_comm,1,21,-0.6691,0.8261,23
B_comm,1,22,-1.4862,1.0,23
B_comm,1,23,0.14,0.0,23
B_comm,1,24,-1.0003,1.0,23
B_comm,1,25,-0.0114,0.0476,21
B_comm,1,26,-1.1275,1.0,23
B_comm,1,27,1.1934,0.0,23
B_comm,1,28,1.6177,0.0,25
B_comm,1,29,0.6132,0.0,25
B_comm,1,30,-0.1068,0.44,25
B_comm,1,31,0.7829,0.0,25
B_comm,1,32,-0.5723,0.7826,23
B_comm,1,33,-0.0971,0.1364,22
B_comm,1,34,0.2272,0.0,24
B_comm,1,35,-0.5516,0.9583,24
B_comm,1,36,1.9899,0.0,25
B_comm,1,37,-0.5172,0.92,25
B_comm,1,38,-0.14,0.24,25
B_comm,1,39,-0.5151,0.8261,23
B_comm,1,40,2.2352,0.0,25
B_comm,1,41,-1.1901,1.0,25
B_comm,1,42,-1.2356,1.0,23
B_comm,1,43,-0.9574,1.0,25
B_comm,1,44,-0.324,0.68,25
B_comm,1,45,0.7002,0.0,24
B_comm,1,46,1.3117,0.0,22
B_comm,1,47,0.8041,0.0,24
B_comm,1,48,0.0936,0.0,23
B_comm,1,49,-2.2629,1.0,21
B_comm,2,0,0.8765,0.0,24
B_comm,2,1,-1.7461,0.9167,24
B_comm,2,2,0.0191,0.8571,21
B_comm,2,3,0.3056,0.625,24
B_comm,2,4,1.4089,0.0,22
B_comm,2,5,0.3466,0.381,21
B_comm,2,6,0.2651,0.6364,22
B_comm,2,7,0.2947,0.8095,21
B_comm,2,8,2.0811,0.0,25
B_comm,2,9,0.3496,0.5909,22
B_comm,2,10,-1.3829,1.0,23
B_comm,2,11,1.0976,0.0,25
B_comm,2,12,1.7772,0.0,23
B_comm,2,13,0.4734,0.125,24
B_comm,2,14,2.6504,0.0,24
B_comm,2,15,0.7673,0.0455,22
B_comm,2,16,2.1412,0.0,24
B_comm,2,17,1.3233,0.0,24
B_comm,2,18,0.7587,0.0,24
B_comm,2,19,-0.9575,1.0,21
B_comm,2,20,0.9142,0.0,23
B_comm,2,21,1.1108,0.0,24
B_comm,2,22,0.002,0.9,20
B_comm,2,23,0.5487,0.0435,23
B_comm,2,24,1.1989,0.0,25
B_comm,2,25,-1.7732,1.0,25
B_comm,2,26,0.4987,0.12,25
B_comm,2,27,1.8253,0.0,25
B_comm,2,28,1.0215,0.0,23
B_comm,2,29,0.8838,0.0,24
B_comm,2,30,2.0824,0.0,22
B_comm,2,31,0.0391,1.0,24
B_comm,2,32,-1.3404,1.0,25
B_comm,2,33,-0.5939,1.0,24
B_comm,2,34,1.3643,0.0,22
B_comm,2,35,2.2002,0.0,25
B_comm,2,36,-0.0125,0.92,25
B_comm,2,37,2.0355,0.0,25
B_comm,2,38,-1.1303,0.9545,22
B_comm,2,39,1.8196,0.0,25
B_comm,2,40,1.2409,0.0,25
B_comm,2,41,-0.7634,1.0,25
B_comm,2,42,1.2428,0.0,23
B_comm,2,43,0.4513,0.5652,23
B_comm,2,44,0.7212,0.0417,24
B_comm,2,45,0.9389,0.0,21
B_comm,2,46,-1.2738,1.0,22
B_comm,2,47,0.0709,0.7727,22
B_comm,2,48,-0.5698,1.0,24
B_comm,2,49,-0.3255,1.0,24
B_comm,3,0,-1.8286,1.0,24
B_comm,3,1,-2.9643,0.92,25
B_comm,3,2,-0.3278,0.125,24
B_comm,3,3,-1.5325,1.0,22
B_comm,3,4,-1.0241,0.9583,24
B_comm,3,5,-0.5793,0.5714,21
B_comm,3,6,0.1741,0.0,23
B_comm,3,7,0.0217,0.0,24
B_comm,3,8,-1.2671,1.0,22
B_comm,3,9,-0.0632,0.0,24
B_comm,3,10,-0.4152,0.4583,24
B_comm,3,11,-2.127,0.9565,23
B_comm,3,12,0.6675,0.0,24
B_comm,3,13,0.1476,0.0,25
B_comm,3,14,-0.4094,0.4,25
B_comm,3,15,-0.9938,0.8571,21
B_comm,3,16,0.7016,0.0,25
B_comm,3,17,-1.5142,1.0,25
B_comm,3,18,0.8555,0.0,25
B_comm,3,19,-0.1588,0.0417,24
B_comm,3,20,1.1935,0.0,24
B_comm,3,21,-1.2374,1.0,25
B_comm,3,22,-0.2841,0.08,25
B_comm,3,23,-1.7816,0.9565,23
B_comm,3,24,0.2958,0.0,22
B_comm,3,25,0.1905,0.0,25
B_comm,3,26,-2.5309,1.0,23
B_comm,3,27,-0.5173,0.5,22
B_comm,3,28,-0.3871,0.4348,23
B_comm,3,29,-0.288,0.2609,23
B_comm,3,30,0.2334,0.0,24
B_comm,3,31,-2.1442,1.0,23
B_comm,3,32,0.3384,0.0,25
B_comm,3,33,-0.7519,0.84,25
B_comm,3,34,-0.0566,0.0,25
B_comm,3,35,-1.4156,0.9565,23
B_comm,3,36,-0.8645,0.913,23
B_comm,3,37,1.4697,0.0,24
B_comm,3,38,-1.4889,0.96,25
B_comm,3,39,-1.2424,1.0,24
B_comm,3,40,0.5848,0.0,24
B_comm,3,41,1.0079,0.0,21
B_comm,3,42,0.6417,0.0,22
B_comm,3,43,-0.2435,0.1304,23
B_comm,3,44,-0.35,0.3158,19
B_comm,3,45,-0.7755,0.92,25
B_comm,3,46,-0.7057,0.92,25
B_comm,3,47,-1.2124,1.0,22
B_comm,3,48,0.4385,0.0,25
B_comm,3,49,-0.7291,0.9565,23
B_comm,4,0,0.954,0.0,25
B_comm,4,1,1.6421,0.0,24
B_comm,4,2,0.4226,0.16,25
B_comm,4,3,-0.9288,1.0,20
B_comm,4,4,-0.2979,0.8333,24
B_comm,4,5,-1.3191,1.0,24
B_comm,4,6,1.6025,0.0,22
B_comm,4,7,-0.224,0.96,25
B_comm,4,8,1.0446,0.0,23
B_comm,4,9,0.6132,0.16,25
B_comm,4,10,-0.0231,0.72,25
B_comm,4,11,0.2952,0.28,25
B_comm,4,12,1.1641,0.0,25
B_comm,4,13,-1.2982,1.0,24
B_comm,4,14,-0.1746,0.76,25
B_comm,4,15,1.373,0.0,25
B_comm,4,16,1.1374,0.0,25
B_comm,4,17,1.3887,0.0,25
B_comm,4,18,-0.6533,1.0,22
B_comm,4,19,0.4888,0.0909,22
B_comm,4,20,1.2509,0.0,21
B_comm,4,21,0.6513,0.0,25
B_comm,4,22,0.7722,0.0,21
B_comm,4,23,1.0977,0.0,24
B_comm,4,24,-1.2809,1.0,24
B_comm,4,25,-0.4901,1.0,25
B_comm,4,26,-1.2333,1.0,25
B_comm,4,27,0.4955,0.0435,23
B_comm,4,28,0.56,0.0,24
B_comm,4,29,-0.1973,0.7727,22
B_comm,4,30,-0.1611,0.8571,21
B_comm,4,31,0.9264,0.0,24
B_comm,4,32,1.137,0.0,21
B_comm,4,33,0.6288,0.0,25
B_comm,4,34,1.1744,0.0,23
B_comm,4,35,2.2265,0.0,23
B_comm,4,36,-0.2166,0.9583,24
B_comm,4,37,1.6069,0.0,25
B_comm,4,38,0.069,0.5217,23
B_comm,4,39,-0.3053,1.0,23
B_comm,4,40,1.0636,0.0,25
B_comm,4,41,-0.1544,0.2273,22
B_comm,4,42,-0.3577,0.8333,24
B_comm,4,43,0.1791,0.3478,23
B_comm,4,44,-0.5131,0.92,25
B_comm,4,45,0.2619,0.44,25
B_comm,4,46,1.447,0.0,24
B_comm,4,47,1.217,0.0,20
B_comm,4,48,0.0908,0.381,21
B_comm,4,49,-0.2986,0.9565,23
B_comm,5,0,-0.1368,0.75,24
B_comm,5,1,-0.1008,0.8095,21
B_comm,5,2,1.5581,0.0,22
B_comm,5,3,2.1106,0.0,21
B_comm,5,4,1.174,0.0,23
B_comm,5,5,1.3072,0.0,18
B_comm,5,6,0.2549,0.1667,24
B_comm,5,7,1.0107,0.0,24
B_comm,5,8,-0.0983,0.9565,23
B_comm,5,9,0.5315,0.04,25
B_comm,5,10,-0.1505,0.6522,23
B_comm,5,11,0.7183,0.0,20
B_comm,5,12,-0.2339,1.0,22
B_comm,5,13,0.4182,0.0,22
B_comm,5,14,-1.0221,1.0,23
B_comm,5,15,-0.2337,0.9,20
B_comm,5,16,-0.5142,1.0,24
B_comm,5,17,0.0803,0.6,25
B_comm,5,18,-0.3441,0.8,25
B_comm,5,19,-0.0599,0.5455,22
B_comm,5,20,-0.0322,0.7917,24
B_comm,5,21,-0.0554,0.7391,23
B_comm,5,22,0.5232,0.0435,23
B_comm,5,23,-0.737,0.95,20
B_comm,5,24,-0.77,1.0,25
B_comm,5,25,0.46,0.04,25
B_comm,5,26,0.7383,0.0,23
B_comm,5,27,0.8121,0.0,22
B_comm,5,28,-0.2191,1.0,23
B_comm,5,29,-0.6589,1.0,25
B_comm,5,30,-0.9276,0.9583,24
B_comm,5,31,1.4055,0.0,25
B_comm,5,32,1.1195,0.0,22
B_comm,5,33,2.6623,0.0,22
B_comm,5,34,0.5628,0.0,24
B_comm,5,35,0.4727,0.0,25
B_comm,5,36,0.6911,0.0,25
B_comm,5,37,0.5342,0.0,25
B_comm,5,38,0.0287,0.48,25
B_comm,5,39,-1.2947,1.0,25
B_comm,5,40,-0.0207,0.5652,23
B_comm,5,41,1.2938,0.0,25
B_comm,5,42,-1.0951,1.0,25
B_comm,5,43,1.0862,0.0,25
B_comm,5,44,-0.1947,0.84,25
B_comm,5,45,0.9261,0.0,25
B_comm,5,46,0.4019,0.28,25
B_comm,5,47,0.2532,0.1667,24
B_comm,5,48,-1.7202,1.0,20
B_comm,5,49,-0.1801,0.88,25
B_comm,6,0,-2.3975,1.0,20
B_comm,6,1,1.4656,0.0,24
B_comm,6,2,0.4938,0.0,20
B_comm,6,3,-1.1098,0.9565,23
B_comm,6,4,0.3646,0.0,24
B_comm,6,5,-0.2698,0.5833,24
B_comm,6,6,-1.2467,1.0,22
B_comm,6,7,-1.9315,1.0,22
B_comm,6,8,-0.4207,0.6957,23
B_comm,6,9,-0.2422,0.2727,22
B_comm,6,10,-0.9117,1.0,21
B_comm,6,11,0.0092,0.04,25
B_comm,6,12,0.4008,0.0,25
B_comm,6,13,0.9504,0.0,23
B_comm,6,14,-0.9295,1.0,19
B_comm,6,15,-0.1869,0.6522,23
B_comm,6,16,-0.9874,0.9474,19
B_comm,6,17,0.4239,0.0,21
B_comm,6,18,-0.6422,0.9167,24
B_comm,6,19,-0.0402,0.087,23
B_comm,6,20,-1.1336,1.0,23
B_comm,6,21,0.3977,0.0,24
B_comm,6,22,-0.4749,0.92,25
B_comm,6,23,-0.0172,0.2174,23
B_comm,6,24,1.0681,0.0,23
B_comm,6,25,0.9339,0.0,25
B_comm,6,26,-1.4459,1.0,24
B_comm,6,27,-1.2124,1.0,21
B_comm,6,28,1.3174,0.0,23
B_comm,6,29,0.9602,0.0,25
B_comm,6,30,-0.3594,0.6667,21
B_comm,6,31,0.1994,0.0,24
B_comm,6,32,1.0414,0.0,23
B_comm,6,33,-1.0912,0.9545,22
B_comm,6,34,-1.9717,1.0,21
B_comm,6,35,-2.1992,0.9583,24
B_comm,6,36,-0.8806,0.9545,22
B_comm,6,37,2.5442,0.0,23
B_comm,6,38,-1.1784,0.9545,22
B_comm,6,39,-0.49,0.5,22
B_comm,6,40,-0.1252,0.3158,19
B_comm,6,41,-1.2536,1.0,23
B_comm,6,42,0.1916,0.0,23
B_comm,6,43,0.9719,0.0,23
B_comm,6,44,-2.024,1.0,25
B_comm,6,45,-1.4388,0.95,20
B_comm,6,46,-1.1623,1.0,23
B_comm,6,47,1.6043,0.0,23
B_comm,6,48,-0.2717,0.5217,23
B_comm,6,49,0.098,0.2083,24
B_comm,7,0,1.3049,0.0,25
B_comm,7,1,0.0211,0.0833,24
B_comm,7,2,-0.7805,0.9565,23
B_comm,7,3,0.0374,0.08,25
B_comm,7,4,0.2,0.0,24
B_comm,7,5,-0.634,0.7778,18
B_comm,7,6,-1.2997,1.0,24
B_comm,7,7,-0.2328,0.25,24
B_comm,7,8,-0.5015,0.72,25
B_comm,7,9,0.4683,0.0,24
B_comm,7,10,-0.71,0.5714,21
B_comm,7,11,-1.152,1.0,25
B_comm,7,12,-0.2077,0.087,23
B_comm,7,13,0.0481,0.0,22
B_comm,7,14,-0.7526,0.8571,21
B_comm,7,15,-1.4761,0.9524,21
B_comm,7,16,-1.1884,0.96,25
B_comm,7,17,0.6311,0.0,23
B_comm,7,18,-0.7413,1.0,23
B_comm,7,19,-0.1,0.2174,23
B_comm,7,20,0.3457,0.0,23
B_comm,7,21,-1.3686,1.0,23
B_comm,7,22,-1.244,1.0,22
B_comm,7,23,0.4976,0.0,24
B_comm,7,24,0.3081,0.0,23
B_comm,7,25,-1.3073,1.0,23
B_comm,7,26,-1.7525,1.0,25
B_comm,7,27,-1.2899,1.0,23
B_comm,7,28,-0.6799,0.7391,23
B_comm,7,29,0.9965,0.0,24
B_comm,7,30,-0.0377,0.08,25
B_comm,7,31,-0.343,0.4,25
B_comm,7,32,-0.6678,0.72,25
B_comm,7,33,-2.0158,1.0,25
B_comm,7,34,-0.6795,0.84,25
B_comm,7,35,-1.731,1.0,19
B_comm,7,36,-1.2996,1.0,22
B_comm,7,37,0.6649,0.0,18
B_comm,7,38,-0.417,0.5238,21
B_comm,7,39,0.2656,0.0,21
B_comm,7,40,1.0593,0.0,22
B_comm,7,41,-0.4411,0.5455,22
B_comm,7,42,-1.9286,1.0,25
B_comm,7,43,-1.1737,0.96,25
B_comm,7,44,0.0403,0.0,25
B_comm,7,45,-1.8462,0.96,25
B_comm,7,46,-0.5344,0.88,25
B_comm,7,47,0.1199,0.0,22
B_comm,7,48,-0.3521,0.1,20
B_comm,7,49,0.7558,0.0,22
B_comm,8,0,1.3516,0.0,21
B_comm,8,1,-0.4583,0.92,25
B_comm,8,2,0.4505,0.0417,24
B_comm,8,3,-1.0989,1.0,25
B_comm,8,4,0.9621,0.0,25
B_comm,8,5,-1.1264,1.0,25
B_comm,8,6,-1.0398,1.0,25
B_comm,8,7,-1.2499,1.0,25
B_comm,8,8,0.048,0.48,25
B_comm,8,9,1.22,0.0,25
B_comm,8,10,-0.8259,1.0,25
B_comm,8,11,0.2326,0.24,25
B_comm,8,12,-0.0607,0.2917,24
B_comm,8,13,-1.0191,1.0,23
B_comm,8,14,0.9185,0.0,25
B_comm,8,15,-0.5896,0.95,20
B_comm,8,16,0.5489,0.04,25
B_comm,8,17,0.1857,0.2,25
B_comm,8,18,1.4788,0.0,24
B_comm,8,19,0.2602,0.2273,22
B_comm,8,20,0.9102,0.0,24
B_comm,8,21,-0.0289,0.72,25
B_comm,8,22,-1.1977,1.0,25
B_comm,8,23,1.6568,0.0,23
B_comm,8,24,-1.9134,1.0,23
B_comm,8,25,-1.1836,1.0,23
B_comm,8,26,1.0794,0.0,25
B_comm,8,27,1.3407,0.0,24
B_comm,8,28,-0.2759,0.92,25
B_comm,8,29,1.8053,0.0,24
B_comm,8,30,0.1022,0.3043,23
B_comm,8,31,0.1083,0.2917,24
B_comm,8,32,-0.4144,0.9565,23
B_comm,8,33,-0.7084,1.0,24
B_comm,8,34,1.1177,0.0,23
B_comm,8,35,0.2596,0.2083,24
B_comm,8,36,-0.7533,0.913,23
B_comm,8,37,0.2762,0.04,25
B_comm,8,38,-0.4232,0.9583,24
B_comm,8,39,1.9183,0.0,25
B_comm,8,40,-0.2915,0.8636,22
B_comm,8,41,1.4534,0.0,25
B_comm,8,42,-0.2518,0.8182,22
B_comm,8,43,-0.5511,0.9583,24
B_comm,8,44,-1.9279,1.0,23
B_comm,8,45,-0.6919,1.0,23
B_comm,8,46,0.9888,0.0,24
B_comm,8,47,0.1664,0.4783,23
B_comm,8,48,-0.1704,0.6957,23
B_comm,8,49,0.7794,0.0,21
B_comm,9,0,-0.0103,0.1364,22
B_comm,9,1,0.7679,0.0,21
B_comm,9,2,-2.2485,1.0,23
B_comm,9,3,-0.2808,0.6522,23
B_comm,9,4,0.4796,0.0,21
B_comm,9,5,1.4053,0.0,22
B_comm,9,6,-1.1459,1.0,24
B_comm,9,7,-0.6862,0.9524,21
B_comm,9,8,-0.5374,0.9583,24
B_comm,9,9,0.4602,0.0,23
B_comm,9,10,-0.8148,1.0,21
B_comm,9,11,-0.0818,0.2917,24
B_comm,9,12,-2.0592,0.95,20
B_comm,9,13,-1.4223,1.0,25
B_comm,9,14,0.5832,0.0,22
B_comm,9,15,1.2583,0.0,23
B_comm,9,16,0.6256,0.0,21
B_comm,9,17,1.521,0.0,22
B_comm,9,18,-0.3626,0.875,24
B_comm,9,19,-0.6109,0.9545,22
B_comm,9,20,-0.9962,1.0,23
B_comm,9,21,-0.2228,0.9167,24
B_comm,9,22,1.4499,0.0,24
B_comm,9,23,-0.0522,0.2083,24
B_comm,9,24,-0.5891,0.875,24
B_comm,9,25,-1.1439,1.0,25
B_comm,9,26,-0.1361,0.4167,24
B_comm,9,27,0.0146,0.48,25
B_comm,9,28,-0.762,0.96,25
B_comm,9,29,1.9569,0.0,23
B_comm,9,30,0.146,0.087,23
B_comm,9,31,1.2646,0.0,22
B_comm,9,32,0.2376,0.2083,24
B_comm,9,33,2.1532,0.0,21
B_comm,9,34,2.1833,0.0,20
B_comm,9,35,-0.0803,0.56,25
B_comm,9,36,-1.0335,0.96,25
B_comm,9,37,-1.1382,1.0,25
B_comm,9,38,-0.6725,1.0,22
B_comm,9,39,-0.4054,0.7273,22
B_comm,9,40,1.2084,0.0,23
B_comm,9,41,-0.2356,0.75,24
B_comm,9,42,-1.0214,1.0,25
B_comm,9,43,0.3589,0.08,25
B_comm,9,44,-0.1187,0.625,24
B_comm,9,45,1.4685,0.0,24
B_comm,9,46,0.777,0.0,25
B_comm,9,47,-0.3731,0.913,23
B_comm,9,48,-0.8483,1.0,22
B_comm,9,49,-0.0534,0.5,22
B_surv,0,0,-1.569,1.0,25
B_surv,0,1,0.2741,0.0,22
B_surv,0,2,-0.6922,0.7083,24
B_surv,0,3,-0.0593,0.087,23
B_surv,0,4,0.7879,0.0,21
B_surv,0,5,1.6908,0.0,23
B_surv,0,6,-1.0229,1.0,24
B_surv,0,7,0.2647,0.0,23
B_surv,0,8,1.4514,0.0,25
B_surv,0,9,-0.1589,0.0417,24
B_surv,0,10,-2.8514,1.0,21
B_surv,0,11,-0.1776,0.1429,21
B_surv,0,12,0.3964,0.0,25
B_surv,0,13,-0.8931,0.7273,22
B_surv,0,14,2.0074,0.0,23
B_surv,0,15,-0.3747,0.4545,22
B_surv,0,16,0.2964,0.0,23
B_surv,0,17,-0.2527,0.5217,23
B_surv,0,18,1.7695,0.0,23
B_surv,0,19,-1.4278,1.0,24
B_surv,0,20,-0.7665,0.8261,23
B_surv,0,21,-0.9857,0.9583,24
B_surv,0,22,0.4612,0.0,22
B_surv,0,23,0.3403,0.0,23
B_surv,0,24,-0.9764,0.96,25
B_surv,0,25,2.9254,0.0,25
B_surv,0,26,-1.3813,1.0,25
B_surv,0,27,0.0947,0.0833,24
B_surv,0,28,-1.5072,1.0,22
B_surv,0,29,0.3689,0.0,24
B_surv,0,30,0.1493,0.0,21
B_surv,0,31,0.3212,0.0,21
B_surv,0,32,-0.525,0.6667,24
B_surv,0,33,-0.8283,0.8333,24
B_surv,0,34,-0.1964,0.087,23
B_surv,0,35,1.5852,0.0,23
B_surv,0,36,0.2385,0.0,22
B_surv,0,37,-0.0108,0.0417,24
B_surv,0,38,-0.4231,0.4583,24
B_surv,0,39,0.5899,0.0,23
B_surv,0,40,0.2172,0.12,25
B_surv,0,41,-0.9145,0.96,25
B_surv,0,42,1.0257,0.0,25
B_surv,0,43,-0.4644,0.56,25
B_surv,0,44,0.7888,0.0,25
B_surv,0,45,0.0717,0.04,25
B_surv,0,46,-0.0735,0.0,21
B_surv,0,47,-0.9101,0.9167,24
B_surv,0,48,0.9034,0.0,23
B_surv,0,49,0.1931,0.0,22
B_surv,1,0,1.0528,0.0,22
B_surv,1,1,-0.3379,0.1364,22
B_surv,1,2,0.898,0.0,24
B_surv,1,3,-0.6792,0.6842,19
B_surv,1,4,-0.559,0.32,25
B_surv,1,5,0.4646,0.0,23
B_surv,1,6,-0.641,0.8333,24
B_surv,1,7,-0.6729,0.6957,23
B_surv,1,8,1.4108,0.0,21
B_surv,1,9,-0.2027,0.2174,23
B_surv,1,10,-0.9689,1.0,22
B_surv,1,11,-0.081,0.0,24
B_surv,1,12,0.3239,0.0,22
B_surv,1,13,-0.9563,0.7727,22
B_surv,1,14,-0.2769,0.4545,22
B_surv,1,15,-0.5407,0.7391,23
B_surv,1,16,-1.0962,1.0,22
B_surv,1,17,-2.1,1.0,23
B_surv,1,18,-0.6001,0.6087,23
B_surv,1,19,0.7738,0.0,24
B_surv,1,20,1.0027,0.0,25
B_surv,1,21,-0.6691,0.72,25
B_surv,1,22,-1.4862,1.0,22
B_surv,1,23,0.14,0.0,22
B_surv,1,24,-1.0003,0.9583,24
B_surv,1,25,-0.0114,0.0,25
B_surv,1,26,-1.1275,0.8571,21
B_surv,1,27,1.1934,0.0,24
B_surv,1,28,1.6177,0.0,20
B_surv,1,29,0.6132,0.0,24
B_surv,1,30,-0.1068,0.2174,23
B_surv,1,31,0.7829,0.0,25
B_surv,1,32,-0.5723,0.5238,21
B_surv,1,33,-0.0971,0.0417,24
B_surv,1,34,0.2272,0.0,22
B_surv,1,35,-0.5516,0.6522,23
B_surv,1,36,1.9899,0.0,23
B_surv,1,37,-0.5172,0.7143,21
B_surv,1,38,-0.14,0.0833,24
B_surv,1,39,-0.5151,0.5909,22
B_surv,1,40,2.2352,0.0,23
B_surv,1,41,-1.1901,0.9,20
B_surv,1,42,-1.2356,1.0,22
B_surv,1,43,-0.9574,1.0,24
B_surv,1,44,-0.324,0.2,20
B_surv,1,45,0.7002,0.0,22
B_surv,1,46,1.3117,0.0,20
B_surv,1,47,0.8041,0.0,22
B_surv,1,48,0.0936,0.0,24
B_surv,1,49,-2.2629,1.0,22
B_surv,2,0,0.8765,0.0,23
B_surv,2,1,-1.7461,0.85,20
B_surv,2,2,0.0191,0.5833,24
B_surv,2,3,0.3056,0.3478,23
B_surv,2,4,1.4089,0.0,20
B_surv,2,5,0.3466,0.0833,24
B_surv,2,6,0.2651,0.4091,22
B_surv,2,7,0.2947,0.5417,24
B_surv,2,8,2.0811,0.0,19
B_surv,2,9,0.3496,0.2609,23
B_surv,2,10,-1.3829,0.9583,24
B_surv,2,11,1.0976,0.0,22
B_surv,2,12,1.7772,0.0,23
B_surv,2,13,0.4734,0.0476,21
B_surv,2,14,2.6504,0.0,24
B_surv,2,15,0.7673,0.0,23
B_surv,2,16,2.1412,0.0,22
B_surv,2,17,1.3233,0.0,19
B_surv,2,18,0.7587,0.0,23
B_surv,2,19,-0.9575,1.0,21
B_surv,2,20,0.9142,0.0,23
B_surv,2,21,1.1108,0.0,22
B_surv,2,22,0.002,0.6522,23
B_surv,2,23,0.5487,0.0,20
B_surv,2,24,1.1989,0.0,23
B_surv,2,25,-1.7732,1.0,25
B_surv,2,26,0.4987,0.05,20
B_surv,2,27,1.8253,0.0,21
B_surv,2,28,1.0215,0.0,24
B_surv,2,29,0.8838,0.0,24
B_surv,2,30,2.0824,0.0,23
B_surv,2,31,0.0391,0.7391,23
B_surv,2,32,-1.3404,0.9565,23
B_surv,2,33,-0.5939,1.0,23
B_surv,2,34,1.3643,0.0,23
B_surv,2,35,2.2002,0.0,18
B_surv,2,36,-0.0125,0.8261,23
B_surv,2,37,2.0355,0.0,23
B_surv,2,38,-1.1303,0.9091,22
B_surv,2,39,1.8196,0.0,25
B_surv,2,40,1.2409,0.0,25
B_surv,2,41,-0.7634,0.9167,24
B_surv,2,42,1.2428,0.0,24
B_surv,2,43,0.4513,0.3182,22
B_surv,2,44,0.7212,0.0,18
B_surv,2,45,0.9389,0.0,24
B_surv,2,46,-1.2738,1.0,23
B_surv,2,47,0.0709,0.5217,23
B_surv,2,48,-0.5698,1.0,24
B_surv,2,49,-0.3255,0.9545,22
B_surv,3,0,-1.8286,1.0,23
B_surv,3,1,-2.9643,0.8636,22
B_surv,3,2,-0.3278,0.0435,23
B_surv,3,3,-1.5325,0.9167,24
B_surv,3,4,-1.0241,0.68,25
B_surv,3,5,-0.5793,0.36,25
B_surv,3,6,0.1741,0.0,25
B_surv,3,7,0.0217,0.0,25
B_surv,3,8,-1.2671,0.92,25
B_surv,3,9,-0.0632,0.0,23
B_surv,3,10,-0.4152,0.2174,23
B_surv,3,11,-2.127,0.8696,23
B_surv,3,12,0.6675,0.0,22
B_surv,3,13,0.1476,0.0,24
B_surv,3,14,-0.4094,0.2917,24
B_surv,3,15,-0.9938,0.7273,22
B_surv,3,16,0.7016,0.0,20
B_surv,3,17,-1.5142,1.0,22
B_surv,3,18,0.8555,0.0,22
B_surv,3,19,-0.1588,0.0,21
B_surv,3,20,1.1935,0.0,23
B_surv,3,21,-1.2374,1.0,19
B_surv,3,22,-0.2841,0.0,25
B_surv,3,23,-1.7816,0.88,25
B_surv,3,24,0.2958,0.0,25
B_surv,3,25,0.1905,0.0,25
B_surv,3,26,-2.5309,1.0,25
B_surv,3,27,-0.5173,0.1304,23
B_surv,3,28,-0.3871,0.2,25
B_surv,3,29,-0.288,0.0,22
B_surv,3,30,0.2334,0.0,23
B_surv,3,31,-2.1442,1.0,23
B_surv,3,32,0.3384,0.0,25
B_surv,3,33,-0.7519,0.3636,22
B_surv,3,34,-0.0566,0.0,23
B_surv,3,35,-1.4156,0.9524,21
B_surv,3,36,-0.8645,0.6522,23
B_surv,3,37,1.4697,0.0,22
B_surv,3,38,-1.4889,0.88,25
B_surv,3,39,-1.2424,0.9,20
B_surv,3,40,0.5848,0.0,22
B_surv,3,41,1.0079,0.0,24
B_surv,3,42,0.6417,0.0,25
B_surv,3,43,-0.2435,0.08,25
B_surv,3,44,-0.35,0.12,25
B_surv,3,45,-0.7755,0.72,25
B_surv,3,46,-0.7057,0.72,25
B_surv,3,47,-1.2124,0.96,25
B_surv,3,48,0.4385,0.0,25
B_surv,3,49,-0.7291,0.72,25
B_surv,4,0,0.954,0.0,25
B_surv,4,1,1.6421,0.0,25
B_surv,4,2,0.4226,0.0,25
B_surv,4,3,-0.9288,0.92,25
B_surv,4,4,-0.2979,0.7083,24
B_surv,4,5,-1.3191,0.95,20
B_surv,4,6,1.6025,0.0,22
B_surv,4,7,-0.224,0.7273,22
B_surv,4,8,1.0446,0.0,23
B_surv,4,9,0.6132,0.0,22
B_surv,4,10,-0.0231,0.5,22
B_surv,4,11,0.2952,0.1364,22
B_surv,4,12,1.1641,0.0,23
B_surv,4,13,-1.2982,0.9048,21
B_surv,4,14,-0.1746,0.6,20
B_surv,4,15,1.373,0.0,24
B_surv,4,16,1.1374,0.0,23
B_surv,4,17,1.3887,0.0,22
B_surv,4,18,-0.6533,0.95,20
B_surv,4,19,0.4888,0.0455,22
B_surv,4,20,1.2509,0.0,22
B_surv,4,21,0.6513,0.0,21
B_surv,4,22,0.7722,0.0,22
B_surv,4,23,1.0977,0.0,17
B_surv,4,24,-1.2809,0.9545,22
B_surv,4,25,-0.4901,0.9167,24
B_surv,4,26,-1.2333,1.0,21
B_surv,4,27,0.4955,0.0,22
B_surv,4,28,0.56,0.0,24
B_surv,4,29,-0.1973,0.64,25
B_surv,4,30,-0.1611,0.4762,21
B_surv,4,31,0.9264,0.0,20
B_surv,4,32,1.137,0.0,23
B_surv,4,33,0.6288,0.0,22
B_surv,4,34,1.1744,0.0,23
B_surv,4,35,2.2265,0.0,22
B_surv,4,36,-0.2166,0.8,20
B_surv,4,37,1.6069,0.0,21
B_surv,4,38,0.069,0.3043,23
B_surv,4,39,-0.3053,0.913,23
B_surv,4,40,1.0636,0.0,24
B_surv,4,41,-0.1544,0.1304,23
B_surv,4,42,-0.3577,0.8571,21
B_surv,4,43,0.1791,0.2,25
B_surv,4,44,-0.5131,0.7826,23
B_surv,4,45,0.2619,0.1579,19
B_surv,4,46,1.447,0.0,22
B_surv,4,47,1.217,0.0,22
B_surv,4,48,0.0908,0.2917,24
B_surv,4,49,-0.2986,0.96,25
B_surv,5,0,-0.1368,0.5455,22
B_surv,5,1,-0.1008,0.65,20
B_surv,5,2,1.5581,0.0,22
B_surv,5,3,2.1106,0.0,22
B_surv,5,4,1.174,0.0,22
B_surv,5,5,1.3072,0.0,21
B_surv,5,6,0.2549,0.16,25
B_surv,5,7,1.0107,0.0,23
B_surv,5,8,-0.0983,0.7826,23
B_surv,5,9,0.5315,0.0,21
B_surv,5,10,-0.1505,0.5417,24
B_surv,5,11,0.7183,0.0,25
B_surv,5,12,-0.2339,0.625,24
B_surv,5,13,0.4182,0.0,22
B_surv,5,14,-1.0221,1.0,22
B_surv,5,15,-0.2337,0.7826,23
B_surv,5,16,-0.5142,0.9091,22
B_surv,5,17,0.0803,0.4545,22
B_surv,5,18,-0.3441,0.5909,22
B_surv,5,19,-0.0599,0.1304,23
B_surv,5,20,-0.0322,0.5,24
B_surv,5,21,-0.0554,0.4783,23
B_surv,5,22,0.5232,0.0455,22
B_surv,5,23,-0.737,0.9524,21
B_surv,5,24,-0.77,0.95,20
B_surv,5,25,0.46,0.0,21
B_surv,5,26,0.7383,0.0,24
B_surv,5,27,0.8121,0.0,22
B_surv,5,28,-0.2191,0.7917,24
B_surv,5,29,-0.6589,0.9545,22
B_surv,5,30,-0.9276,0.8696,23
B_surv,5,31,1.4055,0.0,22
B_surv,5,32,1.1195,0.0,21
B_surv,5,33,2.6623,0.0,25
B_surv,5,34,0.5628,0.0,25
B_surv,5,35,0.4727,0.0,22
B_surv,5,36,0.6911,0.0,22
B_surv,5,37,0.5342,0.0,20
B_surv,5,38,0.0287,0.1304,23
B_surv,5,39,-1.2947,1.0,22
B_surv,5,40,-0.0207,0.2381,21
B_surv,5,41,1.2938,0.0,20
B_surv,5,42,-1.0951,1.0,25
B_surv,5,43,1.0862,0.0,25
B_surv,5,44,-0.1947,0.625,24
B_surv,5,45,0.9261,0.0,20
B_surv,5,46,0.4019,0.0833,24
B_surv,5,47,0.2532,0.04,25
B_surv,5,48,-1.7202,1.0,25
B_surv,5,49,-0.1801,0.64,25
B_surv,6,0,-2.3975,1.0,22
B_surv,6,1,1.4656,0.0,16
B_surv,6,2,0.4938,0.0,24
B_surv,6,3,-1.1098,0.875,24
B_surv,6,4,0.3646,0.0,24
B_surv,6,5,-0.2698,0.1,20
B_surv,6,6,-1.2467,0.9583,24
B_surv,6,7,-1.9315,0.875,24
B_surv,6,8,-0.4207,0.6667,21
B_surv,6,9,-0.2422,0.1905,21
B_surv,6,10,-0.9117,1.0,20
B_surv,6,11,0.0092,0.0,22
B_surv,6,12,0.4008,0.0,23
B_surv,6,13,0.9504,0.0,25
B_surv,6,14,-0.9295,0.92,25
B_surv,6,15,-0.1869,0.44,25
B_surv,6,16,-0.9874,0.8,25
B_surv,6,17,0.4239,0.0,18
B_surv,6,18,-0.6422,0.7083,24
B_surv,6,19,-0.0402,0.0435,23
B_surv,6,20,-1.1336,0.9583,24
B_surv,6,21,0.3977,0.0,23
B_surv,6,22,-0.4749,0.5652,23
B_surv,6,23,-0.0172,0.2105,19
B_surv,6,24,1.0681,0.0,23
B_surv,6,25,0.9339,0.0,20
B_surv,6,26,-1.4459,0.913,23
B_surv,6,27,-1.2124,1.0,21
B_surv,6,28,1.3174,0.0,22
B_surv,6,29,0.9602,0.0,21
B_surv,6,30,-0.3594,0.5455,22
B_surv,6,31,0.1994,0.0,23
B_surv,6,32,1.0414,0.0,22
B_surv,6,33,-1.0912,1.0,22
B_surv,6,34,-1.9717,1.0,23
B_surv,6,35,-2.1992,0.9545,22
B_surv,6,36,-0.8806,0.9048,21
B_surv,6,37,2.5442,0.0,24
B_surv,6,38,-1.1784,0.9048,21
B_surv,6,39,-0.49,0.25,20
B_surv,6,40,-0.1252,0.0476,21
B_surv,6,41,-1.2536,1.0,24
B_surv,6,42,0.1916,0.0,21
B_surv,6,43,0.9719,0.0,24
B_surv,6,44,-2.024,1.0,23
B_surv,6,45,-1.4388,0.913,23
B_surv,6,46,-1.1623,0.9091,22
B_surv,6,47,1.6043,0.0,22
B_surv,6,48,-0.2717,0.3182,22
B_surv,6,49,0.098,0.1304,23
B_surv,7,0,1.3049,0.0,23
B_surv,7,1,0.0211,0.0,22
B_surv,7,2,-0.7805,0.8333,24
B_surv,7,3,0.0374,0.0,21
B_surv,7,4,0.2,0.0,23
B_surv,7,5,-0.634,0.4348,23
B_surv,7,6,-1.2997,1.0,25
B_surv,7,7,-0.2328,0.0909,22
B_surv,7,8,-0.5015,0.52,25
B_surv,7,9,0.4683,0.0,24
B_surv,7,10,-0.71,0.4348,23
B_surv,7,11,-1.152,0.9583,24
B_surv,7,12,-0.2077,0.0,23
B_surv,7,13,0.0481,0.0,22
B_surv,7,14,-0.7526,0.5833,24
B_surv,7,15,-1.4761,0.9545,22
B_surv,7,16,-1.1884,0.913,23
B_surv,7,17,0.6311,0.0,25
B_surv,7,18,-0.7413,0.875,24
B_surv,7,19,-0.1,0.12,25
B_surv,7,20,0.3457,0.0,23
B_surv,7,21,-1.3686,0.913,23
B_surv,7,22,-1.244,0.9545,22
B_surv,7,23,0.4976,0.0,20
B_surv,7,24,0.3081,0.0,24
B_surv,7,25,-1.3073,0.9565,23
B_surv,7,26,-1.7525,1.0,23
B_surv,7,27,-1.2899,0.9091,22
B_surv,7,28,-0.6799,0.6087,23
B_surv,7,29,0.9965,0.0,22
B_surv,7,30,-0.0377,0.0435,23
B_surv,7,31,-0.343,0.16,25
B_surv,7,32,-0.6678,0.52,25
B_surv,7,33,-2.0158,0.96,25
B_surv,7,34,-0.6795,0.5,16
B_surv,7,35,-1.731,0.9583,24
B_surv,7,36,-1.2996,0.92,25
B_surv,7,37,0.6649,0.0,21
B_surv,7,38,-0.417,0.1818,22
B_surv,7,39,0.2656,0.0,20
B_surv,7,40,1.0593,0.0,24
B_surv,7,41,-0.4411,0.3043,23
B_surv,7,42,-1.9286,1.0,20
B_surv,7,43,-1.1737,0.9167,24
B_surv,7,44,0.0403,0.0,24
B_surv,7,45,-1.8462,0.9524,21
B_surv,7,46,-0.5344,0.6364,22
B_surv,7,47,0.1199,0.0,21
B_surv,7,48,-0.3521,0.05,20
B_surv,7,49,0.7558,0.0,21
B_surv,8,0,1.3516,0.0,22
B_surv,8,1,-0.4583,0.44,25
B_surv,8,2,0.4505,0.0,25
B_surv,8,3,-1.0989,0.8333,24
B_surv,8,4,0.9621,0.0,25
B_surv,8,5,-1.1264,0.9583,24
B_surv,8,6,-1.0398,1.0,22
B_surv,8,7,-1.2499,0.9524,21
B_surv,8,8,0.048,0.2,25
B_surv,8,9,1.22,0.0,22
B_surv,8,10,-0.8259,0.9583,24
B_surv,8,11,0.2326,0.0526,19
B_surv,8,12,-0.0607,0.0435,23
B_surv,8,13,-1.0191,0.96,25
B_surv,8,14,0.9185,0.0,25
B_surv,8,15,-0.5896,0.8,25
B_surv,8,16,0.5489,0.0,23
B_surv,8,17,0.1857,0.2727,22
B_surv,8,18,1.4788,0.0,20
B_surv,8,19,0.2602,0.1,20
B_surv,8,20,0.9102,0.0,25
B_surv,8,21,-0.0289,0.4348,23
B_surv,8,22,-1.1977,1.0,25
B_surv,8,23,1.6568,0.0,22
B_surv,8,24,-1.9134,0.8947,19
B_surv,8,25,-1.1836,0.95,20
B_surv,8,26,1.0794,0.0,25
B_surv,8,27,1.3407,0.0,23
B_surv,8,28,-0.2759,0.8,20
B_surv,8,29,1.8053,0.0,21
B_surv,8,30,0.1022,0.1429,21
B_surv,8,31,0.1083,0.05,20
B_surv,8,32,-0.4144,0.7917,24
B_surv,8,33,-0.7084,0.9565,23
B_surv,8,34,1.1177,0.0,24
B_surv,8,35,0.2596,0.0435,23
B_surv,8,36,-0.7533,0.9,20
B_surv,8,37,0.2762,0.0417,24
B_surv,8,38,-0.4232,0.8571,21
B_surv,8,39,1.9183,0.0,24
B_surv,8,40,-0.2915,0.7143,21
B_surv,8,41,1.4534,0.0,24
B_surv,8,42,-0.2518,0.5714,21
B_surv,8,43,-0.5511,0.8261,23
B_surv,8,44,-1.9279,0.9545,22
B_surv,8,45,-0.6919,0.8636,22
B_surv,8,46,0.9888,0.0,23
B_surv,8,47,0.1664,0.2174,23
B_surv,8,48,-0.1704,0.52,25
B_surv,8,49,0.7794,0.0,25
B_surv,9,0,-0.0103,0.2,25
B_surv,9,1,0.7679,0.0,23
B_surv,9,2,-2.2485,1.0,23
B_surv,9,3,-0.2808,0.2609,23
B_surv,9,4,0.4796,0.0,20
B_surv,9,5,1.4053,0.0,21
B_surv,9,6,-1.1459,1.0,20
B_surv,9,7,-0.6862,0.9167,24
B_surv,9,8,-0.5374,0.7273,22
B_surv,9,9,0.4602,0.0,21
B_surv,9,10,-0.8148,0.95,20
B_surv,9,11,-0.0818,0.1905,21
B_surv,9,12,-2.0592,0.9524,21
B_surv,9,13,-1.4223,0.9545,22
B_surv,9,14,0.5832,0.0,24
B_surv,9,15,1.2583,0.0,24
B_surv,9,16,0.6256,0.0,20
B_surv,9,17,1.521,0.0,22
B_surv,9,18,-0.3626,0.6522,23
B_surv,9,19,-0.6109,0.9091,22
B_surv,9,20,-0.9962,0.8182,22
B_surv,9,21,-0.2228,0.4286,21
B_surv,9,22,1.4499,0.0,23
B_surv,9,23,-0.0522,0.0833,24
B_surv,9,24,-0.5891,0.68,25
B_surv,9,25,-1.1439,0.95,20
B_surv,9,26,-0.1361,0.2,25
B_surv,9,27,0.0146,0.125,24
B_surv,9,28,-0.762,0.9545,22
B_surv,9,29,1.9569,0.0,20
B_surv,9,30,0.146,0.0435,23
B_surv,9,31,1.2646,0.0,24
B_surv,9,32,0.2376,0.0556,18
B_surv,9,33,2.1532,0.0,21
B_surv,9,34,2.1833,0.0,23
B_surv,9,35,-0.0803,0.2273,22
B_surv,9,36,-1.0335,0.9167,24
B_surv,9,37,-1.1382,0.9565,23
B_surv,9,38,-0.6725,0.9167,24
B_surv,9,39,-0.4054,0.44,25
B_surv,9,40,1.2084,0.0,20
B_surv,9,41,-0.2356,0.4583,24
B_surv,9,42,-1.0214,1.0,21
B_surv,9,43,0.3589,0.0476,21
B_surv,9,44,-0.1187,0.4348,23
B_surv,9,45,1.4685,0.0,18
B_surv,9,46,0.777,0.0,25
B_surv,9,47,-0.3731,0.52,25
B_surv,9,48,-0.8483,1.0,21
B_surv,9,49,-0.0534,0.0833,24
B_risk_stripped,0,0,-1.569,1.0,23
B_risk_stripped,0,1,0.2741,0.0,23
B_risk_stripped,0,2,-0.6922,0.913,23
B_risk_stripped,0,3,-0.0593,0.2273,22
B_risk_stripped,0,4,0.7879,0.0,24
B_risk_stripped,0,5,1.6908,0.0,23
B_risk_stripped,0,6,-1.0229,1.0,21
B_risk_stripped,0,7,0.2647,0.0,22
B_risk_stripped,0,8,1.4514,0.0,22
B_risk_stripped,0,9,-0.1589,0.1739,23
B_risk_stripped,0,10,-2.8514,0.9545,22
B_risk_stripped,0,11,-0.1776,0.4545,22
B_risk_stripped,0,12,0.3964,0.0,21
B_risk_stripped,0,13,-0.8931,0.9545,22
B_risk_stripped,0,14,2.0074,0.0,23
B_risk_stripped,0,15,-0.3747,0.4762,21
B_risk_stripped,0,16,0.2964,0.04,25
B_risk_stripped,0,17,-0.2527,0.7727,22
B_risk_stripped,0,18,1.7695,0.0,24
B_risk_stripped,0,19,-1.4278,1.0,19
B_risk_stripped,0,20,-0.7665,1.0,22
B_risk_stripped,0,21,-0.9857,1.0,22
B_risk_stripped,0,22,0.4612,0.0,22
B_risk_stripped,0,23,0.3403,0.0,22
B_risk_stripped,0,24,-0.9764,0.9565,23
B_risk_stripped,0,25,2.9254,0.0,21
B_risk_stripped,0,26,-1.3813,1.0,23
B_risk_stripped,0,27,0.0947,0.0952,21
B_risk_stripped,0,28,-1.5072,1.0,25
B_risk_stripped,0,29,0.3689,0.0,25
B_risk_stripped,0,30,0.1493,0.08,25
B_risk_stripped,0,31,0.3212,0.04,25
B_risk_stripped,0,32,-0.525,0.96,25
B_risk_stripped,0,33,-0.8283,0.9167,24
B_risk_stripped,0,34,-0.1964,0.3913,23
B_risk_stripped,0,35,1.5852,0.0,24
B_risk_stripped,0,36,0.2385,0.0,24
B_risk_stripped,0,37,-0.0108,0.1,20
B_risk_stripped,0,38,-0.4231,0.6667,24
B_risk_stripped,0,39,0.5899,0.0,23
B_risk_stripped,0,40,0.2172,0.2609,23
B_risk_stripped,0,41,-0.9145,1.0,24
B_risk_stripped,0,42,1.0257,0.0,23
B_risk_stripped,0,43,-0.4644,0.7727,22
B_risk_stripped,0,44,0.7888,0.0,21
B_risk_stripped,0,45,0.0717,0.1667,24
B_risk_stripped,0,46,-0.0735,0.1905,21
B_risk_stripped,0,47,-0.9101,0.9545,22
B_risk_stripped,0,48,0.9034,0.0,22
B_risk_stripped,0,49,0.1931,0.0435,23
B_risk_stripped,1,0,1.0528,0.0,25
B_risk_stripped,1,1,-0.3379,0.4348,23
B_risk_stripped,1,2,0.898,0.0,25
B_risk_stripped,1,3,-0.6792,0.92,25
B_risk_stripped,1,4,-0.559,0.6667,21
B_risk_stripped,1,5,0.4646,0.0,23
B_risk_stripped,1,6,-0.641,0.913,23
B_risk_stripped,1,7,-0.6729,0.9545,22
B_risk_stripped,1,8,1.4108,0.0,23
B_risk_stripped,1,9,-0.2027,0.5,20
B_risk_stripped,1,10,-0.9689,1.0,24
B_risk_stripped,1,11,-0.081,0.0476,21
B_risk_stripped,1,12,0.3239,0.0,22
B_risk_stripped,1,13,-0.9563,0.913,23
B_risk_stripped,1,14,-0.2769,0.619,21
B_risk_stripped,1,15,-0.5407,0.8696,23
B_risk_stripped,1,16,-1.0962,1.0,22
B_risk_stripped,1,17,-2.1,1.0,24
B_risk_stripped,1,18,-0.6001,1.0,24
B_risk_stripped,1,19,0.7738,0.0,25
B_risk_stripped,1,20,1.0027,0.0,25
B_risk_stripped,1,21,-0.6691,0.7917,24
B_risk_stripped,1,22,-1.4862,1.0,20
B_risk_stripped,1,23,0.14,0.0417,24
B_risk_stripped,1,24,-1.0003,1.0,20
B_risk_stripped,1,25,-0.0114,0.15,20
B_risk_stripped,1,26,-1.1275,0.9583,24
B_risk_stripped,1,27,1.1934,0.0,23
B_risk_stripped,1,28,1.6177,0.0,21
B_risk_stripped,1,29,0.6132,0.0,24
B_risk_stripped,1,30,-0.1068,0.381,21
B_risk_stripped,1,31,0.7829,0.0,19
B_risk_stripped,1,32,-0.5723,0.8,20
B_risk_stripped,1,33,-0.0971,0.1429,21
B_risk_stripped,1,34,0.2272,0.0,20
B_risk_stripped,1,35,-0.5516,0.9048,21
B_risk_stripped,1,36,1.9899,0.0,21
B_risk_stripped,1,37,-0.5172,0.75,24
B_risk_stripped,1,38,-0.14,0.25,24
B_risk_stripped,1,39,-0.5151,0.7727,22
B_risk_stripped,1,40,2.2352,0.0,21
B_risk_stripped,1,41,-1.1901,0.9524,21
B_risk_stripped,1,42,-1.2356,1.0,23
B_risk_stripped,1,43,-0.9574,1.0,23
B_risk_stripped,1,44,-0.324,0.6364,22
B_risk_stripped,1,45,0.7002,0.0,22
B_risk_stripped,1,46,1.3117,0.0,21
B_risk_stripped,1,47,0.8041,0.0,23
B_risk_stripped,1,48,0.0936,0.1364,22
B_risk_stripped,1,49,-2.2629,0.95,20
B_risk_stripped,2,0,0.8765,0.0,22
B_risk_stripped,2,1,-1.7461,0.913,23
B_risk_stripped,2,2,0.0191,0.8095,21
B_risk_stripped,2,3,0.3056,0.7143,21
B_risk_stripped,2,4,1.4089,0.0,25
B_risk_stripped,2,5,0.3466,0.3913,23
B_risk_stripped,2,6,0.2651,0.7143,21
B_risk_stripped,2,7,0.2947,0.8261,23
B_risk_stripped,2,8,2.0811,0.0,21
B_risk_stripped,2,9,0.3496,0.5833,24
B_risk_stripped,2,10,-1.3829,0.95,20
B_risk_stripped,2,11,1.0976,0.0,21
B_risk_stripped,2,12,1.7772,0.0,25
B_risk_stripped,2,13,0.4734,0.2273,22
B_risk_stripped,2,14,2.6504,0.0,21
B_risk_stripped,2,15,0.7673,0.0,24
B_risk_stripped,2,16,2.1412,0.0,21
B_risk_stripped,2,17,1.3233,0.0,23
B_risk_stripped,2,18,0.7587,0.0,21
B_risk_stripped,2,19,-0.9575,1.0,23
B_risk_stripped,2,20,0.9142,0.0,18
B_risk_stripped,2,21,1.1108,0.0,18
B_risk_stripped,2,22,0.002,0.875,24
B_risk_stripped,2,23,0.5487,0.1905,21
B_risk_stripped,2,24,1.1989,0.0,19
B_risk_stripped,2,25,-1.7732,1.0,23
B_risk_stripped,2,26,0.4987,0.2727,22
B_risk_stripped,2,27,1.8253,0.0,23
B_risk_stripped,2,28,1.0215,0.0,22
B_risk_stripped,2,29,0.8838,0.0,22
B_risk_stripped,2,30,2.0824,0.0,24
B_risk_stripped,2,31,0.0391,1.0,21
B_risk_stripped,2,32,-1.3404,0.9545,22
B_risk_stripped,2,33,-0.5939,0.9583,24
B_risk_stripped,2,34,1.3643,0.0,24
B_risk_stripped,2,35,2.2002,0.0,19
B_risk_stripped,2,36,-0.0125,0.9565,23
B_risk_stripped,2,37,2.0355,0.0,22
B_risk_stripped,2,38,-1.1303,0.9583,24
B_risk_stripped,2,39,1.8196,0.0,22
B_risk_stripped,2,40,1.2409,0.0,21
B_risk_stripped,2,41,-0.7634,0.9545,22
B_risk_stripped,2,42,1.2428,0.0,23
B_risk_stripped,2,43,0.4513,0.6522,23
B_risk_stripped,2,44,0.7212,0.125,24
B_risk_stripped,2,45,0.9389,0.0455,22
B_risk_stripped,2,46,-1.2738,0.9545,22
B_risk_stripped,2,47,0.0709,0.6818,22
B_risk_stripped,2,48,-0.5698,1.0,23
B_risk_stripped,2,49,-0.3255,0.9583,24
B_risk_stripped,3,0,-1.8286,1.0,24
B_risk_stripped,3,1,-2.9643,0.9167,24
B_risk_stripped,3,2,-0.3278,0.3913,23
B_risk_stripped,3,3,-1.5325,1.0,24
B_risk_stripped,3,4,-1.0241,0.8261,23
B_risk_stripped,3,5,-0.5793,0.6818,22
B_risk_stripped,3,6,0.1741,0.04,25
B_risk_stripped,3,7,0.0217,0.0476,21
B_risk_stripped,3,8,-1.2671,0.9524,21
B_risk_stripped,3,9,-0.0632,0.04,25
B_risk_stripped,3,10,-0.4152,0.4783,23
B_risk_stripped,3,11,-2.127,0.9565,23
B_risk_stripped,3,12,0.6675,0.0,24
B_risk_stripped,3,13,0.1476,0.0,20
B_risk_stripped,3,14,-0.4094,0.5714,21
B_risk_stripped,3,15,-0.9938,0.8261,23
B_risk_stripped,3,16,0.7016,0.0,23
B_risk_stripped,3,17,-1.5142,1.0,21
B_risk_stripped,3,18,0.8555,0.0,22
B_risk_stripped,3,19,-0.1588,0.0435,23
B_risk_stripped,3,20,1.1935,0.0,22
B_risk_stripped,3,21,-1.2374,1.0,22
B_risk_stripped,3,22,-0.2841,0.1739,23
B_risk_stripped,3,23,-1.7816,0.9565,23
B_risk_stripped,3,24,0.2958,0.0,20
B_risk_stripped,3,25,0.1905,0.087,23
B_risk_stripped,3,26,-2.5309,1.0,21
B_risk_stripped,3,27,-0.5173,0.4783,23
B_risk_stripped,3,28,-0.3871,0.4545,22
B_risk_stripped,3,29,-0.288,0.2609,23
B_risk_stripped,3,30,0.2334,0.0,22
B_risk_stripped,3,31,-2.1442,1.0,21
B_risk_stripped,3,32,0.3384,0.0,20
B_risk_stripped,3,33,-0.7519,0.7826,23
B_risk_stripped,3,34,-0.0566,0.0,22
B_risk_stripped,3,35,-1.4156,1.0,20
B_risk_stripped,3,36,-0.8645,0.9091,22
B_risk_stripped,3,37,1.4697,0.0,21
B_risk_stripped,3,38,-1.4889,0.9545,22
B_risk_stripped,3,39,-1.2424,0.9474,19
B_risk_stripped,3,40,0.5848,0.0,23
B_risk_stripped,3,41,1.0079,0.0,23
B_risk_stripped,3,42,0.6417,0.0,21
B_risk_stripped,3,43,-0.2435,0.3,20
B_risk_stripped,3,44,-0.35,0.2174,23
B_risk_stripped,3,45,-0.7755,0.7917,24
B_risk_stripped,3,46,-0.7057,0.9545,22
B_risk_stripped,3,47,-1.2124,0.9583,24
B_risk_stripped,3,48,0.4385,0.0,21
B_risk_stripped,3,49,-0.7291,0.8261,23
B_risk_stripped,4,0,0.954,0.0,23
B_risk_stripped,4,1,1.6421,0.0,21
B_risk_stripped,4,2,0.4226,0.0909,22
B_risk_stripped,4,3,-0.9288,0.9524,21
B_risk_stripped,4,4,-0.2979,0.96,25
B_risk_stripped,4,5,-1.3191,1.0,21
B_risk_stripped,4,6,1.6025,0.0,21
B_risk_stripped,4,7,-0.224,0.9545,22
B_risk_stripped,4,8,1.0446,0.0,23
B_risk_stripped,4,9,0.6132,0.2609,23
B_risk_stripped,4,10,-0.0231,0.8636,22
B_risk_stripped,4,11,0.2952,0.2609,23
B_risk_stripped,4,12,1.1641,0.0,22
B_risk_stripped,4,13,-1.2982,1.0,22
B_risk_stripped,4,14,-0.1746,0.913,23
B_risk_stripped,4,15,1.373,0.0,24
B_risk_stripped,4,16,1.1374,0.0,23
B_risk_stripped,4,17,1.3887,0.0,24
B_risk_stripped,4,18,-0.6533,1.0,23
B_risk_stripped,4,19,0.4888,0.05,20
B_risk_stripped,4,20,1.2509,0.0,21
B_risk_stripped,4,21,0.6513,0.0,24
B_risk_stripped,4,22,0.7722,0.0,25
B_risk_stripped,4,23,1.0977,0.0,25
B_risk_stripped,4,24,-1.2809,0.9565,23
B_risk_stripped,4,25,-0.4901,1.0,23
B_risk_stripped,4,26,-1.2333,1.0,21
B_risk_stripped,4,27,0.4955,0.0435,23
B_risk_stripped,4,28,0.56,0.05,20
B_risk_stripped,4,29,-0.1973,0.84,25
B_risk_stripped,4,30,-0.1611,0.7727,22
B_risk_stripped,4,31,0.9264,0.0,23
B_risk_stripped,4,32,1.137,0.0,24
B_risk_stripped,4,33,0.6288,0.0417,24
B_risk_stripped,4,34,1.1744,0.0,25
B_risk_stripped,4,35,2.2265,0.0,23
B_risk_stripped,4,36,-0.2166,0.9565,23
B_risk_stripped,4,37,1.6069,0.0,22
B_risk_stripped,4,38,0.069,0.5238,21
B_risk_stripped,4,39,-0.3053,1.0,24
B_risk_stripped,4,40,1.0636,0.0,21
B_risk_stripped,4,41,-0.1544,0.4091,22
B_risk_stripped,4,42,-0.3577,0.913,23
B_risk_stripped,4,43,0.1791,0.375,24
B_risk_stripped,4,44,-0.5131,0.9545,22
B_risk_stripped,4,45,0.2619,0.45,20
B_risk_stripped,4,46,1.447,0.0,23
B_risk_stripped,4,47,1.217,0.0,21
B_risk_stripped,4,48,0.0908,0.4583,24
B_risk_stripped,4,49,-0.2986,0.9167,24
B_risk_stripped,5,0,-0.1368,0.7619,21
B_risk_stripped,5,1,-0.1008,0.96,25
B_risk_stripped,5,2,1.5581,0.0,21
B_risk_stripped,5,3,2.1106,0.0,22
B_risk_stripped,5,4,1.174,0.0,23
B_risk_stripped,5,5,1.3072,0.0,22
B_risk_stripped,5,6,0.2549,0.2174,23
B_risk_stripped,5,7,1.0107,0.0,23
B_risk_stripped,5,8,-0.0983,0.9545,22
B_risk_stripped,5,9,0.5315,0.1765,17
B_risk_stripped,5,10,-0.1505,0.6957,23
B_risk_stripped,5,11,0.7183,0.0,24
B_risk_stripped,5,12,-0.2339,0.7143,21
B_risk_stripped,5,13,0.4182,0.0476,21
B_risk_stripped,5,14,-1.0221,1.0,24
B_risk_stripped,5,15,-0.2337,0.88,25
B_risk_stripped,5,16,-0.5142,0.913,23
B_risk_stripped,5,17,0.0803,0.5652,23
B_risk_stripped,5,18,-0.3441,0.7917,24
B_risk_stripped,5,19,-0.0599,0.5417,24
B_risk_stripped,5,20,-0.0322,0.8,25
B_risk_stripped,5,21,-0.0554,0.72,25
B_risk_stripped,5,22,0.5232,0.04,25
B_risk_stripped,5,23,-0.737,0.9474,19
B_risk_stripped,5,24,-0.77,1.0,21
B_risk_stripped,5,25,0.46,0.0,20
B_risk_stripped,5,26,0.7383,0.0,25
B_risk_stripped,5,27,0.8121,0.0,24
B_risk_stripped,5,28,-0.2191,0.8696,23
B_risk_stripped,5,29,-0.6589,0.96,25
B_risk_stripped,5,30,-0.9276,0.92,25
B_risk_stripped,5,31,1.4055,0.0,25
B_risk_stripped,5,32,1.1195,0.0,22
B_risk_stripped,5,33,2.6623,0.0,22
B_risk_stripped,5,34,0.5628,0.0,21
B_risk_stripped,5,35,0.4727,0.0476,21
B_risk_stripped,5,36,0.6911,0.0,21
B_risk_stripped,5,37,0.5342,0.0435,23
B_risk_stripped,5,38,0.0287,0.45,20
B_risk_stripped,5,39,-1.2947,1.0,21
B_risk_stripped,5,40,-0.0207,0.619,21
B_risk_stripped,5,41,1.2938,0.0,21
B_risk_stripped,5,42,-1.0951,1.0,22
B_risk_stripped,5,43,1.0862,0.0,23
B_risk_stripped,5,44,-0.1947,0.8125,16
B_risk_stripped,5,45,0.9261,0.0,24
B_risk_stripped,5,46,0.4019,0.2381,21
B_risk_stripped,5,47,0.2532,0.25,20
B_risk_stripped,5,48,-1.7202,1.0,24
B_risk_stripped,5,49,-0.1801,0.85,20
B_risk_stripped,6,0,-2.3975,1.0,22
B_risk_stripped,6,1,1.4656,0.0,24
B_risk_stripped,6,2,0.4938,0.0,22
B_risk_stripped,6,3,-1.1098,0.9474,19
B_risk_stripped,6,4,0.3646,0.0,20
B_risk_stripped,6,5,-0.2698,0.64,25
B_risk_stripped,6,6,-1.2467,1.0,22
B_risk_stripped,6,7,-1.9315,1.0,20
B_risk_stripped,6,8,-0.4207,0.8636,22
B_risk_stripped,6,9,-0.2422,0.375,24
B_risk_stripped,6,10,-0.9117,1.0,24
B_risk_stripped,6,11,0.0092,0.04,25
B_risk_stripped,6,12,0.4008,0.0,24
B_risk_stripped,6,13,0.9504,0.0,22
B_risk_stripped,6,14,-0.9295,1.0,19
B_risk_stripped,6,15,-0.1869,0.7143,21
B_risk_stripped,6,16,-0.9874,0.9545,22
B_risk_stripped,6,17,0.4239,0.0,20
B_risk_stripped,6,18,-0.6422,0.9545,22
B_risk_stripped,6,19,-0.0402,0.1364,22
B_risk_stripped,6,20,-1.1336,1.0,25
B_risk_stripped,6,21,0.3977,0.0435,23
B_risk_stripped,6,22,-0.4749,0.7895,19
B_risk_stripped,6,23,-0.0172,0.24,25
B_risk_stripped,6,24,1.0681,0.0,23
B_risk_stripped,6,25,0.9339,0.0,19
B_risk_stripped,6,26,-1.4459,1.0,25
B_risk_stripped,6,27,-1.2124,1.0,21
B_risk_stripped,6,28,1.3174,0.0,22
B_risk_stripped,6,29,0.9602,0.0,18
B_risk_stripped,6,30,-0.3594,0.7826,23
B_risk_stripped,6,31,0.1994,0.0,21
B_risk_stripped,6,32,1.0414,0.0,20
B_risk_stripped,6,33,-1.0912,1.0,23
B_risk_stripped,6,34,-1.9717,1.0,19
B_risk_stripped,6,35,-2.1992,0.9545,22
B_risk_stripped,6,36,-0.8806,0.9565,23
B_risk_stripped,6,37,2.5442,0.0,24
B_risk_stripped,6,38,-1.1784,1.0,20
B_risk_stripped,6,39,-0.49,0.72,25
B_risk_stripped,6,40,-0.1252,0.2273,22
B_risk_stripped,6,41,-1.2536,0.9545,22
B_risk_stripped,6,42,0.1916,0.0,22
B_risk_stripped,6,43,0.9719,0.0,21
B_risk_stripped,6,44,-2.024,1.0,23
B_risk_stripped,6,45,-1.4388,0.875,24
B_risk_stripped,6,46,-1.1623,1.0,21
B_risk_stripped,6,47,1.6043,0.0,23
B_risk_stripped,6,48,-0.2717,0.5238,21
B_risk_stripped,6,49,0.098,0.1053,19
B_risk_stripped,7,0,1.3049,0.0,21
B_risk_stripped,7,1,0.0211,0.0909,22
B_risk_stripped,7,2,-0.7805,0.9091,22
B_risk_stripped,7,3,0.0374,0.0833,24
B_risk_stripped,7,4,0.2,0.0,22
B_risk_stripped,7,5,-0.634,0.8571,21
B_risk_stripped,7,6,-1.2997,1.0,22
B_risk_stripped,7,7,-0.2328,0.2857,21
B_risk_stripped,7,8,-0.5015,0.7083,24
B_risk_stripped,7,9,0.4683,0.0,24
B_risk_stripped,7,10,-0.71,0.68,25
B_risk_stripped,7,11,-1.152,0.96,25
B_risk_stripped,7,12,-0.2077,0.1304,23
B_risk_stripped,7,13,0.0481,0.0952,21
B_risk_stripped,7,14,-0.7526,0.95,20
B_risk_stripped,7,15,-1.4761,0.96,25
B_risk_stripped,7,16,-1.1884,0.9545,22
B_risk_stripped,7,17,0.6311,0.0,20
B_risk_stripped,7,18,-0.7413,1.0,22
B_risk_stripped,7,19,-0.1,0.2609,23
B_risk_stripped,7,20,0.3457,0.0,22
B_risk_stripped,7,21,-1.3686,1.0,19
B_risk_stripped,7,22,-1.244,1.0,23
B_risk_stripped,7,23,0.4976,0.0,20
B_risk_stripped,7,24,0.3081,0.0,24
B_risk_stripped,7,25,-1.3073,0.9091,22
B_risk_stripped,7,26,-1.7525,1.0,20
B_risk_stripped,7,27,-1.2899,1.0,21
B_risk_stripped,7,28,-0.6799,0.7895,19
B_risk_stripped,7,29,0.9965,0.0,19
B_risk_stripped,7,30,-0.0377,0.0455,22
B_risk_stripped,7,31,-0.343,0.3158,19
B_risk_stripped,7,32,-0.6678,0.6842,19
B_risk_stripped,7,33,-2.0158,1.0,21
B_risk_stripped,7,34,-0.6795,0.8,20
B_risk_stripped,7,35,-1.731,0.9583,24
B_risk_stripped,7,36,-1.2996,0.9583,24
B_risk_stripped,7,37,0.6649,0.0,23
B_risk_stripped,7,38,-0.417,0.5417,24
B_risk_stripped,7,39,0.2656,0.0,25
B_risk_stripped,7,40,1.0593,0.0,22
B_risk_stripped,7,41,-0.4411,0.75,20
B_risk_stripped,7,42,-1.9286,0.9545,22
B_risk_stripped,7,43,-1.1737,1.0,21
B_risk_stripped,7,44,0.0403,0.0,24
B_risk_stripped,7,45,-1.8462,1.0,17
B_risk_stripped,7,46,-0.5344,0.7368,19
B_risk_stripped,7,47,0.1199,0.0,24
B_risk_stripped,7,48,-0.3521,0.16,25
B_risk_stripped,7,49,0.7558,0.0,25
B_risk_stripped,8,0,1.3516,0.0,20
B_risk_stripped,8,1,-0.4583,0.7619,21
B_risk_stripped,8,2,0.4505,0.05,20
B_risk_stripped,8,3,-1.0989,0.9524,21
B_risk_stripped,8,4,0.9621,0.0,19
B_risk_stripped,8,5,-1.1264,1.0,24
B_risk_stripped,8,6,-1.0398,1.0,24
B_risk_stripped,8,7,-1.2499,1.0,25
B_risk_stripped,8,8,0.048,0.6,25
B_risk_stripped,8,9,1.22,0.0,25
B_risk_stripped,8,10,-0.8259,1.0,23
B_risk_stripped,8,11,0.2326,0.2273,22
B_risk_stripped,8,12,-0.0607,0.1176,17
B_risk_stripped,8,13,-1.0191,1.0,17
B_risk_stripped,8,14,0.9185,0.0,19
B_risk_stripped,8,15,-0.5896,0.88,25
B_risk_stripped,8,16,0.5489,0.0,23
B_risk_stripped,8,17,0.1857,0.3636,22
B_risk_stripped,8,18,1.4788,0.0,22
B_risk_stripped,8,19,0.2602,0.1304,23
B_risk_stripped,8,20,0.9102,0.0,22
B_risk_stripped,8,21,-0.0289,0.76,25
B_risk_stripped,8,22,-1.1977,0.9545,22
B_risk_stripped,8,23,1.6568,0.0,22
B_risk_stripped,8,24,-1.9134,1.0,21
B_risk_stripped,8,25,-1.1836,1.0,19
B_risk_stripped,8,26,1.0794,0.0,23
B_risk_stripped,8,27,1.3407,0.0,21
B_risk_stripped,8,28,-0.2759,0.8696,23
B_risk_stripped,8,29,1.8053,0.0,23
B_risk_stripped,8,30,0.1022,0.4,20
B_risk_stripped,8,31,0.1083,0.4091,22
B_risk_stripped,8,32,-0.4144,0.8947,19
B_risk_stripped,8,33,-0.7084,1.0,25
B_risk_stripped,8,34,1.1177,0.0,23
B_risk_stripped,8,35,0.2596,0.2381,21
B_risk_stripped,8,36,-0.7533,0.9,20
B_risk_stripped,8,37,0.2762,0.0526,19
B_risk_stripped,8,38,-0.4232,0.9167,24
B_risk_stripped,8,39,1.9183,0.0,19
B_risk_stripped,8,40,-0.2915,0.8571,21
B_risk_stripped,8,41,1.4534,0.0,21
B_risk_stripped,8,42,-0.2518,0.7917,24
B_risk_stripped,8,43,-0.5511,0.88,25
B_risk_stripped,8,44,-1.9279,1.0,23
B_risk_stripped,8,45,-0.6919,0.9167,24
B_risk_stripped,8,46,0.9888,0.0,25
B_risk_stripped,8,47,0.1664,0.48,25
B_risk_stripped,8,48,-0.1704,0.68,25
B_risk_stripped,8,49,0.7794,0.0,24
B_risk_stripped,9,0,-0.0103,0.2353,17
B_risk_stripped,9,1,0.7679,0.0,23
B_risk_stripped,9,2,-2.2485,1.0,21
B_risk_stripped,9,3,-0.2808,0.5714,21
B_risk_stripped,9,4,0.4796,0.04,25
B_risk_stripped,9,5,1.4053,0.0,22
B_risk_stripped,9,6,-1.1459,1.0,24
B_risk_stripped,9,7,-0.6862,0.9524,21
B_risk_stripped,9,8,-0.5374,0.9048,21
B_risk_stripped,9,9,0.4602,0.0,21
B_risk_stripped,9,10,-0.8148,1.0,20
B_risk_stripped,9,11,-0.0818,0.25,20
B_risk_stripped,9,12,-2.0592,0.9545,22
B_risk_stripped,9,13,-1.4223,1.0,24
B_risk_stripped,9,14,0.5832,0.0,22
B_risk_stripped,9,15,1.2583,0.0,21
B_risk_stripped,9,16,0.6256,0.0,23
B_risk_stripped,9,17,1.521,0.0,23
B_risk_stripped,9,18,-0.3626,0.875,24
B_risk_stripped,9,19,-0.6109,0.9474,19
B_risk_stripped,9,20,-0.9962,0.9524,21
B_risk_stripped,9,21,-0.2228,0.8636,22
B_risk_stripped,9,22,1.4499,0.0,25
B_risk_stripped,9,23,-0.0522,0.3333,21
B_risk_stripped,9,24,-0.5891,0.8947,19
B_risk_stripped,9,25,-1.1439,1.0,17
B_risk_stripped,9,26,-0.1361,0.5833,24
B_risk_stripped,9,27,0.0146,0.6667,21
B_risk_stripped,9,28,-0.762,0.95,20
B_risk_stripped,9,29,1.9569,0.0,24
B_risk_stripped,9,30,0.146,0.05,20
B_risk_stripped,9,31,1.2646,0.0,22
B_risk_stripped,9,32,0.2376,0.2222,18
B_risk_stripped,9,33,2.1532,0.0,25
B_risk_stripped,9,34,2.1833,0.0,23
B_risk_stripped,9,35,-0.0803,0.625,24
B_risk_stripped,9,36,-1.0335,0.96,25
B_risk_stripped,9,37,-1.1382,1.0,25
B_risk_stripped,9,38,-0.6725,0.9583,24
B_risk_stripped,9,39,-0.4054,0.72,25
B_risk_stripped,9,40,1.2084,0.0,25
B_risk_stripped,9,41,-0.2356,0.7391,23
B_risk_stripped,9,42,-1.0214,1.0,25
B_risk_stripped,9,43,0.3589,0.0476,21
B_risk_stripped,9,44,-0.1187,0.6842,19
B_risk_stripped,9,45,1.4685,0.0,23
B_risk_stripped,9,46,0.777,0.0,22
B_risk_stripped,9,47,-0.3731,0.9167,24
B_risk_stripped,9,48,-0.8483,1.0,23
B_risk_stripped,9,49,-0.0534,0.56,25
B_risk_only,0,0,-1.569,1.0,21
B_risk_only,0,1,0.2741,0.0435,23
B_risk_only,0,2,-0.6922,0.95,20
B_risk_only,0,3,-0.0593,0.0952,21
B_risk_only,0,4,0.7879,0.0,23
B_risk_only,0,5,1.6908,0.0,23
B_risk_only,0,6,-1.0229,1.0,20
B_risk_only,0,7,0.2647,0.0,21
B_risk_only,0,8,1.4514,0.0,19
B_risk_only,0,9,-0.1589,0.0435,23
B_risk_only,0,10,-2.8514,1.0,23
B_risk_only,0,11,-0.1776,0.2381,21
B_risk_only,0,12,0.3964,0.0,22
B_risk_only,0,13,-0.8931,0.8333,24
B_risk_only,0,14,2.0074,0.0,23
B_risk_only,0,15,-0.3747,0.6818,22
B_risk_only,0,16,0.2964,0.0,24
B_risk_only,0,17,-0.2527,0.6,20
B_risk_only,0,18,1.7695,0.0,21
B_risk_only,0,19,-1.4278,1.0,22
B_risk_only,0,20,-0.7665,0.95,20
B_risk_only,0,21,-0.9857,0.95,20
B_risk_only,0,22,0.4612,0.0,22
B_risk_only,0,23,0.3403,0.0,19
B_risk_only,0,24,-0.9764,1.0,19
B_risk_only,0,25,2.9254,0.0,21
B_risk_only,0,26,-1.3813,1.0,21
B_risk_only,0,27,0.0947,0.0,21
B_risk_only,0,28,-1.5072,1.0,21
B_risk_only,0,29,0.3689,0.0,24
B_risk_only,0,30,0.1493,0.0,25
B_risk_only,0,31,0.3212,0.0,25
B_risk_only,0,32,-0.525,0.7273,22
B_risk_only,0,33,-0.8283,0.88,25
B_risk_only,0,34,-0.1964,0.1739,23
B_risk_only,0,35,1.5852,0.0,23
B_risk_only,0,36,0.2385,0.0,22
B_risk_only,0,37,-0.0108,0.087,23
B_risk_only,0,38,-0.4231,0.4211,19
B_risk_only,0,39,0.5899,0.0,22
B_risk_only,0,40,0.2172,0.1304,23
B_risk_only,0,41,-0.9145,1.0,23
B_risk_only,0,42,1.0257,0.0,22
B_risk_only,0,43,-0.4644,0.7917,24
B_risk_only,0,44,0.7888,0.0,25
B_risk_only,0,45,0.0717,0.0,20
B_risk_only,0,46,-0.0735,0.0476,21
B_risk_only,0,47,-0.9101,0.9524,21
B_risk_only,0,48,0.9034,0.0,20
B_risk_only,0,49,0.1931,0.0,23
B_risk_only,1,0,1.0528,0.0,23
B_risk_only,1,1,-0.3379,0.3043,23
B_risk_only,1,2,0.898,0.0,25
B_risk_only,1,3,-0.6792,0.9091,22
B_risk_only,1,4,-0.559,0.55,20
B_risk_only,1,5,0.4646,0.0,22
B_risk_only,1,6,-0.641,0.7826,23
B_risk_only,1,7,-0.6729,0.92,25
B_risk_only,1,8,1.4108,0.0,22
B_risk_only,1,9,-0.2027,0.3182,22
B_risk_only,1,10,-0.9689,1.0,24
B_risk_only,1,11,-0.081,0.0,20
B_risk_only,1,12,0.3239,0.0,19
B_risk_only,1,13,-0.9563,0.8636,22
B_risk_only,1,14,-0.2769,0.4091,22
B_risk_only,1,15,-0.5407,0.7083,24
B_risk_only,1,16,-1.0962,1.0,25
B_risk_only,1,17,-2.1,1.0,24
B_risk_only,1,18,-0.6001,0.9091,22
B_risk_only,1,19,0.7738,0.0,22
B_risk_only,1,20,1.0027,0.0,23
B_risk_only,1,21,-0.6691,0.7273,22
B_risk_only,1,22,-1.4862,1.0,21
B_risk_only,1,23,0.14,0.0,18
B_risk_only,1,24,-1.0003,0.9474,19
B_risk_only,1,25,-0.0114,0.0,24
B_risk_only,1,26,-1.1275,0.96,25
B_risk_only,1,27,1.1934,0.0,25
B_risk_only,1,28,1.6177,0.0,21
B_risk_only,1,29,0.6132,0.0,17
B_risk_only,1,30,-0.1068,0.28,25
B_risk_only,1,31,0.7829,0.0,22
B_risk_only,1,32,-0.5723,0.65,20
B_risk_only,1,33,-0.0971,0.05,20
B_risk_only,1,34,0.2272,0.0,18
B_risk_only,1,35,-0.5516,0.8182,22
B_risk_only,1,36,1.9899,0.0,21
B_risk_only,1,37,-0.5172,0.9565,23
B_risk_only,1,38,-0.14,0.0435,23
B_risk_only,1,39,-0.5151,0.7368,19
B_risk_only,1,40,2.2352,0.0,22
B_risk_only,1,41,-1.1901,0.9583,24
B_risk_only,1,42,-1.2356,1.0,22
B_risk_only,1,43,-0.9574,1.0,20
B_risk_only,1,44,-0.324,0.4545,22
B_risk_only,1,45,0.7002,0.0,23
B_risk_only,1,46,1.3117,0.0,20
B_risk_only,1,47,0.8041,0.0,22
B_risk_only,1,48,0.0936,0.0,21
B_risk_only,1,49,-2.2629,1.0,20
B_risk_only,2,0,0.8765,0.0,23
B_risk_only,2,1,-1.7461,0.9444,18
B_risk_only,2,2,0.0191,0.7391,23
B_risk_only,2,3,0.3056,0.4,20
B_risk_only,2,4,1.4089,0.0,22
B_risk_only,2,5,0.3466,0.2,20
B_risk_only,2,6,0.2651,0.45,20
B_risk_only,2,7,0.2947,0.7727,22
B_risk_only,2,8,2.0811,0.0,21
B_risk_only,2,9,0.3496,0.2917,24
B_risk_only,2,10,-1.3829,1.0,18
B_risk_only,2,11,1.0976,0.0,25
B_risk_only,2,12,1.7772,0.0,25
B_risk_only,2,13,0.4734,0.087,23
B_risk_only,2,14,2.6504,0.0,24
B_risk_only,2,15,0.7673,0.05,20
B_risk_only,2,16,2.1412,0.0,23
B_risk_only,2,17,1.3233,0.0,22
B_risk_only,2,18,0.7587,0.0,24
B_risk_only,2,19,-0.9575,0.9565,23
B_risk_only,2,20,0.9142,0.0,21
B_risk_only,2,21,1.1108,0.0,23
B_risk_only,2,22,0.002,0.7619,21
B_risk_only,2,23,0.5487,0.0417,24
B_risk_only,2,24,1.1989,0.0,22
B_risk_only,2,25,-1.7732,1.0,24
B_risk_only,2,26,0.4987,0.0455,22
B_risk_only,2,27,1.8253,0.0,23
B_risk_only,2,28,1.0215,0.0,20
B_risk_only,2,29,0.8838,0.0,20
B_risk_only,2,30,2.0824,0.0,18
B_risk_only,2,31,0.0391,0.9524,21
B_risk_only,2,32,-1.3404,1.0,23
B_risk_only,2,33,-0.5939,1.0,25
B_risk_only,2,34,1.3643,0.0,25
B_risk_only,2,35,2.2002,0.0,23
B_risk_only,2,36,-0.0125,0.875,24
B_risk_only,2,37,2.0355,0.0,22
B_risk_only,2,38,-1.1303,0.9167,24
B_risk_only,2,39,1.8196,0.0,22
B_risk_only,2,40,1.2409,0.0,21
B_risk_only,2,41,-0.7634,0.9091,22
B_risk_only,2,42,1.2428,0.0,20
B_risk_only,2,43,0.4513,0.4545,22
B_risk_only,2,44,0.7212,0.0,18
B_risk_only,2,45,0.9389,0.0,22
B_risk_only,2,46,-1.2738,1.0,22
B_risk_only,2,47,0.0709,0.65,20
B_risk_only,2,48,-0.5698,1.0,21
B_risk_only,2,49,-0.3255,1.0,25
B_risk_only,3,0,-1.8286,0.9524,21
B_risk_only,3,1,-2.9643,0.9474,19
B_risk_only,3,2,-0.3278,0.05,20
B_risk_only,3,3,-1.5325,0.9583,24
B_risk_only,3,4,-1.0241,0.9545,22
B_risk_only,3,5,-0.5793,0.5714,21
B_risk_only,3,6,0.1741,0.0,17
B_risk_only,3,7,0.0217,0.0,24
B_risk_only,3,8,-1.2671,0.9524,21
B_risk_only,3,9,-0.0632,0.0,23
B_risk_only,3,10,-0.4152,0.1429,21
B_risk_only,3,11,-2.127,0.8571,21
B_risk_only,3,12,0.6675,0.0,24
B_risk_only,3,13,0.1476,0.0,21
B_risk_only,3,14,-0.4094,0.3043,23
B_risk_only,3,15,-0.9938,0.85,20
B_risk_only,3,16,0.7016,0.0,21
B_risk_only,3,17,-1.5142,1.0,25
B_risk_only,3,18,0.8555,0.0,21
B_risk_only,3,19,-0.1588,0.0,18
B_risk_only,3,20,1.1935,0.0,20
B_risk_only,3,21,-1.2374,0.9524,21
B_risk_only,3,22,-0.2841,0.0952,21
B_risk_only,3,23,-1.7816,0.9091,22
B_risk_only,3,24,0.2958,0.0,22
B_risk_only,3,25,0.1905,0.0,21
B_risk_only,3,26,-2.5309,1.0,24
B_risk_only,3,27,-0.5173,0.2917,24
B_risk_only,3,28,-0.3871,0.24,25
B_risk_only,3,29,-0.288,0.0833,24
B_risk_only,3,30,0.2334,0.0,21
B_risk_only,3,31,-2.1442,1.0,23
B_risk_only,3,32,0.3384,0.0,21
B_risk_only,3,33,-0.7519,0.7826,23
B_risk_only,3,34,-0.0566,0.0,22
B_risk_only,3,35,-1.4156,0.9524,21
B_risk_only,3,36,-0.8645,0.9048,21
B_risk_only,3,37,1.4697,0.0,20
B_risk_only,3,38,-1.4889,0.9524,21
B_risk_only,3,39,-1.2424,1.0,21
B_risk_only,3,40,0.5848,0.0,25
B_risk_only,3,41,1.0079,0.0,24
B_risk_only,3,42,0.6417,0.0,23
B_risk_only,3,43,-0.2435,0.0,25
B_risk_only,3,44,-0.35,0.0455,22
B_risk_only,3,45,-0.7755,0.9091,22
B_risk_only,3,46,-0.7057,0.8261,23
B_risk_only,3,47,-1.2124,0.9583,24
B_risk_only,3,48,0.4385,0.0,24
B_risk_only,3,49,-0.7291,0.7727,22
B_risk_only,4,0,0.954,0.0,25
B_risk_only,4,1,1.6421,0.0,19
B_risk_only,4,2,0.4226,0.1304,23
B_risk_only,4,3,-0.9288,1.0,24
B_risk_only,4,4,-0.2979,0.8,25
B_risk_only,4,5,-1.3191,1.0,25
B_risk_only,4,6,1.6025,0.0,25
B_risk_only,4,7,-0.224,0.9091,22
B_risk_only,4,8,1.0446,0.0,22
B_risk_only,4,9,0.6132,0.08,25
B_risk_only,4,10,-0.0231,0.48,25
B_risk_only,4,11,0.2952,0.2105,19
B_risk_only,4,12,1.1641,0.0,22
B_risk_only,4,13,-1.2982,1.0,24
B_risk_only,4,14,-0.1746,0.6111,18
B_risk_only,4,15,1.373,0.0,25
B_risk_only,4,16,1.1374,0.0,20
B_risk_only,4,17,1.3887,0.0,20
B_risk_only,4,18,-0.6533,1.0,22
B_risk_only,4,19,0.4888,0.0909,22
B_risk_only,4,20,1.2509,0.0,22
B_risk_only,4,21,0.6513,0.0,21
B_risk_only,4,22,0.7722,0.0,23
B_risk_only,4,23,1.0977,0.0,25
B_risk_only,4,24,-1.2809,0.96,25
B_risk_only,4,25,-0.4901,0.9565,23
B_risk_only,4,26,-1.2333,1.0,25
B_risk_only,4,27,0.4955,0.0,22
B_risk_only,4,28,0.56,0.0,22
B_risk_only,4,29,-0.1973,0.64,25
B_risk_only,4,30,-0.1611,0.8,25
B_risk_only,4,31,0.9264,0.0,25
B_risk_only,4,32,1.137,0.0,24
B_risk_only,4,33,0.6288,0.0,24
B_risk_only,4,34,1.1744,0.0,22
B_risk_only,4,35,2.2265,0.0,24
B_risk_only,4,36,-0.2166,0.9167,24
B_risk_only,4,37,1.6069,0.0,23
B_risk_only,4,38,0.069,0.5238,21
B_risk_only,4,39,-0.3053,1.0,23
B_risk_only,4,40,1.0636,0.0,19
B_risk_only,4,41,-0.1544,0.1739,23
B_risk_only,4,42,-0.3577,0.7826,23
B_risk_only,4,43,0.1791,0.2917,24
B_risk_only,4,44,-0.5131,0.9524,21
B_risk_only,4,45,0.2619,0.3043,23
B_risk_only,4,46,1.447,0.0,22
B_risk_only,4,47,1.217,0.0,16
B_risk_only,4,48,0.0908,0.3333,21
B_risk_only,4,49,-0.2986,0.9091,22
B_risk_only,5,0,-0.1368,0.6667,24
B_risk_only,5,1,-0.1008,0.8182,22
B_risk_only,5,2,1.5581,0.0,22
B_risk_only,5,3,2.1106,0.0,24
B_risk_only,5,4,1.174,0.0,22
B_risk_only,5,5,1.3072,0.0,19
B_risk_only,5,6,0.2549,0.1905,21
B_risk_only,5,7,1.0107,0.0,24
B_risk_only,5,8,-0.0983,0.9583,24
B_risk_only,5,9,0.5315,0.0,25
B_risk_only,5,10,-0.1505,0.5833,24
B_risk_only,5,11,0.7183,0.0,25
B_risk_only,5,12,-0.2339,0.7727,22
B_risk_only,5,13,0.4182,0.0,23
B_risk_only,5,14,-1.0221,1.0,21
B_risk_only,5,15,-0.2337,0.8261,23
B_risk_only,5,16,-0.5142,0.95,20
B_risk_only,5,17,0.0803,0.5,22
B_risk_only,5,18,-0.3441,0.7391,23
B_risk_only,5,19,-0.0599,0.2727,22
B_risk_only,5,20,-0.0322,0.75,24
B_risk_only,5,21,-0.0554,0.6,20
B_risk_only,5,22,0.5232,0.0,21
B_risk_only,5,23,-0.737,0.9583,24
B_risk_only,5,24,-0.77,0.96,25
B_risk_only,5,25,0.46,0.0,22
B_risk_only,5,26,0.7383,0.0,19
B_risk_only,5,27,0.8121,0.0,24
B_risk_only,5,28,-0.2191,0.8696,23
B_risk_only,5,29,-0.6589,1.0,19
B_risk_only,5,30,-0.9276,0.8571,21
B_risk_only,5,31,1.4055,0.0,18
B_risk_only,5,32,1.1195,0.0,21
B_risk_only,5,33,2.6623,0.0,22
B_risk_only,5,34,0.5628,0.0,22
B_risk_only,5,35,0.4727,0.0,24
B_risk_only,5,36,0.6911,0.0,21
B_risk_only,5,37,0.5342,0.0,22
B_risk_only,5,38,0.0287,0.25,16
B_risk_only,5,39,-1.2947,1.0,19
B_risk_only,5,40,-0.0207,0.25,16
B_risk_only,5,41,1.2938,0.0,21
B_risk_only,5,42,-1.0951,1.0,20
B_risk_only,5,43,1.0862,0.0,24
B_risk_only,5,44,-0.1947,0.6667,24
B_risk_only,5,45,0.9261,0.0,20
B_risk_only,5,46,0.4019,0.0952,21
B_risk_only,5,47,0.2532,0.0417,24
B_risk_only,5,48,-1.7202,1.0,20
B_risk_only,5,49,-0.1801,0.8,20
B_risk_only,6,0,-2.3975,1.0,19
B_risk_only,6,1,1.4656,0.0,21
B_risk_only,6,2,0.4938,0.0,18
B_risk_only,6,3,-1.1098,0.9545,22
B_risk_only,6,4,0.3646,0.0,25
B_risk_only,6,5,-0.2698,0.4,25
B_risk_only,6,6,-1.2467,0.9524,21
B_risk_only,6,7,-1.9315,0.9545,22
B_risk_only,6,8,-0.4207,0.7143,21
B_risk_only,6,9,-0.2422,0.32,25
B_risk_only,6,10,-0.9117,1.0,25
B_risk_only,6,11,0.0092,0.0,19
B_risk_only,6,12,0.4008,0.0,24
B_risk_only,6,13,0.9504,0.0,22
B_risk_only,6,14,-0.9295,1.0,21
B_risk_only,6,15,-0.1869,0.52,25
B_risk_only,6,16,-0.9874,0.9048,21
B_risk_only,6,17,0.4239,0.0,16
B_risk_only,6,18,-0.6422,0.8261,23
B_risk_only,6,19,-0.0402,0.1,20
B_risk_only,6,20,-1.1336,1.0,20
B_risk_only,6,21,0.3977,0.0,24
B_risk_only,6,22,-0.4749,0.8696,23
B_risk_only,6,23,-0.0172,0.0455,22
B_risk_only,6,24,1.0681,0.0,17
B_risk_only,6,25,0.9339,0.0,17
B_risk_only,6,26,-1.4459,1.0,18
B_risk_only,6,27,-1.2124,1.0,17
B_risk_only,6,28,1.3174,0.0,24
B_risk_only,6,29,0.9602,0.0,25
B_risk_only,6,30,-0.3594,0.72,25
B_risk_only,6,31,0.1994,0.0,25
B_risk_only,6,32,1.0414,0.0,25
B_risk_only,6,33,-1.0912,1.0,21
B_risk_only,6,34,-1.9717,1.0,24
B_risk_only,6,35,-2.1992,0.9524,21
B_risk_only,6,36,-0.8806,0.9545,22
B_risk_only,6,37,2.5442,0.0,23
B_risk_only,6,38,-1.1784,0.8571,21
B_risk_only,6,39,-0.49,0.3043,23
B_risk_only,6,40,-0.1252,0.04,25
B_risk_only,6,41,-1.2536,0.9545,22
B_risk_only,6,42,0.1916,0.0,20
B_risk_only,6,43,0.9719,0.0,24
B_risk_only,6,44,-2.024,1.0,21
B_risk_only,6,45,-1.4388,0.9565,23
B_risk_only,6,46,-1.1623,1.0,25
B_risk_only,6,47,1.6043,0.0,25
B_risk_only,6,48,-0.2717,0.25,20
B_risk_only,6,49,0.098,0.1304,23
B_risk_only,7,0,1.3049,0.0,22
B_risk_only,7,1,0.0211,0.0435,23
B_risk_only,7,2,-0.7805,1.0,20
B_risk_only,7,3,0.0374,0.0,25
B_risk_only,7,4,0.2,0.0,25
B_risk_only,7,5,-0.634,0.56,25
B_risk_only,7,6,-1.2997,1.0,20
B_risk_only,7,7,-0.2328,0.2,25
B_risk_only,7,8,-0.5015,0.65,20
B_risk_only,7,9,0.4683,0.0,21
B_risk_only,7,10,-0.71,0.5714,21
B_risk_only,7,11,-1.152,1.0,22
B_risk_only,7,12,-0.2077,0.05,20
B_risk_only,7,13,0.0481,0.0,24
B_risk_only,7,14,-0.7526,0.7895,19
B_risk_only,7,15,-1.4761,0.95,20
B_risk_only,7,16,-1.1884,0.9583,24
B_risk_only,7,17,0.6311,0.0,24
B_risk_only,7,18,-0.7413,0.95,20
B_risk_only,7,19,-0.1,0.0952,21
B_risk_only,7,20,0.3457,0.0,24
B_risk_only,7,21,-1.3686,1.0,21
B_risk_only,7,22,-1.244,1.0,17
B_risk_only,7,23,0.4976,0.0,19
B_risk_only,7,24,0.3081,0.0,20
B_risk_only,7,25,-1.3073,1.0,19
B_risk_only,7,26,-1.7525,1.0,22
B_risk_only,7,27,-1.2899,1.0,22
B_risk_only,7,28,-0.6799,0.72,25
B_risk_only,7,29,0.9965,0.0,25
B_risk_only,7,30,-0.0377,0.0,22
B_risk_only,7,31,-0.343,0.2917,24
B_risk_only,7,32,-0.6678,0.72,25
B_risk_only,7,33,-2.0158,0.9545,22
B_risk_only,7,34,-0.6795,0.5,18
B_risk_only,7,35,-1.731,0.9583,24
B_risk_only,7,36,-1.2996,0.96,25
B_risk_only,7,37,0.6649,0.0,23
B_risk_only,7,38,-0.417,0.3158,19
B_risk_only,7,39,0.2656,0.0,22
B_risk_only,7,40,1.0593,0.0,20
B_risk_only,7,41,-0.4411,0.5,22
B_risk_only,7,42,-1.9286,1.0,20
B_risk_only,7,43,-1.1737,1.0,19
B_risk_only,7,44,0.0403,0.0,21
B_risk_only,7,45,-1.8462,0.95,20
B_risk_only,7,46,-0.5344,0.5882,17
B_risk_only,7,47,0.1199,0.0,20
B_risk_only,7,48,-0.3521,0.1667,18
B_risk_only,7,49,0.7558,0.0,22
B_risk_only,8,0,1.3516,0.0,22
B_risk_only,8,1,-0.4583,0.84,25
B_risk_only,8,2,0.4505,0.0,22
B_risk_only,8,3,-1.0989,0.913,23
B_risk_only,8,4,0.9621,0.0,25
B_risk_only,8,5,-1.1264,0.9524,21
B_risk_only,8,6,-1.0398,1.0,23
B_risk_only,8,7,-1.2499,1.0,20
B_risk_only,8,8,0.048,0.45,20
B_risk_only,8,9,1.22,0.0,23
B_risk_only,8,10,-0.8259,1.0,20
B_risk_only,8,11,0.2326,0.2,20
B_risk_only,8,12,-0.0607,0.2273,22
B_risk_only,8,13,-1.0191,0.95,20
B_risk_only,8,14,0.9185,0.0,24
B_risk_only,8,15,-0.5896,0.8947,19
B_risk_only,8,16,0.5489,0.0,17
B_risk_only,8,17,0.1857,0.2105,19
B_risk_only,8,18,1.4788,0.0,24
B_risk_only,8,19,0.2602,0.0588,17
B_risk_only,8,20,0.9102,0.0,25
B_risk_only,8,21,-0.0289,0.6667,21
B_risk_only,8,22,-1.1977,1.0,20
B_risk_only,8,23,1.6568,0.0,22
B_risk_only,8,24,-1.9134,0.95,20
B_risk_only,8,25,-1.1836,1.0,20
B_risk_only,8,26,1.0794,0.0,20
B_risk_only,8,27,1.3407,0.0,25
B_risk_only,8,28,-0.2759,0.875,24
B_risk_only,8,29,1.8053,0.0,23
B_risk_only,8,30,0.1022,0.2353,17
B_risk_only,8,31,0.1083,0.2,25
B_risk_only,8,32,-0.4144,0.8095,21
B_risk_only,8,33,-0.7084,0.9524,21
B_risk_only,8,34,1.1177,0.0,19
B_risk_only,8,35,0.2596,0.087,23
B_risk_only,8,36,-0.7533,1.0,22
B_risk_only,8,37,0.2762,0.0526,19
B_risk_only,8,38,-0.4232,0.9474,19
B_risk_only,8,39,1.9183,0.0,21
B_risk_only,8,40,-0.2915,0.7917,24
B_risk_only,8,41,1.4534,0.0,25
B_risk_only,8,42,-0.2518,0.8261,23
B_risk_only,8,43,-0.5511,0.9048,21
B_risk_only,8,44,-1.9279,1.0,22
B_risk_only,8,45,-0.6919,0.9524,21
B_risk_only,8,46,0.9888,0.0,22
B_risk_only,8,47,0.1664,0.3,20
B_risk_only,8,48,-0.1704,0.65,20
B_risk_only,8,49,0.7794,0.0,18
B_risk_only,9,0,-0.0103,0.0455,22
B_risk_only,9,1,0.7679,0.0,22
B_risk_only,9,2,-2.2485,1.0,18
B_risk_only,9,3,-0.2808,0.6,20
B_risk_only,9,4,0.4796,0.0,21
B_risk_only,9,5,1.4053,0.0,22
B_risk_only,9,6,-1.1459,1.0,20
B_risk_only,9,7,-0.6862,0.8947,19
B_risk_only,9,8,-0.5374,1.0,18
B_risk_only,9,9,0.4602,0.0,22
B_risk_only,9,10,-0.8148,1.0,22
B_risk_only,9,11,-0.0818,0.2381,21
B_risk_only,9,12,-2.0592,0.9524,21
B_risk_only,9,13,-1.4223,1.0,23
B_risk_only,9,14,0.5832,0.0,20
B_risk_only,9,15,1.2583,0.0,19
B_risk_only,9,16,0.6256,0.0,21
B_risk_only,9,17,1.521,0.0,21
B_risk_only,9,18,-0.3626,0.8571,21
B_risk_only,9,19,-0.6109,0.8947,19
B_risk_only,9,20,-0.9962,0.9167,24
B_risk_only,9,21,-0.2228,0.95,20
B_risk_only,9,22,1.4499,0.0,25
B_risk_only,9,23,-0.0522,0.12,25
B_risk_only,9,24,-0.5891,0.7727,22
B_risk_only,9,25,-1.1439,1.0,19
B_risk_only,9,26,-0.1361,0.375,16
B_risk_only,9,27,0.0146,0.32,25
B_risk_only,9,28,-0.762,0.9583,24
B_risk_only,9,29,1.9569,0.0,20
B_risk_only,9,30,0.146,0.0,23
B_risk_only,9,31,1.2646,0.0,19
B_risk_only,9,32,0.2376,0.2143,14
B_risk_only,9,33,2.1532,0.0,21
B_risk_only,9,34,2.1833,0.0,22
B_risk_only,9,35,-0.0803,0.44,25
B_risk_only,9,36,-1.0335,0.96,25
B_risk_only,9,37,-1.1382,0.9048,21
B_risk_only,9,38,-0.6725,0.9524,21
B_risk_only,9,39,-0.4054,0.4211,19
B_risk_only,9,40,1.2084,0.0,22
B_risk_only,9,41,-0.2356,0.6364,22
B_risk_only,9,42,-1.0214,1.0,20
B_risk_only,9,43,0.3589,0.1,20
B_risk_only,9,44,-0.1187,0.5455,22
B_risk_only,9,45,1.4685,0.0,22
B_risk_only,9,46,0.777,0.0,22
B_risk_only,9,47,-0.3731,0.625,24
B_risk_only,9,48,-0.8483,1.0,25
B_risk_only,9,49,-0.0534,0.24,25
A_w1_direct,0,0,-1.569,1.0,21
A_w1_direct,0,1,0.2741,0.2222,18
A_w1_direct,0,2,-0.6922,0.9545,22
A_w1_direct,0,3,-0.0593,0.3333,21
A_w1_direct,0,4,0.7879,0.0,23
A_w1_direct,0,5,1.6908,0.0,16
A_w1_direct,0,6,-1.0229,1.0,24
A_w1_direct,0,7,0.2647,0.2,25
A_w1_direct,0,8,1.4514,0.0,24
A_w1_direct,0,9,-0.1589,0.4091,22
A_w1_direct,0,10,-2.8514,1.0,24
A_w1_direct,0,11,-0.1776,0.7778,18
A_w1_direct,0,12,0.3964,0.0,20
A_w1_direct,0,13,-0.8931,0.913,23
A_w1_direct,0,14,2.0074,0.0,19
A_w1_direct,0,15,-0.3747,0.8095,21
A_w1_direct,0,16,0.2964,0.0909,22
A_w1_direct,0,17,-0.2527,1.0,21
A_w1_direct,0,18,1.7695,0.0,16
A_w1_direct,0,19,-1.4278,1.0,21
A_w1_direct,0,20,-0.7665,1.0,23
A_w1_direct,0,21,-0.9857,1.0,20
A_w1_direct,0,22,0.4612,0.0,18
A_w1_direct,0,23,0.3403,0.0833,24
A_w1_direct,0,24,-0.9764,1.0,21
A_w1_direct,0,25,2.9254,0.0,18
A_w1_direct,0,26,-1.3813,1.0,19
A_w1_direct,0,27,0.0947,0.4091,22
A_w1_direct,0,28,-1.5072,1.0,24
A_w1_direct,0,29,0.3689,0.0526,19
A_w1_direct,0,30,0.1493,0.15,20
A_w1_direct,0,31,0.3212,0.1364,22
A_w1_direct,0,32,-0.525,0.9545,22
A_w1_direct,0,33,-0.8283,0.9545,22
A_w1_direct,0,34,-0.1964,0.5238,21
A_w1_direct,0,35,1.5852,0.0,21
A_w1_direct,0,36,0.2385,0.0,20
A_w1_direct,0,37,-0.0108,0.3125,16
A_w1_direct,0,38,-0.4231,0.8,20
A_w1_direct,0,39,0.5899,0.0,18
A_w1_direct,0,40,0.2172,0.5,16
A_w1_direct,0,41,-0.9145,1.0,20
A_w1_direct,0,42,1.0257,0.05,20
A_w1_direct,0,43,-0.4644,0.95,20
A_w1_direct,0,44,0.7888,0.0,18
A_w1_direct,0,45,0.0717,0.2609,23
A_w1_direct,0,46,-0.0735,0.4,20
A_w1_direct,0,47,-0.9101,1.0,22
A_w1_direct,0,48,0.9034,0.1111,18
A_w1_direct,0,49,0.1931,0.125,16
A_w1_direct,1,0,1.0528,0.0,24
A_w1_direct,1,1,-0.3379,0.8,25
A_w1_direct,1,2,0.898,0.0,25
A_w1_direct,1,3,-0.6792,1.0,23
A_w1_direct,1,4,-0.559,0.8,20
A_w1_direct,1,5,0.4646,0.0,25
A_w1_direct,1,6,-0.641,0.96,25
A_w1_direct,1,7,-0.6729,1.0,25
A_w1_direct,1,8,1.4108,0.0,24
A_w1_direct,1,9,-0.2027,0.8095,21
A_w1_direct,1,10,-0.9689,1.0,21
A_w1_direct,1,11,-0.081,0.2143,14
A_w1_direct,1,12,0.3239,0.2941,17
A_w1_direct,1,13,-0.9563,0.9412,17
A_w1_direct,1,14,-0.2769,0.7368,19
A_w1_direct,1,15,-0.5407,0.9524,21
A_w1_direct,1,16,-1.0962,1.0,25
A_w1_direct,1,17,-2.1,1.0,21
A_w1_direct,1,18,-0.6001,1.0,23
A_w1_direct,1,19,0.7738,0.0,24
A_w1_direct,1,20,1.0027,0.0,19
A_w1_direct,1,21,-0.6691,0.95,20
A_w1_direct,1,22,-1.4862,1.0,22
A_w1_direct,1,23,0.14,0.4,20
A_w1_direct,1,24,-1.0003,1.0,21
A_w1_direct,1,25,-0.0114,0.2353,17
A_w1_direct,1,26,-1.1275,1.0,23
A_w1_direct,1,27,1.1934,0.0,25
A_w1_direct,1,28,1.6177,0.0,22
A_w1_direct,1,29,0.6132,0.0,22
A_w1_direct,1,30,-0.1068,0.55,20
A_w1_direct,1,31,0.7829,0.0,22
A_w1_direct,1,32,-0.5723,0.9474,19
A_w1_direct,1,33,-0.0971,0.381,21
A_w1_direct,1,34,0.2272,0.0526,19
A_w1_direct,1,35,-0.5516,0.9474,19
A_w1_direct,1,36,1.9899,0.0,16
A_w1_direct,1,37,-0.5172,0.9444,18
A_w1_direct,1,38,-0.14,0.5909,22
A_w1_direct,1,39,-0.5151,0.9444,18
A_w1_direct,1,40,2.2352,0.0526,19
A_w1_direct,1,41,-1.1901,1.0,23
A_w1_direct,1,42,-1.2356,1.0,21
A_w1_direct,1,43,-0.9574,1.0,20
A_w1_direct,1,44,-0.324,0.75,20
A_w1_direct,1,45,0.7002,0.0,20
A_w1_direct,1,46,1.3117,0.0,21
A_w1_direct,1,47,0.8041,0.0556,18
A_w1_direct,1,48,0.0936,0.25,24
A_w1_direct,1,49,-2.2629,1.0,21
A_w1_direct,2,0,0.8765,0.04,25
A_w1_direct,2,1,-1.7461,0.96,25
A_w1_direct,2,2,0.0191,0.92,25
A_w1_direct,2,3,0.3056,0.84,25
A_w1_direct,2,4,1.4089,0.0,22
A_w1_direct,2,5,0.3466,0.7,20
A_w1_direct,2,6,0.2651,0.8235,17
A_w1_direct,2,7,0.2947,0.9545,22
A_w1_direct,2,8,2.0811,0.0,20
A_w1_direct,2,9,0.3496,0.8333,18
A_w1_direct,2,10,-1.3829,1.0,22
A_w1_direct,2,11,1.0976,0.0,22
A_w1_direct,2,12,1.7772,0.0,19
A_w1_direct,2,13,0.4734,0.5455,22
A_w1_direct,2,14,2.6504,0.0,23
A_w1_direct,2,15,0.7673,0.4,20
A_w1_direct,2,16,2.1412,0.0,22
A_w1_direct,2,17,1.3233,0.0,20
A_w1_direct,2,18,0.7587,0.1176,17
A_w1_direct,2,19,-0.9575,1.0,23
A_w1_direct,2,20,0.9142,0.15,20
A_w1_direct,2,21,1.1108,0.0,18
A_w1_direct,2,22,0.002,0.9524,21
A_w1_direct,2,23,0.5487,0.2222,18
A_w1_direct,2,24,1.1989,0.05,20
A_w1_direct,2,25,-1.7732,1.0,23
A_w1_direct,2,26,0.4987,0.4762,21
A_w1_direct,2,27,1.8253,0.0,18
A_w1_direct,2,28,1.0215,0.0,19
A_w1_direct,2,29,0.8838,0.0455,22
A_w1_direct,2,30,2.0824,0.0,21
A_w1_direct,2,31,0.0391,1.0,18
A_w1_direct,2,32,-1.3404,1.0,24
A_w1_direct,2,33,-0.5939,1.0,20
A_w1_direct,2,34,1.3643,0.0,25
A_w1_direct,2,35,2.2002,0.0,18
A_w1_direct,2,36,-0.0125,0.9583,24
A_w1_direct,2,37,2.0355,0.0,19
A_w1_direct,2,38,-1.1303,1.0,20
A_w1_direct,2,39,1.8196,0.0,21
A_w1_direct,2,40,1.2409,0.0,22
A_w1_direct,2,41,-0.7634,1.0,22
A_w1_direct,2,42,1.2428,0.0,20
A_w1_direct,2,43,0.4513,0.7143,21
A_w1_direct,2,44,0.7212,0.2917,24
A_w1_direct,2,45,0.9389,0.1818,22
A_w1_direct,2,46,-1.2738,1.0,20
A_w1_direct,2,47,0.0709,0.8636,22
A_w1_direct,2,48,-0.5698,1.0,19
A_w1_direct,2,49,-0.3255,1.0,22
A_w1_direct,3,0,-1.8286,1.0,19
A_w1_direct,3,1,-2.9643,0.8947,19
A_w1_direct,3,2,-0.3278,0.6818,22
A_w1_direct,3,3,-1.5325,1.0,19
A_w1_direct,3,4,-1.0241,0.95,20
A_w1_direct,3,5,-0.5793,0.7826,23
A_w1_direct,3,6,0.1741,0.0588,17
A_w1_direct,3,7,0.0217,0.1875,16
A_w1_direct,3,8,-1.2671,1.0,20
A_w1_direct,3,9,-0.0632,0.1818,22
A_w1_direct,3,10,-0.4152,0.6,15
A_w1_direct,3,11,-2.127,0.9583,24
A_w1_direct,3,12,0.6675,0.0,19
A_w1_direct,3,13,0.1476,0.0476,21
A_w1_direct,3,14,-0.4094,0.7,20
A_w1_direct,3,15,-0.9938,0.9545,22
A_w1_direct,3,16,0.7016,0.0,16
A_w1_direct,3,17,-1.5142,1.0,23
A_w1_direct,3,18,0.8555,0.0,23
A_w1_direct,3,19,-0.1588,0.3333,21
A_w1_direct,3,20,1.1935,0.05,20
A_w1_direct,3,21,-1.2374,1.0,21
A_w1_direct,3,22,-0.2841,0.2778,18
A_w1_direct,3,23,-1.7816,1.0,21
A_w1_direct,3,24,0.2958,0.0,21
A_w1_direct,3,25,0.1905,0.0833,24
A_w1_direct,3,26,-2.5309,1.0,19
A_w1_direct,3,27,-0.5173,0.7143,21
A_w1_direct,3,28,-0.3871,0.4375,16
A_w1_direct,3,29,-0.288,0.4737,19
A_w1_direct,3,30,0.2334,0.0,19
A_w1_direct,3,31,-2.1442,1.0,19
A_w1_direct,3,32,0.3384,0.0,21
A_w1_direct,3,33,-0.7519,0.8095,21
A_w1_direct,3,34,-0.0566,0.0556,18
A_w1_direct,3,35,-1.4156,1.0,23
A_w1_direct,3,36,-0.8645,0.9048,21
A_w1_direct,3,37,1.4697,0.0,18
A_w1_direct,3,38,-1.4889,0.9545,22
A_w1_direct,3,39,-1.2424,1.0,23
A_w1_direct,3,40,0.5848,0.0,22
A_w1_direct,3,41,1.0079,0.0,17
A_w1_direct,3,42,0.6417,0.0588,17
A_w1_direct,3,43,-0.2435,0.3043,23
A_w1_direct,3,44,-0.35,0.5455,22
A_w1_direct,3,45,-0.7755,0.9524,21
A_w1_direct,3,46,-0.7057,1.0,19
A_w1_direct,3,47,-1.2124,0.9583,24
A_w1_direct,3,48,0.4385,0.0,18
A_w1_direct,3,49,-0.7291,0.913,23
A_w1_direct,4,0,0.954,0.0,21
A_w1_direct,4,1,1.6421,0.0,19
A_w1_direct,4,2,0.4226,0.4211,19
A_w1_direct,4,3,-0.9288,1.0,17
A_w1_direct,4,4,-0.2979,1.0,23
A_w1_direct,4,5,-1.3191,1.0,23
A_w1_direct,4,6,1.6025,0.0,16
A_w1_direct,4,7,-0.224,0.9545,22
A_w1_direct,4,8,1.0446,0.0556,18
A_w1_direct,4,9,0.6132,0.4118,17
A_w1_direct,4,10,-0.0231,0.9333,15
A_w1_direct,4,11,0.2952,0.6364,22
A_w1_direct,4,12,1.1641,0.0,24
A_w1_direct,4,13,-1.2982,1.0,22
A_w1_direct,4,14,-0.1746,1.0,12
A_w1_direct,4,15,1.373,0.0,17
A_w1_direct,4,16,1.1374,0.0,22
A_w1_direct,4,17,1.3887,0.0625,16
A_w1_direct,4,18,-0.6533,1.0,20
A_w1_direct,4,19,0.4888,0.12,25
A_w1_direct,4,20,1.2509,0.0,25
A_w1_direct,4,21,0.6513,0.04,25
A_w1_direct,4,22,0.7722,0.0625,16
A_w1_direct,4,23,1.0977,0.0,20
A_w1_direct,4,24,-1.2809,1.0,22
A_w1_direct,4,25,-0.4901,1.0,21
A_w1_direct,4,26,-1.2333,1.0,23
A_w1_direct,4,27,0.4955,0.2,15
A_w1_direct,4,28,0.56,0.15,20
A_w1_direct,4,29,-0.1973,1.0,22
A_w1_direct,4,30,-0.1611,0.9167,24
A_w1_direct,4,31,0.9264,0.0,20
A_w1_direct,4,32,1.137,0.0,25
A_w1_direct,4,33,0.6288,0.0455,22
A_w1_direct,4,34,1.1744,0.0,19
A_w1_direct,4,35,2.2265,0.0,20
A_w1_direct,4,36,-0.2166,1.0,22
A_w1_direct,4,37,1.6069,0.0,19
A_w1_direct,4,38,0.069,0.7368,19
A_w1_direct,4,39,-0.3053,1.0,19
A_w1_direct,4,40,1.0636,0.0,23
A_w1_direct,4,41,-0.1544,0.7143,21
A_w1_direct,4,42,-0.3577,0.9474,19
A_w1_direct,4,43,0.1791,0.5789,19
A_w1_direct,4,44,-0.5131,0.9444,18
A_w1_direct,4,45,0.2619,0.8261,23
A_w1_direct,4,46,1.447,0.0,18
A_w1_direct,4,47,1.217,0.0455,22
A_w1_direct,4,48,0.0908,0.6429,14
A_w1_direct,4,49,-0.2986,1.0,22
A_w1_direct,5,0,-0.1368,1.0,19
A_w1_direct,5,1,-0.1008,1.0,22
A_w1_direct,5,2,1.5581,0.0455,22
A_w1_direct,5,3,2.1106,0.0,20
A_w1_direct,5,4,1.174,0.0,18
A_w1_direct,5,5,1.3072,0.0,18
A_w1_direct,5,6,0.2549,0.2778,18
A_w1_direct,5,7,1.0107,0.0,23
A_w1_direct,5,8,-0.0983,1.0,25
A_w1_direct,5,9,0.5315,0.1667,24
A_w1_direct,5,10,-0.1505,0.9091,22
A_w1_direct,5,11,0.7183,0.0,22
A_w1_direct,5,12,-0.2339,0.9524,21
A_w1_direct,5,13,0.4182,0.3,20
A_w1_direct,5,14,-1.0221,1.0,18
A_w1_direct,5,15,-0.2337,1.0,20
A_w1_direct,5,16,-0.5142,1.0,21
A_w1_direct,5,17,0.0803,0.8421,19
A_w1_direct,5,18,-0.3441,0.8095,21
A_w1_direct,5,19,-0.0599,0.7647,17
A_w1_direct,5,20,-0.0322,0.9545,22
A_w1_direct,5,21,-0.0554,0.8261,23
A_w1_direct,5,22,0.5232,0.2,20
A_w1_direct,5,23,-0.737,1.0,22
A_w1_direct,5,24,-0.77,1.0,19
A_w1_direct,5,25,0.46,0.1765,17
A_w1_direct,5,26,0.7383,0.0,22
A_w1_direct,5,27,0.8121,0.0,16
A_w1_direct,5,28,-0.2191,0.9333,15
A_w1_direct,5,29,-0.6589,1.0,20
A_w1_direct,5,30,-0.9276,0.9,20
A_w1_direct,5,31,1.4055,0.0,17
A_w1_direct,5,32,1.1195,0.0,18
A_w1_direct,5,33,2.6623,0.0526,19
A_w1_direct,5,34,0.5628,0.1818,22
A_w1_direct,5,35,0.4727,0.15,20
A_w1_direct,5,36,0.6911,0.05,20
A_w1_direct,5,37,0.5342,0.0667,15
A_w1_direct,5,38,0.0287,0.5833,24
A_w1_direct,5,39,-1.2947,1.0,17
A_w1_direct,5,40,-0.0207,0.8421,19
A_w1_direct,5,41,1.2938,0.0526,19
A_w1_direct,5,42,-1.0951,1.0,24
A_w1_direct,5,43,1.0862,0.0,20
A_w1_direct,5,44,-0.1947,0.9048,21
A_w1_direct,5,45,0.9261,0.0,14
A_w1_direct,5,46,0.4019,0.4167,24
A_w1_direct,5,47,0.2532,0.4706,17
A_w1_direct,5,48,-1.7202,1.0,21
A_w1_direct,5,49,-0.1801,0.9565,23
A_w1_direct,6,0,-2.3975,1.0,19
A_w1_direct,6,1,1.4656,0.0,23
A_w1_direct,6,2,0.4938,0.0526,19
A_w1_direct,6,3,-1.1098,1.0,23
A_w1_direct,6,4,0.3646,0.1,20
A_w1_direct,6,5,-0.2698,0.7826,23
A_w1_direct,6,6,-1.2467,1.0,19
A_w1_direct,6,7,-1.9315,1.0,22
A_w1_direct,6,8,-0.4207,0.8571,21
A_w1_direct,6,9,-0.2422,0.6,20
A_w1_direct,6,10,-0.9117,1.0,24
A_w1_direct,6,11,0.0092,0.1667,18
A_w1_direct,6,12,0.4008,0.0476,21
A_w1_direct,6,13,0.9504,0.0,21
A_w1_direct,6,14,-0.9295,1.0,22
A_w1_direct,6,15,-0.1869,0.7619,21
A_w1_direct,6,16,-0.9874,1.0,21
A_w1_direct,6,17,0.4239,0.05,20
A_w1_direct,6,18,-0.6422,0.9375,16
A_w1_direct,6,19,-0.0402,0.4706,17
A_w1_direct,6,20,-1.1336,1.0,23
A_w1_direct,6,21,0.3977,0.0952,21
A_w1_direct,6,22,-0.4749,0.8947,19
A_w1_direct,6,23,-0.0172,0.5,16
A_w1_direct,6,24,1.0681,0.0,19
A_w1_direct,6,25,0.9339,0.0,18
A_w1_direct,6,26,-1.4459,1.0,18
A_w1_direct,6,27,-1.2124,1.0,22
A_w1_direct,6,28,1.3174,0.0,21
A_w1_direct,6,29,0.9602,0.0,20
A_w1_direct,6,30,-0.3594,0.85,20
A_w1_direct,6,31,0.1994,0.1579,19
A_w1_direct,6,32,1.0414,0.0,22
A_w1_direct,6,33,-1.0912,1.0,22
A_w1_direct,6,34,-1.9717,1.0,21
A_w1_direct,6,35,-2.1992,0.95,20
A_w1_direct,6,36,-0.8806,0.95,20
A_w1_direct,6,37,2.5442,0.0,18
A_w1_direct,6,38,-1.1784,1.0,21
A_w1_direct,6,39,-0.49,0.7368,19
A_w1_direct,6,40,-0.1252,0.5714,21
A_w1_direct,6,41,-1.2536,1.0,21
A_w1_direct,6,42,0.1916,0.2381,21
A_w1_direct,6,43,0.9719,0.0,24
A_w1_direct,6,44,-2.024,1.0,20
A_w1_direct,6,45,-1.4388,1.0,22
A_w1_direct,6,46,-1.1623,1.0,21
A_w1_direct,6,47,1.6043,0.0,20
A_w1_direct,6,48,-0.2717,0.7273,22
A_w1_direct,6,49,0.098,0.2632,19
A_w1_direct,7,0,1.3049,0.0,24
A_w1_direct,7,1,0.0211,0.0833,24
A_w1_direct,7,2,-0.7805,0.92,25
A_w1_direct,7,3,0.0374,0.125,24
A_w1_direct,7,4,0.2,0.0417,24
A_w1_direct,7,5,-0.634,0.84,25
A_w1_direct,7,6,-1.2997,1.0,25
A_w1_direct,7,7,-0.2328,0.3158,19
A_w1_direct,7,8,-0.5015,0.8571,21
A_w1_direct,7,9,0.4683,0.0,17
A_w1_direct,7,10,-0.71,0.6957,23
A_w1_direct,7,11,-1.152,1.0,22
A_w1_direct,7,12,-0.2077,0.4762,21
A_w1_direct,7,13,0.0481,0.3478,23
A_w1_direct,7,14,-0.7526,0.9545,22
A_w1_direct,7,15,-1.4761,1.0,22
A_w1_direct,7,16,-1.1884,1.0,22
A_w1_direct,7,17,0.6311,0.0,19
A_w1_direct,7,18,-0.7413,1.0,21
A_w1_direct,7,19,-0.1,0.3636,22
A_w1_direct,7,20,0.3457,0.0,25
A_w1_direct,7,21,-1.3686,1.0,18
A_w1_direct,7,22,-1.244,1.0,22
A_w1_direct,7,23,0.4976,0.0,24
A_w1_direct,7,24,0.3081,0.0,24
A_w1_direct,7,25,-1.3073,1.0,21
A_w1_direct,7,26,-1.7525,1.0,23
A_w1_direct,7,27,-1.2899,1.0,21
A_w1_direct,7,28,-0.6799,0.85,20
A_w1_direct,7,29,0.9965,0.0,23
A_w1_direct,7,30,-0.0377,0.1667,18
A_w1_direct,7,31,-0.343,0.619,21
A_w1_direct,7,32,-0.6678,0.9,20
A_w1_direct,7,33,-2.0158,1.0,23
A_w1_direct,7,34,-0.6795,0.9524,21
A_w1_direct,7,35,-1.731,0.9545,22
A_w1_direct,7,36,-1.2996,1.0,21
A_w1_direct,7,37,0.6649,0.0,22
A_w1_direct,7,38,-0.417,0.6667,21
A_w1_direct,7,39,0.2656,0.0588,17
A_w1_direct,7,40,1.0593,0.0455,22
A_w1_direct,7,41,-0.4411,0.6875,16
A_w1_direct,7,42,-1.9286,1.0,22
A_w1_direct,7,43,-1.1737,1.0,20
A_w1_direct,7,44,0.0403,0.0588,17
A_w1_direct,7,45,-1.8462,0.9545,22
A_w1_direct,7,46,-0.5344,0.913,23
A_w1_direct,7,47,0.1199,0.05,20
A_w1_direct,7,48,-0.3521,0.3,20
A_w1_direct,7,49,0.7558,0.0,21
A_w1_direct,8,0,1.3516,0.0,19
A_w1_direct,8,1,-0.4583,0.8947,19
A_w1_direct,8,2,0.4505,0.2727,22
A_w1_direct,8,3,-1.0989,1.0,20
A_w1_direct,8,4,0.9621,0.0,19
A_w1_direct,8,5,-1.1264,1.0,25
A_w1_direct,8,6,-1.0398,1.0,24
A_w1_direct,8,7,-1.2499,1.0,23
A_w1_direct,8,8,0.048,0.7273,22
A_w1_direct,8,9,1.22,0.0,21
A_w1_direct,8,10,-0.8259,1.0,18
A_w1_direct,8,11,0.2326,0.4762,21
A_w1_direct,8,12,-0.0607,0.5833,24
A_w1_direct,8,13,-1.0191,1.0,25
A_w1_direct,8,14,0.9185,0.0,23
A_w1_direct,8,15,-0.5896,1.0,22
A_w1_direct,8,16,0.5489,0.0526,19
A_w1_direct,8,17,0.1857,0.5,22
A_w1_direct,8,18,1.4788,0.0,19
A_w1_direct,8,19,0.2602,0.5217,23
A_w1_direct,8,20,0.9102,0.0,19
A_w1_direct,8,21,-0.0289,0.913,23
A_w1_direct,8,22,-1.1977,1.0,21
A_w1_direct,8,23,1.6568,0.0,18
A_w1_direct,8,24,-1.9134,1.0,21
A_w1_direct,8,25,-1.1836,1.0,23
A_w1_direct,8,26,1.0794,0.0,21
A_w1_direct,8,27,1.3407,0.0,23
A_w1_direct,8,28,-0.2759,1.0,18
A_w1_direct,8,29,1.8053,0.0455,22
A_w1_direct,8,30,0.1022,0.8421,19
A_w1_direct,8,31,0.1083,0.7,20
A_w1_direct,8,32,-0.4144,0.9565,23
A_w1_direct,8,33,-0.7084,1.0,21
A_w1_direct,8,34,1.1177,0.0,20
A_w1_direct,8,35,0.2596,0.36,25
A_w1_direct,8,36,-0.7533,0.9583,24
A_w1_direct,8,37,0.2762,0.2778,18
A_w1_direct,8,38,-0.4232,1.0,22
A_w1_direct,8,39,1.9183,0.0,19
A_w1_direct,8,40,-0.2915,0.875,24
A_w1_direct,8,41,1.4534,0.0,22
A_w1_direct,8,42,-0.2518,0.9545,22
A_w1_direct,8,43,-0.5511,0.9444,18
A_w1_direct,8,44,-1.9279,1.0,25
A_w1_direct,8,45,-0.6919,0.9524,21
A_w1_direct,8,46,0.9888,0.05,20
A_w1_direct,8,47,0.1664,0.8182,22
A_w1_direct,8,48,-0.1704,0.6842,19
A_w1_direct,8,49,0.7794,0.087,23
A_w1_direct,9,0,-0.0103,0.6667,21
A_w1_direct,9,1,0.7679,0.0,16
A_w1_direct,9,2,-2.2485,1.0,25
A_w1_direct,9,3,-0.2808,0.96,25
A_w1_direct,9,4,0.4796,0.04,25
A_w1_direct,9,5,1.4053,0.0,20
A_w1_direct,9,6,-1.1459,1.0,19
A_w1_direct,9,7,-0.6862,1.0,18
A_w1_direct,9,8,-0.5374,1.0,21
A_w1_direct,9,9,0.4602,0.0,17
A_w1_direct,9,10,-0.8148,1.0,25
A_w1_direct,9,11,-0.0818,0.64,25
A_w1_direct,9,12,-2.0592,1.0,23
A_w1_direct,9,13,-1.4223,1.0,22
A_w1_direct,9,14,0.5832,0.0,22
A_w1_direct,9,15,1.2583,0.05,20
A_w1_direct,9,16,0.6256,0.0,22
A_w1_direct,9,17,1.521,0.0,21
A_w1_direct,9,18,-0.3626,0.9474,19
A_w1_direct,9,19,-0.6109,1.0,20
A_w1_direct,9,20,-0.9962,1.0,18
A_w1_direct,9,21,-0.2228,1.0,18
A_w1_direct,9,22,1.4499,0.0,18
A_w1_direct,9,23,-0.0522,0.5455,22
A_w1_direct,9,24,-0.5891,0.9583,24
A_w1_direct,9,25,-1.1439,1.0,22
A_w1_direct,9,26,-0.1361,0.8,20
A_w1_direct,9,27,0.0146,0.8421,19
A_w1_direct,9,28,-0.762,1.0,22
A_w1_direct,9,29,1.9569,0.0417,24
A_w1_direct,9,30,0.146,0.2,25
A_w1_direct,9,31,1.2646,0.0,25
A_w1_direct,9,32,0.2376,0.4286,21
A_w1_direct,9,33,2.1532,0.0,19
A_w1_direct,9,34,2.1833,0.0435,23
A_w1_direct,9,35,-0.0803,0.8125,16
A_w1_direct,9,36,-1.0335,0.95,20
A_w1_direct,9,37,-1.1382,1.0,22
A_w1_direct,9,38,-0.6725,1.0,24
A_w1_direct,9,39,-0.4054,0.85,20
A_w1_direct,9,40,1.2084,0.0476,21
A_w1_direct,9,41,-0.2356,0.84,25
A_w1_direct,9,42,-1.0214,1.0,21
A_w1_direct,9,43,0.3589,0.2105,19
A_w1_direct,9,44,-0.1187,0.8636,22
A_w1_direct,9,45,1.4685,0.0476,21
A_w1_direct,9,46,0.777,0.0,21
A_w1_direct,9,47,-0.3731,1.0,21
A_w1_direct,9,48,-0.8483,1.0,22
A_w1_direct,9,49,-0.0534,0.7222,18
A_w1_coded,0,0,-1.569,1.0,20
A_w1_coded,0,1,0.2741,0.2222,18
A_w1_coded,0,2,-0.6922,0.9524,21
A_w1_coded,0,3,-0.0593,0.3333,18
A_w1_coded,0,4,0.7879,0.0,20
A_w1_coded,0,5,1.6908,0.0,19
A_w1_coded,0,6,-1.0229,1.0,23
A_w1_coded,0,7,0.2647,0.1905,21
A_w1_coded,0,8,1.4514,0.0,22
A_w1_coded,0,9,-0.1589,0.2941,17
A_w1_coded,0,10,-2.8514,0.9524,21
A_w1_coded,0,11,-0.1776,0.6111,18
A_w1_coded,0,12,0.3964,0.0,20
A_w1_coded,0,13,-0.8931,0.7895,19
A_w1_coded,0,14,2.0074,0.0476,21
A_w1_coded,0,15,-0.3747,0.7391,23
A_w1_coded,0,16,0.2964,0.0,16
A_w1_coded,0,17,-0.2527,1.0,19
A_w1_coded,0,18,1.7695,0.0,23
A_w1_coded,0,19,-1.4278,1.0,25
A_w1_coded,0,20,-0.7665,0.96,25
A_w1_coded,0,21,-0.9857,1.0,23
A_w1_coded,0,22,0.4612,0.0,21
A_w1_coded,0,23,0.3403,0.0476,21
A_w1_coded,0,24,-0.9764,1.0,15
A_w1_coded,0,25,2.9254,0.0,20
A_w1_coded,0,26,-1.3813,1.0,24
A_w1_coded,0,27,0.0947,0.28,25
A_w1_coded,0,28,-1.5072,1.0,23
A_w1_coded,0,29,0.3689,0.0,19
A_w1_coded,0,30,0.1493,0.125,16
A_w1_coded,0,31,0.3212,0.1,20
A_w1_coded,0,32,-0.525,0.8182,22
A_w1_coded,0,33,-0.8283,0.9444,18
A_w1_coded,0,34,-0.1964,0.4286,21
A_w1_coded,0,35,1.5852,0.0,20
A_w1_coded,0,36,0.2385,0.0,15
A_w1_coded,0,37,-0.0108,0.2778,18
A_w1_coded,0,38,-0.4231,0.7059,17
A_w1_coded,0,39,0.5899,0.0,18
A_w1_coded,0,40,0.2172,0.1875,16
A_w1_coded,0,41,-0.9145,1.0,25
A_w1_coded,0,42,1.0257,0.0,22
A_w1_coded,0,43,-0.4644,0.8636,22
A_w1_coded,0,44,0.7888,0.0,24
A_w1_coded,0,45,0.0717,0.1739,23
A_w1_coded,0,46,-0.0735,0.381,21
A_w1_coded,0,47,-0.9101,1.0,22
A_w1_coded,0,48,0.9034,0.0,20
A_w1_coded,0,49,0.1931,0.0526,19
A_w1_coded,1,0,1.0528,0.0,20
A_w1_coded,1,1,-0.3379,0.65,20
A_w1_coded,1,2,0.898,0.0,20
A_w1_coded,1,3,-0.6792,0.9412,17
A_w1_coded,1,4,-0.559,0.75,16
A_w1_coded,1,5,0.4646,0.0,19
A_w1_coded,1,6,-0.641,0.8571,21
A_w1_coded,1,7,-0.6729,0.9,20
A_w1_coded,1,8,1.4108,0.0,19
A_w1_coded,1,9,-0.2027,0.6364,22
A_w1_coded,1,10,-0.9689,1.0,19
A_w1_coded,1,11,-0.081,0.2353,17
A_w1_coded,1,12,0.3239,0.0526,19
A_w1_coded,1,13,-0.9563,0.8261,23
A_w1_coded,1,14,-0.2769,0.5,16
A_w1_coded,1,15,-0.5407,0.9,20
A_w1_coded,1,16,-1.0962,1.0,16
A_w1_coded,1,17,-2.1,1.0,24
A_w1_coded,1,18,-0.6001,0.9,20
A_w1_coded,1,19,0.7738,0.0,21
A_w1_coded,1,20,1.0027,0.0,19
A_w1_coded,1,21,-0.6691,0.7647,17
A_w1_coded,1,22,-1.4862,1.0,20
A_w1_coded,1,23,0.14,0.1818,22
A_w1_coded,1,24,-1.0003,0.9545,22
A_w1_coded,1,25,-0.0114,0.2941,17
A_w1_coded,1,26,-1.1275,1.0,17
A_w1_coded,1,27,1.1934,0.0,18
A_w1_coded,1,28,1.6177,0.0,20
A_w1_coded,1,29,0.6132,0.0,21
A_w1_coded,1,30,-0.1068,0.4211,19
A_w1_coded,1,31,0.7829,0.0,15
A_w1_coded,1,32,-0.5723,0.7368,19
A_w1_coded,1,33,-0.0971,0.2727,22
A_w1_coded,1,34,0.2272,0.0556,18
A_w1_coded,1,35,-0.5516,0.8947,19
A_w1_coded,1,36,1.9899,0.0,23
A_w1_coded,1,37,-0.5172,0.8636,22
A_w1_coded,1,38,-0.14,0.4783,23
A_w1_coded,1,39,-0.5151,0.8636,22
A_w1_coded,1,40,2.2352,0.0,18
A_w1_coded,1,41,-1.1901,0.9375,16
A_w1_coded,1,42,-1.2356,1.0,17
A_w1_coded,1,43,-0.9574,1.0,18
A_w1_coded,1,44,-0.324,0.75,24
A_w1_coded,1,45,0.7002,0.0,17
A_w1_coded,1,46,1.3117,0.0,19
A_w1_coded,1,47,0.8041,0.0588,17
A_w1_coded,1,48,0.0936,0.1905,21
A_w1_coded,1,49,-2.2629,1.0,21
A_w1_coded,2,0,0.8765,0.0,20
A_w1_coded,2,1,-1.7461,0.8889,18
A_w1_coded,2,2,0.0191,0.7895,19
A_w1_coded,2,3,0.3056,0.6842,19
A_w1_coded,2,4,1.4089,0.0,14
A_w1_coded,2,5,0.3466,0.7143,21
A_w1_coded,2,6,0.2651,0.6818,22
A_w1_coded,2,7,0.2947,0.8,20
A_w1_coded,2,8,2.0811,0.0,18
A_w1_coded,2,9,0.3496,0.6111,18
A_w1_coded,2,10,-1.3829,1.0,20
A_w1_coded,2,11,1.0976,0.0,19
A_w1_coded,2,12,1.7772,0.0,25
A_w1_coded,2,13,0.4734,0.4783,23
A_w1_coded,2,14,2.6504,0.0,25
A_w1_coded,2,15,0.7673,0.32,25
A_w1_coded,2,16,2.1412,0.0,25
A_w1_coded,2,17,1.3233,0.0,25
A_w1_coded,2,18,0.7587,0.1364,22
A_w1_coded,2,19,-0.9575,1.0,21
A_w1_coded,2,20,0.9142,0.0,20
A_w1_coded,2,21,1.1108,0.0,21
A_w1_coded,2,22,0.002,0.913,23
A_w1_coded,2,23,0.5487,0.1667,18
A_w1_coded,2,24,1.1989,0.0455,22
A_w1_coded,2,25,-1.7732,1.0,20
A_w1_coded,2,26,0.4987,0.381,21
A_w1_coded,2,27,1.8253,0.0,20
A_w1_coded,2,28,1.0215,0.05,20
A_w1_coded,2,29,0.8838,0.0,21
A_w1_coded,2,30,2.0824,0.0,21
A_w1_coded,2,31,0.0391,1.0,18
A_w1_coded,2,32,-1.3404,0.9583,24
A_w1_coded,2,33,-0.5939,1.0,18
A_w1_coded,2,34,1.3643,0.0,19
A_w1_coded,2,35,2.2002,0.0,20
A_w1_coded,2,36,-0.0125,1.0,22
A_w1_coded,2,37,2.0355,0.0,20
A_w1_coded,2,38,-1.1303,0.9,20
A_w1_coded,2,39,1.8196,0.0,23
A_w1_coded,2,40,1.2409,0.0,22
A_w1_coded,2,41,-0.7634,1.0,21
A_w1_coded,2,42,1.2428,0.0,21
A_w1_coded,2,43,0.4513,0.7619,21
A_w1_coded,2,44,0.7212,0.1905,21
A_w1_coded,2,45,0.9389,0.05,20
A_w1_coded,2,46,-1.2738,1.0,22
A_w1_coded,2,47,0.0709,0.875,24
A_w1_coded,2,48,-0.5698,1.0,22
A_w1_coded,2,49,-0.3255,1.0,21
A_w1_coded,3,0,-1.8286,1.0,21
A_w1_coded,3,1,-2.9643,0.9091,22
A_w1_coded,3,2,-0.3278,0.5,22
A_w1_coded,3,3,-1.5325,1.0,21
A_w1_coded,3,4,-1.0241,0.9,20
A_w1_coded,3,5,-0.5793,0.7619,21
A_w1_coded,3,6,0.1741,0.0556,18
A_w1_coded,3,7,0.0217,0.0556,18
A_w1_coded,3,8,-1.2671,1.0,23
A_w1_coded,3,9,-0.0632,0.05,20
A_w1_coded,3,10,-0.4152,0.4348,23
A_w1_coded,3,11,-2.127,0.96,25
A_w1_coded,3,12,0.6675,0.0,23
A_w1_coded,3,13,0.1476,0.0,17
A_w1_coded,3,14,-0.4094,0.5,20
A_w1_coded,3,15,-0.9938,0.8636,22
A_w1_coded,3,16,0.7016,0.0,22
A_w1_coded,3,17,-1.5142,1.0,22
A_w1_coded,3,18,0.8555,0.0,20
A_w1_coded,3,19,-0.1588,0.3333,18
A_w1_coded,3,20,1.1935,0.0,19
A_w1_coded,3,21,-1.2374,1.0,18
A_w1_coded,3,22,-0.2841,0.1304,23
A_w1_coded,3,23,-1.7816,0.9474,19
A_w1_coded,3,24,0.2958,0.0,17
A_w1_coded,3,25,0.1905,0.0625,16
A_w1_coded,3,26,-2.5309,1.0,20
A_w1_coded,3,27,-0.5173,0.7647,17
A_w1_coded,3,28,-0.3871,0.381,21
A_w1_coded,3,29,-0.288,0.4118,17
A_w1_coded,3,30,0.2334,0.0,18
A_w1_coded,3,31,-2.1442,1.0,20
A_w1_coded,3,32,0.3384,0.0435,23
A_w1_coded,3,33,-0.7519,0.6667,21
A_w1_coded,3,34,-0.0566,0.0,22
A_w1_coded,3,35,-1.4156,0.8889,18
A_w1_coded,3,36,-0.8645,0.9048,21
A_w1_coded,3,37,1.4697,0.0,19
A_w1_coded,3,38,-1.4889,0.95,20
A_w1_coded,3,39,-1.2424,1.0,21
A_w1_coded,3,40,0.5848,0.0,20
A_w1_coded,3,41,1.0079,0.0,23
A_w1_coded,3,42,0.6417,0.0,20
A_w1_coded,3,43,-0.2435,0.381,21
A_w1_coded,3,44,-0.35,0.3333,21
A_w1_coded,3,45,-0.7755,0.9091,22
A_w1_coded,3,46,-0.7057,0.9524,21
A_w1_coded,3,47,-1.2124,0.9524,21
A_w1_coded,3,48,0.4385,0.0,23
A_w1_coded,3,49,-0.7291,0.9444,18
A_w1_coded,4,0,0.954,0.0,24
A_w1_coded,4,1,1.6421,0.0,17
A_w1_coded,4,2,0.4226,0.2778,18
A_w1_coded,4,3,-0.9288,1.0,21
A_w1_coded,4,4,-0.2979,0.9524,21
A_w1_coded,4,5,-1.3191,1.0,22
A_w1_coded,4,6,1.6025,0.0,20
A_w1_coded,4,7,-0.224,0.9474,19
A_w1_coded,4,8,1.0446,0.0476,21
A_w1_coded,4,9,0.6132,0.2105,19
A_w1_coded,4,10,-0.0231,0.8571,21
A_w1_coded,4,11,0.2952,0.4545,22
A_w1_coded,4,12,1.1641,0.0,21
A_w1_coded,4,13,-1.2982,1.0,18
A_w1_coded,4,14,-0.1746,0.8,20
A_w1_coded,4,15,1.373,0.0,23
A_w1_coded,4,16,1.1374,0.0,21
A_w1_coded,4,17,1.3887,0.0,20
A_w1_coded,4,18,-0.6533,1.0,18
A_w1_coded,4,19,0.4888,0.0952,21
A_w1_coded,4,20,1.2509,0.0,22
A_w1_coded,4,21,0.6513,0.0,21
A_w1_coded,4,22,0.7722,0.0,21
A_w1_coded,4,23,1.0977,0.0,22
A_w1_coded,4,24,-1.2809,0.9565,23
A_w1_coded,4,25,-0.4901,0.9167,24
A_w1_coded,4,26,-1.2333,1.0,18
A_w1_coded,4,27,0.4955,0.1667,18
A_w1_coded,4,28,0.56,0.1,20
A_w1_coded,4,29,-0.1973,0.8889,18
A_w1_coded,4,30,-0.1611,0.85,20
A_w1_coded,4,31,0.9264,0.0,21
A_w1_coded,4,32,1.137,0.0,25
A_w1_coded,4,33,0.6288,0.12,25
A_w1_coded,4,34,1.1744,0.0,21
A_w1_coded,4,35,2.2265,0.0,18
A_w1_coded,4,36,-0.2166,0.9444,18
A_w1_coded,4,37,1.6069,0.0,22
A_w1_coded,4,38,0.069,0.7059,17
A_w1_coded,4,39,-0.3053,1.0,15
A_w1_coded,4,40,1.0636,0.0,21
A_w1_coded,4,41,-0.1544,0.5263,19
A_w1_coded,4,42,-0.3577,0.9524,21
A_w1_coded,4,43,0.1791,0.55,20
A_w1_coded,4,44,-0.5131,0.9091,22
A_w1_coded,4,45,0.2619,0.6,20
A_w1_coded,4,46,1.447,0.0,16
A_w1_coded,4,47,1.217,0.0,17
A_w1_coded,4,48,0.0908,0.6364,22
A_w1_coded,4,49,-0.2986,0.95,20
A_w1_coded,5,0,-0.1368,0.8,20
A_w1_coded,5,1,-0.1008,0.85,20
A_w1_coded,5,2,1.5581,0.0,23
A_w1_coded,5,3,2.1106,0.0,19
A_w1_coded,5,4,1.174,0.0,21
A_w1_coded,5,5,1.3072,0.0,20
A_w1_coded,5,6,0.2549,0.3043,23
A_w1_coded,5,7,1.0107,0.0,17
A_w1_coded,5,8,-0.0983,1.0,25
A_w1_coded,5,9,0.5315,0.15,20
A_w1_coded,5,10,-0.1505,0.8095,21
A_w1_coded,5,11,0.7183,0.0,21
A_w1_coded,5,12,-0.2339,0.8947,19
A_w1_coded,5,13,0.4182,0.1818,22
A_w1_coded,5,14,-1.0221,1.0,21
A_w1_coded,5,15,-0.2337,0.75,20
A_w1_coded,5,16,-0.5142,0.9565,23
A_w1_coded,5,17,0.0803,0.7083,24
A_w1_coded,5,18,-0.3441,0.76,25
A_w1_coded,5,19,-0.0599,0.7917,24
A_w1_coded,5,20,-0.0322,0.76,25
A_w1_coded,5,21,-0.0554,0.68,25
A_w1_coded,5,22,0.5232,0.1,20
A_w1_coded,5,23,-0.737,1.0,24
A_w1_coded,5,24,-0.77,0.96,25
A_w1_coded,5,25,0.46,0.0833,24
A_w1_coded,5,26,0.7383,0.0,22
A_w1_coded,5,27,0.8121,0.0,21
A_w1_coded,5,28,-0.2191,0.8235,17
A_w1_coded,5,29,-0.6589,0.9524,21
A_w1_coded,5,30,-0.9276,0.9524,21
A_w1_coded,5,31,1.4055,0.0,23
A_w1_coded,5,32,1.1195,0.0,24
A_w1_coded,5,33,2.6623,0.0,16
A_w1_coded,5,34,0.5628,0.0476,21
A_w1_coded,5,35,0.4727,0.2,20
A_w1_coded,5,36,0.6911,0.05,20
A_w1_coded,5,37,0.5342,0.0,17
A_w1_coded,5,38,0.0287,0.55,20
A_w1_coded,5,39,-1.2947,1.0,19
A_w1_coded,5,40,-0.0207,0.6522,23
A_w1_coded,5,41,1.2938,0.0,22
A_w1_coded,5,42,-1.0951,1.0,20
A_w1_coded,5,43,1.0862,0.0,18
A_w1_coded,5,44,-0.1947,0.7727,22
A_w1_coded,5,45,0.9261,0.0476,21
A_w1_coded,5,46,0.4019,0.381,21
A_w1_coded,5,47,0.2532,0.3333,21
A_w1_coded,5,48,-1.7202,1.0,25
A_w1_coded,5,49,-0.1801,0.88,25
A_w1_coded,6,0,-2.3975,1.0,22
A_w1_coded,6,1,1.4656,0.0,23
A_w1_coded,6,2,0.4938,0.08,25
A_w1_coded,6,3,-1.1098,0.96,25
A_w1_coded,6,4,0.3646,0.08,25
A_w1_coded,6,5,-0.2698,0.68,25
A_w1_coded,6,6,-1.2467,1.0,25
A_w1_coded,6,7,-1.9315,0.96,25
A_w1_coded,6,8,-0.4207,0.8,25
A_w1_coded,6,9,-0.2422,0.4,25
A_w1_coded,6,10,-0.9117,1.0,25
A_w1_coded,6,11,0.0092,0.04,25
A_w1_coded,6,12,0.4008,0.0417,24
A_w1_coded,6,13,0.9504,0.0,25
A_w1_coded,6,14,-0.9295,0.96,25
A_w1_coded,6,15,-0.1869,0.7,20
A_w1_coded,6,16,-0.9874,0.9474,19
A_w1_coded,6,17,0.4239,0.0,25
A_w1_coded,6,18,-0.6422,0.8182,22
A_w1_coded,6,19,-0.0402,0.3478,23
A_w1_coded,6,20,-1.1336,1.0,20
A_w1_coded,6,21,0.3977,0.087,23
A_w1_coded,6,22,-0.4749,0.95,20
A_w1_coded,6,23,-0.0172,0.52,25
A_w1_coded,6,24,1.0681,0.0,22
A_w1_coded,6,25,0.9339,0.0,22
A_w1_coded,6,26,-1.4459,1.0,21
A_w1_coded,6,27,-1.2124,1.0,21
A_w1_coded,6,28,1.3174,0.0,19
A_w1_coded,6,29,0.9602,0.0,23
A_w1_coded,6,30,-0.3594,0.8,20
A_w1_coded,6,31,0.1994,0.1,20
A_w1_coded,6,32,1.0414,0.0,20
A_w1_coded,6,33,-1.0912,1.0,21
A_w1_coded,6,34,-1.9717,1.0,21
A_w1_coded,6,35,-2.1992,0.9524,21
A_w1_coded,6,36,-0.8806,0.9545,22
A_w1_coded,6,37,2.5442,0.0,19
A_w1_coded,6,38,-1.1784,0.9048,21
A_w1_coded,6,39,-0.49,0.7083,24
A_w1_coded,6,40,-0.1252,0.3182,22
A_w1_coded,6,41,-1.2536,0.8889,18
A_w1_coded,6,42,0.1916,0.0417,24
A_w1_coded,6,43,0.9719,0.0,21
A_w1_coded,6,44,-2.024,1.0,20
A_w1_coded,6,45,-1.4388,0.9474,19
A_w1_coded,6,46,-1.1623,1.0,22
A_w1_coded,6,47,1.6043,0.0,20
A_w1_coded,6,48,-0.2717,0.6667,21
A_w1_coded,6,49,0.098,0.2174,23
A_w1_coded,7,0,1.3049,0.0,17
A_w1_coded,7,1,0.0211,0.0526,19
A_w1_coded,7,2,-0.7805,0.85,20
A_w1_coded,7,3,0.0374,0.1818,22
A_w1_coded,7,4,0.2,0.0526,19
A_w1_coded,7,5,-0.634,0.75,20
A_w1_coded,7,6,-1.2997,0.95,20
A_w1_coded,7,7,-0.2328,0.3333,21
A_w1_coded,7,8,-0.5015,0.6842,19
A_w1_coded,7,9,0.4683,0.0,20
A_w1_coded,7,10,-0.71,0.6667,21
A_w1_coded,7,11,-1.152,1.0,20
A_w1_coded,7,12,-0.2077,0.35,20
A_w1_coded,7,13,0.0481,0.2,20
A_w1_coded,7,14,-0.7526,0.9474,19
A_w1_coded,7,15,-1.4761,0.9524,21
A_w1_coded,7,16,-1.1884,0.9444,18
A_w1_coded,7,17,0.6311,0.0,22
A_w1_coded,7,18,-0.7413,1.0,21
A_w1_coded,7,19,-0.1,0.2381,21
A_w1_coded,7,20,0.3457,0.0,20
A_w1_coded,7,21,-1.3686,0.9545,22
A_w1_coded,7,22,-1.244,0.9545,22
A_w1_coded,7,23,0.4976,0.0,18
A_w1_coded,7,24,0.3081,0.0,20
A_w1_coded,7,25,-1.3073,1.0,25
A_w1_coded,7,26,-1.7525,1.0,22
A_w1_coded,7,27,-1.2899,1.0,19
A_w1_coded,7,28,-0.6799,0.8421,19
A_w1_coded,7,29,0.9965,0.0,22
A_w1_coded,7,30,-0.0377,0.1579,19
A_w1_coded,7,31,-0.343,0.5,20
A_w1_coded,7,32,-0.6678,0.8,20
A_w1_coded,7,33,-2.0158,1.0,21
A_w1_coded,7,34,-0.6795,0.7143,21
A_w1_coded,7,35,-1.731,0.9565,23
A_w1_coded,7,36,-1.2996,0.95,20
A_w1_coded,7,37,0.6649,0.0,21
A_w1_coded,7,38,-0.417,0.619,21
A_w1_coded,7,39,0.2656,0.0476,21
A_w1_coded,7,40,1.0593,0.0,25
A_w1_coded,7,41,-0.4411,0.76,25
A_w1_coded,7,42,-1.9286,1.0,21
A_w1_coded,7,43,-1.1737,0.9583,24
A_w1_coded,7,44,0.0403,0.05,20
A_w1_coded,7,45,-1.8462,0.9048,21
A_w1_coded,7,46,-0.5344,0.8636,22
A_w1_coded,7,47,0.1199,0.0,25
A_w1_coded,7,48,-0.3521,0.25,20
A_w1_coded,7,49,0.7558,0.0,20
A_w1_coded,8,0,1.3516,0.0,19
A_w1_coded,8,1,-0.4583,0.8947,19
A_w1_coded,8,2,0.4505,0.1905,21
A_w1_coded,8,3,-1.0989,1.0,22
A_w1_coded,8,4,0.9621,0.05,20
A_w1_coded,8,5,-1.1264,1.0,23
A_w1_coded,8,6,-1.0398,1.0,20
A_w1_coded,8,7,-1.2499,1.0,20
A_w1_coded,8,8,0.048,0.6818,22
A_w1_coded,8,9,1.22,0.0,20
A_w1_coded,8,10,-0.8259,1.0,20
A_w1_coded,8,11,0.2326,0.3478,23
A_w1_coded,8,12,-0.0607,0.4,25
A_w1_coded,8,13,-1.0191,1.0,23
A_w1_coded,8,14,0.9185,0.0,20
A_w1_coded,8,15,-0.5896,0.95,20
A_w1_coded,8,16,0.5489,0.0909,22
A_w1_coded,8,17,0.1857,0.4,20
A_w1_coded,8,18,1.4788,0.0,23
A_w1_coded,8,19,0.2602,0.3478,23
A_w1_coded,8,20,0.9102,0.0,20
A_w1_coded,8,21,-0.0289,0.7826,23
A_w1_coded,8,22,-1.1977,1.0,19
A_w1_coded,8,23,1.6568,0.0,20
A_w1_coded,8,24,-1.9134,1.0,22
A_w1_coded,8,25,-1.1836,1.0,21
A_w1_coded,8,26,1.0794,0.0,21
A_w1_coded,8,27,1.3407,0.0,20
A_w1_coded,8,28,-0.2759,0.9091,22
A_w1_coded,8,29,1.8053,0.0,22
A_w1_coded,8,30,0.1022,0.4091,22
A_w1_coded,8,31,0.1083,0.45,20
A_w1_coded,8,32,-0.4144,0.9091,22
A_w1_coded,8,33,-0.7084,0.9565,23
A_w1_coded,8,34,1.1177,0.0,18
A_w1_coded,8,35,0.2596,0.2727,22
A_w1_coded,8,36,-0.7533,0.8947,19
A_w1_coded,8,37,0.2762,0.1111,18
A_w1_coded,8,38,-0.4232,0.9545,22
A_w1_coded,8,39,1.9183,0.0,20
A_w1_coded,8,40,-0.2915,0.9474,19
A_w1_coded,8,41,1.4534,0.0,19
A_w1_coded,8,42,-0.2518,0.7727,22
A_w1_coded,8,43,-0.5511,0.95,20
A_w1_coded,8,44,-1.9279,1.0,19
A_w1_coded,8,45,-0.6919,0.96,25
A_w1_coded,8,46,0.9888,0.0,25
A_w1_coded,8,47,0.1664,0.6,25
A_w1_coded,8,48,-0.1704,0.72,25
A_w1_coded,8,49,0.7794,0.16,25
A_w1_coded,9,0,-0.0103,0.4,25
A_w1_coded,9,1,0.7679,0.0,25
A_w1_coded,9,2,-2.2485,1.0,24
A_w1_coded,9,3,-0.2808,0.7917,24
A_w1_coded,9,4,0.4796,0.0417,24
A_w1_coded,9,5,1.4053,0.0,22
A_w1_coded,9,6,-1.1459,1.0,22
A_w1_coded,9,7,-0.6862,0.913,23
A_w1_coded,9,8,-0.5374,0.95,20
A_w1_coded,9,9,0.4602,0.1905,21
A_w1_coded,9,10,-0.8148,1.0,20
A_w1_coded,9,11,-0.0818,0.5455,22
A_w1_coded,9,12,-2.0592,0.9524,21
A_w1_coded,9,13,-1.4223,1.0,21
A_w1_coded,9,14,0.5832,0.0,22
A_w1_coded,9,15,1.2583,0.0,19
A_w1_coded,9,16,0.6256,0.0,23
A_w1_coded,9,17,1.521,0.0,20
A_w1_coded,9,18,-0.3626,0.8,25
A_w1_coded,9,19,-0.6109,0.9048,21
A_w1_coded,9,20,-0.9962,0.95,20
A_w1_coded,9,21,-0.2228,0.9,20
A_w1_coded,9,22,1.4499,0.0,22
A_w1_coded,9,23,-0.0522,0.381,21
A_w1_coded,9,24,-0.5891,0.85,20
A_w1_coded,9,25,-1.1439,0.9583,24
A_w1_coded,9,26,-0.1361,0.7,20
A_w1_coded,9,27,0.0146,0.7778,18
A_w1_coded,9,28,-0.762,0.9583,24
A_w1_coded,9,29,1.9569,0.0,17
A_w1_coded,9,30,0.146,0.087,23
A_w1_coded,9,31,1.2646,0.0,20
A_w1_coded,9,32,0.2376,0.4211,19
A_w1_coded,9,33,2.1532,0.0,19
A_w1_coded,9,34,2.1833,0.0,22
A_w1_coded,9,35,-0.0803,0.7,20
A_w1_coded,9,36,-1.0335,0.95,20
A_w1_coded,9,37,-1.1382,0.9583,24
A_w1_coded,9,38,-0.6725,0.8421,19
A_w1_coded,9,39,-0.4054,0.875,16
A_w1_coded,9,40,1.2084,0.0,15
A_w1_coded,9,41,-0.2356,0.75,24
A_w1_coded,9,42,-1.0214,1.0,25
A_w1_coded,9,43,0.3589,0.125,24
A_w1_coded,9,44,-0.1187,0.619,21
A_w1_coded,9,45,1.4685,0.0,19
A_w1_coded,9,46,0.777,0.0,25
A_w1_coded,9,47,-0.3731,0.8571,21
A_w1_coded,9,48,-0.8483,1.0,19
A_w1_coded,9,49,-0.0534,0.7059,17
A_w0_direct,0,0,-1.569,1.0,21
A_w0_direct,0,1,0.2741,0.1364,22
A_w0_direct,0,2,-0.6922,0.9545,22
A_w0_direct,0,3,-0.0593,0.2,20
A_w0_direct,0,4,0.7879,0.0,22
A_w0_direct,0,5,1.6908,0.0,18
A_w0_direct,0,6,-1.0229,1.0,18
A_w0_direct,0,7,0.2647,0.0588,17
A_w0_direct,0,8,1.4514,0.0,18
A_w0_direct,0,9,-0.1589,0.2273,22
A_w0_direct,0,10,-2.8514,1.0,22
A_w0_direct,0,11,-0.1776,0.45,20
A_w0_direct,0,12,0.3964,0.0,19
A_w0_direct,0,13,-0.8931,0.8571,21
A_w0_direct,0,14,2.0074,0.0,24
A_w0_direct,0,15,-0.3747,0.7,20
A_w0_direct,0,16,0.2964,0.0,23
A_w0_direct,0,17,-0.2527,0.8261,23
A_w0_direct,0,18,1.7695,0.0,18
A_w0_direct,0,19,-1.4278,1.0,17
A_w0_direct,0,20,-0.7665,1.0,21
A_w0_direct,0,21,-0.9857,1.0,21
A_w0_direct,0,22,0.4612,0.0,21
A_w0_direct,0,23,0.3403,0.0476,21
A_w0_direct,0,24,-0.9764,1.0,20
A_w0_direct,0,25,2.9254,0.0,19
A_w0_direct,0,26,-1.3813,1.0,21
A_w0_direct,0,27,0.0947,0.2105,19
A_w0_direct,0,28,-1.5072,1.0,20
A_w0_direct,0,29,0.3689,0.0,17
A_w0_direct,0,30,0.1493,0.0,21
A_w0_direct,0,31,0.3212,0.0435,23
A_w0_direct,0,32,-0.525,0.7619,21
A_w0_direct,0,33,-0.8283,1.0,18
A_w0_direct,0,34,-0.1964,0.32,25
A_w0_direct,0,35,1.5852,0.0,23
A_w0_direct,0,36,0.2385,0.0,18
A_w0_direct,0,37,-0.0108,0.1364,22
A_w0_direct,0,38,-0.4231,0.4762,21
A_w0_direct,0,39,0.5899,0.0,22
A_w0_direct,0,40,0.2172,0.1579,19
A_w0_direct,0,41,-0.9145,0.9565,23
A_w0_direct,0,42,1.0257,0.0,21
A_w0_direct,0,43,-0.4644,0.7222,18
A_w0_direct,0,44,0.7888,0.0,20
A_w0_direct,0,45,0.0717,0.087,23
A_w0_direct,0,46,-0.0735,0.05,20
A_w0_direct,0,47,-0.9101,0.9545,22
A_w0_direct,0,48,0.9034,0.0,22
A_w0_direct,0,49,0.1931,0.0,24
A_w0_direct,1,0,1.0528,0.0,19
A_w0_direct,1,1,-0.3379,0.45,20
A_w0_direct,1,2,0.898,0.0,20
A_w0_direct,1,3,-0.6792,0.9,20
A_w0_direct,1,4,-0.559,0.7222,18
A_w0_direct,1,5,0.4646,0.0,20
A_w0_direct,1,6,-0.641,0.8182,22
A_w0_direct,1,7,-0.6729,0.95,20
A_w0_direct,1,8,1.4108,0.0,24
A_w0_direct,1,9,-0.2027,0.52,25
A_w0_direct,1,10,-0.9689,1.0,24
A_w0_direct,1,11,-0.081,0.0417,24
A_w0_direct,1,12,0.3239,0.08,25
A_w0_direct,1,13,-0.9563,0.9167,24
A_w0_direct,1,14,-0.2769,0.6818,22
A_w0_direct,1,15,-0.5407,0.7692,13
A_w0_direct,1,16,-1.0962,1.0,21
A_w0_direct,1,17,-2.1,1.0,25
A_w0_direct,1,18,-0.6001,0.96,25
A_w0_direct,1,19,0.7738,0.0,23
A_w0_direct,1,20,1.0027,0.0,22
A_w0_direct,1,21,-0.6691,0.75,24
A_w0_direct,1,22,-1.4862,1.0,19
A_w0_direct,1,23,0.14,0.0,22
A_w0_direct,1,24,-1.0003,0.9565,23
A_w0_direct,1,25,-0.0114,0.0909,22
A_w0_direct,1,26,-1.1275,1.0,23
A_w0_direct,1,27,1.1934,0.0,16
A_w0_direct,1,28,1.6177,0.0,23
A_w0_direct,1,29,0.6132,0.0,21
A_w0_direct,1,30,-0.1068,0.3636,22
A_w0_direct,1,31,0.7829,0.0,20
A_w0_direct,1,32,-0.5723,0.7391,23
A_w0_direct,1,33,-0.0971,0.1818,22
A_w0_direct,1,34,0.2272,0.0,20
A_w0_direct,1,35,-0.5516,0.9444,18
A_w0_direct,1,36,1.9899,0.0,20
A_w0_direct,1,37,-0.5172,0.8095,21
A_w0_direct,1,38,-0.14,0.3333,21
A_w0_direct,1,39,-0.5151,0.7619,21
A_w0_direct,1,40,2.2352,0.0,20
A_w0_direct,1,41,-1.1901,1.0,25
A_w0_direct,1,42,-1.2356,1.0,13
A_w0_direct,1,43,-0.9574,1.0,21
A_w0_direct,1,44,-0.324,0.4706,17
A_w0_direct,1,45,0.7002,0.0,20
A_w0_direct,1,46,1.3117,0.0,19
A_w0_direct,1,47,0.8041,0.0,19
A_w0_direct,1,48,0.0936,0.0417,24
A_w0_direct,1,49,-2.2629,1.0,24
A_w0_direct,2,0,0.8765,0.0,21
A_w0_direct,2,1,-1.7461,0.9474,19
A_w0_direct,2,2,0.0191,0.9545,22
A_w0_direct,2,3,0.3056,0.5789,19
A_w0_direct,2,4,1.4089,0.0,22
A_w0_direct,2,5,0.3466,0.3636,22
A_w0_direct,2,6,0.2651,0.72,25
A_w0_direct,2,7,0.2947,0.8235,17
A_w0_direct,2,8,2.0811,0.0,20
A_w0_direct,2,9,0.3496,0.5417,24
A_w0_direct,2,10,-1.3829,1.0,23
A_w0_direct,2,11,1.0976,0.0,24
A_w0_direct,2,12,1.7772,0.0,17
A_w0_direct,2,13,0.4734,0.3,20
A_w0_direct,2,14,2.6504,0.0,23
A_w0_direct,2,15,0.7673,0.0588,17
A_w0_direct,2,16,2.1412,0.0,16
A_w0_direct,2,17,1.3233,0.0,25
A_w0_direct,2,18,0.7587,0.0,21
A_w0_direct,2,19,-0.9575,1.0,23
A_w0_direct,2,20,0.9142,0.0,19
A_w0_direct,2,21,1.1108,0.0,21
A_w0_direct,2,22,0.002,0.9091,22
A_w0_direct,2,23,0.5487,0.05,20
A_w0_direct,2,24,1.1989,0.0,21
A_w0_direct,2,25,-1.7732,1.0,21
A_w0_direct,2,26,0.4987,0.0526,19
A_w0_direct,2,27,1.8253,0.0,21
A_w0_direct,2,28,1.0215,0.0,22
A_w0_direct,2,29,0.8838,0.0,23
A_w0_direct,2,30,2.0824,0.0,25
A_w0_direct,2,31,0.0391,1.0,25
A_w0_direct,2,32,-1.3404,0.9565,23
A_w0_direct,2,33,-0.5939,1.0,22
A_w0_direct,2,34,1.3643,0.0,23
A_w0_direct,2,35,2.2002,0.0,17
A_w0_direct,2,36,-0.0125,0.9048,21
A_w0_direct,2,37,2.0355,0.0,18
A_w0_direct,2,38,-1.1303,0.95,20
A_w0_direct,2,39,1.8196,0.0,25
A_w0_direct,2,40,1.2409,0.0,23
A_w0_direct,2,41,-0.7634,0.96,25
A_w0_direct,2,42,1.2428,0.0,19
A_w0_direct,2,43,0.4513,0.6,20
A_w0_direct,2,44,0.7212,0.0,20
A_w0_direct,2,45,0.9389,0.0455,22
A_w0_direct,2,46,-1.2738,1.0,21
A_w0_direct,2,47,0.0709,0.7,20
A_w0_direct,2,48,-0.5698,1.0,24
A_w0_direct,2,49,-0.3255,1.0,18
A_w0_direct,3,0,-1.8286,1.0,22
A_w0_direct,3,1,-2.9643,0.9565,23
A_w0_direct,3,2,-0.3278,0.2,20
A_w0_direct,3,3,-1.5325,1.0,21
A_w0_direct,3,4,-1.0241,0.95,20
A_w0_direct,3,5,-0.5793,0.5714,21
A_w0_direct,3,6,0.1741,0.0,19
A_w0_direct,3,7,0.0217,0.0,22
A_w0_direct,3,8,-1.2671,0.95,20
A_w0_direct,3,9,-0.0632,0.0,19
A_w0_direct,3,10,-0.4152,0.2,20
A_w0_direct,3,11,-2.127,0.9444,18
A_w0_direct,3,12,0.6675,0.0,22
A_w0_direct,3,13,0.1476,0.0,20
A_w0_direct,3,14,-0.4094,0.4167,24
A_w0_direct,3,15,-0.9938,0.9167,12
A_w0_direct,3,16,0.7016,0.0,25
A_w0_direct,3,17,-1.5142,1.0,22
A_w0_direct,3,18,0.8555,0.0,18
A_w0_direct,3,19,-0.1588,0.0556,18
A_w0_direct,3,20,1.1935,0.0,21
A_w0_direct,3,21,-1.2374,1.0,22
A_w0_direct,3,22,-0.2841,0.0909,22
A_w0_direct,3,23,-1.7816,0.9524,21
A_w0_direct,3,24,0.2958,0.0,19
A_w0_direct,3,25,0.1905,0.0,20
A_w0_direct,3,26,-2.5309,1.0,20
A_w0_direct,3,27,-0.5173,0.5455,22
A_w0_direct,3,28,-0.3871,0.3478,23
A_w0_direct,3,29,-0.288,0.24,25
A_w0_direct,3,30,0.2334,0.0,25
A_w0_direct,3,31,-2.1442,1.0,24
A_w0_direct,3,32,0.3384,0.0,25
A_w0_direct,3,33,-0.7519,0.75,20
A_w0_direct,3,34,-0.0566,0.0,22
A_w0_direct,3,35,-1.4156,0.9524,21
A_w0_direct,3,36,-0.8645,0.9091,22
A_w0_direct,3,37,1.4697,0.0,24
A_w0_direct,3,38,-1.4889,1.0,17
A_w0_direct,3,39,-1.2424,1.0,24
A_w0_direct,3,40,0.5848,0.0,20
A_w0_direct,3,41,1.0079,0.0,19
A_w0_direct,3,42,0.6417,0.0,22
A_w0_direct,3,43,-0.2435,0.1905,21
A_w0_direct,3,44,-0.35,0.25,20
A_w0_direct,3,45,-0.7755,0.9,20
A_w0_direct,3,46,-0.7057,0.8235,17
A_w0_direct,3,47,-1.2124,0.95,20
A_w0_direct,3,48,0.4385,0.0,21
A_w0_direct,3,49,-0.7291,0.9375,16
A_w0_direct,4,0,0.954,0.0,17
A_w0_direct,4,1,1.6421,0.0,21
A_w0_direct,4,2,0.4226,0.1,20
A_w0_direct,4,3,-0.9288,1.0,19
A_w0_direct,4,4,-0.2979,0.8947,19
A_w0_direct,4,5,-1.3191,1.0,22
A_w0_direct,4,6,1.6025,0.0,21
A_w0_direct,4,7,-0.224,1.0,16
A_w0_direct,4,8,1.0446,0.0,24
A_w0_direct,4,9,0.6132,0.1818,22
A_w0_direct,4,10,-0.0231,0.75,20
A_w0_direct,4,11,0.2952,0.3125,16
A_w0_direct,4,12,1.1641,0.0,21
A_w0_direct,4,13,-1.2982,1.0,22
A_w0_direct,4,14,-0.1746,0.7273,22
A_w0_direct,4,15,1.373,0.0,25
A_w0_direct,4,16,1.1374,0.0,25
A_w0_direct,4,17,1.3887,0.0,21
A_w0_direct,4,18,-0.6533,1.0,20
A_w0_direct,4,19,0.4888,0.0526,19
A_w0_direct,4,20,1.2509,0.0,23
A_w0_direct,4,21,0.6513,0.04,25
A_w0_direct,4,22,0.7722,0.0,19
A_w0_direct,4,23,1.0977,0.0,19
A_w0_direct,4,24,-1.2809,0.95,20
A_w0_direct,4,25,-0.4901,0.9444,18
A_w0_direct,4,26,-1.2333,1.0,25
A_w0_direct,4,27,0.4955,0.04,25
A_w0_direct,4,28,0.56,0.0,24
A_w0_direct,4,29,-0.1973,0.8,25
A_w0_direct,4,30,-0.1611,0.913,23
A_w0_direct,4,31,0.9264,0.0,22
A_w0_direct,4,32,1.137,0.0,21
A_w0_direct,4,33,0.6288,0.0,21
A_w0_direct,4,34,1.1744,0.0,22
A_w0_direct,4,35,2.2265,0.0,25
A_w0_direct,4,36,-0.2166,1.0,22
A_w0_direct,4,37,1.6069,0.0,23
A_w0_direct,4,38,0.069,0.5909,22
A_w0_direct,4,39,-0.3053,1.0,18
A_w0_direct,4,40,1.0636,0.0,19
A_w0_direct,4,41,-0.1544,0.15,20
A_w0_direct,4,42,-0.3577,0.8333,18
A_w0_direct,4,43,0.1791,0.3333,21
A_w0_direct,4,44,-0.5131,0.9048,21
A_w0_direct,4,45,0.2619,0.4737,19
A_w0_direct,4,46,1.447,0.0,17
A_w0_direct,4,47,1.217,0.0,19
A_w0_direct,4,48,0.0908,0.4783,23
A_w0_direct,4,49,-0.2986,1.0,25
A_w0_direct,5,0,-0.1368,0.6667,18
A_w0_direct,5,1,-0.1008,0.875,16
A_w0_direct,5,2,1.5581,0.0,22
A_w0_direct,5,3,2.1106,0.0,22
A_w0_direct,5,4,1.174,0.0,20
A_w0_direct,5,5,1.3072,0.0,18
A_w0_direct,5,6,0.2549,0.1818,22
A_w0_direct,5,7,1.0107,0.0,21
A_w0_direct,5,8,-0.0983,0.9474,19
A_w0_direct,5,9,0.5315,0.0,16
A_w0_direct,5,10,-0.1505,0.6667,15
A_w0_direct,5,11,0.7183,0.0,20
A_w0_direct,5,12,-0.2339,0.8696,23
A_w0_direct,5,13,0.4182,0.05,20
A_w0_direct,5,14,-1.0221,1.0,20
A_w0_direct,5,15,-0.2337,0.8333,18
A_w0_direct,5,16,-0.5142,1.0,16
A_w0_direct,5,17,0.0803,0.55,20
A_w0_direct,5,18,-0.3441,0.8696,23
A_w0_direct,5,19,-0.0599,0.5909,22
A_w0_direct,5,20,-0.0322,0.76,25
A_w0_direct,5,21,-0.0554,0.6522,23
A_w0_direct,5,22,0.5232,0.0556,18
A_w0_direct,5,23,-0.737,0.9583,24
A_w0_direct,5,24,-0.77,0.96,25
A_w0_direct,5,25,0.46,0.087,23
A_w0_direct,5,26,0.7383,0.0,20
A_w0_direct,5,27,0.8121,0.0,21
A_w0_direct,5,28,-0.2191,0.8571,21
A_w0_direct,5,29,-0.6589,1.0,19
A_w0_direct,5,30,-0.9276,0.95,20
A_w0_direct,5,31,1.4055,0.0,21
A_w0_direct,5,32,1.1195,0.0,20
A_w0_direct,5,33,2.6623,0.0,21
A_w0_direct,5,34,0.5628,0.0,20
A_w0_direct,5,35,0.4727,0.0,19
A_w0_direct,5,36,0.6911,0.0909,22
A_w0_direct,5,37,0.5342,0.0,19
A_w0_direct,5,38,0.0287,0.3684,19
A_w0_direct,5,39,-1.2947,1.0,22
A_w0_direct,5,40,-0.0207,0.5,20
A_w0_direct,5,41,1.2938,0.0,18
A_w0_direct,5,42,-1.0951,1.0,18
A_w0_direct,5,43,1.0862,0.0,25
A_w0_direct,5,44,-0.1947,0.7895,19
A_w0_direct,5,45,0.9261,0.0,21
A_w0_direct,5,46,0.4019,0.2273,22
A_w0_direct,5,47,0.2532,0.0952,21
A_w0_direct,5,48,-1.7202,1.0,17
A_w0_direct,5,49,-0.1801,0.7619,21
A_w0_direct,6,0,-2.3975,1.0,20
A_w0_direct,6,1,1.4656,0.0,18
A_w0_direct,6,2,0.4938,0.0,19
A_w0_direct,6,3,-1.1098,0.9474,19
A_w0_direct,6,4,0.3646,0.0,21
A_w0_direct,6,5,-0.2698,0.35,20
A_w0_direct,6,6,-1.2467,1.0,21
A_w0_direct,6,7,-1.9315,0.9444,18
A_w0_direct,6,8,-0.4207,0.76,25
A_w0_direct,6,9,-0.2422,0.4,20
A_w0_direct,6,10,-0.9117,1.0,20
A_w0_direct,6,11,0.0092,0.0625,16
A_w0_direct,6,12,0.4008,0.0,19
A_w0_direct,6,13,0.9504,0.0,21
A_w0_direct,6,14,-0.9295,1.0,19
A_w0_direct,6,15,-0.1869,0.5,18
A_w0_direct,6,16,-0.9874,1.0,20
A_w0_direct,6,17,0.4239,0.0,25
A_w0_direct,6,18,-0.6422,0.8889,18
A_w0_direct,6,19,-0.0402,0.1176,17
A_w0_direct,6,20,-1.1336,1.0,17
A_w0_direct,6,21,0.3977,0.0,20
A_w0_direct,6,22,-0.4749,0.9091,22
A_w0_direct,6,23,-0.0172,0.2857,21
A_w0_direct,6,24,1.0681,0.0,20
A_w0_direct,6,25,0.9339,0.0,20
A_w0_direct,6,26,-1.4459,1.0,18
A_w0_direct,6,27,-1.2124,1.0,21
A_w0_direct,6,28,1.3174,0.0,17
A_w0_direct,6,29,0.9602,0.0,17
A_w0_direct,6,30,-0.3594,0.7273,22
A_w0_direct,6,31,0.1994,0.0,20
A_w0_direct,6,32,1.0414,0.0,18
A_w0_direct,6,33,-1.0912,1.0,15
A_w0_direct,6,34,-1.9717,1.0,22
A_w0_direct,6,35,-2.1992,0.9474,19
A_w0_direct,6,36,-0.8806,0.9444,18
A_w0_direct,6,37,2.5442,0.0,17
A_w0_direct,6,38,-1.1784,0.8947,19
A_w0_direct,6,39,-0.49,0.5882,17
A_w0_direct,6,40,-0.1252,0.2105,19
A_w0_direct,6,41,-1.2536,1.0,19
A_w0_direct,6,42,0.1916,0.0,18
A_w0_direct,6,43,0.9719,0.0,21
A_w0_direct,6,44,-2.024,1.0,21
A_w0_direct,6,45,-1.4388,1.0,18
A_w0_direct,6,46,-1.1623,1.0,15
A_w0_direct,6,47,1.6043,0.0,17
A_w0_direct,6,48,-0.2717,0.5,22
A_w0_direct,6,49,0.098,0.1765,17
A_w0_direct,7,0,1.3049,0.0,17
A_w0_direct,7,1,0.0211,0.0526,19
A_w0_direct,7,2,-0.7805,0.9524,21
A_w0_direct,7,3,0.0374,0.0417,24
A_w0_direct,7,4,0.2,0.0,25
A_w0_direct,7,5,-0.634,0.6087,23
A_w0_direct,7,6,-1.2997,1.0,21
A_w0_direct,7,7,-0.2328,0.2174,23
A_w0_direct,7,8,-0.5015,0.75,24
A_w0_direct,7,9,0.4683,0.0,23
A_w0_direct,7,10,-0.71,0.5263,19
A_w0_direct,7,11,-1.152,1.0,19
A_w0_direct,7,12,-0.2077,0.08,25
A_w0_direct,7,13,0.0481,0.0,24
A_w0_direct,7,14,-0.7526,0.8571,21
A_w0_direct,7,15,-1.4761,0.9286,14
A_w0_direct,7,16,-1.1884,1.0,22
A_w0_direct,7,17,0.6311,0.0,20
A_w0_direct,7,18,-0.7413,1.0,17
A_w0_direct,7,19,-0.1,0.2105,19
A_w0_direct,7,20,0.3457,0.0,17
A_w0_direct,7,21,-1.3686,1.0,20
A_w0_direct,7,22,-1.244,0.9474,19
A_w0_direct,7,23,0.4976,0.0,17
A_w0_direct,7,24,0.3081,0.0,21
A_w0_direct,7,25,-1.3073,1.0,20
A_w0_direct,7,26,-1.7525,1.0,20
A_w0_direct,7,27,-1.2899,1.0,21
A_w0_direct,7,28,-0.6799,0.8095,21
A_w0_direct,7,29,0.9965,0.0,20
A_w0_direct,7,30,-0.0377,0.1053,19
A_w0_direct,7,31,-0.343,0.3125,16
A_w0_direct,7,32,-0.6678,0.6667,18
A_w0_direct,7,33,-2.0158,1.0,20
A_w0_direct,7,34,-0.6795,0.75,20
A_w0_direct,7,35,-1.731,0.95,20
A_w0_direct,7,36,-1.2996,1.0,18
A_w0_direct,7,37,0.6649,0.0,20
A_w0_direct,7,38,-0.417,0.48,25
A_w0_direct,7,39,0.2656,0.0,19
A_w0_direct,7,40,1.0593,0.0,23
A_w0_direct,7,41,-0.4411,0.5,18
A_w0_direct,7,42,-1.9286,1.0,25
A_w0_direct,7,43,-1.1737,0.9583,24
A_w0_direct,7,44,0.0403,0.0,22
A_w0_direct,7,45,-1.8462,0.95,20
A_w0_direct,7,46,-0.5344,0.8421,19
A_w0_direct,7,47,0.1199,0.0,21
A_w0_direct,7,48,-0.3521,0.1765,17
A_w0_direct,7,49,0.7558,0.0,20
A_w0_direct,8,0,1.3516,0.0,24
A_w0_direct,8,1,-0.4583,0.88,25
A_w0_direct,8,2,0.4505,0.087,23
A_w0_direct,8,3,-1.0989,1.0,17
A_w0_direct,8,4,0.9621,0.0,18
A_w0_direct,8,5,-1.1264,1.0,17
A_w0_direct,8,6,-1.0398,1.0,21
A_w0_direct,8,7,-1.2499,1.0,19
A_w0_direct,8,8,0.048,0.55,20
A_w0_direct,8,9,1.22,0.0,24
A_w0_direct,8,10,-0.8259,1.0,25
A_w0_direct,8,11,0.2326,0.24,25
A_w0_direct,8,12,-0.0607,0.25,20
A_w0_direct,8,13,-1.0191,1.0,25
A_w0_direct,8,14,0.9185,0.0,25
A_w0_direct,8,15,-0.5896,0.9524,21
A_w0_direct,8,16,0.5489,0.0,17
A_w0_direct,8,17,0.1857,0.32,25
A_w0_direct,8,18,1.4788,0.0,20
A_w0_direct,8,19,0.2602,0.25,24
A_w0_direct,8,20,0.9102,0.0,21
A_w0_direct,8,21,-0.0289,0.7273,22
A_w0_direct,8,22,-1.1977,1.0,19
A_w0_direct,8,23,1.6568,0.0,19
A_w0_direct,8,24,-1.9134,1.0,21
A_w0_direct,8,25,-1.1836,1.0,21
A_w0_direct,8,26,1.0794,0.0,20
A_w0_direct,8,27,1.3407,0.0,18
A_w0_direct,8,28,-0.2759,0.9524,21
A_w0_direct,8,29,1.8053,0.0,17
A_w0_direct,8,30,0.1022,0.25,20
A_w0_direct,8,31,0.1083,0.2381,21
A_w0_direct,8,32,-0.4144,0.92,25
A_w0_direct,8,33,-0.7084,0.9524,21
A_w0_direct,8,34,1.1177,0.0,18
A_w0_direct,8,35,0.2596,0.2941,17
A_w0_direct,8,36,-0.7533,0.95,20
A_w0_direct,8,37,0.2762,0.1579,19
A_w0_direct,8,38,-0.4232,1.0,20
A_w0_direct,8,39,1.9183,0.0,20
A_w0_direct,8,40,-0.2915,0.8824,17
A_w0_direct,8,41,1.4534,0.0,23
A_w0_direct,8,42,-0.2518,0.8947,19
A_w0_direct,8,43,-0.5511,0.95,20
A_w0_direct,8,44,-1.9279,1.0,20
A_w0_direct,8,45,-0.6919,0.9444,18
A_w0_direct,8,46,0.9888,0.0,21
A_w0_direct,8,47,0.1664,0.56,25
A_w0_direct,8,48,-0.1704,0.6667,24
A_w0_direct,8,49,0.7794,0.0,24
A_w0_direct,9,0,-0.0103,0.25,20
A_w0_direct,9,1,0.7679,0.0,20
A_w0_direct,9,2,-2.2485,1.0,20
A_w0_direct,9,3,-0.2808,0.8,25
A_w0_direct,9,4,0.4796,0.0,22
A_w0_direct,9,5,1.4053,0.0,25
A_w0_direct,9,6,-1.1459,1.0,24
A_w0_direct,9,7,-0.6862,0.9583,24
A_w0_direct,9,8,-0.5374,0.95,20
A_w0_direct,9,9,0.4602,0.0,23
A_w0_direct,9,10,-0.8148,1.0,21
A_w0_direct,9,11,-0.0818,0.1739,23
A_w0_direct,9,12,-2.0592,1.0,17
A_w0_direct,9,13,-1.4223,1.0,21
A_w0_direct,9,14,0.5832,0.0,23
A_w0_direct,9,15,1.2583,0.0,18
A_w0_direct,9,16,0.6256,0.0,24
A_w0_direct,9,17,1.521,0.0,22
A_w0_direct,9,18,-0.3626,0.8333,24
A_w0_direct,9,19,-0.6109,0.9,20
A_w0_direct,9,20,-0.9962,1.0,21
A_w0_direct,9,21,-0.2228,0.85,20
A_w0_direct,9,22,1.4499,0.0,21
A_w0_direct,9,23,-0.0522,0.2917,24
A_w0_direct,9,24,-0.5891,0.8095,21
A_w0_direct,9,25,-1.1439,1.0,22
A_w0_direct,9,26,-0.1361,0.3333,21
A_w0_direct,9,27,0.0146,0.619,21
A_w0_direct,9,28,-0.762,1.0,18
A_w0_direct,9,29,1.9569,0.0,20
A_w0_direct,9,30,0.146,0.0455,22
A_w0_direct,9,31,1.2646,0.0,22
A_w0_direct,9,32,0.2376,0.1,20
A_w0_direct,9,33,2.1532,0.0,24
A_w0_direct,9,34,2.1833,0.0,18
A_w0_direct,9,35,-0.0803,0.5455,22
A_w0_direct,9,36,-1.0335,1.0,19
A_w0_direct,9,37,-1.1382,1.0,23
A_w0_direct,9,38,-0.6725,0.9545,22
A_w0_direct,9,39,-0.4054,0.5217,23
A_w0_direct,9,40,1.2084,0.0,25
A_w0_direct,9,41,-0.2356,0.8,25
A_w0_direct,9,42,-1.0214,1.0,18
A_w0_direct,9,43,0.3589,0.1053,19
A_w0_direct,9,44,-0.1187,0.7273,22
A_w0_direct,9,45,1.4685,0.0,23
A_w0_direct,9,46,0.777,0.0,23
A_w0_direct,9,47,-0.3731,0.9524,21
A_w0_direct,9,48,-0.8483,1.0,21
A_w0_direct,9,49,-0.0534,0.4211,19
A_w0_coded,0,0,-1.569,1.0,21
A_w0_coded,0,1,0.2741,0.05,20
A_w0_coded,0,2,-0.6922,0.7619,21
A_w0_coded,0,3,-0.0593,0.2,20
A_w0_coded,0,4,0.7879,0.0,17
A_w0_coded,0,5,1.6908,0.0,21
A_w0_coded,0,6,-1.0229,1.0,23
A_w0_coded,0,7,0.2647,0.0909,22
A_w0_coded,0,8,1.4514,0.0,17
A_w0_coded,0,9,-0.1589,0.3,20
A_w0_coded,0,10,-2.8514,1.0,16
A_w0_coded,0,11,-0.1776,0.35,20
A_w0_coded,0,12,0.3964,0.0,22
A_w0_coded,0,13,-0.8931,0.8095,21
A_w0_coded,0,14,2.0074,0.0,25
A_w0_coded,0,15,-0.3747,0.6667,24
A_w0_coded,0,16,0.2964,0.0,24
A_w0_coded,0,17,-0.2527,0.7895,19
A_w0_coded,0,18,1.7695,0.0,18
A_w0_coded,0,19,-1.4278,1.0,19
A_w0_coded,0,20,-0.7665,0.8824,17
A_w0_coded,0,21,-0.9857,0.95,20
A_w0_coded,0,22,0.4612,0.0,20
A_w0_coded,0,23,0.3403,0.0588,17
A_w0_coded,0,24,-0.9764,0.8636,22
A_w0_coded,0,25,2.9254,0.0,21
A_w0_coded,0,26,-1.3813,1.0,22
A_w0_coded,0,27,0.0947,0.25,20
A_w0_coded,0,28,-1.5072,1.0,23
A_w0_coded,0,29,0.3689,0.0,21
A_w0_coded,0,30,0.1493,0.0556,18
A_w0_coded,0,31,0.3212,0.08,25
A_w0_coded,0,32,-0.525,0.6111,18
A_w0_coded,0,33,-0.8283,0.8696,23
A_w0_coded,0,34,-0.1964,0.2632,19
A_w0_coded,0,35,1.5852,0.0,20
A_w0_coded,0,36,0.2385,0.0,22
A_w0_coded,0,37,-0.0108,0.2,20
A_w0_coded,0,38,-0.4231,0.4783,23
A_w0_coded,0,39,0.5899,0.0,24
A_w0_coded,0,40,0.2172,0.2381,21
A_w0_coded,0,41,-0.9145,0.84,25
A_w0_coded,0,42,1.0257,0.0,25
A_w0_coded,0,43,-0.4644,0.64,25
A_w0_coded,0,44,0.7888,0.0,19
A_w0_coded,0,45,0.0717,0.1579,19
A_w0_coded,0,46,-0.0735,0.0952,21
A_w0_coded,0,47,-0.9101,0.9412,17
A_w0_coded,0,48,0.9034,0.0,17
A_w0_coded,0,49,0.1931,0.0,22
A_w0_coded,1,0,1.0528,0.0,18
A_w0_coded,1,1,-0.3379,0.4211,19
A_w0_coded,1,2,0.898,0.0,18
A_w0_coded,1,3,-0.6792,0.7917,24
A_w0_coded,1,4,-0.559,0.7,20
A_w0_coded,1,5,0.4646,0.0,22
A_w0_coded,1,6,-0.641,0.75,24
A_w0_coded,1,7,-0.6729,0.8333,24
A_w0_coded,1,8,1.4108,0.0,20
A_w0_coded,1,9,-0.2027,0.4706,17
A_w0_coded,1,10,-0.9689,1.0,22
A_w0_coded,1,11,-0.081,0.0417,24
A_w0_coded,1,12,0.3239,0.0,25
A_w0_coded,1,13,-0.9563,0.7826,23
A_w0_coded,1,14,-0.2769,0.5556,18
A_w0_coded,1,15,-0.5407,0.7895,19
A_w0_coded,1,16,-1.0962,1.0,18
A_w0_coded,1,17,-2.1,1.0,19
A_w0_coded,1,18,-0.6001,0.7222,18
A_w0_coded,1,19,0.7738,0.0,20
A_w0_coded,1,20,1.0027,0.0,24
A_w0_coded,1,21,-0.6691,0.65,20
A_w0_coded,1,22,-1.4862,1.0,20
A_w0_coded,1,23,0.14,0.0,22
A_w0_coded,1,24,-1.0003,0.9545,22
A_w0_coded,1,25,-0.0114,0.0417,24
A_w0_coded,1,26,-1.1275,0.9444,18
A_w0_coded,1,27,1.1934,0.0,21
A_w0_coded,1,28,1.6177,0.0,19
A_w0_coded,1,29,0.6132,0.0,21
A_w0_coded,1,30,-0.1068,0.3125,16
A_w0_coded,1,31,0.7829,0.0,20
A_w0_coded,1,32,-0.5723,0.6522,23
A_w0_coded,1,33,-0.0971,0.28,25
A_w0_coded,1,34,0.2272,0.0,25
A_w0_coded,1,35,-0.5516,0.875,24
A_w0_coded,1,36,1.9899,0.0,24
A_w0_coded,1,37,-0.5172,0.7222,18
A_w0_coded,1,38,-0.14,0.3043,23
A_w0_coded,1,39,-0.5151,0.8095,21
A_w0_coded,1,40,2.2352,0.0,22
A_w0_coded,1,41,-1.1901,0.9474,19
A_w0_coded,1,42,-1.2356,1.0,17
A_w0_coded,1,43,-0.9574,1.0,22
A_w0_coded,1,44,-0.324,0.56,25
A_w0_coded,1,45,0.7002,0.0,24
A_w0_coded,1,46,1.3117,0.0,22
A_w0_coded,1,47,0.8041,0.0,21
A_w0_coded,1,48,0.0936,0.0952,21
A_w0_coded,1,49,-2.2629,1.0,18
A_w0_coded,2,0,0.8765,0.0,20
A_w0_coded,2,1,-1.7461,0.8947,19
A_w0_coded,2,2,0.0191,0.7368,19
A_w0_coded,2,3,0.3056,0.55,20
A_w0_coded,2,4,1.4089,0.0,22
A_w0_coded,2,5,0.3466,0.5556,18
A_w0_coded,2,6,0.2651,0.4348,23
A_w0_coded,2,7,0.2947,0.7647,17
A_w0_coded,2,8,2.0811,0.0,19
A_w0_coded,2,9,0.3496,0.4762,21
A_w0_coded,2,10,-1.3829,1.0,23
A_w0_coded,2,11,1.0976,0.0,16
A_w0_coded,2,12,1.7772,0.0,20
A_w0_coded,2,13,0.4734,0.2174,23
A_w0_coded,2,14,2.6504,0.0,21
A_w0_coded,2,15,0.7673,0.0526,19
A_w0_coded,2,16,2.1412,0.0,20
A_w0_coded,2,17,1.3233,0.0,22
A_w0_coded,2,18,0.7587,0.0476,21
A_w0_coded,2,19,-0.9575,1.0,19
A_w0_coded,2,20,0.9142,0.0,21
A_w0_coded,2,21,1.1108,0.0,17
A_w0_coded,2,22,0.002,0.7778,18
A_w0_coded,2,23,0.5487,0.15,20
A_w0_coded,2,24,1.1989,0.0455,22
A_w0_coded,2,25,-1.7732,1.0,25
A_w0_coded,2,26,0.4987,0.1905,21
A_w0_coded,2,27,1.8253,0.0,16
A_w0_coded,2,28,1.0215,0.0,24
A_w0_coded,2,29,0.8838,0.0,17
A_w0_coded,2,30,2.0824,0.0,19
A_w0_coded,2,31,0.0391,1.0,24
A_w0_coded,2,32,-1.3404,0.96,25
A_w0_coded,2,33,-0.5939,0.9583,24
A_w0_coded,2,34,1.3643,0.0,22
A_w0_coded,2,35,2.2002,0.0,20
A_w0_coded,2,36,-0.0125,0.8,20
A_w0_coded,2,37,2.0355,0.0,13
A_w0_coded,2,38,-1.1303,0.9091,22
A_w0_coded,2,39,1.8196,0.0,21
A_w0_coded,2,40,1.2409,0.0,20
A_w0_coded,2,41,-0.7634,0.9,20
A_w0_coded,2,42,1.2428,0.0,19
A_w0_coded,2,43,0.4513,0.55,20
A_w0_coded,2,44,0.7212,0.0,18
A_w0_coded,2,45,0.9389,0.0526,19
A_w0_coded,2,46,-1.2738,1.0,24
A_w0_coded,2,47,0.0709,0.7083,24
A_w0_coded,2,48,-0.5698,1.0,24
A_w0_coded,2,49,-0.3255,1.0,24
A_w0_coded,3,0,-1.8286,1.0,24
A_w0_coded,3,1,-2.9643,0.913,23
A_w0_coded,3,2,-0.3278,0.2222,18
A_w0_coded,3,3,-1.5325,1.0,20
A_w0_coded,3,4,-1.0241,0.85,20
A_w0_coded,3,5,-0.5793,0.5294,17
A_w0_coded,3,6,0.1741,0.0,21
A_w0_coded,3,7,0.0217,0.0,25
A_w0_coded,3,8,-1.2671,0.9583,24
A_w0_coded,3,9,-0.0632,0.0,21
A_w0_coded,3,10,-0.4152,0.3,20
A_w0_coded,3,11,-2.127,0.8571,21
A_w0_coded,3,12,0.6675,0.0,20
A_w0_coded,3,13,0.1476,0.0,21
A_w0_coded,3,14,-0.4094,0.5625,16
A_w0_coded,3,15,-0.9938,0.7895,19
A_w0_coded,3,16,0.7016,0.0,21
A_w0_coded,3,17,-1.5142,1.0,19
A_w0_coded,3,18,0.8555,0.0,21
A_w0_coded,3,19,-0.1588,0.1,20
A_w0_coded,3,20,1.1935,0.0,23
A_w0_coded,3,21,-1.2374,1.0,19
A_w0_coded,3,22,-0.2841,0.1304,23
A_w0_coded,3,23,-1.7816,0.9375,16
A_w0_coded,3,24,0.2958,0.0,19
A_w0_coded,3,25,0.1905,0.0455,22
A_w0_coded,3,26,-2.5309,1.0,22
A_w0_coded,3,27,-0.5173,0.5238,21
A_w0_coded,3,28,-0.3871,0.45,20
A_w0_coded,3,29,-0.288,0.35,20
A_w0_coded,3,30,0.2334,0.0,20
A_w0_coded,3,31,-2.1442,1.0,21
A_w0_coded,3,32,0.3384,0.0,22
A_w0_coded,3,33,-0.7519,0.7222,18
A_w0_coded,3,34,-0.0566,0.0,23
A_w0_coded,3,35,-1.4156,0.9524,21
A_w0_coded,3,36,-0.8645,0.8095,21
A_w0_coded,3,37,1.4697,0.0,19
A_w0_coded,3,38,-1.4889,0.8947,19
A_w0_coded,3,39,-1.2424,1.0,19
A_w0_coded,3,40,0.5848,0.0,20
A_w0_coded,3,41,1.0079,0.0,23
A_w0_coded,3,42,0.6417,0.0,20
A_w0_coded,3,43,-0.2435,0.1111,18
A_w0_coded,3,44,-0.35,0.2857,21
A_w0_coded,3,45,-0.7755,0.8333,18
A_w0_coded,3,46,-0.7057,0.9048,21
A_w0_coded,3,47,-1.2124,1.0,18
A_w0_coded,3,48,0.4385,0.0,20
A_w0_coded,3,49,-0.7291,0.65,20
A_w0_coded,4,0,0.954,0.0,23
A_w0_coded,4,1,1.6421,0.0,17
A_w0_coded,4,2,0.4226,0.1053,19
A_w0_coded,4,3,-0.9288,0.9524,21
A_w0_coded,4,4,-0.2979,0.7895,19
A_w0_coded,4,5,-1.3191,1.0,20
A_w0_coded,4,6,1.6025,0.0,18
A_w0_coded,4,7,-0.224,0.9474,19
A_w0_coded,4,8,1.0446,0.0476,21
A_w0_coded,4,9,0.6132,0.2083,24
A_w0_coded,4,10,-0.0231,0.76,25
A_w0_coded,4,11,0.2952,0.2609,23
A_w0_coded,4,12,1.1641,0.0,25
A_w0_coded,4,13,-1.2982,1.0,24
A_w0_coded,4,14,-0.1746,0.72,25
A_w0_coded,4,15,1.373,0.0,25
A_w0_coded,4,16,1.1374,0.0,20
A_w0_coded,4,17,1.3887,0.0,17
A_w0_coded,4,18,-0.6533,1.0,23
A_w0_coded,4,19,0.4888,0.087,23
A_w0_coded,4,20,1.2509,0.0,24
A_w0_coded,4,21,0.6513,0.04,25
A_w0_coded,4,22,0.7722,0.0,22
A_w0_coded,4,23,1.0977,0.0,19
A_w0_coded,4,24,-1.2809,1.0,19
A_w0_coded,4,25,-0.4901,0.9091,22
A_w0_coded,4,26,-1.2333,1.0,24
A_w0_coded,4,27,0.4955,0.08,25
A_w0_coded,4,28,0.56,0.0435,23
A_w0_coded,4,29,-0.1973,0.7143,21
A_w0_coded,4,30,-0.1611,0.7,20
A_w0_coded,4,31,0.9264,0.0,21
A_w0_coded,4,32,1.137,0.0,20
A_w0_coded,4,33,0.6288,0.0,24
A_w0_coded,4,34,1.1744,0.0,22
A_w0_coded,4,35,2.2265,0.0,18
A_w0_coded,4,36,-0.2166,0.9444,18
A_w0_coded,4,37,1.6069,0.0,21
A_w0_coded,4,38,0.069,0.4,20
A_w0_coded,4,39,-0.3053,0.9091,22
A_w0_coded,4,40,1.0636,0.0,18
A_w0_coded,4,41,-0.1544,0.5556,18
A_w0_coded,4,42,-0.3577,0.8421,19
A_w0_coded,4,43,0.1791,0.35,20
A_w0_coded,4,44,-0.5131,0.8,25
A_w0_coded,4,45,0.2619,0.36,25
A_w0_coded,4,46,1.447,0.0,24
A_w0_coded,4,47,1.217,0.0,21
A_w0_coded,4,48,0.0908,0.4286,21
A_w0_coded,4,49,-0.2986,0.913,23
A_w0_coded,5,0,-0.1368,0.7059,17
A_w0_coded,5,1,-0.1008,0.75,20
A_w0_coded,5,2,1.5581,0.0,20
A_w0_coded,5,3,2.1106,0.0,23
A_w0_coded,5,4,1.174,0.0,25
A_w0_coded,5,5,1.3072,0.0,24
A_w0_coded,5,6,0.2549,0.16,25
A_w0_coded,5,7,1.0107,0.0,23
A_w0_coded,5,8,-0.0983,0.9091,22
A_w0_coded,5,9,0.5315,0.1053,19
A_w0_coded,5,10,-0.1505,0.7143,21
A_w0_coded,5,11,0.7183,0.0,22
A_w0_coded,5,12,-0.2339,0.7368,19
A_w0_coded,5,13,0.4182,0.0909,22
A_w0_coded,5,14,-1.0221,1.0,20
A_w0_coded,5,15,-0.2337,0.7143,21
A_w0_coded,5,16,-0.5142,0.9091,22
A_w0_coded,5,17,0.0803,0.4762,21
A_w0_coded,5,18,-0.3441,0.7,20
A_w0_coded,5,19,-0.0599,0.4348,23
A_w0_coded,5,20,-0.0322,0.7,20
A_w0_coded,5,21,-0.0554,0.52,25
A_w0_coded,5,22,0.5232,0.1053,19
A_w0_coded,5,23,-0.737,0.9048,21
A_w0_coded,5,24,-0.77,0.9048,21
A_w0_coded,5,25,0.46,0.0909,22
A_w0_coded,5,26,0.7383,0.0,18
A_w0_coded,5,27,0.8121,0.0,18
A_w0_coded,5,28,-0.2191,0.7826,23
A_w0_coded,5,29,-0.6589,0.913,23
A_w0_coded,5,30,-0.9276,0.8824,17
A_w0_coded,5,31,1.4055,0.0,23
A_w0_coded,5,32,1.1195,0.0,20
A_w0_coded,5,33,2.6623,0.0,19
A_w0_coded,5,34,0.5628,0.0,21
A_w0_coded,5,35,0.4727,0.0455,22
A_w0_coded,5,36,0.6911,0.0526,19
A_w0_coded,5,37,0.5342,0.0,20
A_w0_coded,5,38,0.0287,0.3636,22
A_w0_coded,5,39,-1.2947,1.0,18
A_w0_coded,5,40,-0.0207,0.381,21
A_w0_coded,5,41,1.2938,0.0,20
A_w0_coded,5,42,-1.0951,1.0,19
A_w0_coded,5,43,1.0862,0.0,21
A_w0_coded,5,44,-0.1947,0.6667,24
A_w0_coded,5,45,0.9261,0.0476,21
A_w0_coded,5,46,0.4019,0.2609,23
A_w0_coded,5,47,0.2532,0.1364,22
A_w0_coded,5,48,-1.7202,1.0,22
A_w0_coded,5,49,-0.1801,0.8947,19
A_w0_coded,6,0,-2.3975,1.0,18
A_w0_coded,6,1,1.4656,0.0,18
A_w0_coded,6,2,0.4938,0.0476,21
A_w0_coded,6,3,-1.1098,0.92,25
A_w0_coded,6,4,0.3646,0.0417,24
A_w0_coded,6,5,-0.2698,0.52,25
A_w0_coded,6,6,-1.2467,0.9444,18
A_w0_coded,6,7,-1.9315,0.9444,18
A_w0_coded,6,8,-0.4207,0.7727,22
A_w0_coded,6,9,-0.2422,0.2857,21
A_w0_coded,6,10,-0.9117,1.0,21
A_w0_coded,6,11,0.0092,0.0588,17
A_w0_coded,6,12,0.4008,0.0,18
A_w0_coded,6,13,0.9504,0.0,20
A_w0_coded,6,14,-0.9295,1.0,19
A_w0_coded,6,15,-0.1869,0.5,20
A_w0_coded,6,16,-0.9874,0.9565,23
A_w0_coded,6,17,0.4239,0.0,24
A_w0_coded,6,18,-0.6422,0.7083,24
A_w0_coded,6,19,-0.0402,0.1,20
A_w0_coded,6,20,-1.1336,1.0,20
A_w0_coded,6,21,0.3977,0.0,21
A_w0_coded,6,22,-0.4749,0.7727,22
A_w0_coded,6,23,-0.0172,0.2105,19
A_w0_coded,6,24,1.0681,0.0,22
A_w0_coded,6,25,0.9339,0.0,22
A_w0_coded,6,26,-1.4459,1.0,21
A_w0_coded,6,27,-1.2124,1.0,25
A_w0_coded,6,28,1.3174,0.0,24
A_w0_coded,6,29,0.9602,0.0,21
A_w0_coded,6,30,-0.3594,0.7,20
A_w0_coded,6,31,0.1994,0.1,20
A_w0_coded,6,32,1.0414,0.0,18
A_w0_coded,6,33,-1.0912,1.0,21
A_w0_coded,6,34,-1.9717,1.0,20
A_w0_coded,6,35,-2.1992,0.9524,21
A_w0_coded,6,36,-0.8806,0.95,20
A_w0_coded,6,37,2.5442,0.0,21
A_w0_coded,6,38,-1.1784,0.9,20
A_w0_coded,6,39,-0.49,0.4783,23
A_w0_coded,6,40,-0.1252,0.2609,23
A_w0_coded,6,41,-1.2536,0.85,20
A_w0_coded,6,42,0.1916,0.0,19
A_w0_coded,6,43,0.9719,0.0,24
A_w0_coded,6,44,-2.024,1.0,22
A_w0_coded,6,45,-1.4388,0.9048,21
A_w0_coded,6,46,-1.1623,1.0,24
A_w0_coded,6,47,1.6043,0.0,25
A_w0_coded,6,48,-0.2717,0.381,21
A_w0_coded,6,49,0.098,0.125,16
A_w0_coded,7,0,1.3049,0.0,22
A_w0_coded,7,1,0.0211,0.1429,21
A_w0_coded,7,2,-0.7805,0.7143,21
A_w0_coded,7,3,0.0374,0.1053,19
A_w0_coded,7,4,0.2,0.0,21
A_w0_coded,7,5,-0.634,0.5652,23
A_w0_coded,7,6,-1.2997,1.0,18
A_w0_coded,7,7,-0.2328,0.2727,22
A_w0_coded,7,8,-0.5015,0.72,25
A_w0_coded,7,9,0.4683,0.0,20
A_w0_coded,7,10,-0.71,0.6111,18
A_w0_coded,7,11,-1.152,0.9444,18
A_w0_coded,7,12,-0.2077,0.1,20
A_w0_coded,7,13,0.0481,0.0455,22
A_w0_coded,7,14,-0.7526,0.7727,22
A_w0_coded,7,15,-1.4761,0.9474,19
A_w0_coded,7,16,-1.1884,0.95,20
A_w0_coded,7,17,0.6311,0.0,23
A_w0_coded,7,18,-0.7413,0.9474,19
A_w0_coded,7,19,-0.1,0.25,20
A_w0_coded,7,20,0.3457,0.0,22
A_w0_coded,7,21,-1.3686,0.9412,17
A_w0_coded,7,22,-1.244,1.0,18
A_w0_coded,7,23,0.4976,0.0,21
A_w0_coded,7,24,0.3081,0.0,20
A_w0_coded,7,25,-1.3073,1.0,17
A_w0_coded,7,26,-1.7525,1.0,19
A_w0_coded,7,27,-1.2899,1.0,21
A_w0_coded,7,28,-0.6799,0.6087,23
A_w0_coded,7,29,0.9965,0.0,23
A_w0_coded,7,30,-0.0377,0.0476,21
A_w0_coded,7,31,-0.343,0.1818,22
A_w0_coded,7,32,-0.6678,0.7895,19
A_w0_coded,7,33,-2.0158,0.9474,19
A_w0_coded,7,34,-0.6795,0.6522,23
A_w0_coded,7,35,-1.731,0.96,25
A_w0_coded,7,36,-1.2996,0.96,25
A_w0_coded,7,37,0.6649,0.0,23
A_w0_coded,7,38,-0.417,0.4091,22
A_w0_coded,7,39,0.2656,0.0,21
A_w0_coded,7,40,1.0593,0.0,18
A_w0_coded,7,41,-0.4411,0.625,24
A_w0_coded,7,42,-1.9286,1.0,18
A_w0_coded,7,43,-1.1737,0.95,20
A_w0_coded,7,44,0.0403,0.0,21
A_w0_coded,7,45,-1.8462,0.9048,21
A_w0_coded,7,46,-0.5344,0.7368,19
A_w0_coded,7,47,0.1199,0.0,20
A_w0_coded,7,48,-0.3521,0.1579,19
A_w0_coded,7,49,0.7558,0.0,18
A_w0_coded,8,0,1.3516,0.0,24
A_w0_coded,8,1,-0.4583,0.6471,17
A_w0_coded,8,2,0.4505,0.08,25
A_w0_coded,8,3,-1.0989,0.9048,21
A_w0_coded,8,4,0.9621,0.0,12
A_w0_coded,8,5,-1.1264,1.0,17
A_w0_coded,8,6,-1.0398,1.0,21
A_w0_coded,8,7,-1.2499,0.9,20
A_w0_coded,8,8,0.048,0.5,20
A_w0_coded,8,9,1.22,0.0,22
A_w0_coded,8,10,-0.8259,1.0,25
A_w0_coded,8,11,0.2326,0.25,24
A_w0_coded,8,12,-0.0607,0.1111,18
A_w0_coded,8,13,-1.0191,0.9545,22
A_w0_coded,8,14,0.9185,0.0,19
A_w0_coded,8,15,-0.5896,0.8636,22
A_w0_coded,8,16,0.5489,0.0,18
A_w0_coded,8,17,0.1857,0.35,20
A_w0_coded,8,18,1.4788,0.0,21
A_w0_coded,8,19,0.2602,0.2222,18
A_w0_coded,8,20,0.9102,0.0,22
A_w0_coded,8,21,-0.0289,0.65,20
A_w0_coded,8,22,-1.1977,1.0,23
A_w0_coded,8,23,1.6568,0.0,22
A_w0_coded,8,24,-1.9134,0.9524,21
A_w0_coded,8,25,-1.1836,0.9545,22
A_w0_coded,8,26,1.0794,0.0,23
A_w0_coded,8,27,1.3407,0.0,18
A_w0_coded,8,28,-0.2759,0.85,20
A_w0_coded,8,29,1.8053,0.0,21
A_w0_coded,8,30,0.1022,0.3333,18
A_w0_coded,8,31,0.1083,0.3333,21
A_w0_coded,8,32,-0.4144,0.85,20
A_w0_coded,8,33,-0.7084,0.9,20
A_w0_coded,8,34,1.1177,0.0,19
A_w0_coded,8,35,0.2596,0.2381,21
A_w0_coded,8,36,-0.7533,0.88,25
A_w0_coded,8,37,0.2762,0.0417,24
A_w0_coded,8,38,-0.4232,0.8261,23
A_w0_coded,8,39,1.9183,0.0,18
A_w0_coded,8,40,-0.2915,0.8261,23
A_w0_coded,8,41,1.4534,0.0,20
A_w0_coded,8,42,-0.2518,0.7895,19
A_w0_coded,8,43,-0.5511,0.85,20
A_w0_coded,8,44,-1.9279,1.0,21
A_w0_coded,8,45,-0.6919,0.95,20
A_w0_coded,8,46,0.9888,0.0,18
A_w0_coded,8,47,0.1664,0.4167,24
A_w0_coded,8,48,-0.1704,0.619,21
A_w0_coded,8,49,0.7794,0.0,17
A_w0_coded,9,0,-0.0103,0.2727,22
A_w0_coded,9,1,0.7679,0.0,23
A_w0_coded,9,2,-2.2485,1.0,23
A_w0_coded,9,3,-0.2808,0.7083,24
A_w0_coded,9,4,0.4796,0.0,25
A_w0_coded,9,5,1.4053,0.0,25
A_w0_coded,9,6,-1.1459,1.0,25
A_w0_coded,9,7,-0.6862,0.875,24
A_w0_coded,9,8,-0.5374,0.92,25
A_w0_coded,9,9,0.4602,0.0,21
A_w0_coded,9,10,-0.8148,1.0,20
A_w0_coded,9,11,-0.0818,0.15,20
A_w0_coded,9,12,-2.0592,1.0,20
A_w0_coded,9,13,-1.4223,1.0,19
A_w0_coded,9,14,0.5832,0.0,21
A_w0_coded,9,15,1.2583,0.0,18
A_w0_coded,9,16,0.6256,0.0,23
A_w0_coded,9,17,1.521,0.0,17
A_w0_coded,9,18,-0.3626,0.75,12
A_w0_coded,9,19,-0.6109,0.9048,21
A_w0_coded,9,20,-0.9962,0.913,23
A_w0_coded,9,21,-0.2228,0.7368,19
A_w0_coded,9,22,1.4499,0.0,19
A_w0_coded,9,23,-0.0522,0.2,20
A_w0_coded,9,24,-0.5891,0.8,25
A_w0_coded,9,25,-1.1439,0.96,25
A_w0_coded,9,26,-0.1361,0.45,20
A_w0_coded,9,27,0.0146,0.5417,24
A_w0_coded,9,28,-0.762,0.9167,24
A_w0_coded,9,29,1.9569,0.0,16
A_w0_coded,9,30,0.146,0.0476,21
A_w0_coded,9,31,1.2646,0.0,19
A_w0_coded,9,32,0.2376,0.1739,23
A_w0_coded,9,33,2.1532,0.0,19
A_w0_coded,9,34,2.1833,0.0,21
A_w0_coded,9,35,-0.0803,0.5,18
A_w0_coded,9,36,-1.0335,0.9524,21
A_w0_coded,9,37,-1.1382,0.9565,23
A_w0_coded,9,38,-0.6725,0.8636,22
A_w0_coded,9,39,-0.4054,0.5556,18
A_w0_coded,9,40,1.2084,0.0,22
A_w0_coded,9,41,-0.2356,0.76,25
A_w0_coded,9,42,-1.0214,1.0,24
A_w0_coded,9,43,0.3589,0.0526,19
A_w0_coded,9,44,-0.1187,0.55,20
A_w0_coded,9,45,1.4685,0.0,20
A_w0_coded,9,46,0.777,0.0,21
A_w0_coded,9,47,-0.3731,0.8333,24
A_w0_coded,9,48,-0.8483,1.0,19
A_w0_coded,9,49,-0.0534,0.4737,19
