country,period,treatment,theta,theta_star,z,benefit,n_agents,n_join,join_fraction,n_valid,n_api_error,n_unparseable,join_fraction_valid,api_error_rate,unparseable_rate,coup_success,theoretical_attack,direction_transform,degrade_messages,no_peer_messages,beliefs_include_messages,belief_order,second_order_order,message_stage_context,decision_context,message_bundle_mode,message_source_country,message_source_period
0,0,communication,0.35865304405602916,0.4258979268405808,0.2854480057955595,0.7418505292913576,25,0,0.0,25,0,0,0.0,0.0,0.0,False,0.5148858956978224,logistic,False,True,False,post,post,none,none,none,,
0,1,communication,0.43340461082186676,0.4694237061844914,0.3890124527655091,0.8847430834286745,25,2,0.08,25,0,0,0.08,0.0,0.0,False,0.5172867628067642,logistic,False,True,False,post,post,none,none,none,,
0,2,communication,-0.7059867841678351,0.42335239712599604,0.3344287054018826,0.7341613751900006,25,21,0.84,25,0,0,0.84,0.0,0.0,True,0.9998222841607831,logistic,False,True,False,post,post,none,none,none,,
0,3,communication,2.297756344924703,0.4961222694599087,0.3139957427260288,0.9846084464342774,25,0,0.0,25,0,0,0.0,0.0,0.0,False,8.985061736106457e-10,logistic,False,True,False,post,post,none,none,none,,
0,4,communication,1.2305545902166017,0.4361905332119568,0.16607211672541888,0.7736488280285242,25,0,0.0,25,0,0,0.0,0.0,0.0,False,0.0024885284824020504,logistic,False,True,False,post,post,none,none,none,,
0,5,communication,0.778503434505437,0.44259269096835,0.27219384740613395,0.7940202501779885,25,0,0.0,25,0,0,0.0,0.0,0.0,False,0.10309679745754757,logistic,False,True,False,post,post,none,none,none,,
0,6,communication,0.5968469792737148,0.4388232492379736,0.26176597379482164,0.7819697602263317,25,0,0.0,25,0,0,0.0,0.0,0.0,False,0.24803093971536722,logistic,False,True,False,post,post,none,none,none,,
0,7,communication,0.18081817280206758,0.5021119288649617,0.341812169409914,1.0084835487628656,25,6,0.24,25,0,0,0.24,0.0,0.0,True,0.8590974171072798,logistic,False,True,False,post,post,none,none,none,,
0,8,communication,0.34393030880310765,0.5066755484148442,0.3686363402313821,1.0270635213535202,25,2,0.08,25,0,0,0.08,0.0,0.0,False,0.7119935356776302,logistic,False,True,False,post,post,none,none,none,,
0,9,communication,-0.1481585126023338,0.4625519761442793,0.23065857522231445,0.860645040288496,25,5,0.2,25,0,0,0.2,0.0,0.0,True,0.973912987506302,logistic,False,True,False,post,post,none,none,none,,
1,0,communication,0.31179062611274944,0.40031439628880483,0.09570918359586994,0.6675404475469011,25,1,0.04,25,0,0,0.04,0.0,0.0,False,0.5169682083429803,logistic,False,True,False,post,post,none,none,none,,
1,1,communication,0.5500285666702146,0.45198895234207737,0.050143543902909905,0.8247807307421586,25,0,0.0,25,0,0,0.0,0.0,0.0,False,0.3272799478588548,logistic,False,True,False,post,post,none,none,none,,
1,2,communication,-0.2947496896337827,0.4553915386413889,0.12749732848025405,0.8361815339874511,25,6,0.24,25,0,0,0.24,0.0,0.0,True,0.99153950172388,logistic,False,True,False,post,post,none,none,none,,
1,3,communication,-2.2031441128966205,0.5185777890918355,0.06656311804661993,1.0771787785062514,25,21,0.84,25,0,0,0.84,0.0,0.0,True,1.0,logistic,False,True,False,post,post,none,none,none,,
1,4,communication,0.3620640021660376,0.4888097711308536,0.14057053677940298,0.9562189250217034,25,0,0.0,25,0,0,0.0,0.0,0.0,False,0.653369113588254,logistic,False,True,False,post,post,none,none,none,,
1,5,communication,-0.9064823719155521,0.41152113631822196,0.17950857963773142,0.6992963753083126,25,20,0.8,25,0,0,0.8,0.0,0.0,True,0.999984750709332,logistic,False,True,False,post,post,none,none,none,,
1,6,communication,-0.02607463738065019,0.4331415687344059,0.11717973501346773,0.7641088935862772,25,5,0.2,25,0,0,0.2,0.0,0.0,True,0.9134545622425181,logistic,False,True,False,post,post,none,none,none,,
1,7,communication,0.4321189415757078,0.4644285464620543,0.1116723654325227,0.8671644901797387,25,0,0.0,25,0,0,0.0,0.0,0.0,False,0.5073464238721205,logistic,False,True,False,post,post,none,none,none,,
1,8,communication,-1.3451032516332535,0.44813036442403337,0.1113903750438188,0.8120221435200649,25,21,0.84,25,0,0,0.84,0.0,0.0,True,0.9999999974982995,logistic,False,True,False,post,post,none,none,none,,
1,9,communication,1.1186519713493994,0.4520274637542473,0.16415689218466717,0.8249089760066437,25,0,0.0,25,0,0,0.0,0.0,0.0,False,0.009574378949327942,logistic,False,True,False,post,post,none,none,none,,
2,0,communication,-0.5516612795316786,1.0,-0.007072338199364803,-0.4897528734029648,25,12,0.48,25,0,0,0.48,0.0,0.0,True,0.0,logistic,False,True,False,post,post,none,none,none,,
2,1,communication,0.00702432675252429,1.0,-0.09299696023710152,-0.38940074387058576,25,1,0.04,25,0,0,0.04,0.0,0.0,True,0.0,logistic,False,True,False,post,post,none,none,none,,
2,2,communication,1.2170471562050083,1.0,0.033406625795510486,-0.4390791225608348,25,0,0.0,25,0,0,0.0,0.0,0.0,False,0.0,logistic,False,True,False,post,post,none,none,none,,
2,3,communication,0.7687481209448656,1.0,0.05561637042783148,-0.5094606684409944,25,0,0.0,25,0,0,0.0,0.0,0.0,False,0.0,logistic,False,True,False,post,post,none,none,none,,
2,4,communication,0.5067777708954493,1.0,-0.01892130665411041,-0.4610406294282342,25,0,0.0,25,0,0,0.0,0.0,0.0,False,0.0,logistic,False,True,False,post,post,none,none,none,,
2,5,communication,-1.822088879253551,1.0,-0.1072811320203972,-0.26901458240111914,25,22,0.88,25,0,0,0.88,0.0,0.0,True,0.0,logistic,False,True,False,post,post,none,none,none,,
2,6,communication,1.4769656613218527,1.0,-0.06516858918611815,-0.422644135544081,25,0,0.0,25,0,0,0.0,0.0,0.0,False,0.0,logistic,False,True,False,post,post,none,none,none,,
2,7,communication,0.06374459179656995,1.0,-0.009815177067688478,-0.4135319037995248,25,4,0.16,25,0,0,0.16,0.0,0.0,True,0.0,logistic,False,True,False,post,post,none,none,none,,
2,8,communication,1.357112963182682,1.0,-0.019891223956427263,-0.399807568635166,25,0,0.0,25,0,0,0.0,0.0,0.0,False,0.0,logistic,False,True,False,post,post,none,none,none,,
2,9,communication,0.288523862285852,1.0,0.034685735355896405,-0.1992316209160358,25,0,0.0,25,0,0,0.0,0.0,0.0,False,0.0,logistic,False,True,False,post,post,none,none,none,,
3,0,communication,0.4537644280595935,0.19840228834622667,0.38441350767353777,0.24750855131173422,25,1,0.04,25,0,0,0.04,0.0,0.0,False,0.04470209301161139,logistic,False,True,False,post,post,none,none,none,,
3,1,communication,0.1681073055505787,1.0,0.4061271757405011,-0.2451893606802773,25,5,0.2,25,0,0,0.2,0.0,0.0,True,0.0,logistic,False,True,False,post,post,none,none,none,,
3,2,communication,0.5077378568877939,0.12112647602247101,0.5099460494274408,0.13782014444386423,25,2,0.08,25,0,0,0.08,0.0,0.0,False,0.006984128520834938,logistic,False,True,False,post,post,none,none,none,,
3,3,communication,-1.475525130890137,1.0,0.42552355349221366,-0.11110059798193712,25,21,0.84,25,0,0,0.84,0.0,0.0,True,0.0,logistic,False,True,False,post,post,none,none,none,,
3,4,communication,1.8712394342696437,0.046270779350494035,0.4260729542313832,0.04851563562137987,25,0,0.0,25,0,0,0.0,0.0,0.0,False,4.07037549919917e-15,logistic,False,True,False,post,post,none,none,none,,
3,5,communication,-2.210285897356772,0.1407413109584932,0.5333697966716276,0.1637938757599164,25,21,0.84,25,0,0,0.84,0.0,0.0,True,0.9999999999930891,logistic,False,True,False,post,post,none,none,none,,
3,6,communication,0.6538330719389428,1.0,0.4588249398090111,-0.059625556120844594,25,0,0.0,25,0,0,0.0,0.0,0.0,False,0.0,logistic,False,True,False,post,post,none,none,none,,
3,7,communication,1.3364949746200536,0.19590912422871712,0.4185059311394646,0.2436405263780681,25,0,0.0,25,0,0,0.0,0.0,0.0,False,1.5943313471014536e-06,logistic,False,True,False,post,post,none,none,none,,
3,8,communication,0.26575233091648975,1.0,0.4696618209148199,-0.019778859067749857,25,4,0.16,25,0,0,0.16,0.0,0.0,False,0.0,logistic,False,True,False,post,post,none,none,none,,
3,9,communication,1.9566132935242015,0.2347414671177485,0.3617679069470318,0.3067479250883016,25,0,0.0,25,0,0,0.0,0.0,0.0,False,5.1359841000021994e-11,logistic,False,True,False,post,post,none,none,none,,
4,0,communication,1.1112012059735714,0.30976522526404016,0.4216586945177424,0.4487824094092284,25,0,0.0,25,0,0,0.0,0.0,0.0,False,0.0007675389130554854,logistic,False,True,False,post,post,none,none,none,,
4,1,communication,-0.9845190080444858,0.26538614629052115,0.44187430383980597,0.3612593813068419,25,18,0.72,25,0,0,0.72,0.0,0.0,True,0.9997995745653219,logistic,False,True,False,post,post,none,none,none,,
4,2,communication,1.8980544485479651,0.33524861470820055,0.4300450699935711,0.5043217992859688,25,0,0.0,25,0,0,0.0,0.0,0.0,False,8.762141757953921e-09,logistic,False,True,False,post,post,none,none,none,,
4,3,communication,1.2809601475390404,0.34479529455131536,0.4364284664187356,0.5262405652523502,25,0,0.0,25,0,0,0.0,0.0,0.0,False,0.00021580574730848976,logistic,False,True,False,post,post,none,none,none,,
4,4,communication,0.41821405542868423,0.08098030783127969,0.49450657111673346,0.08811596587248396,25,1,0.04,25,0,0,0.04,0.0,0.0,False,0.005824204227751785,logistic,False,True,False,post,post,none,none,none,,
4,5,communication,0.7432217192963104,0.31994216799901914,0.4451075772813184,0.47046317672370797,25,1,0.04,25,0,0,0.04,0.0,0.0,False,0.03013642528890718,logistic,False,True,False,post,post,none,none,none,,
4,6,communication,1.8772749397213335,0.31296668282433376,0.480058613259433,0.45553348724180126,25,0,0.0,25,0,0,0.0,0.0,0.0,False,5.926766505872472e-09,logistic,False,True,False,post,post,none,none,none,,
4,7,communication,0.3211177704639599,0.1277380217023598,0.3908626650112496,0.14644456009840198,25,4,0.16,25,0,0,0.16,0.0,0.0,False,0.03739516241939226,logistic,False,True,False,post,post,none,none,none,,
4,8,communication,-0.8033160771571667,0.31509381438700046,0.45333882712864637,0.4600539767427967,25,22,0.88,25,0,0,0.88,0.0,0.0,True,0.9994159768001875,logistic,False,True,False,post,post,none,none,none,,
4,9,communication,-0.10730270419765064,0.09514659792816167,0.4153728343048939,0.10515139547500732,25,18,0.72,25,0,0,0.72,0.0,0.0,True,0.26275293368251373,logistic,False,True,False,post,post,none,none,none,,
5,0,communication,0.5259485667565338,0.2242979460046791,-0.8203177123320096,0.28915476612368496,25,0,0.0,25,0,0,0.0,0.0,0.0,False,0.03892832144124235,logistic,False,True,False,post,post,none,none,none,,
5,1,communication,-0.042044211185089386,0.29328870380112604,-0.7496120531284194,0.415004974985701,25,0,0.0,25,0,0,0.0,0.0,0.0,True,0.7170072722204271,logistic,False,True,False,post,post,none,none,none,,
5,2,communication,-1.9186333047439161,0.2616345701980726,-0.7515724134479916,0.35434293053002,25,21,0.84,25,0,0,0.84,0.0,0.0,True,0.9999999999831296,logistic,False,True,False,post,post,none,none,none,,
5,3,communication,-1.399870390946659,0.3626606062985261,-0.779595400011793,0.5690227371515565,25,13,0.52,25,0,0,0.52,0.0,0.0,True,0.9999999834077602,logistic,False,True,False,post,post,none,none,none,,
5,4,communication,-1.227563900839529,0.17456374668695832,-0.8739661395106425,0.21148059100422875,25,10,0.4,25,0,0,0.4,0.0,0.0,True,0.999907061518501,logistic,False,True,False,post,post,none,none,none,,
5,5,communication,-1.418429121560441,0.3726161322623042,-0.7229821938607373,0.5939204869993439,25,15,0.6,25,0,0,0.6,0.0,0.0,True,0.9999999917514196,logistic,False,True,False,post,post,none,none,none,,
5,6,communication,-0.8693620949883829,0.08262812075913939,-0.8478451619810143,0.090070474830246,25,4,0.16,25,0,0,0.16,0.0,0.0,True,0.9629254337015901,logistic,False,True,False,post,post,none,none,none,,
5,7,communication,-2.093588622609366,0.36178814794665776,-0.856831332044647,0.5668778271394735,25,22,0.88,25,0,0,0.88,0.0,0.0,True,0.9999999999999976,logistic,False,True,False,post,post,none,none,none,,
5,8,communication,-1.2321142846006343,0.37795689168109803,-0.8189498272756454,0.6076056251190414,25,12,0.48,25,0,0,0.48,0.0,0.0,True,0.9999997859885302,logistic,False,True,False,post,post,none,none,none,,
5,9,communication,-1.424673755517254,0.3336037869428565,-0.8772001959852429,0.5006087675865137,25,14,0.56,25,0,0,0.56,0.0,0.0,True,0.9999999719712521,logistic,False,True,False,post,post,none,none,none,,
6,0,communication,1.583572039542637,0.41657808512185746,0.17077800570451135,0.7140254325360177,25,0,0.0,25,0,0,0.0,0.0,0.0,False,2.0600876375320372e-05,logistic,False,True,False,post,post,none,none,none,,
6,1,communication,-0.7587052723532342,0.42658172568588054,0.15048867724315543,0.7439276786149275,25,16,0.64,25,0,0,0.64,0.0,0.0,True,0.9999170159421805,logistic,False,True,False,post,post,none,none,none,,
6,2,communication,0.8930873389527583,0.3512640610652584,0.17589502530828272,0.5414592286070237,25,0,0.0,25,0,0,0.0,0.0,0.0,False,0.014335253019076273,logistic,False,True,False,post,post,none,none,none,,
6,3,communication,0.19688789777636528,0.2975622132246941,0.12679592600302853,0.4236136193508588,25,1,0.04,25,0,0,0.04,0.0,0.0,False,0.4223662258764556,logistic,False,True,False,post,post,none,none,none,,
6,4,communication,0.9944866980402172,0.47557683236694964,0.19491935218377973,0.9068570225709793,25,0,0.0,25,0,0,0.0,0.0,0.0,False,0.036650045988913006,logistic,False,True,False,post,post,none,none,none,,
6,5,communication,0.5583935287866578,0.4499419545091378,0.17533229206265602,0.8179899525105891,25,0,0.0,25,0,0,0.0,0.0,0.0,False,0.3130181805302974,logistic,False,True,False,post,post,none,none,none,,
6,6,communication,0.15986505946820687,0.43959589953190537,0.14111017290572747,0.7844266292211627,25,2,0.08,25,0,0,0.08,0.0,0.0,False,0.7824347109991028,logistic,False,True,False,post,post,none,none,none,,
6,7,communication,1.7219830905121916,0.41773162576447215,0.0878382827346513,0.7174211141261461,25,0,0.0,25,0,0,0.0,0.0,0.0,False,2.6167277192851377e-06,logistic,False,True,False,post,post,none,none,none,,
6,8,communication,-0.41171799549484434,0.4379461395926796,0.09859975377663165,0.7791889184344363,25,13,0.52,25,0,0,0.52,0.0,0.0,True,0.9962750592936817,logistic,False,True,False,post,post,none,none,none,,
6,9,communication,-0.6190312596923075,0.29041363425630795,0.13423654973197793,0.40927172262101713,25,12,0.48,25,0,0,0.48,0.0,0.0,True,0.9934180884942948,logistic,False,True,False,post,post,none,none,none,,
7,0,communication,0.47539577199406213,1.0,0.39521336732379253,-0.1179712699831671,25,5,0.2,25,0,0,0.2,0.0,0.0,False,0.0,logistic,False,True,False,post,post,none,none,none,,
7,1,communication,0.7305273333535418,1.0,0.3443378172424605,-0.10282783372948666,25,0,0.0,25,0,0,0.0,0.0,0.0,False,0.0,logistic,False,True,False,post,post,none,none,none,,
7,2,communication,-1.1572600214379083,1.0,0.3192019334722923,-0.29720464571448446,25,23,0.92,25,0,0,0.92,0.0,0.0,True,0.0,logistic,False,True,False,post,post,none,none,none,,
7,3,communication,1.456916241153496,0.08740590294418563,0.36974009512179207,0.09577741432491413,25,0,0.0,25,0,0,0.0,0.0,0.0,False,1.5908462127939376e-09,logistic,False,True,False,post,post,none,none,none,,
7,4,communication,0.07001006790274783,0.12016771625208753,0.38724435592737205,0.13658025338669852,25,6,0.24,25,0,0,0.24,0.0,0.0,True,0.15697780766448227,logistic,False,True,False,post,post,none,none,none,,
7,5,communication,0.6647918588059807,1.0,0.36029310221003163,-0.3896738496185765,25,1,0.04,25,0,0,0.04,0.0,0.0,False,0.0,logistic,False,True,False,post,post,none,none,none,,
7,6,communication,2.169102257864412,0.19876046080241944,0.30072539725503267,0.24806621625472025,25,0,0.0,25,0,0,0.0,0.0,0.0,False,6.133630559410621e-14,logistic,False,True,False,post,post,none,none,none,,
7,7,communication,-0.6598226431345915,0.18010426145032574,0.2835221529155054,0.21966727351079396,25,22,0.88,25,0,0,0.88,0.0,0.0,True,0.970270802681355,logistic,False,True,False,post,post,none,none,none,,
7,8,communication,0.13288574525750224,0.024621504026066925,0.3980523499524822,0.02524302527449296,25,3,0.12,25,0,0,0.12,0.0,0.0,False,0.009972993025327136,logistic,False,True,False,post,post,none,none,none,,
7,9,communication,-1.3172286924149823,1.0,0.32321413457537096,-0.16883109707216126,25,21,0.84,25,0,0,0.84,0.0,0.0,True,0.0,logistic,False,True,False,post,post,none,none,none,,
8,0,communication,0.8428396289336566,0.4765228274734281,0.06659781010516351,0.9103029749577851,25,0,0.0,25,0,0,0.0,0.0,0.0,False,0.10028337289119055,logistic,False,True,False,post,post,none,none,none,,
8,1,communication,-0.6896080919329265,0.5460859339894555,0.06632469497240097,1.2030601712544633,25,17,0.68,25,0,0,0.68,0.0,0.0,True,0.9999885601289003,logistic,False,True,False,post,post,none,none,none,,
8,2,communication,0.18292462488733918,0.5296554234712907,0.04503142649091928,1.1261008416006704,25,1,0.04,25,0,0,0.04,0.0,0.0,False,0.890683843972355,logistic,False,True,False,post,post,none,none,none,,
8,3,communication,-0.7183388659283546,0.5516530315589595,0.018453595104925506,1.2304154380191914,25,14,0.56,25,0,0,0.56,0.0,0.0,True,0.9999935897093521,logistic,False,True,False,post,post,none,none,none,,
8,4,communication,-0.2544820244881404,0.5483773738263966,0.1157477591646288,1.2142380431037147,25,9,0.36,25,0,0,0.36,0.0,0.0,True,0.9974270899209043,logistic,False,True,False,post,post,none,none,none,,
8,5,communication,0.09329172300054198,0.5153209872181628,0.14690423518599274,1.0632211703586143,25,3,0.12,25,0,0,0.12,0.0,0.0,True,0.9257960077904813,logistic,False,True,False,post,post,none,none,none,,
8,6,communication,0.11395371872018467,0.5121567400703887,0.027454344103695856,1.0498387128363431,25,1,0.04,25,0,0,0.04,0.0,0.0,False,0.9127396837958057,logistic,False,True,False,post,post,none,none,none,,
8,7,communication,3.423718668979003,0.5264280529663237,-0.019885326584650254,1.1116115645441487,25,0,0.0,25,0,0,0.0,0.0,0.0,False,4.347351128250462e-22,logistic,False,True,False,post,post,none,none,none,,
8,8,communication,-0.5721434913515444,0.4060762454159691,0.0029847471465170444,0.6837178043171125,25,13,0.52,25,0,0,0.52,0.0,0.0,True,0.9987489293130063,logistic,False,True,False,post,post,none,none,none,,
8,9,communication,0.1832648672080119,0.5117120622719211,0.03298578902674362,1.0479719500195535,25,0,0.0,25,0,0,0.0,0.0,0.0,False,0.869532933842053,logistic,False,True,False,post,post,none,none,none,,
9,0,communication,-0.5480505067785166,0.4940577604906967,-0.3046777345199591,0.9765102059275919,25,5,0.2,25,0,0,0.2,0.0,0.0,True,0.9997287048569855,logistic,False,True,False,post,post,none,none,none,,
9,1,communication,-0.17876057697024836,0.4574457523266048,-0.3192134593168814,0.8431336668881383,25,2,0.08,25,0,0,0.08,0.0,0.0,True,0.9779856247351576,logistic,False,True,False,post,post,none,none,none,,
9,2,communication,0.5295470426092423,0.512823895364272,-0.2981521766486129,1.05264583070576,25,0,0.0,25,0,0,0.0,0.0,0.0,False,0.49058840947048277,logistic,False,True,False,post,post,none,none,none,,
9,3,communication,0.07709956045013011,0.5496708652916489,-0.26009371008474524,1.2205980535717171,25,0,0.0,25,0,0,0.0,0.0,0.0,False,0.9554408866024194,logistic,False,True,False,post,post,none,none,none,,
9,4,communication,0.20776986346693277,0.46998465558265345,-0.3436592889687056,0.8867378285044074,25,0,0.0,25,0,0,0.0,0.0,0.0,False,0.7877796592949704,logistic,False,True,False,post,post,none,none,none,,
9,5,communication,-0.17579332214909713,0.5311034050418811,-0.28127766974530094,1.1326663719733736,25,1,0.04,25,0,0,0.04,0.0,0.0,True,0.9925410540458884,logistic,False,True,False,post,post,none,none,none,,
9,6,communication,0.042885989471328156,0.5086445193199746,-0.3281619497981899,1.0351864165960283,25,1,0.04,25,0,0,0.04,0.0,0.0,False,0.9422792430215854,logistic,False,True,False,post,post,none,none,none,,
9,7,communication,-0.10033250254260778,0.5083186718141894,-0.2735345214872695,1.033837655966654,25,0,0.0,25,0,0,0.0,0.0,0.0,True,0.9798026824382927,logistic,False,True,False,post,post,none,none,none,,
9,8,communication,0.0688737845093903,0.518017437593598,-0.31755689271855814,1.074763856616065,25,0,0.0,25,0,0,0.0,0.0,0.0,False,0.9385025471710319,logistic,False,True,False,post,post,none,none,none,,
9,9,communication,0.7260420910484651,0.5246442922949569,-0.2755191997313538,1.1036877937742093,25,0,0.0,25,0,0,0.0,0.0,0.0,False,0.271092370190032,logistic,False,True,False,post,post,none,none,none,,
10,0,communication,1.2428345019680207,0.45110010331810213,0.14736727540873107,0.8218258120378672,25,0,0.0,25,0,0,0.0,0.0,0.0,False,0.0028724495891803824,logistic,False,True,False,post,post,none,none,none,,
10,1,communication,-0.5596712573075431,0.2859367300569527,0.05447324265281439,0.40043612673112094,25,13,0.52,25,0,0,0.52,0.0,0.0,True,0.9878829917432295,logistic,False,True,False,post,post,none,none,none,,
10,2,communication,1.5753568277926127,0.4100436672220499,0.14349630756149998,0.6950407079982708,25,0,0.0,25,0,0,0.0,0.0,0.0,False,1.9628478205219363e-05,logistic,False,True,False,post,post,none,none,none,,
10,3,communication,0.4139137956943151,0.3831812372309339,0.14490678910185775,0.6212217597122529,25,1,0.04,25,0,0,0.04,0.0,0.0,False,0.3447336329425709,logistic,False,True,False,post,post,none,none,none,,
10,4,communication,0.014043142497434819,0.44445374585733716,0.02406806775726046,0.8000301370823437,25,4,0.16,25,0,0,0.16,0.0,0.0,True,0.9023425166690292,logistic,False,True,False,post,post,none,none,none,,
10,5,communication,0.5279142962764075,0.43913722985993436,0.1696380093492785,0.7829673375365378,25,0,0.0,25,0,0,0.0,0.0,0.0,False,0.3266867705149338,logistic,False,True,False,post,post,none,none,none,,
10,6,communication,-1.0381499246008723,0.33332892260391933,0.0955664025853656,0.49999007592447714,25,23,0.92,25,0,0,0.92,0.0,0.0,True,0.9999826994478992,logistic,False,True,False,post,post,none,none,none,,
10,7,communication,0.28113517078246797,0.41008897075714734,0.10838005029539338,0.6951708824354313,25,1,0.04,25,0,0,0.04,0.0,0.0,False,0.5802487503520213,logistic,False,True,False,post,post,none,none,none,,
10,8,communication,0.22758565956354,0.3944963294396745,0.05543442729895795,0.6515176515356423,25,2,0.08,25,0,0,0.08,0.0,0.0,False,0.613613640100579,logistic,False,True,False,post,post,none,none,none,,
10,9,communication,1.2551035010975187,0.3660554907300926,0.19709100786923445,0.5774251300822313,25,0,0.0,25,0,0,0.0,0.0,0.0,False,0.000473507724886288,logistic,False,True,False,post,post,none,none,none,,
11,0,communication,-1.9551620885128986,0.5618611970329909,-0.07791246296025574,1.2823817320633382,25,23,0.92,25,0,0,0.92,0.0,0.0,True,1.0,logistic,False,True,False,post,post,none,none,none,,
11,1,communication,0.11204407930252777,0.5695134451630877,-0.14729011581723953,1.3229529209776254,25,0,0.0,25,0,0,0.0,0.0,0.0,False,0.9554376836396764,logistic,False,True,False,post,post,none,none,none,,
11,2,communication,0.8853180329979292,0.5250891053077626,-0.202512576123023,1.1056581585647616,25,0,0.0,25,0,0,0.0,0.0,0.0,False,0.12759521159042414,logistic,False,True,False,post,post,none,none,none,,
11,3,communication,0.22063179480258283,0.5690929953283991,-0.18479325101075483,1.3206863410403626,25,0,0.0,25,0,0,0.0,0.0,0.0,False,0.9091604337012833,logistic,False,True,False,post,post,none,none,none,,
11,4,communication,-0.07742680819585955,0.5267411941152409,-0.1074334760651636,1.1130087545449812,25,4,0.16,25,0,0,0.16,0.0,0.0,True,0.9812818500929846,logistic,False,True,False,post,post,none,none,none,,
11,5,communication,0.16431382333536398,0.48363971990381077,-0.07801588268187676,0.9366323060590889,25,0,0.0,25,0,0,0.0,0.0,0.0,False,0.84694038712038,logistic,False,True,False,post,post,none,none,none,,
11,6,communication,-1.677824770727451,0.5423887709446162,-0.2566282020493078,1.1852610611506036,25,22,0.88,25,0,0,0.88,0.0,0.0,True,0.9999999999999698,logistic,False,True,False,post,post,none,none,none,,
11,7,communication,0.9017314809521976,0.5123786330562031,-0.08256563050577234,1.0507714956536343,25,0,0.0,25,0,0,0.0,0.0,0.0,False,0.10261175832838237,logistic,False,True,False,post,post,none,none,none,,
11,8,communication,0.9557331027024493,0.5085576206992262,-0.24856106053118354,1.034826547565564,25,0,0.0,25,0,0,0.0,0.0,0.0,False,0.07089842427505659,logistic,False,True,False,post,post,none,none,none,,
11,9,communication,-0.08572028206410731,0.5853717706950055,-0.1752680317196026,1.4117991234610672,25,3,0.12,25,0,0,0.12,0.0,0.0,True,0.992909169949918,logistic,False,True,False,post,post,none,none,none,,
12,0,communication,-0.18411324451260425,0.39817765443932446,-0.02345466629231399,0.6616199238470788,25,2,0.08,25,0,0,0.08,0.0,0.0,True,0.9538030457586617,logistic,False,True,False,post,post,none,none,none,,
12,1,communication,-0.6073771769409728,0.5003705455439946,-0.0988070319943905,1.001483281422622,25,13,0.52,25,0,0,0.52,0.0,0.0,True,0.9998893714655095,logistic,False,True,False,post,post,none,none,none,,
12,2,communication,-0.5061114933438055,0.49599646845587414,-0.04571648844092654,0.9841130813831396,25,6,0.24,25,0,0,0.24,0.0,0.0,True,0.9995662756137518,logistic,False,True,False,post,post,none,none,none,,
12,3,communication,-0.4409737701321491,0.364220460576879,-0.06496763625045762,0.5728722583733301,25,7,0.28,25,0,0,0.28,0.0,0.0,True,0.9902747016771284,logistic,False,True,False,post,post,none,none,none,,
12,4,communication,0.3977100601139454,0.4146874463433363,0.010136604015462874,0.7084888983717001,25,0,0.0,25,0,0,0.0,0.0,0.0,False,0.4368690745060454,logistic,False,True,False,post,post,none,none,none,,
12,5,communication,-0.7318720213460075,0.44831798219357555,-0.07871133778805396,0.8126383817550538,25,15,0.6,25,0,0,0.6,0.0,0.0,True,0.9999288265998002,logistic,False,True,False,post,post,none,none,none,,
12,6,communication,0.325900193378159,0.5166131474848997,-0.21624019581754905,1.06873644741664,25,0,0.0,25,0,0,0.0,0.0,0.0,False,0.7509127608350562,logistic,False,True,False,post,post,none,none,none,,
12,7,communication,1.1669293449282534,0.48619614752971113,-0.16043553369697885,0.9462680071240336,25,0,0.0,25,0,0,0.0,0.0,0.0,False,0.01061921993427105,logistic,False,True,False,post,post,none,none,none,,
12,8,communication,0.560098779688341,0.42578248134956875,-0.08330788666188244,0.7415003330972458,25,0,0.0,25,0,0,0.0,0.0,0.0,False,0.26276540265902704,logistic,False,True,False,post,post,none,none,none,,
12,9,communication,0.04583939870584251,0.43319410194268365,-0.10302230369286468,0.7642723962954922,25,0,0.0,25,0,0,0.0,0.0,0.0,False,0.869267316297807,logistic,False,True,False,post,post,none,none,none,,
13,0,communication,0.7093681975959839,0.484801401395136,-0.006372882428333912,0.9409990685299955,25,0,0.0,25,0,0,0.0,0.0,0.0,False,0.21573974705260685,logistic,False,True,False,post,post,none,none,none,,
13,1,communication,-0.7020655468980268,0.4235754220708514,-0.009831434833664582,0.7348323411062381,25,16,0.64,25,0,0,0.64,0.0,0.0,True,0.9998141354343694,logistic,False,True,False,post,post,none,none,none,,
13,2,communication,-0.5485154384847377,0.4538017308580416,-0.06509281179079408,0.8308369991192656,25,14,0.56,25,0,0,0.56,0.0,0.0,True,0.9993701263218387,logistic,False,True,False,post,post,none,none,none,,
13,3,communication,1.4384028818455534,0.425440827164051,-0.03598900088627319,0.7404647724343704,25,0,0.0,25,0,0,0.0,0.0,0.0,False,0.00018225174020044835,logistic,False,True,False,post,post,none,none,none,,
13,4,communication,0.23126302153665831,0.46940956360971603,-0.028879576495008864,0.8846928467147014,25,0,0.0,25,0,0,0.0,0.0,0.0,False,0.7633338248136637,logistic,False,True,False,post,post,none,none,none,,
13,5,communication,-0.9631641688766687,0.4941117211486909,0.01555722976715273,0.9767210307197499,25,18,0.72,25,0,0,0.72,0.0,0.0,True,0.9999993599732374,logistic,False,True,False,post,post,none,none,none,,
13,6,communication,-0.6164217472498631,0.4956736367621513,-0.03765478230242339,0.982843001860649,25,15,0.6,25,0,0,0.6,0.0,0.0,True,0.9998905487749808,logistic,False,True,False,post,post,none,none,none,,
13,7,communication,0.5603097192985294,0.4999383536227411,0.0034905005967087446,0.999753444889423,25,0,0.0,25,0,0,0.0,0.0,0.0,False,0.42019587473354747,logistic,False,True,False,post,post,none,none,none,,
13,8,communication,-0.8829684548443412,0.49501863910217314,-0.049391167402241254,0.9802711098525685,25,19,0.76,25,0,0,0.76,0.0,0.0,True,0.9999976840362803,logistic,False,True,False,post,post,none,none,none,,
13,9,communication,-0.38165872473264323,0.5228092773299237,0.036794237729572514,1.0955981591691326,25,8,0.32,25,0,0,0.32,0.0,0.0,True,0.998937203585967,logistic,False,True,False,post,post,none,none,none,,
14,0,communication,0.057220845099432635,0.42853602146637004,0.03113699861812775,0.7498915724591927,25,1,0.04,25,0,0,0.04,0.0,0.0,False,0.8548844268881161,logistic,False,True,False,post,post,none,none,none,,
14,1,communication,-2.488189701072681,0.37975803657894663,0.01532855716901741,0.6122740139740377,25,20,0.8,25,0,0,0.8,0.0,0.0,True,1.0,logistic,False,True,False,post,post,none,none,none,,
14,2,communication,-0.07939941226800457,0.392155915472523,0.08066177188151366,0.645158726480616,25,4,0.16,25,0,0,0.16,0.0,0.0,True,0.9028815417733467,logistic,False,True,False,post,post,none,none,none,,
14,3,communication,0.6854997978578841,0.28120209507226385,0.04547094779238943,0.3912116231064061,25,0,0.0,25,0,0,0.0,0.0,0.0,False,0.02699397884155059,logistic,False,True,False,post,post,none,none,none,,
14,4,communication,-0.2884195359219267,0.42218230838161924,0.08343852784924025,0.730649674638985,25,10,0.4,25,0,0,0.4,0.0,0.0,True,0.985085705739714,logistic,False,True,False,post,post,none,none,none,,
14,5,communication,-0.339305019130945,0.4306254466354907,0.08864176604377408,0.7563131230415341,25,7,0.28,25,0,0,0.28,0.0,0.0,True,0.9916136504831586,logistic,False,True,False,post,post,none,none,none,,
14,6,communication,-0.7611925212650003,0.4647672627879441,0.06916215748206264,0.8683461053014891,25,19,0.76,25,0,0,0.76,0.0,0.0,True,0.9999680737980113,logistic,False,True,False,post,post,none,none,none,,
14,7,communication,-0.9146318284323649,0.3701451623735655,0.07699308352318573,0.5876674120158107,25,22,0.88,25,0,0,0.88,0.0,0.0,True,0.999961107019647,logistic,False,True,False,post,post,none,none,none,,
14,8,communication,-0.2418246050903936,0.40757506872454463,0.11482898070794202,0.687977576917737,25,10,0.4,25,0,0,0.4,0.0,0.0,True,0.9732509487880205,logistic,False,True,False,post,post,none,none,none,,
14,9,communication,-3.1077208812404535,0.3877865952404584,-0.054026732990821266,0.6334173545134459,25,21,0.84,25,0,0,0.84,0.0,0.0,True,1.0,logistic,False,True,False,post,post,none,none,none,,
15,0,communication,-0.9062614348986306,0.23907287850071393,-0.07881007112527423,0.31418630213844756,25,20,0.8,25,0,0,0.8,0.0,0.0,True,0.9990597795547717,logistic,False,True,False,post,post,none,none,none,,
15,1,communication,-0.14393868246663077,0.20324962438123687,-0.1209395957096569,0.25509824733172104,25,4,0.16,25,0,0,0.16,0.0,0.0,True,0.628250927309667,logistic,False,True,False,post,post,none,none,none,,
15,2,communication,-1.3456863196791902,0.27580600242071074,-0.09075388953245676,0.380845468676387,25,21,0.84,25,0,0,0.84,0.0,0.0,True,0.9999992439431515,logistic,False,True,False,post,post,none,none,none,,
15,3,communication,-0.2577815300445601,0.42637586511592457,-0.11116145797188888,0.7433018228950417,25,3,0.12,25,0,0,0.12,0.0,0.0,True,0.9819107733116035,logistic,False,True,False,post,post,none,none,none,,
15,4,communication,-0.3641789336088177,0.0846648433777679,-0.0596699401508817,0.09249600298342953,25,9,0.36,25,0,0,0.36,0.0,0.0,True,0.5484653856920269,logistic,False,True,False,post,post,none,none,none,,
15,5,communication,-0.37274212249963834,0.1385044415286245,0.023689399567355662,0.16077209007831064,25,10,0.4,25,0,0,0.4,0.0,0.0,True,0.7314129842342945,logistic,False,True,False,post,post,none,none,none,,
15,6,communication,-0.8690310335172576,0.04439340744850284,-0.08986792689358535,0.046455735858802694,25,17,0.68,25,0,0,0.68,0.0,0.0,True,0.9103503905639851,logistic,False,True,False,post,post,none,none,none,,
15,7,communication,1.9188694408251512,0.30551253249384763,-0.07480992520547924,0.4399107929059081,25,0,0.0,25,0,0,0.0,0.0,0.0,False,1.972690657949153e-09,logistic,False,True,False,post,post,none,none,none,,
15,8,communication,0.011125964425278204,0.317636441396599,0.0008813205762573939,0.46549443825327963,25,1,0.04,25,0,0,0.04,0.0,0.0,True,0.707942254210412,logistic,False,True,False,post,post,none,none,none,,
15,9,communication,-0.5899208314346044,0.31548810905750174,-0.045098719400458356,0.46089500158004404,25,13,0.52,25,0,0,0.52,0.0,0.0,True,0.9944204464139511,logistic,False,True,False,post,post,none,none,none,,
16,0,communication,-0.12055240198004726,0.36456526214820806,-0.19968287959042608,0.5737257352040436,25,2,0.08,25,0,0,0.08,0.0,0.0,True,0.8980959180310524,logistic,False,True,False,post,post,none,none,none,,
16,1,communication,0.34143108624903185,0.41085942383160945,-0.15238593486486524,0.6973877550647197,25,0,0.0,25,0,0,0.0,0.0,0.0,False,0.5024307465093284,logistic,False,True,False,post,post,none,none,none,,
16,2,communication,-1.90367138734092,0.47432438853597264,-0.18560972398093825,0.9023138570476202,25,23,0.92,25,0,0,0.92,0.0,0.0,True,0.9999999999999981,logistic,False,True,False,post,post,none,none,none,,
16,3,communication,0.6012440951409932,0.4090573658261968,-0.20704307135853622,0.6922116330261056,25,0,0.0,25,0,0,0.0,0.0,0.0,False,0.19198824237818546,logistic,False,True,False,post,post,none,none,none,,
16,4,communication,-0.039313208216420786,0.4831193321665728,-0.23683915141581194,0.9346825335751685,25,1,0.04,25,0,0,0.04,0.0,0.0,True,0.9553512983905061,logistic,False,True,False,post,post,none,none,none,,
16,5,communication,-1.1878738277199836,0.45001038106550817,-0.12014148324479543,0.8182161364014908,25,20,0.8,25,0,0,0.8,0.0,0.0,True,0.9999999519581562,logistic,False,True,False,post,post,none,none,none,,
16,6,communication,-1.994066129878588,0.4228775701781204,-0.17985711817593322,0.7327345955149158,25,21,0.84,25,0,0,0.84,0.0,0.0,True,0.9999999999999981,logistic,False,True,False,post,post,none,none,none,,
16,7,communication,0.10627799479010794,0.3241698982066237,-0.19402413863045356,0.47966182232251786,25,1,0.04,25,0,0,0.04,0.0,0.0,False,0.6065108657516498,logistic,False,True,False,post,post,none,none,none,,
16,8,communication,0.2802531597441306,0.368999666512794,-0.28553932193749293,0.5847852163144311,25,0,0.0,25,0,0,0.0,0.0,0.0,False,0.4845718701179136,logistic,False,True,False,post,post,none,none,none,,
16,9,communication,0.006539700656723241,0.43340369349162056,-0.1529876669362054,0.764925024242478,25,1,0.04,25,0,0,0.04,0.0,0.0,True,0.8952905366099753,logistic,False,True,False,post,post,none,none,none,,
17,0,communication,-1.101878930771187,0.3039118668930536,-0.20677900413654698,0.43659969541006494,25,16,0.64,25,0,0,0.64,0.0,0.0,True,0.9999849551841897,logistic,False,True,False,post,post,none,none,none,,
17,1,communication,-0.3067394298919386,0.27431041277671653,-0.17139183010689085,0.3779996538551895,25,2,0.08,25,0,0,0.08,0.0,0.0,True,0.9093894553852999,logistic,False,True,False,post,post,none,none,none,,
17,2,communication,1.6436983378329704,0.2876416682798081,-0.20359241449164686,0.4037878908290655,25,0,0.0,25,0,0,0.0,0.0,0.0,False,1.8824473231356025e-07,logistic,False,True,False,post,post,none,none,none,,
17,3,communication,0.9148223068953896,0.2124270365571718,-0.3063175207268276,0.2697236274193056,25,0,0.0,25,0,0,0.0,0.0,0.0,False,0.0008466273522430726,logistic,False,True,False,post,post,none,none,none,,
17,4,communication,-0.5720564648699761,0.37662752156432966,-0.2870404515582077,0.6041773331242698,25,5,0.2,25,0,0,0.2,0.0,0.0,True,0.9977997678951273,logistic,False,True,False,post,post,none,none,none,,
17,5,communication,1.154345819980648,0.2548016659893613,-0.22092944532817463,0.3419246318198609,25,0,0.0,25,0,0,0.0,0.0,0.0,False,0.00012712726394908995,logistic,False,True,False,post,post,none,none,none,,
17,6,communication,1.8262133191568812,0.3334435183776141,-0.2417074907032506,0.500247957331416,25,0,0.0,25,0,0,0.0,0.0,0.0,False,3.2165759098945284e-08,logistic,False,True,False,post,post,none,none,none,,
17,7,communication,-1.6703427157956425,0.4262780989352817,-0.2559698951227397,0.7430047522051901,25,22,0.88,25,0,0,0.88,0.0,0.0,True,0.9999999999948725,logistic,False,True,False,post,post,none,none,none,,
17,8,communication,-0.17552736734407437,0.3547742394591787,-0.2841480930715372,0.549845125777078,25,0,0.0,25,0,0,0.0,0.0,0.0,True,0.9185236570609088,logistic,False,True,False,post,post,none,none,none,,
17,9,communication,-0.7334942977343739,0.3231620963029507,-0.1777402396169611,0.47745862715099524,25,15,0.6,25,0,0,0.6,0.0,0.0,True,0.9989054964066498,logistic,False,True,False,post,post,none,none,none,,
18,0,communication,0.8868870440161349,1.0,-0.07248141151961997,-0.41780775421266325,25,0,0.0,25,0,0,0.0,0.0,0.0,False,0.0,logistic,False,True,False,post,post,none,none,none,,
18,1,communication,-0.2733770153154055,1.0,-0.10379250621501585,-0.6742724668473701,25,4,0.16,25,0,0,0.16,0.0,0.0,True,0.0,logistic,False,True,False,post,post,none,none,none,,
18,2,communication,1.7485303447128162,1.0,-0.05951242168867376,-0.4568563825038783,25,0,0.0,25,0,0,0.0,0.0,0.0,False,0.0,logistic,False,True,False,post,post,none,none,none,,
18,3,communication,-0.11389975113758825,1.0,-0.07600759120796609,-0.27601166248884645,25,1,0.04,25,0,0,0.04,0.0,0.0,True,0.0,logistic,False,True,False,post,post,none,none,none,,
18,4,communication,-0.12650906921385446,1.0,-0.06567023677837064,-0.3177855299676391,25,4,0.16,25,0,0,0.16,0.0,0.0,True,0.0,logistic,False,True,False,post,post,none,none,none,,
18,5,communication,0.24450020657972282,1.0,-0.09564402465524702,-0.29957327983606385,25,0,0.0,25,0,0,0.0,0.0,0.0,False,0.0,logistic,False,True,False,post,post,none,none,none,,
18,6,communication,1.3476311472985951,1.0,-0.045246462058567784,-0.5279046067922998,25,0,0.0,25,0,0,0.0,0.0,0.0,False,0.0,logistic,False,True,False,post,post,none,none,none,,
18,7,communication,0.20661912960810566,1.0,-0.05594939200761715,-0.20331857685097116,25,0,0.0,25,0,0,0.0,0.0,0.0,False,0.0,logistic,False,True,False,post,post,none,none,none,,
18,8,communication,0.4255234319791112,1.0,-0.09764839642701234,-0.7609317288202785,25,0,0.0,25,0,0,0.0,0.0,0.0,False,0.0,logistic,False,True,False,post,post,none,none,none,,
18,9,communication,-1.7162617682335606,1.0,-0.10125611110882081,-0.356527934671767,25,20,0.8,25,0,0,0.8,0.0,0.0,True,0.0,logistic,False,True,False,post,post,none,none,none,,
19,0,communication,1.4263637099659774,0.3175849568535096,-0.3483187712527097,0.46538387458339686,25,0,0.0,25,0,0,0.0,0.0,0.0,False,1.5203807779463443e-05,logistic,False,True,False,post,post,none,none,none,,
19,1,communication,-0.9659559785716743,0.3531872859687791,-0.3152076715987838,0.5460425843635027,25,14,0.56,25,0,0,0.56,0.0,0.0,True,0.999970952099749,logistic,False,True,False,post,post,none,none,none,,
19,2,communication,0.7415495180947417,0.32640970017950494,-0.2920489948809132,0.48458194879957406,25,0,0.0,25,0,0,0.0,0.0,0.0,False,0.033353109815757224,logistic,False,True,False,post,post,none,none,none,,
19,3,communication,-0.7552938696369427,0.40353100161826005,-0.27442851979461536,0.6765330682953623,25,11,0.44,25,0,0,0.44,0.0,0.0,True,0.9998518603315361,logistic,False,True,False,post,post,none,none,none,,
19,4,communication,0.4695914798985111,0.33587419176700584,-0.2963882817835562,0.505738803707462,25,0,0.0,25,0,0,0.0,0.0,0.0,False,0.19229397017931854,logistic,False,True,False,post,post,none,none,none,,
19,5,communication,-1.5166396027640348,0.39167529951966357,-0.30229390719119975,0.6438589444262162,25,19,0.76,25,0,0,0.76,0.0,0.0,True,0.9999999994215087,logistic,False,True,False,post,post,none,none,none,,
19,6,communication,1.2628118584902648,0.453406124248888,-0.4484512739866346,0.8295118997186561,25,0,0.0,25,0,0,0.0,0.0,0.0,False,0.0024382588853758356,logistic,False,True,False,post,post,none,none,none,,
19,7,communication,0.4164936081462556,0.2677258082650301,-0.3500966153138467,0.36560869041514366,25,0,0.0,25,0,0,0.0,0.0,0.0,False,0.13229706351228082,logistic,False,True,False,post,post,none,none,none,,
19,8,communication,1.0254831707939223,0.24839397546932027,-0.28417829899852665,0.3304842794792967,25,0,0.0,25,0,0,0.0,0.0,0.0,False,0.0005380232736865847,logistic,False,True,False,post,post,none,none,none,,
19,9,communication,0.5606114132989282,0.3960488349003742,-0.20155038360941913,0.6557630116253576,25,0,0.0,25,0,0,0.0,0.0,0.0,False,0.2083586390782658,logistic,False,True,False,post,post,none,none,none,,
20,0,communication,-1.622996642527818,0.5071571277022473,-0.23195641268243383,1.0290442577322019,25,23,0.92,25,0,0,0.92,0.0,0.0,True,0.9999999999994543,logistic,False,True,False,post,post,none,none,none,,
20,1,communication,0.16769971135283018,0.5003972507444088,-0.2910715242060197,1.0015902664466947,25,1,0.04,25,0,0,0.04,0.0,0.0,False,0.8664978060265074,logistic,False,True,False,post,post,none,none,none,,
20,2,communication,0.2924974260872426,0.5146620598184038,-0.3885384495391395,1.060420002660076,25,0,0.0,25,0,0,0.0,0.0,0.0,False,0.7815118719503658,logistic,False,True,False,post,post,none,none,none,,
20,3,communication,1.0232574845374574,0.4968286687691951,-0.3680631120165383,0.9873946267047946,25,0,0.0,25,0,0,0.0,0.0,0.0,False,0.03897452512580024,logistic,False,True,False,post,post,none,none,none,,
20,4,communication,0.3682006769674684,0.4328397383224683,-0.34054031887833225,0.7631700730270248,25,0,0.0,25,0,0,0.0,0.0,0.0,False,0.5184702405615339,logistic,False,True,False,post,post,none,none,none,,
20,5,communication,-0.16360284590435067,0.44690553934662197,-0.22741596964524316,0.8080094290199298,25,1,0.04,25,0,0,0.04,0.0,0.0,True,0.9713846374687093,logistic,False,True,False,post,post,none,none,none,,
20,6,communication,0.031702377395114556,0.5096157119489112,-0.27481685962043323,1.0392170474593565,25,1,0.04,25,0,0,0.04,0.0,0.0,True,0.947077025139009,logistic,False,True,False,post,post,none,none,none,,
20,7,communication,-1.1948233421443135,0.5232699826271358,-0.3045816508818156,1.0976233162550604,25,19,0.76,25,0,0,0.76,0.0,0.0,True,0.9999999963817108,logistic,False,True,False,post,post,none,none,none,,
20,8,communication,-0.1998115258434562,0.39835196184073113,-0.33189517633356835,0.6621013226594765,25,3,0.12,25,0,0,0.12,0.0,0.0,True,0.9587413399935308,logistic,False,True,False,post,post,none,none,none,,
20,9,communication,0.658862352354769,0.4658476972624152,-0.21349328548705704,0.8721252250994678,25,0,0.0,25,0,0,0.0,0.0,0.0,False,0.23297203839703295,logistic,False,True,False,post,post,none,none,none,,
21,0,communication,0.16632474175550796,0.5211417335574863,-0.03686385340416668,1.0883005892935724,25,2,0.08,25,0,0,0.08,0.0,0.0,False,0.891722871868275,logistic,False,True,False,post,post,none,none,none,,
21,1,communication,-0.2656821909699831,0.4123058254998998,-0.12225188518442832,0.7015652755969755,25,4,0.16,25,0,0,0.16,0.0,0.0,True,0.9792421560975504,logistic,False,True,False,post,post,none,none,none,,
21,2,communication,0.5811635033101634,0.43686000336926173,0.007905118044329789,0.7757573711386003,25,0,0.0,25,0,0,0.0,0.0,0.0,False,0.2611036043543276,logistic,False,True,False,post,post,none,none,none,,
21,3,communication,-2.167475703227737,0.5435371091982113,0.05378044508322802,1.1907585921025792,25,20,0.8,25,0,0,0.8,0.0,0.0,True,1.0,logistic,False,True,False,post,post,none,none,none,,
21,4,communication,-0.725904108051666,0.47904148777888206,-0.03565451745962696,0.9195386514301844,25,19,0.76,25,0,0,0.76,0.0,0.0,True,0.9999631364316834,logistic,False,True,False,post,post,none,none,none,,
21,5,communication,-0.9450136119399271,0.5188660151400114,0.008514623282678175,1.0784231242592492,25,21,0.84,25,0,0,0.84,0.0,0.0,True,0.9999995822914349,logistic,False,True,False,post,post,none,none,none,,
21,6,communication,-0.31213046484347634,0.5506406305133275,-0.006964093996383265,1.2253903399017894,25,4,0.16,25,0,0,0.16,0.0,0.0,True,0.9986641445175876,logistic,False,True,False,post,post,none,none,none,,
21,7,communication,-0.8871537222515212,0.5165004578425366,-0.07366280040120556,1.0682542852839465,25,18,0.72,25,0,0,0.72,0.0,0.0,True,0.9999988220490736,logistic,False,True,False,post,post,none,none,none,,
21,8,communication,1.6486546250752292,0.46966622505778705,-0.13476591339534869,0.885604966624959,25,0,0.0,25,0,0,0.0,0.0,0.0,False,3.0868647823587705e-05,logistic,False,True,False,post,post,none,none,none,,
21,9,communication,1.3227928349028828,0.5401013115886132,-0.00605219402385674,1.1743919371770069,25,0,0.0,25,0,0,0.0,0.0,0.0,False,0.006065976626559787,logistic,False,True,False,post,post,none,none,none,,
22,0,communication,-0.06829880385992321,0.3447032120874325,-0.47656146963929413,0.5260260975572251,25,0,0.0,25,0,0,0.0,0.0,0.0,True,0.8357185582085668,logistic,False,True,False,post,post,none,none,none,,
22,1,communication,0.36659671684875345,0.39023170437691246,-0.46837373512020625,0.6399671927484469,25,0,0.0,25,0,0,0.0,0.0,0.0,False,0.4207669236849759,logistic,False,True,False,post,post,none,none,none,,
22,2,communication,-3.317733068068165,0.48947113391665314,-0.46652370262422865,0.9587531018015819,25,23,0.92,25,0,0,0.92,0.0,0.0,True,1.0,logistic,False,True,False,post,post,none,none,none,,
22,3,communication,0.8603135531362078,0.3337718594877334,-0.3490263130806903,0.500987333304616,25,0,0.0,25,0,0,0.0,0.0,0.0,False,0.014456873373431784,logistic,False,True,False,post,post,none,none,none,,
22,4,communication,0.03163329250826086,0.39007001800565183,-0.3919325972346885,0.639532453758383,25,0,0.0,25,0,0,0.0,0.0,0.0,False,0.8200754166969474,logistic,False,True,False,post,post,none,none,none,,
22,5,communication,0.15701414353162574,0.3756484848545353,-0.3589782834243935,0.6016618455182491,25,0,0.0,25,0,0,0.0,0.0,0.0,False,0.6597758532800874,logistic,False,True,False,post,post,none,none,none,,
22,6,communication,-1.32969643858725,0.45098110930938945,-0.44464788496490854,0.8214309506583655,25,19,0.76,25,0,0,0.76,0.0,0.0,True,0.9999999969209895,logistic,False,True,False,post,post,none,none,none,,
22,7,communication,-1.6786121255164177,0.370620466111189,-0.4587488464510075,0.5888664091461614,25,22,0.88,25,0,0,0.88,0.0,0.0,True,0.9999999999599904,logistic,False,True,False,post,post,none,none,none,,
22,8,communication,-0.44423505783284656,0.3858599957326058,-0.5293445176050197,0.6282932117292979,25,1,0.04,25,0,0,0.04,0.0,0.0,True,0.9933727632776884,logistic,False,True,False,post,post,none,none,none,,
22,9,communication,-1.9816011790577075,0.44024701129943716,-0.48516336979467395,0.7865022968817861,25,20,0.8,25,0,0,0.8,0.0,0.0,True,0.9999999999999989,logistic,False,True,False,post,post,none,none,none,,
23,0,communication,-1.0675083663026734,0.2279055919133653,-0.11458598055544843,0.29517839985157956,25,19,0.76,25,0,0,0.76,0.0,0.0,True,0.9998230596717058,logistic,False,True,False,post,post,none,none,none,,
23,1,communication,0.03200236323516384,0.05585912736721866,0.11480102520635607,0.059163975404912666,25,1,0.04,25,0,0,0.04,0.0,0.0,True,0.06539489699313422,logistic,False,True,False,post,post,none,none,none,,
23,2,communication,-0.8220536176463956,0.18457831756479523,0.00042900471332190174,0.2263593445462032,25,17,0.68,25,0,0,0.68,0.0,0.0,True,0.9930023801155492,logistic,False,True,False,post,post,none,none,none,,
23,3,communication,1.5352312942399284,0.18182402966558456,0.0954066287019899,0.2222309579579404,25,0,0.0,25,0,0,0.0,0.0,0.0,False,2.983399634166618e-08,logistic,False,True,False,post,post,none,none,none,,
23,4,communication,1.5007857686359887,0.09039287768520834,-0.07844904472656379,0.09937573647749615,25,0,0.0,25,0,0,0.0,0.0,0.0,False,7.72247987422454e-10,logistic,False,True,False,post,post,none,none,none,,
23,5,communication,-0.4189786219654627,0.07516010056130386,0.04159467854436171,0.08126822881119211,25,10,0.4,25,0,0,0.4,0.0,0.0,True,0.5826695903612799,logistic,False,True,False,post,post,none,none,none,,
23,6,communication,-0.15798942914955136,0.3121227219303168,-0.07058657365114285,0.45374768418894945,25,3,0.12,25,0,0,0.12,0.0,0.0,True,0.8593041198518983,logistic,False,True,False,post,post,none,none,none,,
23,7,communication,-0.8205511069358905,0.15917992816114432,0.03338616327048695,0.18931509069832406,25,20,0.8,25,0,0,0.8,0.0,0.0,True,0.9883334494422925,logistic,False,True,False,post,post,none,none,none,,
23,8,communication,0.4208893055990104,0.22415445767061712,-0.04907731702531263,0.28891634409294964,25,0,0.0,25,0,0,0.0,0.0,0.0,False,0.07867799171651324,logistic,False,True,False,post,post,none,none,none,,
23,9,communication,-0.4082229416252857,0.30939103901609927,0.007413183668862,0.4479974290737761,25,6,0.24,25,0,0,0.24,0.0,0.0,True,0.9709186340677686,logistic,False,True,False,post,post,none,none,none,,
24,0,communication,1.294276244158525,0.33366571750402585,-0.38908208202529665,0.5007482374374783,25,0,0.0,25,0,0,0.0,0.0,0.0,False,0.0001406992011707827,logistic,False,True,False,post,post,none,none,none,,
24,1,communication,0.46280027604115304,0.24836288804745843,-0.14851677239988834,0.3304292511612174,25,0,0.0,25,0,0,0.0,0.0,0.0,False,0.08159211520515597,logistic,False,True,False,post,post,none,none,none,,
24,2,communication,-0.7192484019368046,0.273550883261659,-0.3016915320767583,0.37655890407006865,25,7,0.28,25,0,0,0.28,0.0,0.0,True,0.9966075588242683,logistic,False,True,False,post,post,none,none,none,,
24,3,communication,-1.3793997697951454,0.0907575266766822,-0.28060234868895345,0.09981663784904349,25,19,0.76,25,0,0,0.76,0.0,0.0,True,0.9998176689113325,logistic,False,True,False,post,post,none,none,none,,
24,4,communication,-0.27722321983171183,0.15741155941189916,-0.29064451478076525,0.18681903504637537,25,3,0.12,25,0,0,0.12,0.0,0.0,True,0.6713447503392418,logistic,False,True,False,post,post,none,none,none,,
24,5,communication,-2.728801002355078,0.14178471599133605,-0.3277471795830492,0.1652087985768204,25,21,0.84,25,0,0,0.84,0.0,0.0,True,1.0,logistic,False,True,False,post,post,none,none,none,,
24,6,communication,1.3173022794893003,0.24893269174359559,-0.29823709193687187,0.3314385927960178,25,0,0.0,25,0,0,0.0,0.0,0.0,False,1.122167368098466e-05,logistic,False,True,False,post,post,none,none,none,,
24,7,communication,2.7192337708040557,1.0,-0.3011406240670313,-0.17179228932169277,25,0,0.0,25,0,0,0.0,0.0,0.0,False,0.0,logistic,False,True,False,post,post,none,none,none,,
24,8,communication,-1.1812881543083287,0.3057554945361583,-0.29658955873054865,0.4404147128710447,25,17,0.68,25,0,0,0.68,0.0,0.0,True,0.9999956843273387,logistic,False,True,False,post,post,none,none,none,,
24,9,communication,-0.9329652694672419,0.14107062300151466,-0.18617745404188912,0.16424007232641596,25,19,0.76,25,0,0,0.76,0.0,0.0,True,0.9938704679775816,logistic,False,True,False,post,post,none,none,none,,
25,0,communication,-0.10511930938456887,0.25850239881082,-0.24496289042019095,0.3486220297897736,25,2,0.08,25,0,0,0.08,0.0,0.0,True,0.7136579975902081,logistic,False,True,False,post,post,none,none,none,,
25,1,communication,-1.1051732101242489,0.15557555743565346,-0.2790904005962663,0.18423857670817997,25,17,0.68,25,0,0,0.68,0.0,0.0,True,0.9992878634581166,logistic,False,True,False,post,post,none,none,none,,
25,2,communication,-0.6673884632281026,0.2798322277237503,-0.30658421196897634,0.38856532949159694,25,3,0.12,25,0,0,0.12,0.0,0.0,True,0.9949743917369285,logistic,False,True,False,post,post,none,none,none,,
25,3,communication,0.5711427615571953,0.20498944559605084,-0.15665350550159562,0.2578449360961497,25,0,0.0,25,0,0,0.0,0.0,0.0,False,0.020454959190855215,logistic,False,True,False,post,post,none,none,none,,
25,4,communication,-0.34840338904320645,0.19928810399739202,-0.2718555300148468,0.24888865145166134,25,6,0.24,25,0,0,0.24,0.0,0.0,True,0.8368198632602649,logistic,False,True,False,post,post,none,none,none,,
25,5,communication,-0.09599172014370858,0.19500032821868088,-0.25288123200034907,0.24223653133569648,25,0,0.0,25,0,0,0.0,0.0,0.0,True,0.5439370002844517,logistic,False,True,False,post,post,none,none,none,,
25,6,communication,0.9745518131371468,0.12215863691218395,-0.16334245321703164,0.13915798690835174,25,0,0.0,25,0,0,0.0,0.0,0.0,False,3.0933528911517594e-05,logistic,False,True,False,post,post,none,none,none,,
25,7,communication,1.3851413278958216,0.38326899286498683,-0.25361160706543784,0.6214524459300983,25,0,0.0,25,0,0,0.0,0.0,0.0,False,0.0001381941012450766,logistic,False,True,False,post,post,none,none,none,,
25,8,communication,0.7368611260133795,0.3100684530631359,-0.38803261879643886,0.4494191553347109,25,0,0.0,25,0,0,0.0,0.0,0.0,False,0.02753658193390785,logistic,False,True,False,post,post,none,none,none,,
25,9,communication,-0.27456372652138317,0.25180530197876183,-0.24820420032243615,0.3365505030237652,25,3,0.12,25,0,0,0.12,0.0,0.0,True,0.861203842358574,logistic,False,True,False,post,post,none,none,none,,
26,0,communication,-0.7124054619565561,0.4733049770998819,-0.5501529449818497,0.8986319530679122,25,4,0.16,25,0,0,0.16,0.0,0.0,True,0.9999489199908653,logistic,False,True,False,post,post,none,none,none,,
26,1,communication,-1.4615305773297347,0.3996121622484401,-0.621361880275791,0.6655900355093457,25,18,0.72,25,0,0,0.72,0.0,0.0,True,0.9999999986548409,logistic,False,True,False,post,post,none,none,none,,
26,2,communication,-2.303809580001071,0.5109069096497113,-0.5768213084436496,1.044600546868899,25,24,0.96,25,0,0,0.96,0.0,0.0,True,1.0,logistic,False,True,False,post,post,none,none,none,,
26,3,communication,-1.943340651473985,0.4747281166744033,-0.4963016999139661,0.9037759905761733,25,21,0.84,25,0,0,0.84,0.0,0.0,True,0.9999999999999993,logistic,False,True,False,post,post,none,none,none,,
26,4,communication,-1.5969321446477194,0.493924540629995,-0.5779157144315413,0.9759899072064546,25,23,0.92,25,0,0,0.92,0.0,0.0,True,0.9999999999982283,logistic,False,True,False,post,post,none,none,none,,
26,5,communication,-1.2623524579037535,0.4087639080108751,-0.5267078843256806,0.6913717101330035,25,17,0.68,25,0,0,0.68,0.0,0.0,True,0.9999999534400041,logistic,False,True,False,post,post,none,none,none,,
26,6,communication,-0.452743207608853,0.5333513513923348,-0.5938960474337347,1.1429398820369239,25,2,0.08,25,0,0,0.08,0.0,0.0,True,0.999625084019416,logistic,False,True,False,post,post,none,none,none,,
26,7,communication,0.7642320976465803,0.5138350432582606,-0.6419428463754157,1.056915016462653,25,0,0.0,25,0,0,0.0,0.0,0.0,False,0.21186392047739805,logistic,False,True,False,post,post,none,none,none,,
26,8,communication,0.608983997568575,0.47526388008828296,-0.5438156385722218,0.9057197742900613,25,0,0.0,25,0,0,0.0,0.0,0.0,False,0.3058046022075065,logistic,False,True,False,post,post,none,none,none,,
26,9,communication,-2.674000933661535,0.4489228652161295,-0.5684087470416418,0.8146280019260727,25,21,0.84,25,0,0,0.84,0.0,0.0,True,1.0,logistic,False,True,False,post,post,none,none,none,,
27,0,communication,-0.7983771612132309,1.0,-0.06379633348499776,-0.15377939761798837,25,15,0.6,25,0,0,0.6,0.0,0.0,True,0.0,logistic,False,True,False,post,post,none,none,none,,
27,1,communication,-1.455673150153645,1.0,-0.060267756545038347,-0.24401513965170435,25,17,0.68,25,0,0,0.68,0.0,0.0,True,0.0,logistic,False,True,False,post,post,none,none,none,,
27,2,communication,0.6247884649752744,1.0,-0.09930877513255995,-0.18173229107724856,25,0,0.0,25,0,0,0.0,0.0,0.0,False,0.0,logistic,False,True,False,post,post,none,none,none,,
27,3,communication,1.202761218195615,1.0,-0.13380016582470777,-0.3757348383858719,25,0,0.0,25,0,0,0.0,0.0,0.0,False,0.0,logistic,False,True,False,post,post,none,none,none,,
27,4,communication,-0.34289634521448886,1.0,-0.03504523491633504,-0.22483701329977135,25,7,0.28,25,0,0,0.28,0.0,0.0,True,0.0,logistic,False,True,False,post,post,none,none,none,,
27,5,communication,1.1399030730876012,1.0,-0.09167674210394702,-0.29109088704217556,25,0,0.0,25,0,0,0.0,0.0,0.0,False,0.0,logistic,False,True,False,post,post,none,none,none,,
27,6,communication,-1.6559287306498898,1.0,-0.05436103312038912,-0.3212622921966033,25,23,0.92,25,0,0,0.92,0.0,0.0,True,0.0,logistic,False,True,False,post,post,none,none,none,,
27,7,communication,0.062097342448138304,1.0,-0.11691330695665947,-0.295486532859222,25,1,0.04,25,0,0,0.04,0.0,0.0,False,0.0,logistic,False,True,False,post,post,none,none,none,,
27,8,communication,0.4007520624615815,1.0,-0.09698065851919495,-0.5476455384018228,25,0,0.0,25,0,0,0.0,0.0,0.0,False,0.0,logistic,False,True,False,post,post,none,none,none,,
27,9,communication,-0.5959196885151326,1.0,-0.16895304825982593,-0.2767989070826421,25,8,0.32,25,0,0,0.32,0.0,0.0,True,0.0,logistic,False,True,False,post,post,none,none,none,,
28,0,communication,-0.08591132004885817,0.22517859271286655,-0.1845882222862702,0.2906199939690358,25,2,0.08,25,0,0,0.08,0.0,0.0,True,0.6110844864780023,logistic,False,True,False,post,post,none,none,none,,
28,1,communication,-0.5983866627094943,0.0751532082652186,-0.23988765083872243,0.08126017080542602,25,8,0.32,25,0,0,0.32,0.0,0.0,True,0.7900754037233624,logistic,False,True,False,post,post,none,none,none,,
28,2,communication,2.4509358396900693,0.2565471740339381,-0.325092177588527,0.34507525571723274,25,0,0.0,25,0,0,0.0,0.0,0.0,False,8.020465482633231e-16,logistic,False,True,False,post,post,none,none,none,,
28,3,communication,-2.6727133789614546,0.08781661977858866,-0.2465164279258913,0.09627079563461595,25,20,0.8,25,0,0,0.8,0.0,0.0,True,0.9999999999999979,logistic,False,True,False,post,post,none,none,none,,
28,4,communication,-2.214697430590634,0.18342017802295224,-0.3633131601876669,0.22462002254582747,25,23,0.92,25,0,0,0.92,0.0,0.0,True,0.9999999999993358,logistic,False,True,False,post,post,none,none,none,,
28,5,communication,-0.8943706471777277,0.135465923469792,-0.3470949446313048,0.15669240478464663,25,11,0.44,25,0,0,0.44,0.0,0.0,True,0.9901462191618131,logistic,False,True,False,post,post,none,none,none,,
28,6,communication,0.6017409776324524,0.3002872215981241,-0.3375742851812117,0.42915783571077776,25,0,0.0,25,0,0,0.0,0.0,0.0,False,0.06320408834186951,logistic,False,True,False,post,post,none,none,none,,
28,7,communication,0.08717825045866978,0.24319337161730825,-0.28364667454780157,0.3213414926571355,25,1,0.04,25,0,0,0.04,0.0,0.0,False,0.4301403714959363,logistic,False,True,False,post,post,none,none,none,,
28,8,communication,0.18992134516257198,1.0,-0.2916525718766496,-0.20171807540883652,25,0,0.0,25,0,0,0.0,0.0,0.0,False,0.0,logistic,False,True,False,post,post,none,none,none,,
28,9,communication,-1.006730799780608,0.2426131511826069,-0.3942202532961958,0.32032923671889796,25,14,0.56,25,0,0,0.56,0.0,0.0,True,0.999736416359822,logistic,False,True,False,post,post,none,none,none,,
29,0,communication,0.3802798523900018,0.3766862282630857,0.42622011061754317,0.6043284222862892,25,4,0.16,25,0,0,0.16,0.0,0.0,False,0.3721462106828371,logistic,False,True,False,post,post,none,none,none,,
29,1,communication,0.12515803112352486,0.39876298578995334,0.3912702997263798,0.6632375857861647,25,2,0.08,25,0,0,0.08,0.0,0.0,False,0.7439161950621678,logistic,False,True,False,post,post,none,none,none,,
29,2,communication,0.40535132081765196,0.432203694073007,0.44700622697271297,0.7611949735519759,25,1,0.04,25,0,0,0.04,0.0,0.0,False,0.4676181616081802,logistic,False,True,False,post,post,none,none,none,,
29,3,communication,1.2682663017076778,0.2529710977444325,0.4555349673374511,0.3386362923584555,25,0,0.0,25,0,0,0.0,0.0,0.0,False,2.5665050086029893e-05,logistic,False,True,False,post,post,none,none,none,,
29,4,communication,2.0343562635653836,0.25966413251889386,0.385536003326287,0.35073828504671317,25,0,0.0,25,0,0,0.0,0.0,0.0,False,2.6899983658620528e-11,logistic,False,True,False,post,post,none,none,none,,
29,5,communication,1.5569484572706251,0.44826555098583537,0.4396147511391644,0.8124661271138556,25,0,0.0,25,0,0,0.0,0.0,0.0,False,6.521259580160027e-05,logistic,False,True,False,post,post,none,none,none,,
29,6,communication,-0.4622976053889543,0.45541597486627,0.39744076754980046,0.8362639259468482,25,18,0.72,25,0,0,0.72,0.0,0.0,True,0.998395924723993,logistic,False,True,False,post,post,none,none,none,,
29,7,communication,-0.49143219128923277,0.40893506569500115,0.5028074466802841,0.6918614892555683,25,22,0.88,25,0,0,0.88,0.0,0.0,True,0.9972052547445981,logistic,False,True,False,post,post,none,none,none,,
29,8,communication,-0.1012733726181822,0.37839978306089883,0.37193833662076625,0.6087510472956786,25,14,0.56,25,0,0,0.56,0.0,0.0,True,0.9013399363038882,logistic,False,True,False,post,post,none,none,none,,
29,9,communication,1.8684012161235874,0.31642415889708503,0.35430413181021086,0.46289546802378323,25,0,0.0,25,0,0,0.0,0.0,0.0,False,7.976851041792963e-09,logistic,False,True,False,post,post,none,none,none,,
30,0,communication,0.054788473518007974,0.3064510993163667,-0.05649949814300244,0.441859397389711,25,0,0.0,25,0,0,0.0,0.0,0.0,False,0.6304103266795054,logistic,False,True,False,post,post,none,none,none,,
30,1,communication,-0.23889392267935,0.40078685830118793,-0.061983821781793194,0.6688552543506114,25,2,0.08,25,0,0,0.08,0.0,0.0,True,0.9700112061649308,logistic,False,True,False,post,post,none,none,none,,
30,2,communication,1.0146685499137655,0.2972654219813296,0.02733738600496351,0.42301237377482764,25,0,0.0,25,0,0,0.0,0.0,0.0,False,0.001729903354212635,logistic,False,True,False,post,post,none,none,none,,
30,3,communication,-0.7019281797125222,0.4280509994530432,-0.0058022015930713,0.7484076360719165,25,14,0.56,25,0,0,0.56,0.0,0.0,True,0.9998316280154718,logistic,False,True,False,post,post,none,none,none,,
30,4,communication,0.4209655259795868,0.34625213195876303,0.09542106718407989,0.5296416996298675,25,0,0.0,25,0,0,0.0,0.0,0.0,False,0.25962448626673185,logistic,False,True,False,post,post,none,none,none,,
30,5,communication,-1.4810830000843171,0.23226900732780534,0.08373243564614528,0.302539573815251,25,22,0.88,25,0,0,0.88,0.0,0.0,True,0.9999996817145895,logistic,False,True,False,post,post,none,none,none,,
30,6,communication,-0.4050886183064384,0.3532252625056984,0.04647793751810307,0.5461333630224086,25,11,0.44,25,0,0,0.44,0.0,0.0,True,0.9842652756694059,logistic,False,True,False,post,post,none,none,none,,
30,7,communication,1.781766804591527,0.23475836545153553,0.01864620009697316,0.3067767811536498,25,0,0.0,25,0,0,0.0,0.0,0.0,False,2.051823426347892e-09,logistic,False,True,False,post,post,none,none,none,,
30,8,communication,0.3320538062918319,0.3777206258475859,0.06867079304551907,0.6069952525134977,25,0,0.0,25,0,0,0.0,0.0,0.0,False,0.43673594687695777,logistic,False,True,False,post,post,none,none,none,,
30,9,communication,1.0509792557593147,0.4089033651740326,0.01168102053975328,0.691770754699734,25,0,0.0,25,0,0,0.0,0.0,0.0,False,0.008879143856095593,logistic,False,True,False,post,post,none,none,none,,
31,0,communication,0.04361331258503637,0.1763582614493034,0.4852883487522568,0.21412011217356275,25,10,0.4,25,0,0,0.4,0.0,0.0,True,0.31318236432398483,logistic,False,True,False,post,post,none,none,none,,
31,1,communication,-1.252311411223995,0.36860652158938256,0.38607530415498287,0.5837984302867074,25,16,0.64,25,0,0,0.64,0.0,0.0,True,0.9999997984770375,logistic,False,True,False,post,post,none,none,none,,
31,2,communication,1.4865882927448641,1.0,0.39296687869384334,-0.13809167474445821,25,0,0.0,25,0,0,0.0,0.0,0.0,False,0.0,logistic,False,True,False,post,post,none,none,none,,
31,3,communication,0.40323954287057223,0.2755863980317137,0.35922953394886514,0.38042686841180884,25,2,0.08,25,0,0,0.08,0.0,0.0,False,0.1535054610937523,logistic,False,True,False,post,post,none,none,none,,
31,4,communication,-0.16903329154598745,0.17179651248970682,0.5380860226159107,0.20743273251137048,25,19,0.76,25,0,0,0.76,0.0,0.0,True,0.5749573352040265,logistic,False,True,False,post,post,none,none,none,,
31,5,communication,-0.7159922890559467,0.28907965230501514,0.3740286138408744,0.40662734333360595,25,19,0.76,25,0,0,0.76,0.0,0.0,True,0.9973982990440652,logistic,False,True,False,post,post,none,none,none,,
31,6,communication,0.4561364393686618,0.23597145216472418,0.45423691137758543,0.30885161664875316,25,2,0.08,25,0,0,0.08,0.0,0.0,False,0.0730834630672295,logistic,False,True,False,post,post,none,none,none,,
31,7,communication,0.1693048981292446,0.15968711056050786,0.5765130604019483,0.1900329181753035,25,13,0.52,25,0,0,0.52,0.0,0.0,True,0.15202102667599826,logistic,False,True,False,post,post,none,none,none,,
31,8,communication,1.8772054745279003,0.1873170837110181,0.455803773430503,0.2304922128379158,25,0,0.0,25,0,0,0.0,0.0,0.0,False,3.496957052994234e-11,logistic,False,True,False,post,post,none,none,none,,
31,9,communication,0.8354382198076713,0.21931494232403473,0.5163328407401899,0.28092627131473114,25,0,0.0,25,0,0,0.0,0.0,0.0,False,0.0023401386777374667,logistic,False,True,False,post,post,none,none,none,,
32,0,communication,0.024116201937570553,0.12851136762081558,0.21194282986188878,0.14746189777596586,25,4,0.16,25,0,0,0.16,0.0,0.0,True,0.21608835559075434,logistic,False,True,False,post,post,none,none,none,,
32,1,communication,0.07798990946681383,0.1003149726764985,0.2768024948815923,0.1115001024024245,25,4,0.16,25,0,0,0.16,0.0,0.0,True,0.11403564815048906,logistic,False,True,False,post,post,none,none,none,,
32,2,communication,1.1639674639314606,1.0,0.16908846394783456,-0.05443592191814017,25,0,0.0,25,0,0,0.0,0.0,0.0,False,0.0,logistic,False,True,False,post,post,none,none,none,,
32,3,communication,0.8345730222461678,0.19511536201163082,0.15071452902833904,0.24241407128763007,25,0,0.0,25,0,0,0.0,0.0,0.0,False,0.0013915820761416693,logistic,False,True,False,post,post,none,none,none,,
32,4,communication,1.5175110104796716,0.25890276193790573,0.1227285878769606,0.34935059617131253,25,0,0.0,25,0,0,0.0,0.0,0.0,False,6.423941446859971e-07,logistic,False,True,False,post,post,none,none,none,,
32,5,communication,-1.859921062043405,1.0,0.11633503346181065,-0.13162461964675737,25,21,0.84,25,0,0,0.84,0.0,0.0,True,0.0,logistic,False,True,False,post,post,none,none,none,,
32,6,communication,-0.021474835102718942,1.0,0.16132269948862205,-0.001447670915899979,25,8,0.32,25,0,0,0.32,0.0,0.0,True,0.0,logistic,False,True,False,post,post,none,none,none,,
32,7,communication,-0.19879678379441945,0.17323708892700215,0.09156517169238783,0.20953659943715888,25,6,0.24,25,0,0,0.24,0.0,0.0,True,0.6174012782632997,logistic,False,True,False,post,post,none,none,none,,
32,8,communication,-0.9667947840827902,0.21986282070878913,0.0903341046409292,0.2818258462037974,25,21,0.84,25,0,0,0.84,0.0,0.0,True,0.9992708815148448,logistic,False,True,False,post,post,none,none,none,,
32,9,communication,-0.16132437466844712,0.29459999703240847,0.20081444305199325,0.4176353782152498,25,10,0.4,25,0,0,0.4,0.0,0.0,True,0.8363957738920894,logistic,False,True,False,post,post,none,none,none,,
33,0,communication,-2.8722405826524544,0.17570864720110993,-0.5847166491639535,0.21316327849914882,25,23,0.92,25,0,0,0.92,0.0,0.0,True,1.0,logistic,False,True,False,post,post,none,none,none,,
33,1,communication,-0.7136843543521748,0.29221818167112595,-0.49122959703307645,0.41286477570316094,25,2,0.08,25,0,0,0.08,0.0,0.0,True,0.9974926839950713,logistic,False,True,False,post,post,none,none,none,,
33,2,communication,-0.6416878154650103,0.21455695963119195,-0.49388731939581226,0.2731667970861971,25,4,0.16,25,0,0,0.16,0.0,0.0,True,0.9804645982821241,logistic,False,True,False,post,post,none,none,none,,
33,3,communication,-0.038326111135839,0.02552048132449087,-0.475904613575925,0.02618883294661517,25,0,0.0,25,0,0,0.0,0.0,0.0,True,0.041077816985715734,logistic,False,True,False,post,post,none,none,none,,
33,4,communication,1.1896341991552268,0.12447799360924389,-0.5553771409254555,0.14217574509907618,25,0,0.0,25,0,0,0.0,0.0,0.0,False,1.2792621059990087e-06,logistic,False,True,False,post,post,none,none,none,,
33,5,communication,-0.4004343467561542,0.17467229821339492,-0.5233889505082109,0.21163993142999796,25,1,0.04,25,0,0,0.04,0.0,0.0,True,0.8367432824030494,logistic,False,True,False,post,post,none,none,none,,
33,6,communication,-1.7800984052015143,0.20077747218539402,-0.4606670077469624,0.25121598202993595,25,22,0.88,25,0,0,0.88,0.0,0.0,True,0.9999999958945865,logistic,False,True,False,post,post,none,none,none,,
33,7,communication,-0.9669164901806542,0.2050452560647096,-0.41309983679134826,0.2579332441613813,25,16,0.64,25,0,0,0.64,0.0,0.0,True,0.998974701913506,logistic,False,True,False,post,post,none,none,none,,
33,8,communication,0.32400964594308546,0.09939521315341378,-0.5765656560880296,0.11036496208446789,25,0,0.0,25,0,0,0.0,0.0,0.0,False,0.020989912591432902,logistic,False,True,False,post,post,none,none,none,,
33,9,communication,0.5447617004019397,0.1572075792099649,-0.4766636678929531,0.18653179042901005,25,0,0.0,25,0,0,0.0,0.0,0.0,False,0.01078522296796974,logistic,False,True,False,post,post,none,none,none,,
34,0,communication,-0.9898916483297413,1.0,-0.2532327981360842,-0.026538871622168357,25,16,0.64,25,0,0,0.64,0.0,0.0,True,0.0,logistic,False,True,False,post,post,none,none,none,,
34,1,communication,-0.2333439304676676,1.0,-0.17345149454986408,-0.19019969198452863,25,5,0.2,25,0,0,0.2,0.0,0.0,True,0.0,logistic,False,True,False,post,post,none,none,none,,
34,2,communication,1.5932216495550158,1.0,-0.22669410420729455,-0.1946026277538543,25,0,0.0,25,0,0,0.0,0.0,0.0,False,0.0,logistic,False,True,False,post,post,none,none,none,,
34,3,communication,0.41165590127699886,1.0,-0.2318607215202873,-0.10362864627576376,25,0,0.0,25,0,0,0.0,0.0,0.0,False,0.0,logistic,False,True,False,post,post,none,none,none,,
34,4,communication,-1.2032693614437109,1.0,-0.16018174448712394,-0.07721793553740043,25,23,0.92,25,0,0,0.92,0.0,0.0,True,0.0,logistic,False,True,False,post,post,none,none,none,,
34,5,communication,0.6951114265859739,0.019335213605983916,-0.29796528360847946,0.019716435089997535,25,0,0.0,25,0,0,0.0,0.0,0.0,False,7.792126899410818e-06,logistic,False,True,False,post,post,none,none,none,,
34,6,communication,-0.2096580462278545,1.0,-0.2771017868998371,-0.17301224311910746,25,3,0.12,25,0,0,0.12,0.0,0.0,True,0.0,logistic,False,True,False,post,post,none,none,none,,
34,7,communication,-0.32051319253034705,1.0,-0.26703589941777733,-0.21046913709065232,25,2,0.08,25,0,0,0.08,0.0,0.0,True,0.0,logistic,False,True,False,post,post,none,none,none,,
34,8,communication,-0.9070511706495374,0.034002614524339975,-0.23173957117174696,0.03519948918660581,25,8,0.32,25,0,0,0.32,0.0,0.0,True,0.9052186371617935,logistic,False,True,False,post,post,none,none,none,,
34,9,communication,-0.24839434436848945,0.03526498488207631,-0.2647884457396887,0.03655406337435126,25,1,0.04,25,0,0,0.04,0.0,0.0,True,0.19407949766985189,logistic,False,True,False,post,post,none,none,none,,
35,0,communication,-0.2691216909701878,1.0,-0.08888398580217974,-0.44396540276633956,25,6,0.24,25,0,0,0.24,0.0,0.0,True,0.0,logistic,False,True,False,post,post,none,none,none,,
35,1,communication,1.5362489838829132,1.0,-0.10215990546104363,-0.5948010898443075,25,0,0.0,25,0,0,0.0,0.0,0.0,False,0.0,logistic,False,True,False,post,post,none,none,none,,
35,2,communication,-0.5985359658269159,1.0,-0.09975773970671249,-0.3669148791097735,25,15,0.6,25,0,0,0.6,0.0,0.0,True,0.0,logistic,False,True,False,post,post,none,none,none,,
35,3,communication,0.6302279527932415,1.0,-0.15449615022586244,-0.7374347264486478,25,0,0.0,25,0,0,0.0,0.0,0.0,False,0.0,logistic,False,True,False,post,post,none,none,none,,
35,4,communication,-0.6826670004945135,1.0,-0.16845968557264995,-0.2829947297200993,25,13,0.52,25,0,0,0.52,0.0,0.0,True,0.0,logistic,False,True,False,post,post,none,none,none,,
35,5,communication,-0.21874540422234257,1.0,-0.2345603432046764,-0.39266567544361414,25,2,0.08,25,0,0,0.08,0.0,0.0,True,0.0,logistic,False,True,False,post,post,none,none,none,,
35,6,communication,-1.430601162405769,1.0,-0.16790982429933787,-0.9514887250147606,25,23,0.92,25,0,0,0.92,0.0,0.0,True,0.0,logistic,False,True,False,post,post,none,none,none,,
35,7,communication,-0.6199232732000612,1.0,-0.245910429629203,-0.5173348297615592,25,7,0.28,25,0,0,0.28,0.0,0.0,True,0.0,logistic,False,True,False,post,post,none,none,none,,
35,8,communication,0.1542940746100287,1.0,-0.18336427351384849,-0.40632370268076223,25,0,0.0,25,0,0,0.0,0.0,0.0,False,0.0,logistic,False,True,False,post,post,none,none,none,,
35,9,communication,-0.14779205879815496,1.0,-0.13717037001035448,-0.6419555726324305,25,3,0.12,25,0,0,0.12,0.0,0.0,True,0.0,logistic,False,True,False,post,post,none,none,none,,
36,0,communication,0.09008312765054585,0.37169998001878735,-0.0692472762847671,0.5915963205442868,25,2,0.08,25,0,0,0.08,0.0,0.0,False,0.7295222022304049,logistic,False,True,False,post,post,none,none,none,,
36,1,communication,-1.299914441727211,0.31162217951192583,-0.13784091295698053,0.45269061587571086,25,18,0.72,25,0,0,0.72,0.0,0.0,True,0.9999994709978245,logistic,False,True,False,post,post,none,none,none,,
36,2,communication,-0.15402404235080056,0.4524820890579985,-0.12631819239159336,0.8264242685312443,25,1,0.04,25,0,0,0.04,0.0,0.0,True,0.9714336561393138,logistic,False,True,False,post,post,none,none,none,,
36,3,communication,1.6537629349268212,0.4109730893883065,-0.10312694040675971,0.6977153029587707,25,0,0.0,25,0,0,0.0,0.0,0.0,False,6.2787980751267735e-06,logistic,False,True,False,post,post,none,none,none,,
36,4,communication,0.6866254863238975,0.336911964046203,-0.11567507853533913,0.5080953746384267,25,0,0.0,25,0,0,0.0,0.0,0.0,False,0.056299655158386586,logistic,False,True,False,post,post,none,none,none,,
36,5,communication,-0.22956249591568026,0.4047617039672923,-0.14201645191461615,0.6799994332774769,25,3,0.12,25,0,0,0.12,0.0,0.0,True,0.969491558176018,logistic,False,True,False,post,post,none,none,none,,
36,6,communication,-0.2879296038430474,0.37660576652129457,-0.10804449923738656,0.6041213509783918,25,3,0.12,25,0,0,0.12,0.0,0.0,True,0.9713300199131777,logistic,False,True,False,post,post,none,none,none,,
36,7,communication,0.13816492815800346,0.3663992518071405,-0.1286122284418062,0.5782809645540594,25,1,0.04,25,0,0,0.04,0.0,0.0,False,0.6625292472702233,logistic,False,True,False,post,post,none,none,none,,
36,8,communication,0.27084184526330934,0.2509719924946727,-0.049746707810109335,0.33506356235002027,25,0,0.0,25,0,0,0.0,0.0,0.0,False,0.23035841213014696,logistic,False,True,False,post,post,none,none,none,,
36,9,communication,-1.0394756008766732,0.4204632056837474,-0.09468268220946283,0.7255159807063105,25,19,0.76,25,0,0,0.76,0.0,0.0,True,0.9999984625634527,logistic,False,True,False,post,post,none,none,none,,
37,0,communication,-0.5589531860242956,0.1834618093159298,-0.19198815386251467,0.2246824599376439,25,7,0.28,25,0,0,0.28,0.0,0.0,True,0.9420787157247474,logistic,False,True,False,post,post,none,none,none,,
37,1,communication,0.34112690329502826,0.07668078336081949,-0.3246726890536834,0.08304904953666226,25,0,0.0,25,0,0,0.0,0.0,0.0,False,0.010464997001311845,logistic,False,True,False,post,post,none,none,none,,
37,2,communication,0.8700576087496914,0.07861787117227013,-0.22531540628186855,0.08532602132439368,25,0,0.0,25,0,0,0.0,0.0,0.0,False,2.5329867130907274e-05,logistic,False,True,False,post,post,none,none,none,,
37,3,communication,0.7686647410019423,0.09116973538878383,-0.287059773728742,0.10031547026857085,25,0,0.0,25,0,0,0.0,0.0,0.0,False,0.0001641360229581356,logistic,False,True,False,post,post,none,none,none,,
37,4,communication,1.7224041046610927,1.0,-0.26100241188200973,-0.07092256777073572,25,0,0.0,25,0,0,0.0,0.0,0.0,False,0.0,logistic,False,True,False,post,post,none,none,none,,
37,5,communication,-1.9613459937787412,0.1324559295030942,-0.29089313557963586,0.15267919406933073,25,21,0.84,25,0,0,0.84,0.0,0.0,True,0.9999999977473302,logistic,False,True,False,post,post,none,none,none,,
37,6,communication,-0.4124891466623143,1.0,-0.26446092319011977,-0.008401781675503567,25,6,0.24,25,0,0,0.24,0.0,0.0,True,0.0,logistic,False,True,False,post,post,none,none,none,,
37,7,communication,-0.7418638570432867,1.0,-0.23353790063661942,-0.3908560536246247,25,12,0.48,25,0,0,0.48,0.0,0.0,True,0.0,logistic,False,True,False,post,post,none,none,none,,
37,8,communication,0.1812985236554252,0.15040311802697431,-0.27824904490429503,0.17702880179796793,25,0,0.0,25,0,0,0.0,0.0,0.0,False,0.12762483342057107,logistic,False,True,False,post,post,none,none,none,,
37,9,communication,0.7662633681212545,0.158642038018797,-0.19719068064292547,0.18855474742906309,25,0,0.0,25,0,0,0.0,0.0,0.0,False,0.0012412800851840842,logistic,False,True,False,post,post,none,none,none,,
38,0,communication,0.9106132540669608,0.32917922813519485,0.10575647610246264,0.4907111436339608,25,0,0.0,25,0,0,0.0,0.0,0.0,False,0.008649412451498605,logistic,False,True,False,post,post,none,none,none,,
38,1,communication,-0.6167371251815544,0.3972600599422445,0.12259779962403469,0.6590903199548688,25,15,0.6,25,0,0,0.6,0.0,0.0,True,0.9990943472846535,logistic,False,True,False,post,post,none,none,none,,
38,2,communication,1.201683596947587,0.4339557437078531,0.10217443282235375,0.7666463158737182,25,0,0.0,25,0,0,0.0,0.0,0.0,False,0.003211135076450768,logistic,False,True,False,post,post,none,none,none,,
38,3,communication,1.6352343103714544,0.4333547808160664,0.13262036877875488,0.7647726763497125,25,0,0.0,25,0,0,0.0,0.0,0.0,False,1.4958016041424196e-05,logistic,False,True,False,post,post,none,none,none,,
38,4,communication,0.9479180464607799,0.4581444534865741,0.1963688015721759,0.8455103143900777,25,0,0.0,25,0,0,0.0,0.0,0.0,False,0.041132887949329046,logistic,False,True,False,post,post,none,none,none,,
38,5,communication,-0.05381077258573291,0.44150430018385656,0.10845971717913658,0.7905240816163842,25,4,0.16,25,0,0,0.16,0.0,0.0,True,0.9336956530055095,logistic,False,True,False,post,post,none,none,none,,
38,6,communication,-1.0219479430987248,0.4491972191235621,0.09121263275024824,0.8155318649786026,25,20,0.8,25,0,0,0.8,0.0,0.0,True,0.9999991064838919,logistic,False,True,False,post,post,none,none,none,,
38,7,communication,0.8103744990675285,0.44356922774101176,0.15650461715658223,0.7971687581910989,25,0,0.0,25,0,0,0.0,0.0,0.0,False,0.08618779231961987,logistic,False,True,False,post,post,none,none,none,,
38,8,communication,0.08721604687458381,0.45696254904929456,0.11359622389223624,0.8414936175199004,25,0,0.0,25,0,0,0.0,0.0,0.0,False,0.8695781753189851,logistic,False,True,False,post,post,none,none,none,,
38,9,communication,-0.6492717313631385,0.40063685816338174,0.1147132581122513,0.6684375968394003,25,20,0.8,25,0,0,0.8,0.0,0.0,True,0.999418896050952,logistic,False,True,False,post,post,none,none,none,,
39,0,communication,-0.7254176644727155,0.2201906812261407,-0.4265724787407469,0.28236477293238765,25,9,0.36,25,0,0,0.36,0.0,0.0,True,0.9913549134758041,logistic,False,True,False,post,post,none,none,none,,
39,1,communication,0.46362963442927907,0.27313565164489223,-0.3201668465614498,0.3757725251802452,25,0,0.0,25,0,0,0.0,0.0,0.0,False,0.10779559841640529,logistic,False,True,False,post,post,none,none,none,,
39,2,communication,-2.3002130879960614,0.3269724058029086,-0.2972427116687775,0.48582317964686156,25,24,0.96,25,0,0,0.96,0.0,0.0,True,1.0,logistic,False,True,False,post,post,none,none,none,,
39,3,communication,-0.654803583360323,0.22572531138874943,-0.40594073479090653,0.2915313062778965,25,2,0.08,25,0,0,0.08,0.0,0.0,True,0.9854488309843396,logistic,False,True,False,post,post,none,none,none,,
39,4,communication,-1.6702881085418229,0.22645963450777057,-0.3625284830674481,0.292757359034091,25,25,1.0,25,0,0,1.0,0.0,0.0,True,0.9999999874037588,logistic,False,True,False,post,post,none,none,none,,
39,5,communication,0.24874573826116914,0.024442868510690847,-0.3424444615038204,0.025055291711491845,25,0,0.0,25,0,0,0.0,0.0,0.0,False,0.003291212872382398,logistic,False,True,False,post,post,none,none,none,,
39,6,communication,-0.49100209186250243,0.19932519858900083,-0.385801202613281,0.24894651141479351,25,1,0.04,25,0,0,0.04,0.0,0.0,True,0.9274496699353876,logistic,False,True,False,post,post,none,none,none,,
39,7,communication,0.57902986028798,0.19666746482790481,-0.3815953317936094,0.2448145148083333,25,0,0.0,25,0,0,0.0,0.0,0.0,False,0.01666330267631641,logistic,False,True,False,post,post,none,none,none,,
39,8,communication,-1.147192448957115,0.23674772678398645,-0.30167738226213203,0.3101827994385583,25,19,0.76,25,0,0,0.76,0.0,0.0,True,0.9999511694672084,logistic,False,True,False,post,post,none,none,none,,
39,9,communication,-1.013960013081112,0.3476674262042951,-0.3362697636004787,0.5329603950042455,25,11,0.44,25,0,0,0.44,0.0,0.0,True,0.9999831667381917,logistic,False,True,False,post,post,none,none,none,,
40,0,communication,0.6803728179218687,0.20606012579153976,0.18227324215247834,0.2595412228123407,25,0,0.0,25,0,0,0.0,0.0,0.0,False,0.00817046747490026,logistic,False,True,False,post,post,none,none,none,,
40,1,communication,-2.5383369531767848,1.0,0.1773446398127701,-0.30065776449705545,25,18,0.72,25,0,0,0.72,0.0,0.0,True,0.0,logistic,False,True,False,post,post,none,none,none,,
40,2,communication,0.5885004419945901,1.0,0.1462512450342914,-0.04000941898620894,25,1,0.04,25,0,0,0.04,0.0,0.0,False,0.0,logistic,False,True,False,post,post,none,none,none,,
40,3,communication,0.5998227611932596,1.0,0.2757620361158595,-0.0034190342556547904,25,0,0.0,25,0,0,0.0,0.0,0.0,False,0.0,logistic,False,True,False,post,post,none,none,none,,
40,4,communication,1.1310744721074337,1.0,0.17962751282697428,-0.21880259319244427,25,0,0.0,25,0,0,0.0,0.0,0.0,False,0.0,logistic,False,True,False,post,post,none,none,none,,
40,5,communication,-0.672505643511652,0.033469477466547826,0.20539299105988074,0.03462847441053206,25,17,0.68,25,0,0,0.68,0.0,0.0,True,0.6988746845602216,logistic,False,True,False,post,post,none,none,none,,
40,6,communication,-0.386763134259799,1.0,0.18898337588794956,-0.16661553828163267,25,14,0.56,25,0,0,0.56,0.0,0.0,True,0.0,logistic,False,True,False,post,post,none,none,none,,
40,7,communication,-0.4471468232707069,0.04115349696937355,0.18155871870735504,0.042919796692483816,25,13,0.52,25,0,0,0.52,0.0,0.0,True,0.45628927797387525,logistic,False,True,False,post,post,none,none,none,,
40,8,communication,1.8737403497804934,0.054297132421676754,0.25441054800398394,0.05741457944472168,25,0,0.0,25,0,0,0.0,0.0,0.0,False,8.643209955949527e-15,logistic,False,True,False,post,post,none,none,none,,
40,9,communication,-0.788416696657722,1.0,0.12823314965328753,-0.1730417467351767,25,22,0.88,25,0,0,0.88,0.0,0.0,True,0.0,logistic,False,True,False,post,post,none,none,none,,
41,0,communication,2.098585319199116,0.4208348537836717,-0.23927396601214598,0.726623237832897,25,0,0.0,25,0,0,0.0,0.0,0.0,False,3.4722816646556577e-09,logistic,False,True,False,post,post,none,none,none,,
41,1,communication,-0.3686512995481859,0.45492311291160575,-0.28732348015016146,0.8346035645386511,25,1,0.04,25,0,0,0.04,0.0,0.0,True,0.9957560009330171,logistic,False,True,False,post,post,none,none,none,,
41,2,communication,0.5075123783722747,0.47887253275284186,-0.28749823078448944,0.9189163167362357,25,0,0.0,25,0,0,0.0,0.0,0.0,False,0.4409939642486284,logistic,False,True,False,post,post,none,none,none,,
41,3,communication,-0.22822822567762477,0.3784625306071704,-0.20923774026530068,0.608913459355692,25,3,0.12,25,0,0,0.12,0.0,0.0,True,0.9566236078524974,logistic,False,True,False,post,post,none,none,none,,
41,4,communication,-0.5448436011003717,0.4402827439153879,-0.23505409155791437,0.7866163480384651,25,9,0.36,25,0,0,0.36,0.0,0.0,True,0.9991363315458747,logistic,False,True,False,post,post,none,none,none,,
41,5,communication,-1.6283921678171938,0.403253580469596,-0.18203852296632383,0.6757536656640977,25,22,0.88,25,0,0,0.88,0.0,0.0,True,0.9999999999664988,logistic,False,True,False,post,post,none,none,none,,
41,6,communication,0.9792237840901665,0.4603387972556763,-0.35770713763752765,0.8530144374187518,25,0,0.0,25,0,0,0.0,0.0,0.0,False,0.03368506230680918,logistic,False,True,False,post,post,none,none,none,,
41,7,communication,-0.7275720660216356,0.4434218751683804,-0.31813678576895743,0.7966929625603375,25,6,0.24,25,0,0,0.24,0.0,0.0,True,0.9999153870310526,logistic,False,True,False,post,post,none,none,none,,
41,8,communication,-0.004249931458052553,0.38830114757055467,-0.238731685132312,0.6347913618414744,25,2,0.08,25,0,0,0.08,0.0,0.0,True,0.8472603654791087,logistic,False,True,False,post,post,none,none,none,,
41,9,communication,-0.63172112295113,0.33751573549869457,-0.2741151850528757,0.5094698147325272,25,4,0.16,25,0,0,0.16,0.0,0.0,True,0.9975347278095948,logistic,False,True,False,post,post,none,none,none,,
42,0,communication,-0.8270220452870973,0.5039148427694713,0.08131535457628887,1.0157829465865356,25,18,0.72,25,0,0,0.72,0.0,0.0,True,0.9999956312839658,logistic,False,True,False,post,post,none,none,none,,
42,1,communication,0.09456352244019554,0.40584799657739484,0.13428919214521717,0.6830709889716983,25,1,0.04,25,0,0,0.04,0.0,0.0,False,0.7879638620743086,logistic,False,True,False,post,post,none,none,none,,
42,2,communication,0.44644877549172945,0.41900000035957363,0.06675615984810246,0.721170396934402,25,1,0.04,25,0,0,0.04,0.0,0.0,False,0.3836347829859936,logistic,False,True,False,post,post,none,none,none,,
42,3,communication,-0.44772183421757145,0.41450621684195293,0.021127179603721805,0.707960065102966,25,6,0.24,25,0,0,0.24,0.0,0.0,True,0.996071164872938,logistic,False,True,False,post,post,none,none,none,,
42,4,communication,-0.31721745674780977,0.3224643737799728,0.053100331692891786,0.4759371482485758,25,4,0.16,25,0,0,0.16,0.0,0.0,True,0.952683996751324,logistic,False,True,False,post,post,none,none,none,,
42,5,communication,1.2715547705374972,0.42400346595030614,0.11978201333314925,0.7361215578316751,25,0,0.0,25,0,0,0.0,0.0,0.0,False,0.001277152164786795,logistic,False,True,False,post,post,none,none,none,,
42,6,communication,-0.483856387994537,0.4606801367556257,0.0739815428145025,0.8541872238569567,25,12,0.48,25,0,0,0.48,0.0,0.0,True,0.9988547819747969,logistic,False,True,False,post,post,none,none,none,,
42,7,communication,-1.14761197853488,0.48199441044849667,0.1507863301957324,0.9304810993754224,25,22,0.88,25,0,0,0.88,0.0,0.0,True,0.9999999641529013,logistic,False,True,False,post,post,none,none,none,,
42,8,communication,-1.7997323010685262,0.29527037843145254,0.08335668472564572,0.4189839186470641,25,21,0.84,25,0,0,0.84,0.0,0.0,True,0.9999999999423101,logistic,False,True,False,post,post,none,none,none,,
42,9,communication,-0.031378869551361724,0.42218577863565504,0.026751725023219604,0.7306600686268722,25,1,0.04,25,0,0,0.04,0.0,0.0,True,0.9058420216680754,logistic,False,True,False,post,post,none,none,none,,
43,0,communication,-0.3748707319686558,0.3499671262851598,-0.7651513800060469,0.5383837347873659,25,0,0.0,25,0,0,0.0,0.0,0.0,True,0.978858143269359,logistic,False,True,False,post,post,none,none,none,,
43,1,communication,0.17045295649415781,0.2873577725826563,-0.7655303385662927,0.4032286630334233,25,0,0.0,25,0,0,0.0,0.0,0.0,False,0.43193986247803173,logistic,False,True,False,post,post,none,none,none,,
43,2,communication,-0.05739311795403923,0.3844221173500455,-0.7123550053798798,0.6244898138561703,25,0,0.0,25,0,0,0.0,0.0,0.0,True,0.8807671473193259,logistic,False,True,False,post,post,none,none,none,,
43,3,communication,-0.47460227284442447,0.34690770569573454,-0.7972868165312625,0.5311771532464532,25,1,0.04,25,0,0,0.04,0.0,0.0,True,0.9904783948081781,logistic,False,True,False,post,post,none,none,none,,
43,4,communication,-2.780650513284945,0.39548398377920674,-0.8132996025512299,0.6542158903441861,25,23,0.92,25,0,0,0.92,0.0,0.0,True,1.0,logistic,False,True,False,post,post,none,none,none,,
43,5,communication,-1.3618500142159622,0.3233529890323753,-0.8084340514811456,0.47787544139147414,25,14,0.56,25,0,0,0.56,0.0,0.0,True,0.9999998758640194,logistic,False,True,False,post,post,none,none,none,,
43,6,communication,-0.09825897703393294,0.2920644830471014,-0.7599447111858172,0.41255803113849626,25,0,0.0,25,0,0,0.0,0.0,0.0,True,0.7744896972616826,logistic,False,True,False,post,post,none,none,none,,
43,7,communication,-2.5027632527668393,0.3641324771656085,-0.7855187942860842,0.5726546239419197,25,22,0.88,25,0,0,0.88,0.0,0.0,True,1.0,logistic,False,True,False,post,post,none,none,none,,
43,8,communication,-1.3692578052346378,0.35853839095544915,-0.7724087669583319,0.5589397493163896,25,12,0.48,25,0,0,0.48,0.0,0.0,True,0.9999999661087998,logistic,False,True,False,post,post,none,none,none,,
43,9,communication,-2.335388918425074,0.24769866110838512,-0.7954290348104107,0.32925457965198623,25,20,0.8,25,0,0,0.8,0.0,0.0,True,0.9999999999999989,logistic,False,True,False,post,post,none,none,none,,
44,0,communication,-1.5714164555196188,0.16105899365738063,0.1988635885018923,0.19197892633657354,25,22,0.88,25,0,0,0.88,0.0,0.0,True,0.9999991442257511,logistic,False,True,False,post,post,none,none,none,,
44,1,communication,0.1707855486214338,1.0,0.2209180506852463,-0.11680335240080368,25,2,0.08,25,0,0,0.08,0.0,0.0,False,0.0,logistic,False,True,False,post,post,none,none,none,,
44,2,communication,-1.5849394909793988,1.0,0.2817688308376994,-0.0529580883238438,25,24,0.96,25,0,0,0.96,0.0,0.0,True,0.0,logistic,False,True,False,post,post,none,none,none,,
44,3,communication,-0.346327917712114,1.0,0.17549482844791675,-0.18153530052840122,25,12,0.48,25,0,0,0.48,0.0,0.0,True,0.0,logistic,False,True,False,post,post,none,none,none,,
44,4,communication,0.36696647477785993,1.0,0.2721997686496984,-0.05397729018424126,25,0,0.0,25,0,0,0.0,0.0,0.0,False,0.0,logistic,False,True,False,post,post,none,none,none,,
44,5,communication,-0.10820229384642008,0.005983938854963595,0.18303001539472372,0.006019961939116476,25,3,0.12,25,0,0,0.12,0.0,0.0,True,0.016484143297026778,logistic,False,True,False,post,post,none,none,none,,
44,6,communication,1.0281931921134662,1.0,0.22739190541348123,-0.03654726945368089,25,0,0.0,25,0,0,0.0,0.0,0.0,False,0.0,logistic,False,True,False,post,post,none,none,none,,
44,7,communication,1.1745521627252484,0.08373783326300796,0.23308423780444806,0.09139069177243944,25,0,0.0,25,0,0,0.0,0.0,0.0,False,2.632319373319781e-07,logistic,False,True,False,post,post,none,none,none,,
44,8,communication,1.0975411767713958,1.0,0.27752760269901117,-0.05291822073864759,25,0,0.0,25,0,0,0.0,0.0,0.0,False,0.0,logistic,False,True,False,post,post,none,none,none,,
44,9,communication,0.5213626163416821,1.0,0.3256254902535779,-0.0953168102160359,25,2,0.08,25,0,0,0.08,0.0,0.0,False,0.0,logistic,False,True,False,post,post,none,none,none,,
45,0,communication,0.009952610831331109,0.557628606589032,0.03436969084312217,1.2605440019286893,25,2,0.08,25,0,0,0.08,0.0,0.0,True,0.9756120989529665,logistic,False,True,False,post,post,none,none,none,,
45,1,communication,-0.9298189189791145,0.5181851146644658,-0.043880767136955476,1.0754858980822142,25,14,0.56,25,0,0,0.56,0.0,0.0,True,0.9999994484095052,logistic,False,True,False,post,post,none,none,none,,
45,2,communication,0.8701232974443777,0.5297362915067393,-0.0005858985402941389,1.1264664526293782,25,0,0.0,25,0,0,0.0,0.0,0.0,False,0.14456857627393377,logistic,False,True,False,post,post,none,none,none,,
45,3,communication,0.8732951472179298,0.5175295454106278,-0.05215213488258132,1.0726657777440367,25,0,0.0,25,0,0,0.0,0.0,0.0,False,0.12674132256326864,logistic,False,True,False,post,post,none,none,none,,
45,4,communication,-0.6949298837676375,0.5228228812448512,0.01193608475918399,1.095657902895223,25,15,0.6,25,0,0,0.6,0.0,0.0,True,0.9999807594926942,logistic,False,True,False,post,post,none,none,none,,
45,5,communication,-0.8834200828594987,0.5720531995259958,-0.016629949142884876,1.3367390500229837,25,18,0.72,25,0,0,0.72,0.0,0.0,True,0.9999997587969924,logistic,False,True,False,post,post,none,none,none,,
45,6,communication,-0.9831908762611552,0.5742084745124467,-0.031020072331598505,1.3485671746400971,25,20,0.8,25,0,0,0.8,0.0,0.0,True,0.9999999624309324,logistic,False,True,False,post,post,none,none,none,,
45,7,communication,1.0693187491605574,0.5435948247274789,0.016629349867278823,1.191035628381945,25,0,0.0,25,0,0,0.0,0.0,0.0,False,0.0501998812825448,logistic,False,True,False,post,post,none,none,none,,
45,8,communication,0.4521912055731816,0.5873555885841156,0.006188186928267189,1.423394022395103,25,0,0.0,25,0,0,0.0,0.0,0.0,False,0.7489839220173949,logistic,False,True,False,post,post,none,none,none,,
45,9,communication,-0.426437876905455,0.5567655479811827,0.011022963465112369,1.2561423089862735,25,6,0.24,25,0,0,0.24,0.0,0.0,True,0.9996870306340324,logistic,False,True,False,post,post,none,none,none,,
46,0,communication,-0.2580806080502178,0.21704712515058358,-0.11047728129212403,0.2772160779054905,25,4,0.16,25,0,0,0.16,0.0,0.0,True,0.7885946050111,logistic,False,True,False,post,post,none,none,none,,
46,1,communication,0.4952976458493985,0.1158079658380447,-0.20302528578877987,0.1309760338972161,25,0,0.0,25,0,0,0.0,0.0,0.0,False,0.006924193342605395,logistic,False,True,False,post,post,none,none,none,,
46,2,communication,-0.8390467356129598,0.22849396653685172,-0.16659136473804778,0.2961661433951261,25,17,0.68,25,0,0,0.68,0.0,0.0,True,0.9975585053606342,logistic,False,True,False,post,post,none,none,none,,
46,3,communication,-1.953046074482603,0.1842963782957816,-0.2145857521383237,0.22593546650036717,25,21,0.84,25,0,0,0.84,0.0,0.0,True,0.9999999997597778,logistic,False,True,False,post,post,none,none,none,,
46,4,communication,0.4968451315543031,0.17554034793379467,-0.1281667444888368,0.2129156320674605,25,0,0.0,25,0,0,0.0,0.0,0.0,False,0.022561229338131077,logistic,False,True,False,post,post,none,none,none,,
46,5,communication,0.593658373626537,0.21981024047169176,-0.11401231741611242,0.2817394586216896,25,0,0.0,25,0,0,0.0,0.0,0.0,False,0.021743885520907297,logistic,False,True,False,post,post,none,none,none,,
46,6,communication,1.6979736376361454,0.29127783021620696,-0.164863063162685,0.4109901490806558,25,0,0.0,25,0,0,0.0,0.0,0.0,False,8.088143572137999e-08,logistic,False,True,False,post,post,none,none,none,,
46,7,communication,-0.529478682848562,0.32662746070702425,-0.14452289535369942,0.48506204462981944,25,7,0.28,25,0,0,0.28,0.0,0.0,True,0.9919014148763767,logistic,False,True,False,post,post,none,none,none,,
46,8,communication,0.14195576500428503,0.24713104744078704,-0.15198683564902266,0.32825240913537373,25,1,0.04,25,0,0,0.04,0.0,0.0,False,0.36958170785300515,logistic,False,True,False,post,post,none,none,none,,
46,9,communication,-1.912966900049878,0.021755284903271842,-0.2531834764347371,0.022239102923362786,25,22,0.88,25,0,0,0.88,0.0,0.0,True,0.9999952948642421,logistic,False,True,False,post,post,none,none,none,,
47,0,communication,-1.1010392346821283,0.5249780924705598,0.4182482253200161,1.1051660652893647,25,23,0.92,25,0,0,0.92,0.0,0.0,True,0.9999999790569757,logistic,False,True,False,post,post,none,none,none,,
47,1,communication,0.1537504697790955,0.5584920204661488,0.3394762836773315,1.2649647262452894,25,2,0.08,25,0,0,0.08,0.0,0.0,False,0.9327103698678191,logistic,False,True,False,post,post,none,none,none,,
47,2,communication,-0.1961450323299886,0.5257319468295374,0.4254568385959866,1.1085122502244051,25,13,0.52,25,0,0,0.52,0.0,0.0,True,0.9932594745985223,logistic,False,True,False,post,post,none,none,none,,
47,3,communication,-0.27832163905294804,0.4635659936515504,0.3719341285072487,0.8641622047921276,25,9,0.36,25,0,0,0.36,0.0,0.0,True,0.9913789702793456,logistic,False,True,False,post,post,none,none,none,,
47,4,communication,0.6994215630647622,0.5146377113192777,0.4733024464557755,1.0603166404174702,25,0,0.0,25,0,0,0.0,0.0,0.0,False,0.28121138397697654,logistic,False,True,False,post,post,none,none,none,,
47,5,communication,1.6211460853955644,0.5400874188580426,0.5118319245828663,1.1743262546047595,25,0,0.0,25,0,0,0.0,0.0,0.0,False,0.00023013276033248306,logistic,False,True,False,post,post,none,none,none,,
47,6,communication,0.7667682988181659,0.4936258695688953,0.3579172653744338,0.9748244230972936,25,0,0.0,25,0,0,0.0,0.0,0.0,False,0.1771053007118366,logistic,False,True,False,post,post,none,none,none,,
47,7,communication,-0.013629074436697752,0.5304716274484943,0.4421341404159576,1.1297967459683242,25,7,0.28,25,0,0,0.28,0.0,0.0,True,0.9706293424185538,logistic,False,True,False,post,post,none,none,none,,
47,8,communication,1.060896527716668,0.49801092954649206,0.46661832011837256,0.9920752439820614,25,0,0.0,25,0,0,0.0,0.0,0.0,False,0.02996751775771936,logistic,False,True,False,post,post,none,none,none,,
47,9,communication,0.13143164612215125,0.5141900912631249,0.4502056025003162,1.0584182866916803,25,9,0.36,25,0,0,0.36,0.0,0.0,True,0.9051451320160674,logistic,False,True,False,post,post,none,none,none,,
48,0,communication,1.2563822870577277,0.5325788756945262,1.012658495768621,1.139398388307478,25,2,0.08,25,0,0,0.08,0.0,0.0,False,0.009878685663439772,logistic,False,True,False,post,post,none,none,none,,
48,1,communication,0.8565168643845821,0.5518097421523981,1.02334794217959,1.23119530710556,25,2,0.08,25,0,0,0.08,0.0,0.0,False,0.18795552620625677,logistic,False,True,False,post,post,none,none,none,,
48,2,communication,0.8388617736042951,0.5312532310701047,0.9793108606675682,1.133348038393749,25,5,0.2,25,0,0,0.2,0.0,0.0,False,0.1718343528607164,logistic,False,True,False,post,post,none,none,none,,
48,3,communication,2.3821946553625,0.539639372851969,0.9808770651032738,1.1722100914560742,25,0,0.0,25,0,0,0.0,0.0,0.0,False,7.595420543391474e-10,logistic,False,True,False,post,post,none,none,none,,
48,4,communication,1.3151201963733135,0.5706477581321939,0.8741751247066222,1.3290899696941414,25,0,0.0,25,0,0,0.0,0.0,0.0,False,0.010623923616391171,logistic,False,True,False,post,post,none,none,none,,
48,5,communication,0.18372422380760833,0.46925724088483334,0.8718309445219056,0.8841519414549536,25,15,0.6,25,0,0,0.6,0.0,0.0,True,0.80911499030486,logistic,False,True,False,post,post,none,none,none,,
48,6,communication,1.3080452450955518,0.5213978453776766,1.06605943774547,1.089418090457876,25,0,0.0,25,0,0,0.0,0.0,0.0,False,0.005107047326554831,logistic,False,True,False,post,post,none,none,none,,
48,7,communication,0.8413936774990552,0.5397263147887648,0.9394687889005008,1.1726204041864048,25,6,0.24,25,0,0,0.24,0.0,0.0,False,0.18251725349151604,logistic,False,True,False,post,post,none,none,none,,
48,8,communication,3.4115177095974802,0.5210719420060316,1.0189568719553577,1.0879962727357975,25,0,0.0,25,0,0,0.0,0.0,0.0,False,4.760327265644504e-22,logistic,False,True,False,post,post,none,none,none,,
48,9,communication,0.3797663923049306,0.46238643300686033,0.8995245616903376,0.8600721064257679,25,8,0.32,25,0,0,0.32,0.0,0.0,False,0.5718071002582152,logistic,False,True,False,post,post,none,none,none,,
49,0,communication,-0.8408452642616909,0.4508935255615516,-0.382582197738137,0.8211404282250803,25,9,0.36,25,0,0,0.36,0.0,0.0,True,0.9999855770839892,logistic,False,True,False,post,post,none,none,none,,
49,1,communication,0.32231174900990683,0.4666807897451817,-0.3249827165609733,0.8750496527627478,25,0,0.0,25,0,0,0.0,0.0,0.0,False,0.6545426036130327,logistic,False,True,False,post,post,none,none,none,,
49,2,communication,0.3329870061452702,0.42701504271922364,-0.2925095376470094,0.7452465152762747,25,0,0.0,25,0,0,0.0,0.0,0.0,False,0.5514984107876313,logistic,False,True,False,post,post,none,none,none,,
49,3,communication,2.0657347936071,0.5050774024686981,-0.3622009476065553,1.0205179658153596,25,0,0.0,25,0,0,0.0,0.0,0.0,False,1.0545024911773977e-07,logistic,False,True,False,post,post,none,none,none,,
49,4,communication,-2.621643287884747,0.44026609958281254,-0.36423095731470834,0.7865632209424304,25,23,0.92,25,0,0,0.92,0.0,0.0,True,1.0,logistic,False,True,False,post,post,none,none,none,,
49,5,communication,-1.6453390996886885,0.47882174969118557,-0.24683926493889108,0.91872933954452,25,22,0.88,25,0,0,0.88,0.0,0.0,True,0.9999999999989481,logistic,False,True,False,post,post,none,none,none,,
49,6,communication,0.6876604961594854,0.45975910090947253,-0.35508060064602026,0.8510260916629182,25,0,0.0,25,0,0,0.0,0.0,0.0,False,0.19469835376635897,logistic,False,True,False,post,post,none,none,none,,
49,7,communication,-0.9167026967374516,0.4539469445375729,-0.37236979773852913,0.8313238796057028,25,15,0.6,25,0,0,0.6,0.0,0.0,True,0.99999576875725,logistic,False,True,False,post,post,none,none,none,,
49,8,communication,-1.2719666760515702,0.4101598327226614,-0.2772812052029826,0.6953745361492264,25,20,0.8,25,0,0,0.8,0.0,0.0,True,0.9999999627476698,logistic,False,True,False,post,post,none,none,none,,
49,9,communication,-0.9778033957675021,0.4914573554130851,-0.39841774315541506,0.9664034287867677,25,18,0.72,25,0,0,0.72,0.0,0.0,True,0.9999994590386163,logistic,False,True,False,post,post,none,none,none,,
